# https://github.com/mikedh/trimesh
mtllib book1.mtl

o geometry_0
usemtl book1
v -0.01905282 0.06849413 0.06789009
v -0.01908506 0.06843044 0.07137741
v -0.02034591 0.06808207 0.06787141
v 0.01387857 0.06994599 0.02346501
v 0.01313790 0.06846452 0.02348319
v 0.01325643 0.06951307 0.02350872
v 0.01897567 0.02939613 0.12528329
v 0.01895304 0.02607056 0.11787424
v 0.01889098 0.03307254 0.12229309
v 0.01911239 0.02129722 0.12284774
v 0.01942353 0.01532455 0.13162098
v 0.01989060 0.00179833 0.13274071
v 0.01981917 -0.00038756 0.12791471
v 0.01962413 -0.00325687 0.12162349
v 0.01953736 -0.00491778 0.11697639
v 0.01940267 0.00143068 0.11605483
v 0.01949238 0.00555451 0.12301202
v 0.01907796 0.01319132 0.11718273
v 0.01940811 0.01034454 0.12557546
v 0.01894016 0.01943282 0.11499649
v 0.01913537 0.02676421 0.13143413
v 0.01897870 0.03580543 0.12979844
v 0.01995739 -0.00269937 0.13235832
v 0.01987825 -0.00873284 0.12887376
v 0.01977481 -0.00805506 0.12557539
v 0.01984623 -0.01808189 0.12470129
v 0.01951165 -0.00982100 0.12021211
v 0.01955165 -0.01867947 0.11661977
v 0.01954483 -0.02240691 0.11779475
v 0.01976249 -0.02602750 0.12590720
v 0.01989587 -0.01899578 0.12904824
v 0.01982708 -0.02722157 0.13275543
v 0.01989320 -0.02131205 0.13721197
v 0.01988106 -0.01505811 0.13774739
v 0.01994819 -0.00206485 0.13502144
v 0.01975504 0.00758993 0.13942353
v 0.01974141 0.00113876 0.14455054
v 0.01953974 0.01112315 0.14689534
v 0.01981976 -0.00848520 0.13883979
v 0.01972137 -0.00668932 0.14284512
v 0.01974700 -0.00314835 0.14758363
v 0.01979201 0.00056117 0.15278087
v 0.01985188 -0.01195028 0.14804218
v 0.01999123 -0.01923428 0.14497424
v 0.01998204 -0.02348255 0.13961492
v 0.02007866 -0.00776459 0.15864290
v 0.02037883 -0.01846208 0.15821021
v 0.02017188 -0.01927781 0.15194908
v 0.02009018 -0.03083821 0.13928589
v 0.02043969 -0.02452325 0.15846101
v 0.02034589 -0.03026302 0.14923318
v 0.02064356 -0.03360738 0.15662666
v 0.02030884 -0.04079936 0.14412963
v 0.02006849 -0.04028442 0.13494599
v 0.02040148 -0.04695093 0.14360270
v 0.02021563 -0.04795723 0.13281956
v 0.02001730 -0.04595635 0.12667709
v 0.01989295 -0.03808919 0.13030489
v 0.01987031 -0.03242728 0.13370979
v 0.02025421 -0.05331666 0.13188360
v 0.02062276 -0.06321912 0.14210282
v 0.02048167 -0.06232751 0.13652792
v 0.02027979 -0.05962263 0.13086821
v 0.02003709 -0.05166961 0.12655514
v 0.02030869 -0.06295443 0.12907583
v 0.02003692 -0.06134283 0.12254703
v 0.02024207 -0.06795224 0.12466097
v 0.02045276 -0.07090454 0.13476819
v 0.02027362 -0.07232631 0.12428747
v 0.02011846 -0.06723499 0.11891725
v 0.02008436 -0.07206755 0.11732535
v 0.02040543 -0.07865085 0.13471766
v 0.02059020 -0.06827683 0.13908437
v 0.02055672 -0.07895627 0.13983677
v 0.02080071 -0.05593814 0.16061284
v 0.02081986 -0.06143543 0.16160180
v 0.02078042 -0.05717651 0.15688444
v 0.02084665 -0.04788303 0.15720684
v 0.02086935 -0.04645140 0.16018865
v 0.02076888 -0.06096359 0.15514826
v 0.02084644 -0.06707819 0.15680013
v 0.02079502 -0.06341103 0.15189415
v 0.02095637 -0.06935844 0.16051412
v 0.02072802 -0.07444483 0.14960507
v 0.02060193 -0.07923802 0.14446716
v 0.02078730 -0.07869627 0.15208378
v 0.02105681 -0.07880244 0.16193758
v 0.02106815 -0.07247982 0.16754195
v 0.02118370 -0.07872562 0.17072417
v 0.02136415 -0.07687623 0.19304503
v 0.02133385 -0.07866421 0.18856582
v 0.02131976 -0.07385398 0.18448345
v 0.02127706 -0.06806611 0.18857033
v 0.02133256 -0.06602465 0.19531607
v 0.02122538 -0.06271616 0.19007475
v 0.02122609 -0.06061671 0.19374637
v 0.02128396 -0.06227804 0.19713980
v 0.02115145 -0.05467062 0.19398504
v 0.02128311 -0.05738053 0.19921660
v 0.02121258 -0.05128740 0.20127054
v 0.02102286 -0.04428145 0.19833188
v 0.02120699 -0.04645160 0.20605292
v 0.02108106 -0.04346966 0.20343707
v 0.02114251 -0.04162292 0.21360116
v 0.02136065 -0.05209598 0.20673351
v 0.02146737 -0.05541430 0.21187754
v 0.02147249 -0.05981632 0.20328259
v 0.02140456 -0.05543770 0.20273090
v 0.02101087 -0.06264353 0.18132331
v 0.02119939 -0.07359172 0.17519233
v 0.02100074 -0.06609632 0.17407914
v 0.02080522 -0.05973323 0.16911983
v 0.02141506 -0.06903410 0.20179019
v 0.02138089 -0.07853580 0.19569874
v 0.02136781 -0.07854116 0.19960371
v 0.02133697 -0.07246637 0.20560145
v 0.02149254 -0.06227298 0.21040379
v 0.02135767 -0.07071146 0.21183329
v 0.02152194 -0.06448640 0.21585687
v 0.02160031 -0.05780840 0.21652982
v 0.02119392 -0.07857632 0.21988210
v 0.02122097 -0.07862146 0.21293090
v 0.02129311 -0.07853333 0.20639033
v 0.02143287 -0.06435844 0.20047700
v 0.02125104 -0.07911374 0.17974844
v 0.02044491 -0.05018080 0.14285227
v 0.02061892 -0.04606536 0.15081160
v 0.02067901 -0.03828112 0.15603438
v 0.01959171 0.00874517 0.14924032
v 0.01994986 0.00609288 0.16216892
v 0.01959649 0.01378442 0.15544942
v 0.01937177 0.01725352 0.14967606
v 0.01921792 0.02377039 0.15344640
v 0.01917023 0.02446952 0.14912086
v 0.01942089 0.01767309 0.14033846
v 0.01917138 0.02832890 0.13884753
v 0.01976985 0.01389345 0.16092333
v 0.01952912 0.02552256 0.16222113
v 0.01930863 0.02794224 0.15817352
v 0.01932097 0.03293855 0.16194867
v 0.01930379 0.03880226 0.16543817
v 0.01911609 0.04287752 0.16366566
v 0.01991539 0.01072716 0.16531736
v 0.01975282 0.01979516 0.16375448
v 0.01993082 0.01840409 0.17065765
v 0.01982145 0.02542184 0.17291517
v 0.01949819 0.03381974 0.16955934
v 0.01963830 0.03283694 0.17671497
v 0.01989577 0.02544888 0.17829322
v 0.01951054 0.03791907 0.17570417
v 0.01916046 0.04559075 0.17087294
v 0.01921530 0.04781271 0.17722613
v 0.01907350 0.05457599 0.17627434
v 0.01920072 0.05238880 0.17943729
v 0.01888341 0.05271719 0.16721437
v 0.01891644 0.05927706 0.17570760
v 0.01872276 0.05720936 0.16763355
v 0.01870269 0.06296777 0.17464516
v 0.01894958 0.04909148 0.16278631
v 0.01859930 0.05676419 0.16215306
v 0.01841967 0.06327243 0.16256637
v 0.01914748 0.04169385 0.16072081
v 0.01915733 0.03720539 0.15429501
v 0.01910269 0.03349822 0.14787857
v 0.01893389 0.04221915 0.14831777
v 0.01887961 0.04205251 0.14078644
v 0.01879985 0.04825110 0.14712361
v 0.01867103 0.04733499 0.13250296
v 0.01897231 0.03664082 0.13612026
v 0.01876817 0.04943218 0.15378356
v 0.01871198 0.05391895 0.16043908
v 0.01858616 0.05510446 0.15563116
v 0.01831562 0.06312991 0.15479324
v 0.01807466 0.07096989 0.15852831
v 0.01796397 0.07365987 0.15263172
v 0.01818194 0.06586069 0.14938640
v 0.01823199 0.06368530 0.14303885
v 0.01790085 0.07189521 0.14705880
v 0.01807946 0.07157993 0.16401297
v 0.01821852 0.07141808 0.17270123
v 0.01854477 0.06673766 0.17743573
v 0.01843075 0.05795282 0.15080377
v 0.01829498 0.06060902 0.14618259
v 0.01833115 0.05884254 0.14152794
v 0.01859861 0.05439136 0.14699697
v 0.01848126 0.05391132 0.13364353
v 0.01819954 0.05940371 0.13543263
v 0.01825405 0.05801865 0.12822141
v 0.01841045 0.05359211 0.12523857
v 0.01825700 0.05570216 0.11461650
v 0.01811185 0.06193800 0.12828381
v 0.01805916 0.06231533 0.11859368
v 0.01792165 0.06589067 0.12095174
v 0.01808362 0.06342455 0.13506721
v 0.01775855 0.07139783 0.12205278
v 0.01763483 0.07018258 0.11303120
v 0.01785518 0.07079055 0.13315617
v 0.01763386 0.07815122 0.12215630
v 0.01757862 0.07889235 0.11712583
v 0.01777231 0.07607460 0.13282584
v 0.01784210 0.07082127 0.14288479
v 0.01778791 0.07429601 0.14326069
v 0.01765760 0.08008671 0.13638407
v 0.01753865 0.08146983 0.13009670
v 0.01751451 0.08150152 0.12398308
v 0.01744238 0.08212741 0.11606837
v 0.01740929 0.08121297 0.11149187
v 0.01760562 0.08140051 0.14559648
v 0.01797163 0.06749143 0.13919385
v 0.01793724 0.06304181 0.10740169
v 0.01862093 0.04591895 0.11789340
v 0.01853894 0.04556344 0.11075463
v 0.01838640 0.04705482 0.10690748
v 0.01816304 0.05630920 0.11056650
v 0.01814629 0.05441906 0.10181334
v 0.01831422 0.04680792 0.09563596
v 0.01808618 0.05236121 0.09291229
v 0.01814615 0.04690248 0.08930804
v 0.01782974 0.05599181 0.08452325
v 0.01783087 0.05762721 0.08838773
v 0.01770244 0.06277136 0.08870669
v 0.01778149 0.05905908 0.09525199
v 0.01767653 0.06302656 0.09619113
v 0.01776097 0.05654293 0.07726230
v 0.01763285 0.06334016 0.07705150
v 0.01755238 0.06084945 0.06878653
v 0.01771414 0.05416396 0.07146191
v 0.01777234 0.05040458 0.06305009
v 0.01767328 0.05490880 0.06042034
v 0.01759341 0.05996612 0.06340194
v 0.01756737 0.06388011 0.06425244
v 0.01753876 0.06435210 0.06803195
v 0.01781440 0.05053724 0.05834306
v 0.01776049 0.05231217 0.05150229
v 0.01756016 0.05781810 0.05434872
v 0.01799139 0.04336593 0.05054640
v 0.01788922 0.04560872 0.04800448
v 0.01813324 0.03526181 0.04544488
v 0.01818715 0.03698875 0.05292110
v 0.01793143 0.04528673 0.05718036
v 0.01828858 0.03602213 0.06169635
v 0.01788410 0.04620022 0.06392364
v 0.01858300 0.02594863 0.05934092
v 0.01848082 0.02553953 0.04711211
v 0.01869688 0.01875855 0.05048821
v 0.01885571 0.01070292 0.04411794
v 0.01845274 0.02354135 0.03522448
v 0.01837041 0.02641257 0.03913083
v 0.01816998 0.03232380 0.03972523
v 0.01871646 0.01186947 0.03421562
v 0.01863208 0.01422194 0.02910263
v 0.01881627 0.00158584 0.03012173
v 0.01881596 0.00173829 0.02364852
v 0.01869168 0.01534608 0.02326097
v 0.01851646 0.02219769 0.02394899
v 0.01845811 0.02389694 0.02828689
v 0.01830992 0.02968309 0.02552026
v 0.01833576 0.03025350 0.03278533
v 0.01825578 0.03543531 0.03144190
v 0.01807910 0.04105678 0.02433319
v 0.01805815 0.03902689 0.04084490
v 0.01887307 0.00029581 0.01927348
v 0.01891693 -0.00248218 0.02139559
v 0.01892816 -0.00367357 0.02518045
v 0.01899966 -0.01147126 0.02330625
v 0.01894276 -0.01053491 0.01929434
v 0.01889994 -0.00246992 0.03607808
v 0.01898104 -0.01211667 0.03444269
v 0.01896471 -0.01185504 0.02529562
v 0.01901479 -0.01482588 0.03047112
v 0.01918713 -0.02192966 0.02459190
v 0.01912295 -0.02877896 0.03217665
v 0.01933821 -0.03764740 0.02706114
v 0.01942666 -0.03429249 0.02287962
v 0.01949070 -0.05178223 0.02562374
v 0.01922381 -0.03852917 0.03476820
v 0.01950293 -0.05963157 0.02629270
v 0.01937776 -0.05291533 0.03350430
v 0.01931782 -0.04588028 0.03914208
v 0.01937811 -0.05506723 0.04311461
v 0.01941129 -0.05184397 0.04788330
v 0.01933573 -0.03862638 0.04530441
v 0.01920454 -0.03404570 0.04116583
v 0.01927243 -0.02760439 0.04719765
v 0.01912300 -0.02446580 0.03974730
v 0.01926198 -0.02118793 0.04658869
v 0.01909704 -0.01352606 0.04422633
v 0.01933044 -0.04315944 0.05168151
v 0.01928539 -0.03878107 0.05146310
v 0.01926578 -0.03177998 0.05476194
v 0.01920201 -0.02627172 0.05621890
v 0.01926669 -0.01919829 0.05214423
v 0.01920295 -0.01972506 0.05869566
v 0.01910879 -0.00978366 0.05899770
v 0.01913189 -0.01404472 0.06605929
v 0.01912877 -0.00591406 0.06662719
v 0.01914856 -0.00188037 0.05663692
v 0.01905921 0.00412326 0.07168866
v 0.01910185 0.00254993 0.05855444
v 0.01904850 0.00881465 0.06710164
v 0.01905990 0.01015528 0.06192235
v 0.01905307 0.00008946 0.05125604
v 0.01889715 0.01344468 0.05635835
v 0.01884609 0.01315841 0.05093420
v 0.01900261 -0.00412429 0.04361640
v 0.01885979 0.00858607 0.04017020
v 0.01902689 -0.00909461 0.04412399
v 0.01912075 -0.01120194 0.05391038
v 0.01898176 0.00765544 0.07545010
v 0.01905114 -0.00190586 0.07358009
v 0.01906405 -0.00849919 0.07108928
v 0.01907094 -0.01635530 0.07910071
v 0.01903475 -0.00657186 0.08416177
v 0.01905921 -0.00228123 0.08430983
v 0.01901330 0.01024417 0.08713696
v 0.01913627 0.00986409 0.09479219
v 0.01911692 -0.00188927 0.09275374
v 0.01913115 0.00864623 0.10176338
v 0.01904414 -0.01133553 0.08970699
v 0.01913142 -0.00945058 0.09466294
v 0.01920992 -0.00301882 0.09821670
v 0.01924520 0.00047879 0.10515606
v 0.01909654 0.00887392 0.10988363
v 0.01899929 0.01764594 0.10595504
v 0.01896376 0.02845440 0.11134006
v 0.01894405 0.03729642 0.11584881
v 0.01943720 -0.00379188 0.10890669
v 0.01951188 -0.01604138 0.10402769
v 0.01947815 -0.01082499 0.10777491
v 0.01954192 -0.02150664 0.10852768
v 0.01955454 -0.02995788 0.10570709
v 0.01953322 -0.02759721 0.10034146
v 0.01966737 -0.03756220 0.10105436
v 0.01963602 -0.03453687 0.09378747
v 0.01963656 -0.04214839 0.09136819
v 0.01964901 -0.03464606 0.08638660
v 0.01968850 -0.03846090 0.08157406
v 0.01965277 -0.04543125 0.08235072
v 0.01965887 -0.05140742 0.08794321
v 0.01964560 -0.05373233 0.08079377
v 0.01949006 -0.03918099 0.07285758
v 0.01954344 -0.04867363 0.07341812
v 0.01952463 -0.04220443 0.06802197
v 0.01939210 -0.02811173 0.07239384
v 0.01963128 -0.05208212 0.06766163
v 0.01969714 -0.05727994 0.07759772
v 0.01991425 -0.06176798 0.06728375
v 0.01983696 -0.06294164 0.07421587
v 0.01973711 -0.06478764 0.08114734
v 0.01986606 -0.07351554 0.07230669
v 0.01986376 -0.06800123 0.06608251
v 0.01984373 -0.07680785 0.05888291
v 0.01980954 -0.06751468 0.05957948
v 0.01984575 -0.06221376 0.05955186
v 0.01974872 -0.06211363 0.05107439
v 0.01981851 -0.07714454 0.05417746
v 0.01975622 -0.06915125 0.04333372
v 0.01982190 -0.07924346 0.04443202
v 0.01974600 -0.07321495 0.03753492
v 0.01964363 -0.06858565 0.03625961
v 0.01976946 -0.07758780 0.03408150
v 0.01974559 -0.07918320 0.03748903
v 0.01983232 -0.07908938 0.06374488
v 0.01982315 -0.07909120 0.07072468
v 0.01983954 -0.07902499 0.07801845
v 0.01986455 -0.07382829 0.07834232
v 0.01991339 -0.07664744 0.08287935
v 0.01970541 -0.06072247 0.08466127
v 0.01981957 -0.06774652 0.08639179
v 0.01991184 -0.07955082 0.09181460
v 0.01970448 -0.04485395 0.10809788
v 0.01963076 -0.03893258 0.10690346
v 0.01946734 -0.02747471 0.11237632
v 0.01951868 -0.02826659 0.11614880
v 0.01953957 -0.03700498 0.11361102
v 0.01980391 -0.03649140 0.12491087
v 0.01992257 -0.04154084 0.12508710
v 0.01995661 -0.04551298 0.11878370
v 0.02005852 -0.05601745 0.11477244
v 0.01982781 -0.04991807 0.10803125
v 0.01972118 -0.04183621 0.11251685
v 0.01992527 -0.05517150 0.10700475
v 0.01974150 -0.04680184 0.09466410
v 0.01988458 -0.05836928 0.09466867
v 0.01986971 -0.06434610 0.09026550
v 0.01991079 -0.07852494 0.09782036
v 0.01995947 -0.06305561 0.10044250
v 0.01994884 -0.06981830 0.10315289
v 0.01991676 -0.07715779 0.10787096
v 0.01993698 -0.06217684 0.10772556
v 0.02004469 -0.06174502 0.11657381
v 0.02005908 -0.05657696 0.12367972
v 0.01997767 -0.07801465 0.11744339
v 0.01997024 -0.06166086 0.09441849
v 0.01905963 -0.01535499 0.08441837
v 0.01923050 -0.02126660 0.06795538
v 0.01926777 -0.02525239 0.06189009
v 0.01920008 -0.02070250 0.07984321
v 0.01919953 -0.02212150 0.08843187
v 0.01931209 -0.03289539 0.06238231
v 0.01958455 -0.05166690 0.06157417
v 0.01948099 -0.05132477 0.05259490
v 0.01962343 -0.05892753 0.05155879
v 0.01974446 -0.05730247 0.06296640
v 0.01977548 -0.06256435 0.04785618
v 0.01953051 -0.06121062 0.02975639
v 0.01956076 -0.05968531 0.04143313
v 0.01873552 0.01838955 0.06841140
v 0.01849461 0.02998161 0.06842626
v 0.01856883 0.02705845 0.07464161
v 0.01842448 0.03620524 0.07451509
v 0.01845804 0.03290432 0.08060083
v 0.01823572 0.04166519 0.07854038
v 0.01865620 0.01939863 0.07827284
v 0.01850098 0.02959193 0.08601001
v 0.01844049 0.03473914 0.08515458
v 0.01835605 0.04074700 0.08748473
v 0.01861214 0.03873191 0.09607639
v 0.01871853 0.03178056 0.09581575
v 0.01868775 0.01693614 0.08370778
v 0.01865891 0.02195394 0.09045197
v 0.01874071 0.01869370 0.09518096
v 0.01862686 0.02864689 0.09242722
v 0.01884753 0.01896806 0.10025283
v 0.01892066 0.02666386 0.10751323
v 0.01892230 0.03679277 0.11299962
v 0.01827444 0.03888520 0.06978961
v 0.01792628 0.04551325 0.07131820
v 0.01784743 0.05258477 0.07560447
v 0.01812190 0.04522671 0.07966418
v 0.01845392 0.04315575 0.09970081
v 0.01870478 0.03409990 0.10086107
v 0.01873773 0.03409348 0.10628179
v 0.01853300 0.05122984 0.13122693
v 0.01868359 0.04239951 0.12460844
v 0.01862393 0.05194741 0.14558134
v 0.02004063 0.01613822 0.17665320
v 0.02002826 0.02580559 0.18462975
v 0.01967378 0.03669839 0.17905066
v 0.01994872 0.02956506 0.18728695
v 0.02021396 0.02225744 0.19179780
v 0.02002002 0.02850421 0.19186703
v 0.01990089 0.03547206 0.19460038
v 0.02011368 0.03237211 0.20151982
v 0.01983691 0.04303128 0.20096067
v 0.01971577 0.04627360 0.19705735
v 0.01973769 0.05016011 0.20109793
v 0.01963409 0.05332215 0.19787308
v 0.01971120 0.05557293 0.20474555
v 0.01949643 0.06415972 0.20532759
v 0.01907177 0.06649679 0.19296979
v 0.01945916 0.05366663 0.19125732
v 0.01926578 0.07076504 0.20347113
v 0.01950485 0.06935105 0.21009048
v 0.01946374 0.07479457 0.21346633
v 0.01953754 0.07524583 0.21588345
v 0.01933736 0.08235616 0.21643376
v 0.01978494 0.06702228 0.21546239
v 0.01967587 0.06290675 0.21015907
v 0.02002921 0.05957138 0.21901036
v 0.01988905 0.07048903 0.21910306
v 0.02024600 0.06043122 0.22455630
v 0.01992012 0.05499234 0.20952159
v 0.02019942 0.05104948 0.21664772
v 0.02003555 0.04970993 0.20869921
v 0.02026016 0.04609116 0.21627741
v 0.02010189 0.03855394 0.20614187
v 0.01999401 0.04800328 0.20618912
v 0.02032657 0.03373810 0.21653915
v 0.02035024 0.04060045 0.22017272
v 0.02033614 0.05092056 0.22261274
v 0.02044235 0.04594148 0.22671666
v 0.02043969 0.03264636 0.22142427
v 0.02061579 0.02328144 0.22133757
v 0.02050242 0.02312868 0.21646623
v 0.02025504 0.03396279 0.21004629
v 0.02030367 0.03116939 0.20686251
v 0.02044792 0.02603696 0.20783088
v 0.02026140 0.02549885 0.19771632
v 0.02042222 0.02049603 0.20338872
v 0.02046616 0.00910576 0.19989308
v 0.02031700 0.01212826 0.18957737
v 0.02018953 0.01875475 0.18797500
v 0.02009848 0.02146770 0.18246560
v 0.02009577 0.01410986 0.17924798
v 0.02005717 0.00655814 0.17628427
v 0.02000732 0.00893824 0.17460522
v 0.02022594 0.00913887 0.18091065
v 0.02026898 0.00952131 0.18433667
v 0.02028300 0.00107980 0.17976430
v 0.02032472 -0.00180073 0.18088942
v 0.02043470 -0.01035075 0.18260556
v 0.02038918 -0.00529111 0.17414037
v 0.02052201 -0.01354762 0.18040942
v 0.02039529 -0.00446623 0.18536562
v 0.02039023 0.00036093 0.18492078
v 0.02045870 -0.00151608 0.18879760
v 0.02043714 0.00616695 0.18801940
v 0.02037340 -0.01018431 0.18712419
v 0.02044659 0.00591500 0.19332300
v 0.02055867 0.01067913 0.20523344
v 0.02047080 0.02036090 0.20779203
v 0.02050885 0.01912451 0.21540979
v 0.02066863 0.00325096 0.21601735
v 0.02061696 0.01021031 0.21840861
v 0.02062532 0.01402614 0.22335749
v 0.02074120 0.02434693 0.22615492
v 0.02066011 0.00422291 0.22484237
v 0.02061135 0.01235342 0.22619694
v 0.02065636 0.00590785 0.22622843
v 0.02072554 0.00211096 0.22371891
v 0.02068988 -0.00430594 0.22114772
v 0.02064256 -0.00450891 0.21252547
v 0.02061390 -0.00094073 0.20610710
v 0.02056563 0.00508854 0.20851780
v 0.02070382 -0.00946704 0.21851482
v 0.02053258 -0.01046450 0.20593004
v 0.02052120 -0.00668512 0.20540882
v 0.02053013 -0.01455087 0.20382793
v 0.02057081 -0.01843719 0.21042124
v 0.02074169 -0.00685635 0.22596899
v 0.02084087 -0.01567692 0.22327163
v 0.02068314 -0.02235666 0.21272316
v 0.02062768 0.03258151 0.22631129
v 0.02061890 0.03740184 0.22668441
v 0.01889370 0.07320416 0.19314461
v 0.01903338 0.06293760 0.18897405
v 0.01869781 0.06997413 0.18466454
v 0.01861076 0.06679228 0.17936986
v 0.01849463 0.07172312 0.17985773
v 0.01956487 0.04601508 0.19119495
v 0.01965435 0.04253692 0.18990380
v 0.01980866 0.03599822 0.18386798
v 0.01964032 0.04091435 0.18318740
v 0.01944955 0.04470246 0.17973671
v 0.01954414 0.04570021 0.18369905
v 0.01941387 0.05283182 0.18554878
v 0.01888921 0.06103929 0.17971731
v 0.02016860 0.00154588 0.16684648
v 0.02031978 -0.01165374 0.16329087
v 0.02046044 -0.01418913 0.17344085
v 0.02041375 -0.01762732 0.16209654
v 0.02055349 -0.01952610 0.17507827
v 0.02043295 -0.02455529 0.16322082
v 0.02053977 -0.02620665 0.17337301
v 0.02055370 -0.02498878 0.17867919
v 0.02060891 -0.03078637 0.17636353
v 0.02057191 -0.03179420 0.16814099
v 0.02062657 -0.04096334 0.17360846
v 0.02059533 -0.03733182 0.16779365
v 0.02075381 -0.04740125 0.16623480
v 0.02061580 -0.04593017 0.17644514
v 0.02065659 -0.05566754 0.18198697
v 0.02051799 -0.04775169 0.18235359
v 0.02076927 -0.06040792 0.17531577
v 0.02050107 -0.04106111 0.18304539
v 0.02055857 -0.03303678 0.18115545
v 0.02054077 -0.03432403 0.18893508
v 0.02049230 -0.01771460 0.18308803
v 0.02010604 -0.00576935 0.16138154
v 0.01875334 0.04063502 0.12144012
v 0.01776475 0.06401960 0.10165421
v 0.02069664 -0.03330350 0.16142494
v 0.02091455 -0.05902088 0.18564153
v 0.02066615 -0.05300401 0.18609132
v 0.01961749 -0.05182661 0.02290584
v 0.01962485 -0.06106915 0.02275119
v 0.01967417 -0.06209705 0.03833304
v 0.01962563 -0.06587712 0.03092755
v 0.02074136 -0.03862545 0.16165877
v 0.01888089 0.01241632 0.07925393
v 0.01901956 0.01329208 0.09985139
v 0.01933612 -0.01209194 0.09986776
v 0.01938355 -0.01986858 0.09942725
v 0.02032498 -0.07974765 0.13301248
v 0.02017511 -0.07820151 0.12606256
v 0.02054212 0.00042357 0.20442361
v 0.01746235 0.06270823 0.05557595
v 0.01952518 -0.02858755 0.08007310
v 0.01913596 -0.01655204 0.02246549
v 0.02156095 -0.04857117 0.22144395
v 0.02176705 -0.05717898 0.22209240
v 0.02124964 -0.04135576 0.21933814
v 0.01955710 -0.03032263 0.08783054
v 0.01934371 -0.02345017 0.09315415
v 0.01943462 -0.02552483 0.09647379
v 0.01932512 -0.01600606 0.09624512
v 0.01752402 0.08202415 0.13767865
v 0.02168857 -0.06333773 0.22184412
v 0.02143397 -0.07201733 0.22238327
v 0.01870263 0.01015248 0.01474862
v 0.01922739 -0.02284542 0.01857785
v 0.01910383 -0.01887982 0.01556350
v 0.01932307 -0.02956235 0.01391211
v 0.01946994 -0.03768863 0.01873214
v 0.01913023 -0.02318925 0.01128068
v 0.01899501 -0.01258383 0.01227445
v 0.01894343 -0.00428963 0.01216654
v 0.01994154 -0.07991783 0.10562531
v 0.01998477 -0.07959331 0.11816974
v 0.02074573 -0.05479811 0.16205236
v 0.01883146 -0.00241386 0.00890679
v 0.01875456 0.00184300 0.00707393
v 0.01868123 0.01090620 0.00968861
v 0.01850055 0.01737471 0.00774705
v 0.01837913 0.02324639 0.01048934
v 0.01858715 0.00984343 0.00725725
v 0.01935978 0.08175097 0.21249697
v 0.01920059 0.08147956 0.20334637
v 0.01872841 0.07830204 0.18721732
v 0.01895296 0.07934382 0.19462258
v 0.01913920 0.07529742 0.20100439
v 0.01889048 0.08174688 0.19208307
v 0.01896180 0.08241708 0.19752346
v 0.01916735 0.08237047 0.20610671
v 0.01903001 0.08266175 0.20142527
v 0.02038178 -0.00325931 0.19829072
v 0.02042245 0.00084428 0.20058951
v 0.02035436 -0.00668144 0.19923695
v 0.02033945 -0.00847035 0.19415758
v 0.02031935 -0.01297009 0.19142172
v 0.02032489 -0.01344933 0.19790005
v 0.02032648 -0.01931477 0.19554033
v 0.02043615 -0.02653045 0.18267081
v 0.02040624 -0.02666938 0.19186850
v 0.02059534 -0.01990850 0.20435904
v 0.02066921 -0.02411060 0.20331466
v 0.02053575 -0.02846477 0.19602497
v 0.02092977 -0.02995784 0.20606439
v 0.02091767 -0.03165288 0.20387870
v 0.02095551 -0.03112008 0.20908418
v 0.02057827 -0.03886028 0.19029653
v 0.02054048 -0.04427611 0.18721550
v 0.01789947 0.04613516 0.03609031
v 0.01807032 0.07652828 0.16258770
v 0.01796692 0.08233377 0.16469356
v 0.01789585 0.08137876 0.15958462
v 0.01753379 0.08163628 0.14845080
v 0.01766116 0.08137900 0.15224151
v 0.02079155 -0.03949154 0.19771360
v 0.02072847 -0.04222364 0.19260780
v 0.02076875 -0.04772650 0.18955857
v 0.01826320 0.07648709 0.17291877
v 0.01850890 0.07767150 0.18008223
v 0.01836627 0.08155777 0.17736205
v 0.01817550 0.08177640 0.17033567
v 0.01944097 -0.04222761 0.01476342
v 0.01952600 -0.04759973 0.01821976
v 0.01962006 -0.05761893 0.01893543
v 0.01950757 -0.05872797 0.01392667
v 0.01963911 -0.06499787 0.01521913
v 0.01958385 -0.06691055 0.01019401
v 0.01969845 -0.06828807 0.02215056
v 0.01987662 -0.07923536 0.02085291
v 0.01996284 -0.07918815 0.01050548
v 0.01976906 -0.07491396 0.02636529
v 0.01980809 -0.07919501 0.03324959
v 0.01979766 -0.07356057 0.00769151
v 0.01996871 -0.07987207 0.00483835
v 0.01955923 -0.07173101 0.00326153
v 0.01939681 -0.06773116 0.00387872
v 0.01913975 -0.06059706 0.00535654
v 0.01914683 -0.05742216 0.00782489
v 0.02107875 -0.03697498 0.21059761
v 0.02101640 -0.03182081 0.21661359
v 0.02080792 -0.02408460 0.21553828
v 0.02095441 -0.03659280 0.20256320
v 0.02077066 -0.02676042 0.20283397
v 0.02131506 -0.03762589 0.22365560
v 0.02118576 -0.03003648 0.22496126
v 0.02094800 -0.02343685 0.22197306
v 0.02100218 -0.02393542 0.22538095
v 0.02147201 -0.04102775 0.22476825
v 0.02076995 -0.01259857 0.22604703
v 0.01824153 0.02948296 0.02272206
v 0.01813713 0.03017212 0.01376135
v 0.01812299 0.02854898 0.00889670
v 0.01794964 0.03277085 0.00882458
v 0.01812795 0.03296093 0.01847954
v 0.01804033 0.03802084 0.01491210
v 0.01802156 0.04641178 0.01680658
v 0.01792223 0.04604029 0.01139969
v 0.01793179 0.03857080 0.01099477
v 0.01858183 0.08167389 0.18428949
v 0.01871276 0.08235193 0.18903462
v 0.01794909 0.04199474 0.00941805
v 0.01789708 0.04669853 0.00911301
v 0.01774096 0.05170323 0.01014256
v 0.01733909 0.06696090 0.05834694
v 0.02124039 -0.03513431 0.22526887
v 0.01733339 0.07722178 0.10762396
v 0.01720405 0.07535902 0.10030910
v 0.01732583 0.07138574 0.10361731
v 0.01724517 0.07188994 0.09764107
v 0.01727254 0.08031768 0.10316874
v 0.01734842 0.08094779 0.10744783
v 0.01721390 0.07985088 0.09365260
v 0.01720789 0.08226434 0.09495071
v 0.01717188 0.07520749 0.08698844
v 0.01729189 0.07062211 0.09013869
v 0.01714683 0.07222432 0.08209122
v 0.01703285 0.08239383 0.08673141
v 0.01879118 -0.00675436 0.00602703
v 0.01879569 -0.01477992 0.00588529
v 0.01912206 -0.03863213 0.00798807
v 0.01897538 -0.03852256 0.00509738
v 0.01894189 -0.03152133 0.00416916
v 0.01904645 -0.04722010 0.00719690
v 0.01934496 -0.04932531 0.01312205
v 0.01887590 -0.02680339 0.00446130
v 0.01704905 0.07964622 0.07816186
v 0.01710846 0.07178625 0.07438738
v 0.01702357 0.07637793 0.07225767
v 0.01701037 0.08223775 0.07358011
v 0.01694845 0.08026592 0.06863654
v 0.01692210 0.07583858 0.06648780
v 0.01712925 0.07095770 0.07035959
v 0.01737477 0.06683485 0.07908386
v 0.01707478 0.07110889 0.06389323
v 0.01754905 0.06515837 0.08618828
v 0.01697119 0.08097517 0.06417215
v 0.01689549 0.08284353 0.07824005
v 0.01787457 0.05289332 0.02333767
v 0.01757627 0.06437589 0.02068990
v 0.01784319 0.05569457 0.02509943
v 0.01748548 0.06202545 0.01327235
v 0.01745846 0.05958754 0.00962855
v 0.01720187 0.06730104 0.00996559
v 0.01727133 0.06964013 0.01459504
v 0.01752265 0.06834704 0.02237619
v 0.01790432 0.04715137 0.04284799
v 0.01773484 0.05866662 0.04541923
v 0.01766564 0.06360918 0.04778529
v 0.01782111 0.06423225 0.03650693
v 0.01784718 0.05484642 0.04243133
v 0.01779851 0.06012564 0.03573099
v 0.01792659 0.04854972 0.02729838
v 0.01775274 0.05924254 0.02820819
v 0.01775405 0.06460293 0.02488142
v 0.01751835 0.06743817 0.04958011
v 0.01746957 0.07083475 0.04412202
v 0.01713551 0.07536245 0.05695525
v 0.01732634 0.07795916 0.04317956
v 0.01719089 0.08103501 0.05571733
v 0.01727723 0.08222630 0.04902842
v 0.01725562 0.08221753 0.03785695
v 0.01761865 0.06801462 0.03256095
v 0.01735899 0.07633738 0.03733651
v 0.01735452 0.07613648 0.02941741
v 0.01744941 0.07179074 0.02520525
v 0.01714713 0.07435269 0.01727256
v 0.01716660 0.07633654 0.02259113
v 0.01703548 0.08027437 0.01744960
v 0.01709718 0.08043877 0.02454995
v 0.01717193 0.08211325 0.03106036
v 0.01699206 0.08229728 0.02320520
v 0.01712554 0.08201577 0.02081722
v 0.01695573 0.08223855 0.07752876
v 0.01718350 0.08204400 0.10282737
v 0.01995143 -0.07986446 0.11971330
v 0.01858081 0.08172120 0.18118360
v 0.02045138 0.05425105 0.22577941
v 0.02048797 0.05929533 0.22679400
v 0.01680598 0.08265357 0.01372988
v 0.01956147 0.08176086 0.22040577
v 0.01680410 0.07555643 0.01171940
v 0.01677821 0.07329009 0.00938486
v 0.01667311 0.08193728 0.01003939
v 0.01684407 0.08245893 0.06912075
v 0.01689091 0.08243550 0.06287438
v 0.01713250 0.08254140 0.05304399
v 0.01847419 0.01995581 0.00818711
v 0.01838218 0.02431198 0.00788644
v 0.01787002 0.03270361 0.00873219
v 0.02029206 0.07041764 0.22590443
v 0.01985079 0.07560985 0.22036645
v 0.02020982 0.07627537 0.22586331
v 0.02126100 -0.07697247 0.22372613
v 0.01979611 -0.07984516 0.08640079
v 0.01971107 -0.07971865 0.05447196
v 0.01889130 -0.05854091 0.00315376
v 0.01887335 -0.05453300 0.00477801
v 0.01876568 -0.04898185 0.00326869
v 0.01883341 -0.04339128 0.00376924
v 0.02004574 0.08237216 0.22634671
v 0.02017242 0.07985907 0.22701699
v 0.02045231 0.06866588 0.22685312
v 0.02170699 -0.06789906 0.22572606
v 0.02203055 -0.06009979 0.22565176
v 0.02190889 -0.05051995 0.22555207
v 0.02187528 -0.04939052 0.22500004
v 0.02161243 -0.04391612 0.22556997
v 0.02113114 -0.03536321 0.22551615
v 0.02036127 -0.07970658 0.13647684
v 0.02119503 -0.07921582 0.19198136
v 0.01980185 -0.08001721 0.09660820
v 0.01884519 -0.01997476 0.00505128
v 0.01688525 0.08281112 0.07397359
v 0.01757275 0.05338315 0.00922588
v 0.01873229 -0.00297326 0.00606487
v 0.02058958 0.03067731 0.22666534
v 0.01750031 0.08217822 0.14948810
v 0.01736924 0.08222050 0.14434085
v 0.01717747 0.08249992 0.10872700
v 0.02004722 -0.07989589 0.12732938
v 0.01768292 0.08225357 0.15621366
v 0.01771285 0.08254674 0.15857401
v 0.01936328 0.08277413 0.21864868
v 0.01973988 0.08289139 0.22450659
v 0.01850254 0.08227553 0.18250348
v 0.01975433 -0.07857748 0.00347204
v 0.02133773 -0.07305820 0.22601928
v 0.02103219 -0.07848690 0.22582439
v 0.01818634 0.08228188 0.17394192
v 0.01980410 -0.07988949 0.02102543
v 0.02072569 -0.07951094 0.15334518
v 0.02051547 -0.07971733 0.14468569
v 0.01741370 0.08241794 0.13318323
v 0.01735075 0.08238252 0.12703157
v 0.01708609 0.06731004 0.00924451
v 0.01738319 0.05913629 0.00929372
v 0.01872530 -0.01441506 0.00553590
v 0.01737145 0.08242196 0.11833857
v 0.01841761 0.08252628 0.18408440
v 0.01970846 -0.07988563 0.04345776
v 0.01965404 -0.07984497 0.03517514
v 0.01971194 -0.07981705 0.07780260
v 0.01965003 -0.07986493 0.07065647
v 0.01973108 -0.07970603 0.06545794
v 0.01986719 -0.07992578 0.10761529
v 0.01742230 0.08248853 0.15181811
v 0.01695678 0.08286586 0.08794186
v 0.01688079 0.08290028 0.08233943
v 0.01982810 -0.07995522 0.00979717
v 0.01815374 0.08254241 0.17914171
v 0.02099886 -0.02781455 0.22557101
v 0.01843239 0.00941916 0.00708330
v 0.01968449 -0.07997224 0.02715408
v 0.02115463 -0.07939127 0.18721317
v 0.01708360 0.08268497 0.03465582
v 0.02091715 -0.07933759 0.16118885
v 0.02103737 -0.07930032 0.17035173
v 0.01711935 0.08276611 0.04179469
v 0.01908615 0.08265117 0.21194094
v 0.02117541 -0.07915566 0.20150365
v 0.02111358 -0.07911865 0.21283715
v 0.02097093 -0.07913119 0.22118304
v 0.01651665 0.08044293 0.00931631
v 0.02068743 -0.00977470 0.22618587
v 0.01708502 0.08255943 0.09776371
v 0.01694830 0.08265086 0.03055637
v 0.01689356 0.08256822 0.10002631
v 0.01685984 0.08260475 0.02214220
v 0.01654716 0.08249163 0.01088795
v 0.01874430 0.08271721 0.19567262
v 0.01788703 0.08259355 0.16641564
v 0.02068198 -0.07926944 0.22635407
v 0.01942138 -0.08010631 0.00353609
v 0.01996336 -0.07997758 0.12420565
v 0.01981434 0.08275063 0.22670442
v 0.02057906 0.02347807 0.22644126
v 0.01901418 0.08288002 0.21610008
v 0.01775158 0.03954805 0.00916859
v 0.02055612 -0.07977851 0.15151244
v 0.01670259 0.08268918 0.06678296
v 0.01650552 0.08295117 0.07461687
v 0.01948913 -0.08000545 0.05783482
v 0.01940341 -0.08070554 0.00490445
v 0.01962127 -0.08036978 0.01022359
v 0.01949145 -0.08032039 0.01507485
v 0.01940980 -0.08015792 0.03698452
v 0.01634013 0.07856765 0.00900651
v 0.01669233 0.07144987 0.00910500
v 0.01724955 0.08255872 0.12144418
v 0.01708887 0.08261466 0.14870416
v 0.01638520 0.08203283 0.00969659
v 0.02086314 -0.07955112 0.19561004
v 0.01839879 0.08270442 0.18882745
v 0.01888996 0.08268002 0.20651446
v 0.01707759 0.08233671 0.14290890
v 0.02038620 0.01055090 0.22648894
v 0.02046536 0.01638214 0.22638807
v 0.02081708 -0.07947077 0.20732830
v 0.02075353 -0.07961297 0.17402925
v 0.01783630 0.08260026 0.17505206
v -0.02026256 -0.02441863 0.12243037
v -0.02032502 -0.02298185 0.11680140
v -0.02023627 -0.03292726 0.12058662
v -0.02026264 -0.02344694 0.11099965
v -0.02043598 -0.01144513 0.11148487
v -0.02027426 -0.02066283 0.10439241
v -0.02033481 -0.01732856 0.10296792
v -0.02055311 -0.00771892 0.10363795
v -0.02049285 -0.00666945 0.11099575
v -0.02050788 -0.00672864 0.11865009
v -0.02051250 -0.01529153 0.12719846
v -0.02050835 -0.01761371 0.12296196
v -0.02047372 -0.01972731 0.12847728
v -0.02050284 -0.01757086 0.13163186
v -0.02046369 -0.02195629 0.13647659
v -0.02048430 -0.01975927 0.13725771
v -0.02049996 -0.00067298 0.12157902
v -0.02045903 0.00238343 0.10807008
v -0.02050671 0.00337218 0.11622423
v -0.02049627 0.01073537 0.12286253
v -0.02048830 0.00025032 0.12977555
v -0.02045735 -0.00723207 0.12664791
v -0.02042054 -0.01054816 0.12954225
v -0.02043720 0.00823982 0.13007499
v -0.02069972 -0.06478329 0.05846744
v -0.02060868 -0.05961129 0.05511087
v -0.02067920 -0.06483191 0.05192360
v -0.02057705 -0.06087539 0.06471139
v -0.02062745 -0.06517148 0.06944812
v -0.02062278 -0.06426677 0.07474280
v -0.02058801 -0.06047072 0.07055427
v -0.02055633 -0.05802433 0.07862542
v -0.02055936 -0.06377480 0.08594423
v -0.02048528 -0.05966738 0.08970476
v -0.02049632 -0.06093994 0.09321553
v -0.02058385 -0.06412127 0.09611592
v -0.02046693 -0.05303679 0.09214031
v -0.02050290 -0.05228545 0.08775218
v -0.02061411 -0.05273760 0.07875526
v -0.02061306 -0.05182894 0.07507092
v -0.02051659 -0.04457685 0.07807968
v -0.02045523 -0.04578134 0.08740809
v -0.02028454 -0.04373169 0.09486370
v -0.02020513 -0.04750034 0.10332590
v -0.02026827 -0.05352929 0.10382524
v -0.02036218 -0.06066966 0.10528078
v -0.02019232 -0.04252244 0.10326851
v -0.02019793 -0.03876656 0.10022741
v -0.02031956 -0.03723645 0.09420140
v -0.02048033 -0.03601526 0.08942840
v -0.02024020 -0.03092958 0.10131563
v -0.02018235 -0.03119739 0.10935476
v -0.02024779 -0.03093118 0.11639924
v -0.02027010 -0.04280762 0.11290389
v -0.02019626 -0.03768170 0.12213250
v -0.02029045 -0.03087405 0.12629406
v -0.02033243 -0.02954127 0.13330051
v -0.02024365 -0.04456395 0.12715625
v -0.02023518 -0.04435682 0.13045684
v -0.02027911 -0.05380660 0.12559757
v -0.02021688 -0.04684163 0.11935518
v -0.02029162 -0.05508229 0.11497115
v -0.02024933 -0.04671263 0.11063230
v -0.02029518 -0.05271133 0.11076836
v -0.02023530 -0.04203868 0.11872966
v -0.02021661 -0.05410701 0.13022212
v -0.02036168 -0.01102870 0.13668518
v -0.02041979 -0.00393459 0.13170754
v -0.02036902 0.00050660 0.13399072
v -0.02021402 0.00922333 0.13610504
v -0.02031358 -0.00208179 0.13965721
v -0.02013133 0.00678213 0.14203803
v -0.02022110 -0.06182862 0.11466520
v -0.02041143 -0.06407069 0.10845172
v -0.02023337 -0.06346615 0.11522198
v -0.02021567 -0.06350135 0.12717186
v -0.02050293 0.01313412 0.13005250
v -0.02053335 0.01562508 0.12271695
v -0.02061684 -0.06839007 0.06419847
v -0.02048902 -0.07210783 0.07157602
v -0.02065688 -0.05384960 0.07005026
v -0.02058079 -0.03655667 0.07558558
v -0.02066295 -0.05367069 0.06193737
v -0.02062255 -0.05421684 0.05319111
v -0.02066093 -0.04493084 0.06837794
v -0.02055117 -0.03585707 0.06964117
v -0.02056949 -0.03901599 0.06288905
v -0.02052224 -0.04527385 0.05812830
v -0.02052809 -0.04880375 0.05398569
v -0.02052523 -0.03551818 0.08326152
v -0.02070578 -0.02474838 0.08733080
v -0.02054351 -0.03241677 0.07958711
v -0.02070263 -0.02070452 0.08594078
v -0.02062846 -0.02413152 0.09376159
v -0.02061175 -0.02536055 0.07404795
v -0.02060599 -0.01691546 0.09588723
v -0.02072217 -0.01907352 0.08250716
v -0.02070175 -0.01008460 0.09649102
v -0.02061963 -0.01395397 0.08713809
v -0.02067752 -0.01293076 0.08136863
v -0.02061772 -0.01664661 0.09264001
v -0.02070985 -0.00955342 0.09292179
v -0.02051306 -0.01571111 0.07274768
v -0.02066659 -0.00324361 0.09014683
v -0.02066048 0.00007568 0.09874511
v -0.02037803 0.01079232 0.10953163
v -0.02038920 0.01376774 0.11770809
v -0.02039173 0.02125153 0.11683179
v -0.02037622 0.01922155 0.11098582
v -0.02063487 0.02472079 0.12663743
v -0.02066740 0.01874410 0.12787058
v -0.02060424 0.01872274 0.13670098
v -0.02064379 0.02811577 0.13644222
v -0.02074762 0.03158886 0.12704978
v -0.02080779 0.03401024 0.12994827
v -0.02009437 -0.00086345 0.14477402
v -0.02059458 -0.07582793 0.06461326
v -0.02029370 -0.07720866 0.07679166
v -0.02037513 -0.08237720 0.07283649
v -0.02048385 -0.08235219 0.06774319
v -0.02056968 -0.08229451 0.06009080
v -0.02042046 -0.06826298 0.07561809
v -0.02036485 -0.07026128 0.08386059
v -0.02040260 -0.06935952 0.09411909
v -0.02034137 -0.06963019 0.10437166
v -0.02032317 -0.07416138 0.08799592
v -0.02016591 -0.07913463 0.10014652
v -0.02013278 -0.07568775 0.10696647
v -0.02018522 -0.06905248 0.11255878
v -0.02036103 -0.08239002 0.07818489
v -0.02032635 -0.07901548 0.08587990
v -0.02038008 -0.08249983 0.08873613
v -0.02023546 -0.08229720 0.09514078
v -0.02072362 -0.04627324 0.04432757
v -0.02069327 -0.03087057 0.06083174
v -0.02076747 -0.03988444 0.05172682
v -0.02059597 -0.07379561 0.05098664
v -0.02056119 -0.07950514 0.06202002
v -0.02052813 -0.07842457 0.04755442
v -0.02072352 -0.06807644 0.04409787
v -0.02060859 -0.07785674 0.04015380
v -0.02061563 -0.07339684 0.03334964
v -0.02057842 -0.08233353 0.03626830
v -0.02062925 -0.08184420 0.04189577
v -0.02055405 -0.08184465 0.02885724
v -0.02061475 -0.06832719 0.03209513
v -0.02054952 -0.08230822 0.04764378
v -0.02055859 -0.08181872 0.05698687
v -0.02067759 -0.06923527 0.02724249
v -0.02066395 -0.07579318 0.02595227
v -0.02062014 -0.08184358 0.02425874
v -0.02086439 -0.07674095 0.01721951
v -0.02084101 -0.08077115 0.01534001
v -0.02082825 -0.06474171 0.02027483
v -0.02081889 -0.06430169 0.02546567
v -0.02073937 -0.06414366 0.03195904
v -0.02085333 -0.06442106 0.04449251
v -0.02108514 -0.07663573 0.01197571
v -0.02114414 -0.06631931 0.01291678
v -0.02083434 -0.05908185 0.02034854
v -0.02108790 -0.06054260 0.01408894
v -0.02108868 -0.08091048 0.01016292
v -0.02017659 0.01094778 0.13961805
v -0.01997766 -0.01145591 0.15058406
v -0.01991001 -0.00303092 0.15540078
v -0.01998566 0.00172306 0.14865497
v -0.01998930 0.00915350 0.15282034
v -0.02012645 0.02183301 0.15447032
v -0.02011135 0.01175128 0.14833712
v -0.02025283 0.03575630 0.16069489
v -0.02030524 0.03590493 0.15638909
v -0.02006325 0.02624266 0.16051970
v -0.02044703 0.04421611 0.15942239
v -0.02045149 0.04340875 0.15547149
v -0.02033077 0.04036032 0.16492681
v -0.02012250 0.02683276 0.16506533
v -0.02045029 0.04680171 0.16302682
v -0.02042124 0.02834407 0.14809190
v -0.02055378 0.03249291 0.14375845
v -0.02050491 0.02209488 0.14133957
v -0.02061321 0.04100534 0.14697527
v -0.02065746 0.03527529 0.14053528
v -0.02072927 0.04587286 0.14330812
v -0.02072229 0.04233912 0.13778322
v -0.02070605 0.05567770 0.13615456
v -0.02073046 0.05277059 0.14730573
v -0.02075724 0.05765475 0.14717969
v -0.02086170 0.06378018 0.14279896
v -0.02082869 0.06380157 0.13416748
v -0.02083780 0.06344294 0.15028796
v -0.02075375 0.04251479 0.13223514
v -0.02070974 0.03891900 0.12267408
v -0.02072650 0.05653105 0.13218676
v -0.02082972 0.06222434 0.12247649
v -0.02074117 0.05490151 0.12309254
v -0.02078436 0.05579077 0.11706802
v -0.02075970 0.04659105 0.12176007
v -0.02082323 0.04629650 0.11425546
v -0.02078241 0.05501871 0.10830526
v -0.02079591 0.04846968 0.10615738
v -0.02076088 0.04130541 0.10773001
v -0.02078608 0.04075324 0.11397452
v -0.02072375 0.03442407 0.11014305
v -0.02076309 0.03463142 0.10404578
v -0.02078221 0.04247225 0.10349742
v -0.02085005 0.03542641 0.09868450
v -0.02093988 0.03931919 0.09276776
v -0.02111642 0.03180414 0.08524516
v -0.02098330 0.02514544 0.08927469
v -0.02103694 0.01731491 0.08135223
v -0.02086266 0.01153176 0.08825090
v -0.02090013 0.00736918 0.08514740
v -0.02072379 0.00296633 0.09213444
v -0.02116699 0.02279127 0.07778647
v -0.02123933 0.02919452 0.07916624
v -0.02070673 0.02679096 0.09875518
v -0.02060549 0.02159770 0.09857711
v -0.02068004 0.01842296 0.09551756
v -0.02063225 0.01118376 0.09477935
v -0.02052908 0.02416476 0.10704525
v -0.02047399 0.01057273 0.10496996
v -0.02101537 0.03802469 0.08683445
v -0.02103796 0.04367940 0.08782370
v -0.02119018 0.03969205 0.07933147
v -0.02124149 0.04755118 0.07950234
v -0.02131885 0.04796458 0.07184258
v -0.02125507 0.03816143 0.07237657
v -0.02134055 0.04109457 0.06773092
v -0.02143850 0.04412402 0.06480660
v -0.02148372 0.05093552 0.06576346
v -0.02142550 0.05484399 0.07402212
v -0.02164120 0.05899362 0.06915074
v -0.02149088 0.05928130 0.07633472
v -0.02173145 0.06397879 0.07391252
v -0.02121769 0.05270831 0.08793441
v -0.02103153 0.05030110 0.09268272
v -0.02105622 0.05655032 0.09356526
v -0.02129726 0.06251999 0.08869298
v -0.02113602 0.06230600 0.09461415
v -0.02093816 0.05462362 0.10239605
v -0.02107857 0.06131172 0.10247146
v -0.02120099 0.06493253 0.09651830
v -0.02110212 0.06406032 0.10624499
v -0.02065393 0.03308751 0.12049131
v -0.02060827 0.03256618 0.11341464
v -0.02086120 0.06253112 0.11219797
v -0.02086937 0.06488713 0.11631141
v -0.02034338 0.01687049 0.14477180
v -0.02053524 0.03667792 0.14806431
v -0.02047396 0.05191307 0.15521468
v -0.02004230 0.01859792 0.16004337
v -0.01992287 0.00944807 0.16017682
v -0.01982260 -0.00267449 0.15995285
v -0.01986277 -0.01106393 0.15851174
v -0.01982778 -0.01779933 0.15848198
v -0.02006745 -0.01978744 0.14773085
v -0.02009527 -0.02817892 0.14617138
v -0.01987150 -0.02710241 0.15613554
v -0.01987665 -0.03893417 0.15191325
v -0.02000337 -0.03757805 0.14606398
v -0.01989967 -0.04561512 0.14867990
v -0.02001967 -0.04594144 0.13720404
v -0.02021270 -0.02951394 0.14121599
v -0.02007941 -0.05331973 0.13631564
v -0.01990955 -0.05057923 0.14897446
v -0.02001348 -0.06297883 0.13937573
v -0.02012200 -0.05903557 0.13214924
v -0.02022756 -0.02027005 0.14348113
v -0.01972492 -0.03983787 0.15601398
v -0.01957990 -0.04478945 0.15731546
v -0.01969407 -0.03115978 0.16156027
v -0.01968718 -0.02025925 0.16206903
v -0.02010228 -0.01023591 0.14370336
v -0.02021834 -0.00917789 0.14098764
v -0.02101578 0.06726038 0.10985803
v -0.02057113 0.05797569 0.15598337
v -0.02144983 0.06248600 0.07932008
v -0.02133759 0.06512561 0.08915609
v -0.02090121 0.06444337 0.12232102
v -0.01970237 -0.03898390 0.15865711
v -0.01988006 -0.00946126 0.16220835
v -0.01989450 -0.00132504 0.16456659
v -0.01997712 0.00500846 0.16631933
v -0.01998177 0.01163603 0.16666300
v -0.02047143 0.05252100 0.16006228
v -0.02051012 0.06227643 0.16573145
v -0.02051411 0.06302698 0.16108081
v -0.02069556 0.06111154 0.15331082
v -0.02058862 0.06432677 0.15600481
v -0.01970344 -0.02076842 0.16350607
v -0.02067111 -0.00263634 0.08681133
v -0.02007105 0.01703778 0.16305211
v -0.02005605 0.02150163 0.16963413
v -0.02021948 0.03878189 0.17107036
v -0.01955196 -0.04431538 0.15956477
v -0.01947252 -0.04539648 0.16280669
v -0.01964886 -0.02435333 0.16423998
v -0.01960366 -0.05309627 0.15746869
v -0.02094545 0.07381325 0.11298230
v -0.02080879 0.07196356 0.11985636
v -0.02097780 0.07549360 0.10279435
v -0.02084484 0.07958518 0.11064290
v -0.02087903 0.07962402 0.10272225
v -0.02113758 0.07282905 0.09807886
v -0.02081164 0.06618830 0.14686633
v -0.02077937 0.06894903 0.12838823
v -0.02072993 0.07562529 0.13082030
v -0.02070129 0.07660649 0.13798340
v -0.02071694 0.08023051 0.14004776
v -0.02074162 0.08037180 0.13507949
v -0.02078454 0.06805834 0.13511418
v -0.02055551 0.07964389 0.14603472
v -0.02056878 0.07596656 0.15293564
v -0.02060281 0.08001778 0.15337745
v -0.02055206 0.08044987 0.14952583
v -0.02056958 0.07243332 0.15110307
v -0.02066805 0.06873905 0.14953641
v -0.02042632 0.06860403 0.15910033
v -0.02147178 0.04756100 0.05584584
v -0.02125643 0.03673003 0.05689531
v -0.02118595 0.03470145 0.06297427
v -0.02127981 0.03780004 0.05141363
v -0.02113726 0.02780938 0.07022151
v -0.02114727 0.02135360 0.07089001
v -0.02064457 -0.00086490 0.08151041
v -0.02074615 0.00389524 0.07511584
v -0.02098763 0.01395200 0.07775325
v -0.02096137 0.01019196 0.07050031
v -0.02119034 0.02472889 0.06074533
v -0.02124652 0.02766130 0.05756167
v -0.02114682 0.01918289 0.06477327
v -0.02100577 0.00939528 0.06277922
v -0.02094658 0.00487294 0.06859529
v -0.02096863 0.00036635 0.06147977
v -0.02091918 0.00041641 0.06511682
v -0.02087744 -0.00843681 0.06213253
v -0.02081985 -0.02096705 0.06003401
v -0.02058053 -0.00641500 0.07270967
v -0.02065351 -0.00380872 0.06904767
v -0.02051444 -0.01436245 0.06830549
v -0.02129521 0.03288570 0.04915964
v -0.02092416 -0.01255285 0.05525285
v -0.02092355 0.00474347 0.05609001
v -0.02090705 -0.00483045 0.04991205
v -0.02095612 0.00647033 0.05222120
v -0.02100761 0.01660544 0.05651254
v -0.02114009 0.01410276 0.04754999
v -0.02117724 0.02208159 0.05135540
v -0.02088181 -0.01770049 0.05478182
v -0.02087577 -0.02321264 0.05614463
v -0.02092415 -0.01835562 0.04047458
v -0.02108690 -0.01044152 0.03069971
v -0.02096182 -0.02087106 0.03431159
v -0.02104001 -0.00704984 0.04200259
v -0.02106819 0.00293471 0.04550721
v -0.02127920 0.00366280 0.03581628
v -0.02125424 0.01506895 0.03995673
v -0.02148574 0.00454986 0.02781710
v -0.02149154 0.01035887 0.02967826
v -0.02148872 0.01986700 0.03533289
v -0.02122823 0.02620941 0.04604919
v -0.02124172 0.02422388 0.04178806
v -0.02089758 -0.01051910 0.04835705
v -0.02086656 -0.01633379 0.04517952
v -0.02085789 -0.02134542 0.04401136
v -0.02080924 -0.02883483 0.04218090
v -0.02077474 -0.03702514 0.03831560
v -0.02077984 -0.03299702 0.05353722
v -0.02077815 -0.04045912 0.04653871
v -0.02078115 -0.04297367 0.03694215
v -0.02074443 -0.05235598 0.03916521
v -0.02070437 -0.05291762 0.04791292
v -0.02084474 -0.06063300 0.04139149
v -0.02075778 -0.04627202 0.03351789
v -0.02076298 -0.05188884 0.03219198
v -0.02071607 -0.05901240 0.03091285
v -0.02085633 -0.05483972 0.02537214
v -0.02097157 -0.04676806 0.02067184
v -0.02086298 -0.04399046 0.02990616
v -0.02108905 -0.04166633 0.02062898
v -0.02086093 -0.03879871 0.02960598
v -0.02090255 -0.03139876 0.03284177
v -0.02109802 -0.03275716 0.02211076
v -0.02093064 -0.02584746 0.03258605
v -0.02122980 -0.02187395 0.02260267
v -0.02124819 -0.02301411 0.01941154
v -0.02122636 -0.03318128 0.01584564
v -0.02115497 -0.03799152 0.01991874
v -0.02125048 -0.03998901 0.01502705
v -0.02109035 -0.05004200 0.01773497
v -0.02134956 -0.05107201 0.01064644
v -0.02164694 -0.05507252 0.00343446
v -0.02164268 -0.04600831 0.00351079
v -0.02157836 -0.03573826 0.00463375
v -0.02138534 -0.03613062 0.01023742
v -0.02132332 -0.01837917 0.01418135
v -0.02155107 -0.02402031 0.00694961
v -0.02154797 -0.03504241 0.00675874
v -0.02147006 -0.01961062 0.01032900
v -0.02132701 -0.01001048 0.01522146
v -0.02137234 -0.00306847 0.01207304
v -0.02141536 0.00233412 0.01886171
v -0.02147344 0.00473171 0.01595359
v -0.02141793 0.00253815 0.00967831
v -0.02141409 0.01066480 0.01129081
v -0.02146814 0.01218912 0.01724692
v -0.02148866 0.02176189 0.00993959
v -0.02146859 0.01738220 0.00387415
v -0.02140002 0.01079800 0.00506945
v -0.02146316 0.02898498 0.00389717
v -0.02154932 0.02424251 0.01879464
v -0.02156324 0.01761624 0.02197966
v -0.02157947 0.02259216 0.02288230
v -0.02152896 0.01229012 0.02520754
v -0.02148331 0.00556960 0.02285256
v -0.02150016 0.02446855 0.03539087
v -0.02156929 0.02701240 0.02412071
v -0.02154846 0.03123378 0.02286299
v -0.02143723 0.01028271 0.02042615
v -0.02131641 -0.00454943 0.02073425
v -0.02124822 -0.01331473 0.02120872
v -0.02120128 -0.00900643 0.02639384
v -0.02123124 -0.01573332 0.02322367
v -0.02061062 -0.02651627 0.06761475
v -0.02162878 -0.03495912 0.00165324
v -0.02168979 -0.03144344 0.00220455
v -0.02159784 0.02610595 0.01440697
v -0.02142772 -0.00334821 0.00786050
v -0.02147753 -0.01393939 0.00842648
v -0.02164655 -0.01789355 0.00265794
v -0.02144898 0.00198442 0.00481359
v -0.02151685 -0.00585568 0.00281958
v -0.02161584 -0.01647700 0.00248374
v -0.02150740 -0.00079455 0.00300924
v -0.02146547 0.03321975 0.04260459
v -0.02136497 0.03892117 0.04827195
v -0.02140217 0.00528765 0.00314941
v -0.02167031 -0.05487660 0.00144685
v -0.02178260 -0.06701542 0.00167367
v -0.02158158 -0.07008962 0.00545574
v -0.02173830 -0.07758116 0.00193334
v -0.02152395 -0.07883893 0.00531477
v -0.02149517 0.06463707 0.08065678
v -0.02145562 0.06944613 0.08390800
v -0.02136845 0.07344985 0.09062567
v -0.02141819 0.07401972 0.08476006
v -0.02175125 0.07228271 0.07698589
v -0.02156797 0.04808485 0.05145804
v -0.02185123 0.05433263 0.04730129
v -0.02173576 0.04497863 0.04407608
v -0.02184451 0.04961713 0.04214901
v -0.02183437 0.04110982 0.03635781
v -0.02201067 0.05899040 0.03798007
v -0.02194277 0.05439312 0.03254843
v -0.02190613 0.04768928 0.03208923
v -0.02182234 0.04198236 0.02861953
v -0.02164974 0.03132647 0.03116429
v -0.02184457 0.04928653 0.02706727
v -0.02176816 0.04340992 0.02408550
v -0.02203055 0.06227436 0.03194236
v -0.02186453 0.05934518 0.04926740
v -0.02199087 0.06247006 0.04248689
v -0.02191910 0.06340776 0.04615601
v -0.02170554 0.05735306 0.05480095
v -0.02160913 0.03824730 0.02425709
v -0.02190741 0.06342471 0.05378558
v -0.02191057 0.06659737 0.04309907
v -0.02184571 0.06777152 0.06952119
v -0.02179085 0.06328462 0.07036841
v -0.02188960 0.06941444 0.06320187
v -0.02182035 0.06321300 0.05982577
v -0.02176797 0.06185283 0.06428769
v -0.02203055 0.07358612 0.05224277
v -0.02199127 0.07355698 0.04765642
v -0.02203055 0.07524496 0.04269227
v -0.02190685 0.06921430 0.03752615
v -0.02200684 0.07417689 0.05743349
v -0.02182997 0.07362852 0.06635429
v -0.02183007 0.04690420 0.02291228
v -0.02164317 0.03899838 0.01548538
v -0.02186410 0.04716902 0.01733786
v -0.02161773 0.03312360 0.01440869
v -0.02182529 0.05407937 0.01556231
v -0.02172376 0.04561630 0.01107413
v -0.02184314 0.06019176 0.01364854
v -0.02178036 0.06377967 0.00799681
v -0.02167744 0.05653735 0.00447500
v -0.02158384 0.04393032 0.00449354
v -0.02157985 0.03670585 0.00632819
v -0.02179471 0.06126931 0.02107403
v -0.02180052 0.05325128 0.02509889
v -0.02174987 0.06607999 0.01860081
v -0.02185767 0.06278013 0.02566807
v -0.02194755 0.06463650 0.03616248
v -0.02192209 0.06788873 0.03065897
v -0.02192849 0.07303340 0.03225002
v -0.02181114 0.07480946 0.02339628
v -0.02174977 0.07629745 0.01563177
v -0.02175303 0.07947349 0.01972921
v -0.02178991 0.07942993 0.02374350
v -0.02176595 0.07942453 0.03028019
v -0.02178698 0.07686287 0.01013097
v -0.02175864 0.07326242 0.00663060
v -0.02166870 0.07939748 0.00535406
v -0.02165389 0.06859347 0.00455829
v -0.02164567 0.07770276 0.00479764
v -0.02181738 0.07943125 0.01086575
v -0.02196113 0.07527233 0.03995113
v -0.02183290 0.07997803 0.03569081
v -0.02175365 0.07974144 0.00729829
v -0.02134178 0.01166104 0.00328554
v -0.02095686 0.07976761 0.09801929
v -0.02068042 0.07758873 0.12001291
v -0.02072802 0.07970171 0.11594633
v -0.02060059 0.08034316 0.12698794
v -0.02039534 0.06982926 0.16853081
v -0.02041167 0.06391758 0.17197846
v -0.02034055 0.07094646 0.17624455
v -0.02042265 0.07651897 0.17228318
v -0.02026786 0.07765527 0.18123418
v -0.02024650 0.07189172 0.18771951
v -0.02013569 0.08053593 0.18813806
v -0.02007056 0.08093800 0.19205144
v -0.02042885 0.07347939 0.16187231
v -0.02054381 0.07984097 0.15816998
v -0.02040848 0.06644306 0.17646706
v -0.02044815 0.06504327 0.18058865
v -0.02032266 0.08052796 0.17956267
v -0.02046455 0.08006906 0.17348422
v -0.02038894 0.07790513 0.16319039
v -0.02038997 0.08036939 0.16834963
v -0.02024196 0.06398804 0.18743267
v -0.02004850 0.07197208 0.19358569
v -0.02000573 0.08063228 0.19430318
v -0.01992106 0.07676116 0.19781934
v -0.01993721 0.08011256 0.19842135
v -0.02030937 0.05963220 0.17577468
v -0.02025392 0.05927848 0.18249915
v -0.02009587 0.06842941 0.19964543
v -0.02004691 0.06604852 0.19575004
v -0.02005705 0.06441566 0.19112681
v -0.02014809 0.06486493 0.20446233
v -0.02011616 0.04577662 0.17946857
v -0.02030870 0.05473276 0.17081552
v -0.02017393 0.04776138 0.17383797
v -0.02012750 0.03634522 0.17392325
v -0.01991985 0.03235186 0.17927314
v -0.01992425 0.02457913 0.17595125
v -0.01981135 0.01351447 0.17246156
v -0.01969579 0.01161154 0.17548699
v -0.01976344 0.02036710 0.18057705
v -0.01959623 0.01332887 0.18444864
v -0.01962346 0.02287714 0.18950100
v -0.01982525 0.02950837 0.18268131
v -0.01990299 0.03648518 0.18311202
v -0.01995669 0.03814486 0.18086200
v -0.01991707 0.04502256 0.18418439
v -0.01966264 0.03361625 0.18828142
v -0.01946009 0.02155762 0.19371398
v -0.01944691 0.01515661 0.19247889
v -0.01935652 0.03354255 0.19559233
v -0.01964990 0.03905681 0.18795437
v -0.02007650 0.03670479 0.17768396
v -0.02006591 0.04979954 0.18367252
v -0.02013865 0.05666056 0.18561934
v -0.01991980 0.04806644 0.18626415
v -0.01980143 0.05434587 0.19237848
v -0.01968229 0.04949736 0.19194772
v -0.01961684 0.04566696 0.19192317
v -0.01929675 0.03894808 0.19979117
v -0.01980506 0.05905153 0.19673350
v -0.01964572 0.05232934 0.19583838
v -0.01954334 0.04678440 0.19818849
v -0.01926510 0.03189500 0.20145966
v -0.01925504 0.02313009 0.20213209
v -0.01930363 0.01696384 0.20392969
v -0.01937699 0.01280596 0.19743778
v -0.01932488 0.00934376 0.20130502
v -0.01970533 0.05614300 0.20158549
v -0.01992496 0.05964093 0.20515340
v -0.01971510 0.00772472 0.17546722
v -0.01965429 0.00052131 0.17474298
v -0.01970342 0.00871227 0.17880835
v -0.01964022 -0.00151229 0.17818732
v -0.01962704 -0.00779221 0.17415174
v -0.02012735 -0.08111045 0.10437318
v -0.02019529 -0.08237475 0.10013522
v -0.02007350 -0.07046299 0.12361954
v -0.01986450 -0.06939772 0.13875809
v -0.01983913 -0.06387730 0.14518085
v -0.01985356 -0.05796898 0.14702711
v -0.01972827 -0.05196178 0.15343572
v -0.01974282 -0.06265667 0.14942172
v -0.01948902 -0.05722184 0.15998487
v -0.01944375 -0.06226431 0.16222467
v -0.01947572 -0.05421737 0.16216455
v -0.01929771 -0.06240295 0.17517601
v -0.01943197 -0.06912905 0.16444562
v -0.01930794 -0.05173129 0.17180054
v -0.01946779 -0.03996935 0.16496895
v -0.01944665 -0.02338975 0.16977696
v -0.01980400 -0.01033698 0.16626846
v -0.01981299 -0.00031123 0.16961710
v -0.01945594 -0.01599918 0.17647537
v -0.01931190 -0.02833973 0.17602283
v -0.01927552 -0.03639979 0.17599805
v -0.01928816 -0.01992538 0.18155276
v -0.01933607 -0.01510606 0.18307196
v -0.01920820 -0.01444586 0.19221205
v -0.01915199 -0.01866693 0.19244731
v -0.01948126 -0.00694093 0.18293947
v -0.01943112 -0.00901111 0.18595026
v -0.01942547 -0.00980355 0.18993899
v -0.01921583 -0.04478674 0.17658332
v -0.01922812 -0.05613650 0.17664615
v -0.01921796 -0.06310221 0.18020220
v -0.01914310 -0.05607697 0.18533367
v -0.01908805 -0.05770413 0.18814109
v -0.01910984 -0.06354530 0.18623621
v -0.01913777 -0.05082158 0.19052850
v -0.01958258 -0.06639892 0.15570584
v -0.01915165 -0.06699136 0.19108816
v -0.01920394 -0.06827549 0.18517154
v -0.01913857 -0.07374808 0.19036493
v -0.01918593 -0.07464222 0.18324437
v -0.01926225 -0.07233064 0.17831035
v -0.01941354 -0.07722970 0.16776607
v -0.01947062 -0.07772039 0.16102464
v -0.01951381 -0.07513942 0.15554135
v -0.01950420 -0.08035598 0.15606653
v -0.01959262 -0.07909330 0.14471701
v -0.01967337 -0.07235771 0.14676931
v -0.01973895 -0.07550968 0.14230830
v -0.01956487 -0.08235889 0.14414340
v -0.01973066 -0.08216819 0.13868553
v -0.01983041 -0.07912850 0.13125581
v -0.02003289 -0.07584870 0.12158139
v -0.02007576 -0.07726138 0.11318466
v -0.02013029 -0.08227702 0.10712917
v -0.02013143 -0.08213287 0.11807503
v -0.02011565 -0.08225840 0.12299559
v -0.01993532 -0.08219297 0.12922901
v -0.01929889 -0.00986125 0.19687415
v -0.01923649 -0.03666611 0.17965094
v -0.01930814 -0.00581254 0.19501040
v -0.01917430 -0.03147235 0.17949769
v -0.01921156 -0.02592281 0.17971561
v -0.01911995 -0.02478041 0.18657340
v -0.01913956 -0.02026342 0.18760200
v -0.01952269 -0.08180220 0.16466125
v -0.01956352 -0.08153855 0.15291302
v -0.01961726 -0.08210202 0.14584778
v -0.01953254 -0.08199658 0.15695010
v -0.01954456 0.00051429 0.18100505
v -0.01933197 0.00206706 0.18563153
v -0.01928546 -0.00075616 0.18677568
v -0.01935550 0.00979432 0.18974998
v -0.01957417 0.00567599 0.18227915
v -0.01932855 -0.00571871 0.20505157
v -0.01937392 0.00249832 0.20496121
v -0.01922810 -0.01472908 0.20021049
v -0.01924814 -0.01567393 0.20296008
v -0.01924111 -0.01997608 0.19930103
v -0.01922977 -0.02635309 0.19483752
v -0.01931696 -0.02602832 0.19941284
v -0.01933419 -0.02184122 0.20169780
v -0.01937881 0.00513675 0.20714047
v -0.01936312 0.01444289 0.21063812
v -0.01933642 0.01802955 0.20750212
v -0.01944328 0.00014281 0.20926147
v -0.01934612 0.02660813 0.21471502
v -0.01937285 0.02908195 0.21054604
v -0.01941999 0.03671007 0.21134050
v -0.01942203 0.03654238 0.21838542
v -0.01929084 0.02359846 0.20611101
v -0.01928475 0.03345146 0.20589069
v -0.01961646 0.04726642 0.20794860
v -0.01942210 0.04067458 0.20708909
v -0.01974317 0.04702835 0.21567254
v -0.01969986 0.05154775 0.20705185
v -0.02005455 0.05434590 0.21763929
v -0.02047914 0.06238617 0.21771398
v -0.02011133 0.05846260 0.21138873
v -0.02062586 0.06890755 0.21360016
v -0.01976072 0.04657113 0.21900288
v -0.01916166 -0.06064953 0.19041338
v -0.01939801 -0.08173271 0.17789682
v -0.01946303 -0.08138830 0.17411595
v -0.01954831 -0.08187531 0.16829085
v -0.01934696 -0.08112491 0.18314374
v -0.01913286 -0.04170697 0.18063653
v -0.01908681 -0.03850064 0.18434307
v -0.01904288 -0.04535797 0.18402671
v -0.01904065 -0.04544525 0.18032105
v -0.01907016 -0.05165557 0.18167309
v -0.01908515 -0.04750100 0.19002726
v -0.01898953 -0.02984882 0.18612316
v -0.01909921 -0.02644281 0.18926699
v -0.01918410 -0.04481271 0.19182561
v -0.01915880 -0.03412921 0.19182023
v -0.01926128 -0.03151782 0.19740806
v -0.01915630 -0.03825628 0.19218067
v -0.02025124 0.06971421 0.20493095
v -0.02056562 0.07247592 0.21050433
v -0.02126766 0.07800523 0.08578936
v -0.02144066 0.07825428 0.08145155
v -0.02182148 0.07938998 0.05926859
v -0.02162989 0.07841446 0.06909749
v -0.02153956 0.07935242 0.07564985
v -0.02171716 0.07947110 0.06378903
v -0.02029746 0.08053239 0.16394765
v -0.01953848 0.03833639 0.22053555
v -0.02187265 0.07953952 0.04213550
v -0.02000963 -0.08260408 0.10575027
v -0.01933572 -0.04313646 0.19644492
v -0.01944845 -0.04923751 0.19758890
v -0.02176760 0.07775017 0.04809347
v -0.02054906 0.08028689 0.12046790
v -0.01944451 -0.08120494 0.18929432
v -0.02171422 -0.07890380 0.00082299
v -0.02171030 -0.06978697 0.00063520
v -0.01938499 -0.05609468 0.19626487
v -0.01993841 -0.07149658 0.20336252
v -0.01947202 -0.06368117 0.19712946
v -0.01939226 -0.07275199 0.19527217
v -0.02036880 -0.06331732 0.20975450
v -0.02016736 -0.05872857 0.20642739
v -0.02069259 -0.07226656 0.21326679
v -0.02071139 -0.05885704 0.21615330
v -0.02034838 -0.05511715 0.21062865
v -0.02053443 -0.04680949 0.21559539
v -0.01984418 -0.04320712 0.20577419
v -0.01993380 -0.05021021 0.20541900
v -0.01960568 -0.02766926 0.20506578
v -0.01955587 -0.02076294 0.20585858
v -0.01983380 -0.03368777 0.20739232
v -0.02040424 -0.03784303 0.21592807
v -0.01998075 -0.02170218 0.21444089
v -0.01949576 -0.01743840 0.20623127
v -0.01965540 -0.00926994 0.21106492
v -0.01982839 -0.00542727 0.21721941
v -0.01972277 0.00883939 0.21854616
v -0.01947083 0.01589365 0.21468088
v -0.01941864 0.02972920 0.21731118
v -0.01965957 0.01717765 0.21830011
v -0.01976258 0.02554267 0.22211342
v -0.01993071 0.01670789 0.22216511
v -0.01964163 0.03306298 0.22164803
v -0.01963736 0.03814958 0.22209785
v -0.02057245 -0.02659982 0.22225639
v -0.02029553 -0.01309159 0.22268548
v -0.02025448 -0.01805305 0.22046361
v -0.02009105 -0.00173227 0.22221404
v -0.01993318 0.01242455 0.22239410
v -0.02078406 -0.04167802 0.21996347
v -0.02096573 -0.05538701 0.21943940
v -0.02124459 -0.07229175 0.21972606
v -0.02130147 -0.07684623 0.22023625
v -0.02059711 -0.08009734 0.21136122
v -0.01993817 -0.07773424 0.20267006
v -0.01942190 -0.07650437 0.19474597
v -0.02155626 -0.04555525 0.00148856
v -0.02153385 -0.03835116 0.00153192
v -0.01990282 0.01034360 0.22251866
v -0.02030567 0.07734623 0.20591499
v -0.02042867 0.08123318 0.20760066
v -0.02167249 -0.07548195 0.00002936
v -0.01974142 -0.08041636 0.19784784
v -0.01981464 -0.08118970 0.19964468
v -0.02139538 -0.08101701 0.00572739
v -0.02143786 -0.08125882 0.00248166
v -0.02049759 0.08048154 0.14565698
v -0.02018915 0.05216702 0.22228571
v -0.01989259 0.04437829 0.22207652
v -0.01967679 0.04067815 0.22223971
v -0.02026989 0.05449304 0.22268371
v -0.02125916 0.07380604 0.22217948
v -0.02107287 0.07523727 0.21674649
v -0.02112928 0.07854831 0.21581894
v -0.02133787 0.07481915 0.22424657
v -0.02149073 0.08059299 0.22403636
v -0.02126829 0.07011643 0.22356217
v -0.02102271 0.08131657 0.21426307
v -0.02137850 0.08148757 0.22138274
v -0.02068251 -0.08087182 0.21296965
v -0.01967372 -0.05931246 0.20043374
v -0.02081749 0.06353099 0.22213287
v -0.02075665 0.06168853 0.22308202
v -0.02044907 0.05678335 0.22277389
v -0.02117210 0.08016037 0.08455841
v -0.02105694 0.08011366 0.08801723
v -0.02148343 0.07966810 0.07073886
v -0.02140399 -0.08066231 0.22237698
v -0.02154280 -0.07594152 0.22287861
v -0.02157232 -0.07268623 0.22256121
v -0.01984546 0.08122558 0.19840168
v -0.02071003 -0.08189615 0.01677586
v -0.02095720 -0.08191786 0.00956847
v -0.01932809 -0.08163466 0.18525560
v -0.02161526 -0.02449494 0.00191349
v -0.02093613 -0.03800235 0.22266110
v -0.02116557 -0.04565625 0.22247554
v -0.02142822 -0.05826065 0.22251019
v -0.02036563 -0.01926579 0.22278586
v -0.02128391 0.08002669 0.07951501
v -0.02159424 0.07955734 0.04944414
v -0.02152758 0.07996909 0.04648061
v -0.01919973 -0.08187843 0.18072133
v -0.02126640 -0.08058974 0.22339829
v -0.02020862 -0.08284669 0.07751942
v -0.02009831 -0.08274260 0.09763971
v -0.02043976 0.08047904 0.15780368
v -0.02074734 0.08029444 0.10828234
v -0.02082354 0.08023555 0.09805710
v -0.01943851 -0.08222705 0.15326136
v -0.02168548 0.07995020 0.01811588
v -0.02159748 0.07340795 0.00436626
v -0.02047212 -0.08263745 0.04177894
v -0.02030995 0.08096003 0.17295589
v -0.02163611 0.08007105 0.05631226
v -0.02037763 -0.08270736 0.05721162
v -0.02141290 0.03306458 0.00363934
v -0.02145489 0.04898238 0.00396161
v -0.02144300 0.04142353 0.00381322
v -0.02061921 0.08024100 0.11526677
v -0.02163975 0.07989707 0.02960935
v -0.01930455 -0.08201110 0.17321170
v -0.02133281 0.07746951 0.22443729
v -0.02139601 0.07977037 0.22434147
v -0.02120787 -0.08192574 0.00421640
v -0.02047590 -0.08240337 0.02398167
v -0.02053801 -0.08231092 0.01616992
v -0.02029265 -0.08282444 0.08868636
v -0.01968049 -0.08249526 0.13686459
v -0.01990088 -0.08247298 0.12785107
v -0.02153107 -0.05438013 0.00092815
v -0.02142818 -0.04563649 0.00110094
v -0.02000499 -0.08255208 0.11886869
v -0.02175432 0.08000507 0.04103822
v -0.02129381 0.02316904 0.00341693
v -0.02030230 -0.08261019 0.02983364
v -0.02155346 -0.07866166 0.00022882
v -0.02158237 -0.06784186 0.00036683
v -0.01911976 -0.08181650 0.18574582
v -0.01981069 -0.08149205 0.20202820
v -0.02144155 -0.05544108 0.00076977
v -0.02135369 0.08000703 0.07059840
v -0.02152853 0.08001103 0.06252685
v -0.02117712 -0.08074578 0.00076753
v -0.02032876 -0.08275192 0.06631100
v -0.02153637 0.07999304 0.01929984
v -0.02020305 0.08085941 0.16889802
v -0.02135094 0.08002190 0.04822000
v -0.02001982 0.08071793 0.16476109
v -0.01991025 0.08100378 0.18788737
v -0.01992035 0.08104287 0.18035010
v -0.02157340 0.07982458 0.00811074
v -0.01960739 0.02586801 0.22229113
v -0.02145434 0.06796371 0.00419777
v -0.02027171 -0.08272989 0.04617534
v -0.02081430 -0.08222650 0.00756698
v -0.02075236 -0.08182976 0.00127884
v -0.01968495 0.08104236 0.19296472
v -0.02057458 0.08044473 0.13988242
v -0.01918236 -0.08219931 0.16345736
v -0.02035899 -0.08129530 0.21398247
v -0.02138270 -0.07733115 0.22312058
v -0.02061063 -0.08124064 0.22341559
v -0.00345333 -0.08154447 0.12510335
v -0.00874775 -0.08186883 0.12431753
v -0.00708817 -0.08188490 0.10441999
v -0.00299725 -0.08157792 0.11647227
v -0.00149167 -0.08160741 0.10207816
v -0.00889110 -0.08188273 0.13714895
v -0.01417645 -0.08224273 0.13257548
v -0.01372259 -0.08222933 0.12408143
v -0.01949339 -0.08250853 0.12645502
v -0.01953497 -0.08263170 0.11274646
v -0.01907970 -0.08253243 0.13677632
v -0.01306931 -0.08229328 0.10445363
v -0.00088471 -0.08168393 0.09159320
v -0.00596363 -0.08196652 0.09364121
v -0.01198737 -0.08242243 0.08633478
v -0.00677505 -0.08214705 0.07769542
v 0.00097325 -0.08180280 0.05377946
v -0.00578856 -0.08221786 0.04975982
v 0.00124605 -0.08176948 0.03743660
v -0.00175205 -0.08197482 0.03396177
v -0.00171987 -0.08206705 0.02222748
v -0.01491776 -0.08271068 0.06704491
v -0.00613392 -0.08221765 0.06259261
v -0.01947104 -0.08290834 0.06418741
v -0.01356708 -0.08260897 0.04904979
v -0.01940552 -0.08282072 0.04446812
v -0.00709422 -0.08235320 0.02989565
v 0.00308051 -0.08179911 0.02019733
v 0.00612157 -0.08137005 0.03898119
v 0.00614158 -0.08135834 0.05056932
v 0.00519094 -0.08138754 0.06285066
v 0.00043805 -0.08174247 0.07404746
v 0.00842651 -0.08102603 0.07135603
v 0.00372195 -0.08099621 0.10646614
v 0.00446216 -0.08077158 0.12636988
v -0.00439719 -0.08164526 0.13653305
v 0.00167569 -0.08106081 0.13441232
v 0.00248021 -0.08099902 0.14528550
v -0.00050598 -0.08126004 0.15282839
v 0.00162337 -0.08106295 0.15510743
v 0.00031790 -0.08126190 0.16533391
v 0.00048533 -0.08132582 0.19030511
v 0.00050565 -0.08126922 0.18069894
v 0.00526832 -0.08073913 0.18119838
v 0.00629213 -0.08070769 0.19155460
v 0.00608591 -0.08061599 0.16219969
v 0.00668759 -0.08054025 0.14470637
v 0.00738812 -0.08044487 0.12901509
v 0.00657949 -0.08060763 0.11947998
v 0.00736466 -0.08060253 0.10743240
v 0.00890415 -0.08069200 0.09423529
v 0.00913470 -0.08079405 0.08268747
v 0.01375523 -0.08056387 0.06692700
v 0.01402752 -0.08069387 0.05031652
v 0.01845453 -0.08029560 0.04887096
v 0.01868545 -0.08022583 0.05656394
v 0.01869540 -0.08017279 0.06618023
v 0.01844300 -0.08033913 0.03958548
v 0.01624227 -0.08058978 0.03937913
v 0.01303514 -0.08108239 0.02305722
v 0.01733516 -0.08069287 0.02551587
v 0.01731135 -0.08083465 0.01869862
v 0.01855397 -0.08102590 0.00829218
v 0.00993174 -0.08167253 0.00993197
v 0.01779174 -0.08117163 0.00462373
v 0.01333789 -0.08149873 0.00438653
v 0.00661675 -0.08163063 0.01775458
v 0.00439010 -0.08191952 0.01079096
v -0.00086476 -0.08217757 0.01118251
v -0.00660299 -0.08234762 0.02151427
v -0.00444950 -0.08236727 0.00977984
v 0.00098491 -0.08212939 0.00285862
v 0.00625537 -0.08191544 0.00381327
v -0.01347483 -0.08261532 0.01957525
v -0.01204994 -0.08257039 0.01109031
v -0.00502056 -0.08236299 0.00568933
v -0.00609762 -0.08238271 0.00272603
v -0.01397460 -0.08271260 0.03519533
v -0.01832832 -0.08285109 0.03272066
v -0.00717316 -0.08235256 0.03804435
v -0.01962679 -0.08277673 0.10013579
v -0.01985385 -0.08286927 0.09362153
v -0.02001440 -0.08291712 0.08570956
v -0.01959608 -0.08295852 0.07552598
v -0.01979644 -0.08296914 0.07231024
v -0.01902079 -0.08265605 0.10459117
v -0.00537583 -0.08165370 0.14907995
v -0.00860804 -0.08178498 0.15209077
v -0.01410459 -0.08210976 0.15188209
v -0.01439004 -0.08212761 0.16256404
v -0.00710276 -0.08172343 0.16323809
v -0.00954781 -0.08178044 0.17242879
v -0.01685166 -0.08201144 0.18062761
v -0.01811896 -0.08194240 0.19111389
v -0.01855043 -0.08226253 0.16282050
v -0.01869867 -0.08231108 0.15305686
v -0.01909741 -0.08245471 0.14315304
v -0.00494952 -0.08155302 0.15574541
v 0.01838563 -0.08042050 0.03118022
v 0.01863002 -0.08067349 0.01653566
v -0.00483899 -0.08156130 0.16634255
v -0.00783647 -0.08167188 0.18339830
v -0.00064869 -0.08134591 0.20540085
v -0.00584531 -0.08158822 0.19096659
v -0.00668861 -0.08145966 0.21581205
v -0.01046180 -0.08163154 0.20666279
v -0.00331181 -0.08132573 0.22263505
v -0.00885263 -0.08149177 0.22252490
v -0.00913957 -0.08170146 0.19267001
v -0.01670036 -0.08172194 0.20431717
v -0.01930660 -0.08148910 0.21758085
v -0.01947664 -0.08168566 0.20882318
v -0.01964991 -0.08141650 0.22353690
v -0.01172994 -0.08150520 0.21671739
v -0.00013334 -0.08117127 0.21598815
v -0.00096020 -0.08115345 0.22489946
v 0.01227616 -0.08020019 0.19029040
v 0.00903630 -0.08027613 0.22299674
v 0.00579862 -0.08059523 0.21661619
v 0.01063377 -0.08020195 0.20970582
v 0.00691479 -0.08057338 0.20551168
v 0.01323461 -0.07999672 0.22173816
v 0.02024769 -0.07967935 0.21337335
v 0.01996068 -0.07971359 0.21863024
v 0.01954783 -0.07972894 0.22400518
v 0.01370252 -0.08004663 0.20472273
v 0.00844457 -0.08045596 0.17152419
v 0.01328697 -0.08015532 0.18179885
v 0.01214477 -0.08021568 0.17127603
v 0.01987978 -0.07978713 0.17320367
v 0.01985388 -0.07983545 0.16405065
v 0.01929989 -0.07984639 0.18073190
v 0.02012996 -0.07975369 0.19502821
v 0.01988616 -0.07972875 0.20750963
v 0.00968554 -0.08031616 0.16866321
v 0.01244953 -0.08014718 0.16388426
v 0.01325756 -0.08012766 0.15159419
v 0.01196205 -0.07996224 0.22587206
v 0.00618048 -0.08038275 0.22587996
v -0.00497166 -0.08129196 0.22504401
v 0.00936064 -0.08032176 0.15161197
v 0.01031325 -0.08017625 0.14117474
v 0.01006562 -0.08010636 0.12635441
v 0.01141397 -0.08001925 0.13152405
v 0.01031193 -0.08012369 0.11928189
v 0.01154745 -0.08007390 0.10678201
v 0.01410362 -0.08021799 0.08268836
v 0.01253670 -0.08025912 0.09471087
v 0.01858369 -0.07999628 0.07502450
v 0.01301650 -0.07994539 0.11504879
v 0.01214236 -0.07995361 0.12481745
v 0.01466101 -0.08011368 0.09478317
v 0.01406049 -0.07994913 0.10594893
v 0.01907410 -0.07998994 0.08312877
v 0.01959578 -0.07989425 0.15793488
v 0.01939858 -0.07986963 0.13667874
v 0.01757802 -0.07998364 0.15133551
v 0.01988235 -0.07987934 0.14467058
v 0.02055612 -0.07977851 0.15151244
v 0.00281376 -0.08076634 0.22564417
v 0.01904725 -0.07966368 0.22640823
v 0.02024299 -0.07956605 0.22622157
v 0.01658034 -0.08007283 0.09433788
v 0.01963223 -0.07998324 0.08803471
v -0.01825484 -0.08266006 0.01770285
v -0.01162361 -0.08238329 0.00233773
v -0.01697736 -0.08255087 0.01022651
v -0.01846054 -0.08206852 0.17669372
v -0.01870414 -0.08195362 0.18565195
v 0.01933298 -0.08009358 0.09596299
v 0.01906990 -0.08001949 0.10770731
v 0.01940200 -0.07994130 0.11630551
v 0.01427673 -0.07995197 0.11996425
v 0.01996336 -0.07997758 0.12420565
v 0.01986719 -0.07992578 0.10761529
v 0.01994154 -0.07991783 0.10562531
v 0.01995143 -0.07986446 0.11971330
v 0.01980185 -0.08001721 0.09660820
v 0.02051195 -0.07967864 0.19927434
v -0.01301692 -0.08143764 0.22398739
v -0.01942880 -0.08281623 0.03049095
v 0.01971194 -0.07981705 0.07780260
v 0.01965003 -0.07986493 0.07065647
v -0.02000963 -0.08260408 0.10575027
v 0.02040599 -0.07972433 0.16843393
v -0.01850713 -0.08225293 0.00200595
v -0.02023927 -0.08244129 0.00871655
v 0.01997955 -0.07975630 0.18780563
v 0.02075353 -0.07961297 0.17402925
v -0.02016818 -0.08264012 0.02385466
v -0.01997864 -0.08258523 0.01696083
v 0.01101545 -0.08156159 0.00345789
v 0.02036127 -0.07970658 0.13647684
v 0.02032498 -0.07974765 0.13301248
v -0.02027171 -0.08272989 0.04617534
v -0.01981674 -0.08283506 0.05281048
v -0.02002608 -0.08287848 0.06099435
v -0.02000499 -0.08255208 0.11886869
v -0.01990088 -0.08247298 0.12785107
v 0.01979611 -0.07984516 0.08640079
v -0.01968049 -0.08249526 0.13686459
v 0.01641953 -0.08109961 0.00324094
v 0.01943168 -0.08010721 0.04714708
v 0.01940980 -0.08015792 0.03698452
v 0.02004722 -0.07989589 0.12732938
v -0.02057885 -0.08215935 0.00301827
v 0.02081145 -0.07956613 0.18510669
v -0.02061063 -0.08124064 0.22341559
v -0.01931635 -0.08174905 0.19900300
v 0.00113551 -0.08201770 0.00246873
v -0.01918236 -0.08219931 0.16345736
v -0.01930455 -0.08201110 0.17321170
v 0.02051547 -0.07971733 0.14468569
v -0.01943851 -0.08222705 0.15326136
v 0.01942568 -0.08017997 0.02585706
v 0.01948913 -0.08000545 0.05783482
v 0.02086314 -0.07955112 0.19561004
v 0.02081708 -0.07947077 0.20732830
v -0.02020862 -0.08284669 0.07751942
v -0.02032876 -0.08275192 0.06631100
v -0.01956487 -0.08235889 0.14414340
v -0.01919973 -0.08187843 0.18072133
v 0.01940341 -0.08070554 0.00490445
v -0.00524226 -0.08219832 0.00210249
v 0.02066628 -0.07957922 0.16466351
v -0.02009831 -0.08274260 0.09763971
v 0.01841940 -0.08079412 0.00348705
v -0.02029265 -0.08282444 0.08868636
v -0.02075236 -0.08182976 0.00127884
v 0.02067772 -0.07947610 0.21809057
v -0.01622550 -0.08206719 0.00133787
v -0.02037763 -0.08270736 0.05721162
v -0.02030230 -0.08261019 0.02983364
v -0.02047212 -0.08263745 0.04177894
v 0.01949145 -0.08032039 0.01507485
v 0.01034777 -0.08139222 0.00288729
v 0.00201644 -0.08175644 0.00226198
v -0.02081430 -0.08222650 0.00756698
v -0.01911976 -0.08181650 0.18574582
v 0.02115463 -0.07939127 0.18721317
v -0.02053801 -0.08231092 0.01616992
v 0.01962127 -0.08036978 0.01022359
v 0.01073887 -0.07984071 0.22611197
v -0.02120787 -0.08192574 0.00421640
v -0.02035899 -0.08129530 0.21398247
v -0.00825109 -0.08201083 0.00163898
v 0.02068198 -0.07926944 0.22635407
v 0.02125104 -0.07911374 0.17974844
v -0.01981069 -0.08149205 0.20202820
v 0.01968449 -0.07997224 0.02715408
v 0.01980410 -0.07988949 0.02102543
v 0.01942138 -0.08010631 0.00353609
v 0.01970846 -0.07988563 0.04345776
v 0.02097093 -0.07913119 0.22118304
v -0.02140399 -0.08066231 0.22237698
v 0.02103737 -0.07930032 0.17035173
v 0.02091715 -0.07933759 0.16118885
v 0.02111358 -0.07911865 0.21283715
v -0.01954831 -0.08187531 0.16829085
v -0.02047590 -0.08240337 0.02398167
v 0.00912195 0.01396863 0.22039435
v -0.00105231 0.00746326 0.21934260
v 0.00861859 0.00678006 0.22011590
v -0.00286049 0.01253856 0.21937573
v 0.00348728 0.01834726 0.22013389
v -0.00419517 0.01974648 0.21958416
v -0.00829073 0.01812249 0.21914210
v -0.00879744 0.02752448 0.21942847
v 0.00102647 0.02561234 0.22015645
v -0.00156881 0.03352043 0.22026056
v -0.01260876 0.03556116 0.21949670
v -0.01487827 0.03289904 0.21920382
v -0.01366610 0.04907962 0.21964443
v -0.01096454 0.03945322 0.21973063
v -0.00594906 0.04882560 0.22027991
v -0.00554838 0.05647513 0.22033653
v -0.01812446 0.05367921 0.21933108
v -0.01672710 0.06230156 0.21937708
v -0.01340822 0.06763127 0.21957564
v 0.00087198 0.07054084 0.22065571
v 0.00341482 0.06158808 0.22095785
v 0.01478129 0.06865801 0.22177008
v 0.00848153 0.05925299 0.22135561
v 0.01461063 0.06402928 0.22181637
v 0.01004096 0.05058008 0.22146520
v 0.01402537 0.04832188 0.22178990
v 0.00955995 0.04551047 0.22137930
v 0.00621762 0.03738457 0.22100425
v -0.01655018 0.03988769 0.21935376
v 0.00877267 0.02533484 0.22072012
v 0.01318494 0.03466109 0.22135681
v 0.01231091 0.01863067 0.22082331
v 0.01362773 0.03847285 0.22148951
v -0.01805903 0.05045833 0.21937085
v 0.01287169 0.02259620 0.22091853
v 0.01323972 0.02766933 0.22105698
v -0.01644616 0.03550269 0.21931673
v -0.00721964 0.01145233 0.21886333
v 0.01422914 0.01118131 0.22045837
v 0.01357082 0.01696776 0.22077352
v 0.01385477 0.00342446 0.22030421
v -0.01640710 0.02685628 0.21858596
v -0.01610829 0.01845408 0.21823795
v -0.00347479 0.06977106 0.22033594
v 0.01420693 -0.00417234 0.22031170
v 0.00857167 -0.00097236 0.21998646
v 0.00915652 -0.00909552 0.21982586
v 0.01423693 -0.00943396 0.22017822
v 0.01087606 -0.01382499 0.21964982
v 0.00794760 -0.01901571 0.21922348
v 0.00142856 -0.01872833 0.21880053
v 0.00691219 -0.02706186 0.21896539
v 0.01264210 -0.02400831 0.21932141
v 0.01288894 -0.01810144 0.21944784
v 0.01036682 -0.03771232 0.21889190
v 0.00636174 -0.03801353 0.21862644
v 0.00945556 -0.04760932 0.21838541
v -0.00206987 -0.03755941 0.21797900
v -0.00863718 -0.03753864 0.21737676
v -0.00387630 -0.02820414 0.21807377
v -0.00674884 -0.01853879 0.21803009
v -0.00264877 -0.01855399 0.21846546
v -0.01148337 -0.03496574 0.21713237
v -0.01642217 -0.03874500 0.21649275
v -0.01525768 -0.03246063 0.21673505
v -0.01215870 -0.01883947 0.21728044
v -0.01654474 -0.04722293 0.21615055
v -0.00901252 -0.04777009 0.21689171
v -0.00020200 -0.04524112 0.21776328
v 0.00951099 -0.05195881 0.21818963
v 0.01386527 -0.05272466 0.21843685
v 0.01690529 -0.04417131 0.21893844
v 0.01419138 -0.03830984 0.21903633
v 0.01740416 -0.03924538 0.21914752
v -0.00514619 -0.05156234 0.21706682
v -0.00572927 -0.05519219 0.21680206
v 0.00681015 -0.05502115 0.21779830
v 0.00531404 -0.06301369 0.21725703
v 0.01194145 -0.06565254 0.21763224
v 0.01814486 -0.05535534 0.21868351
v 0.01612055 -0.06507267 0.21803252
v 0.00797578 -0.07189778 0.21696612
v 0.01500249 -0.07362930 0.21748791
v 0.00692899 -0.07583713 0.21669803
v -0.00164507 -0.07132285 0.21629398
v -0.00057275 -0.07666024 0.21616617
v -0.00330446 -0.07737055 0.21594827
v -0.00964311 -0.07762017 0.21554430
v -0.00807979 -0.06588326 0.21609331
v -0.01323810 -0.06907291 0.21569748
v -0.01318515 -0.07776515 0.21537190
v -0.01605907 -0.07770511 0.21527484
v -0.01700974 -0.07188580 0.21547218
v -0.00038214 -0.00140835 0.21917651
v -0.00565507 0.00168586 0.21874651
v -0.00752396 -0.00916926 0.21837411
v -0.00084983 -0.00974798 0.21896850
v 0.00505200 -0.00870921 0.21948399
v 0.01761630 -0.05290112 0.21874656
v 0.01719423 -0.06764468 0.21804442
v -0.01211383 -0.05401833 0.21629573
v -0.01717266 -0.04800270 0.21608864
v -0.01726239 -0.05285419 0.21581523
v -0.01734355 -0.06144997 0.21562395
v 0.01779299 -0.04364594 0.21910171
v 0.01567100 -0.07583092 0.21737469
v 0.00786638 -0.07650467 0.21679263
v -0.01759004 -0.07411959 0.21528566
v -0.01764723 -0.07718700 0.21519478
v -0.01706056 -0.03866031 0.21650004
v -0.01581598 0.02793251 0.21875211
v -0.01661412 0.03311899 0.21913089
v 0.01448364 -0.02920735 0.21922061
v -0.01214259 -0.01303981 0.21760928
v -0.01651054 -0.00969198 0.21728477
v -0.01031330 -0.00224020 0.21813286
v -0.01526342 -0.00280581 0.21752676
v -0.00820315 0.00555147 0.21852639
v -0.01502650 0.00409520 0.21751657
v -0.01279215 0.01045609 0.21800678
v -0.01724067 0.06749217 0.21919169
v -0.01825491 0.06194675 0.21920370
v -0.01652469 -0.01263945 0.21707187
v -0.01461700 -0.01754037 0.21694331
v 0.01706372 -0.02608102 0.21931856
v -0.01661666 0.02265728 0.21835845
v -0.01681444 0.01526250 0.21798887
v -0.01663059 0.01209026 0.21744489
v -0.01788762 0.04338548 0.21935341
v 0.01537705 0.04622217 0.22172798
v 0.00690920 0.07076615 0.22108570
v 0.01050770 0.07137280 0.22136995
v 0.01534252 0.07184612 0.22163595
v -0.01618534 -0.02930524 0.21660762
v -0.01583345 -0.01656792 0.21673692
v -0.01674300 -0.02400755 0.21660227
v 0.01661374 -0.01747068 0.21944335
v 0.01559451 -0.00371462 0.22031341
v 0.01565584 0.00361885 0.22026330
v -0.01007431 0.06871643 0.21980742
v 0.01720920 0.05443955 0.22175843
v 0.01692827 0.04330329 0.22173506
v 0.01761901 0.06572334 0.22178273
v 0.01687049 0.06888543 0.22171103
v 0.01597752 0.04204523 0.22161319
v 0.01507804 0.04029182 0.22149550
v -0.01660179 -0.01507494 0.21679075
v -0.01627396 0.00381472 0.21728252
v -0.01680894 0.00411394 0.21725475
v -0.01677932 -0.00450533 0.21739940
v -0.01695958 -0.01330175 0.21717376
v -0.01652091 0.01483705 0.21780500
v 0.01645537 0.02951567 0.22102300
v 0.00054900 -0.07694418 0.21631096
v 0.01658089 -0.01122974 0.21994174
v -0.01853051 0.05134315 0.21938466
v 0.01664400 0.02195407 0.22054110
v 0.01758080 0.02235027 0.22070546
v 0.01788798 0.02955990 0.22118311
v 0.01759423 0.03493722 0.22120737
v 0.01601565 0.03805923 0.22129534
v 0.01658719 0.01568911 0.22045050
v 0.01737927 0.01556466 0.22058738
v 0.01706417 0.01503313 0.22036152
v 0.01693140 0.03862958 0.22123571
v 0.01703826 -0.02013463 0.21938299
v 0.01682705 -0.07301125 0.21775990
v 0.01662444 -0.00419436 0.22020830
v -0.01711731 0.03688622 0.21948971
v -0.01676701 0.02712695 0.21880462
v -0.01748508 0.04061269 0.21942714
v -0.01759329 -0.07287724 0.21552723
v 0.01679082 0.00267444 0.22009737
v 0.01690399 0.00827050 0.22019684
v 0.01841522 -0.04625474 0.21919961
v 0.01835350 0.03808579 0.22162446
v -0.01359826 0.06826625 0.21942230
v 0.01735267 -0.03045406 0.21931745
v 0.01658969 -0.07619787 0.21766231
v 0.00622628 0.07142590 0.22086258
v 0.01840176 -0.05385357 0.21898852
v 0.01477058 0.03914545 0.22126431
v 0.00741813 -0.07677642 0.21682245
v -0.01787039 0.04091337 0.21947637
v 0.01794253 -0.06596328 0.21836210
v 0.01643286 0.07134733 0.22151612
v 0.01586534 0.03871144 0.22110739
v 0.01793042 0.03912003 0.22126462
v 0.01827552 0.04022287 0.22120700
v 0.01710937 -0.01539830 0.21979351
v 0.01690073 -0.00827255 0.22028860
v -0.01868646 0.06241115 0.21928881
v 0.00007203 0.07084692 0.22045674
v -0.00474167 0.06998101 0.22006734
v -0.01772862 0.06736943 0.21895315
v -0.01901592 0.06532285 0.21896914
v 0.01820985 0.02812929 0.22151389
v 0.01798775 0.02341669 0.22097492
v -0.01863771 0.06726737 0.21853347
v -0.01910049 0.06746071 0.21862154
v 0.01785649 0.01733951 0.22101552
v 0.01727360 0.00382996 0.22058002
v 0.01774704 -0.07088652 0.21848753
v -0.01773798 -0.07806614 0.21588737
v -0.01690425 0.03164996 0.21934202
v -0.00922902 0.06916466 0.21962273
v -0.01692983 0.02721491 0.21894188
v 0.01663398 0.07189669 0.22096116
v -0.00727507 -0.00881463 0.01670015
v 0.00241933 -0.00943983 0.01724328
v -0.00198897 -0.01009411 0.01691165
v 0.00326505 -0.01468017 0.01681563
v -0.00213926 -0.01603168 0.01622926
v -0.00547052 -0.01225649 0.01657145
v -0.01297669 -0.01603484 0.01595678
v -0.01161433 -0.01755773 0.01591601
v -0.01669665 -0.01004685 0.01600011
v 0.00237508 -0.00497296 0.01735425
v -0.00535289 -0.00008815 0.01692754
v 0.00242994 0.00014647 0.01743900
v -0.00388330 0.00418678 0.01710708
v -0.01349643 -0.00531868 0.01627835
v -0.01691071 -0.00278734 0.01605480
v -0.01603026 0.00299265 0.01608489
v -0.01249678 0.00523587 0.01641990
v -0.01595287 0.00972761 0.01637511
v -0.01211001 0.00944148 0.01666254
v -0.00289520 0.00815885 0.01738164
v 0.00575319 0.00529173 0.01785021
v 0.00787073 0.00363143 0.01797534
v 0.01301158 -0.00604343 0.01831730
v 0.01292283 -0.00996720 0.01818756
v 0.01010088 -0.01301258 0.01765272
v 0.01345751 -0.01304383 0.01798696
v 0.00452888 0.00821067 0.01795419
v 0.01465570 0.00339235 0.01870443
v -0.01695167 0.00505739 0.01614424
v 0.01509075 0.00905138 0.01903298
v 0.01438494 -0.01228852 0.01811696
v -0.01647201 -0.01792342 0.01545612
v 0.01038144 0.01629384 0.01918621
v 0.01027971 0.02415912 0.01993220
v 0.01426253 0.01927738 0.01987063
v 0.01503340 0.01721831 0.01974250
v 0.01500563 0.01117383 0.01920778
v 0.01383203 0.02841426 0.02055476
v 0.00933320 0.03136519 0.02041151
v 0.01324794 0.03724958 0.02103042
v 0.00901262 0.03705510 0.02068800
v 0.00289281 0.03144626 0.02007595
v 0.00256912 0.03698148 0.02036150
v -0.00207674 0.03139571 0.01970662
v -0.00145582 0.02642501 0.01927863
v -0.00211797 0.01421225 0.01798786
v -0.00766106 0.01559848 0.01767226
v -0.00508783 0.01947450 0.01829176
v -0.01477020 0.01636706 0.01725642
v -0.00183842 0.02277358 0.01883803
v 0.01530177 0.03240435 0.02097508
v 0.01566545 0.02588517 0.02064123
v 0.01524995 0.03810109 0.02132367
v -0.01132608 0.03114677 0.01914573
v -0.01047145 0.03736352 0.01958222
v -0.01594512 0.03426421 0.01899959
v -0.01088555 0.02585229 0.01871125
v -0.01071739 0.02258406 0.01831474
v -0.01731789 0.01863676 0.01734250
v -0.01618586 0.02559374 0.01823583
v -0.01643966 0.02376933 0.01797602
v -0.01718657 0.03482481 0.01898465
v -0.01737684 0.02390271 0.01795588
v -0.00744554 0.04068765 0.02002865
v -0.01671495 0.04525295 0.01979817
v 0.00634146 0.04360228 0.02116961
v 0.00981087 0.04356889 0.02144346
v -0.00851726 0.04653245 0.02033261
v -0.01681632 0.04709394 0.01989360
v 0.00125870 0.04717702 0.02098718
v 0.00861235 0.04713990 0.02153987
v 0.01430338 0.04323663 0.02188380
v 0.01463653 0.04563526 0.02208228
v 0.01537662 0.04266137 0.02187342
v -0.01715253 0.03869115 0.01921239
v 0.01510613 0.03989333 0.02158160
v -0.01681065 0.01194772 0.01652912
v -0.01659409 0.01736089 0.01722259
v 0.01109591 0.06046756 0.02191779
v -0.00882770 0.05772579 0.02042901
v -0.00068731 0.06190485 0.02105385
v 0.00960739 0.06899953 0.02194000
v 0.01364959 0.06777843 0.02223309
v 0.00049280 0.07020586 0.02120355
v -0.00978703 0.07012538 0.02047527
v -0.01279028 0.06236357 0.02019869
v -0.01518081 0.05217681 0.02003666
v -0.00656831 0.07084400 0.02077035
v 0.00038210 0.07111997 0.02126190
v 0.01271857 0.06991758 0.02210573
v 0.01464389 0.05725627 0.02216210
v 0.01488367 0.06444449 0.02232192
v -0.01616860 0.06791868 0.02015409
v -0.01671697 0.05268207 0.02001377
v -0.01718599 0.05976524 0.01999439
v 0.00994641 0.07103867 0.02203790
v 0.01373361 0.07042902 0.02221472
v 0.01467742 -0.00619882 0.01832210
v 0.01432974 -0.00213308 0.01846691
v 0.01511431 0.02523331 0.02048662
v 0.01563441 0.01792634 0.01991931
v 0.01578093 0.00867252 0.01900743
v 0.01621359 0.01183285 0.01919257
v 0.00684528 -0.02040030 0.01624151
v -0.00075725 -0.02399213 0.01511477
v -0.00146764 -0.01903137 0.01577198
v -0.00519070 -0.02249190 0.01515385
v 0.00562773 -0.02484627 0.01544610
v 0.01218817 -0.02214162 0.01630372
v 0.01197045 -0.01878131 0.01683459
v -0.01735940 0.06585664 0.02012498
v -0.01864542 0.06654134 0.01994172
v -0.01722106 -0.02007791 0.01504323
v -0.01289815 -0.02085665 0.01525592
v -0.00963861 -0.01939661 0.01567125
v 0.01555801 -0.00243332 0.01832229
v -0.01531247 0.06902707 0.02015577
v -0.01287032 0.07007800 0.02035112
v 0.01439249 -0.01780512 0.01701155
v 0.00717244 -0.02996796 0.01463319
v 0.01181964 -0.02592631 0.01560155
v 0.01267770 -0.03038905 0.01491093
v 0.01421573 -0.02612443 0.01559977
v 0.01501623 -0.02533826 0.01576715
v 0.01242938 -0.03443913 0.01414260
v 0.00644745 -0.03740671 0.01332800
v 0.01149834 -0.03964864 0.01336576
v 0.00263217 -0.03971556 0.01264594
v 0.00207550 -0.02907527 0.01436638
v 0.00994938 -0.04484409 0.01256151
v 0.00168764 -0.04382122 0.01205697
v -0.00765823 -0.04378605 0.01144518
v 0.01472902 -0.04373463 0.01313977
v 0.01484525 -0.03752479 0.01364736
v 0.00562529 -0.04860347 0.01188343
v -0.00483134 -0.04790582 0.01116284
v 0.01288346 -0.04812242 0.01240972
v 0.01466196 -0.04691833 0.01268190
v -0.00463399 -0.05385783 0.01077589
v -0.00991429 -0.05202657 0.01044338
v 0.00531442 -0.05913229 0.01124563
v 0.01010274 -0.05889938 0.01155168
v 0.01460878 -0.05832391 0.01190206
v -0.01511158 -0.04704548 0.01043716
v -0.01704170 -0.04396820 0.01064347
v -0.01773290 -0.04708782 0.01021118
v -0.01721849 -0.05467110 0.00978240
v -0.01122905 -0.05725204 0.01010734
v 0.00098963 -0.07026736 0.01062084
v 0.00878522 -0.07088766 0.01103924
v -0.00407182 -0.05907423 0.01059379
v -0.00734611 -0.06919637 0.01013161
v -0.00486078 -0.07461458 0.01018096
v 0.00079949 -0.07445269 0.01053275
v -0.01421215 -0.07713799 0.00966303
v -0.01416356 -0.06190798 0.00980841
v -0.01805236 -0.06505314 0.00944705
v -0.01819809 -0.06938338 0.00941342
v -0.00081283 -0.07780130 0.01018921
v 0.00325096 -0.07710261 0.01052862
v -0.00561928 -0.07777264 0.00998617
v -0.01800224 -0.06095673 0.00963099
v 0.01522677 -0.04460670 0.01302804
v 0.01463291 -0.05377981 0.01226840
v 0.01161735 -0.07638559 0.01098751
v 0.01185470 -0.06616903 0.01147661
v 0.01499895 -0.05275685 0.01233812
v -0.01820646 -0.04526164 0.01043661
v 0.01451806 -0.06808870 0.01172920
v 0.01477994 -0.07437902 0.01146303
v 0.01417871 -0.07633308 0.01123292
v -0.00539093 -0.03428597 0.01305195
v -0.00176053 -0.02892105 0.01416144
v -0.01199701 -0.03819596 0.01206759
v -0.01183406 -0.03393058 0.01264603
v -0.01136922 -0.02894100 0.01336073
v -0.01648891 -0.03330612 0.01234404
v -0.01744752 -0.02780868 0.01304061
v -0.01648524 -0.03894935 0.01161021
v -0.01757086 -0.04131698 0.01117916
v -0.01817738 -0.07518137 0.00926698
v -0.01509573 -0.07827618 0.00948613
v -0.00659909 -0.07825644 0.00993823
v -0.01837634 -0.05767144 0.00969629
v -0.00707737 -0.02585927 0.01435471
v -0.01795588 -0.02694318 0.01316504
v -0.01125945 -0.02388590 0.01450907
v -0.01741990 -0.02374069 0.01401465
v -0.01842823 -0.05446485 0.00981151
v -0.01764679 -0.07792801 0.00908435
v -0.01885679 -0.07637138 0.00906775
v 0.01414729 -0.03510003 0.01404329
v 0.01459928 -0.03096442 0.01477334
v 0.01508032 -0.02101741 0.01644620
v -0.01642443 -0.02214021 0.01465902
v -0.01764901 0.06775569 0.02029014
v -0.01785789 0.02503389 0.01795293
v -0.01730578 -0.01025413 0.01585057
v 0.01181079 -0.07721517 0.01079844
v -0.01784871 0.01518844 0.01656121
v -0.01750072 -0.00485884 0.01589562
v -0.01731405 0.01232371 0.01661672
v -0.01763861 -0.03578709 0.01211338
v -0.01762222 -0.03234988 0.01255217
v -0.01812462 -0.04057881 0.01142402
v -0.01849600 -0.04577611 0.01007235
v -0.01773645 0.04122485 0.01920974
v -0.01775231 -0.01904115 0.01498657
v -0.01773939 0.00534367 0.01590728
v -0.01900256 -0.06986607 0.00917080
v -0.01863420 0.06756258 0.02023109
v 0.01560293 -0.03624443 0.01348861
v -0.01736702 0.06821862 0.02034182
v -0.01831669 -0.03891266 0.01156151
v -0.01836522 -0.04120321 0.01097058
v 0.01539187 -0.03522545 0.01386007
v 0.01527567 -0.03140247 0.01445174
v 0.01581921 0.03117191 0.02084825
v 0.01592424 0.01736732 0.01962272
v -0.01763876 0.01156157 0.01626052
v 0.01518851 -0.02597651 0.01547828
v -0.01813229 -0.03524849 0.01226357
v -0.01818770 -0.02773785 0.01274646
v 0.01598814 0.04031682 0.02112270
v -0.01885413 -0.06461641 0.00918507
v 0.01533464 -0.01306598 0.01780671
v 0.01586784 0.02512395 0.02033625
v 0.01503411 -0.06845440 0.01161988
v 0.01508488 0.06783342 0.02274829
v 0.01542689 0.06501540 0.02242572
v 0.01554255 0.06780797 0.02270682
v 0.01474746 0.06876487 0.02274746
v 0.01535108 0.05107512 0.02198283
v 0.00464947 -0.07785972 0.01025781
v 0.01518552 -0.05993221 0.01166669
v -0.01840368 -0.03554840 0.01184255
v 0.01516295 -0.01728039 0.01690140
v 0.00333154 -0.07820024 0.01008765
v -0.01754068 0.04439652 0.01939172
v -0.01790092 0.03497031 0.01867462
v 0.01528958 -0.05368264 0.01195471
v 0.01570089 -0.01393034 0.01752111
v 0.01264909 0.07095369 0.02233107
v 0.01518429 -0.04800049 0.01248858
v 0.01556452 -0.04412907 0.01274311
v 0.01537000 -0.00634985 0.01805651
v -0.01873937 -0.05797174 0.00933282
v 0.01550542 -0.02373320 0.01587723
v 0.01574738 0.04133064 0.02157264
v 0.01538329 0.05957768 0.02190842
v -0.01787393 -0.02292653 0.01399374
v -0.00594712 -0.07839464 0.00960197
v 0.01606029 -0.00103912 0.01822605
v 0.01099456 -0.07765426 0.01051187
v -0.01796768 -0.02462968 0.01345633
v -0.01754506 0.05177578 0.01949844
v -0.01904136 -0.07803669 0.00832166
v 0.01482643 0.07025544 0.02285078
v -0.01804067 0.02398957 0.01758485
v -0.01790248 0.01915874 0.01700878
v 0.01484758 -0.07693013 0.01078328
v 0.01553223 0.06445047 0.02199998
v 0.01497321 -0.07481889 0.01111348
v 0.01568760 -0.01973857 0.01629036
v 0.01585505 -0.01591898 0.01670691
v 0.01642815 0.01508875 0.01923898
v -0.01805932 -0.07834610 0.00858359
v -0.01925650 0.06765614 0.01977013
v -0.01838932 0.06346357 0.01948624
v 0.01584571 -0.02461691 0.01534117
v -0.01766611 0.06079667 0.01977102
v -0.01803921 0.05427408 0.01909721
v -0.01825909 0.06051012 0.01923635
v 0.01645553 0.00964786 0.01865684
v -0.01614473 0.06888721 0.02036668
v -0.01789051 -0.01981471 0.01450348
v 0.01615237 -0.00367585 0.01766293
v -0.01452349 0.06966286 0.02048674
v 0.01648009 0.01971209 0.01926269
v -0.01777658 -0.00986286 0.01540679
v 0.01561394 -0.03145353 0.01419293
v 0.00015750 0.07139697 0.13560363
v 0.00337809 0.07157559 0.13541854
v 0.00145729 0.07148165 0.11905094
v -0.00110963 0.07129438 0.14552767
v 0.00222372 0.07148034 0.15550224
v -0.00366242 0.07103919 0.14163121
v -0.00306657 0.07104571 0.13226573
v -0.00188853 0.07115096 0.12092227
v -0.00298218 0.07116671 0.11205392
v -0.00907069 0.07039618 0.11557407
v -0.00947106 0.07048376 0.10331718
v -0.00261805 0.07123400 0.10473094
v -0.00747155 0.07086071 0.09315757
v -0.00445549 0.07121536 0.09387823
v -0.00713914 0.07056266 0.12651887
v -0.00814036 0.07048501 0.14084921
v -0.00777384 0.07050857 0.14974198
v -0.00162530 0.07117704 0.15739748
v -0.00736619 0.07050338 0.16025820
v -0.00350949 0.07106155 0.17808026
v -0.00716153 0.07061980 0.17811555
v 0.00006376 0.07133165 0.17595699
v -0.00093527 0.07122013 0.18169984
v -0.00683995 0.07058390 0.18447158
v -0.00567896 0.07065832 0.18984085
v -0.00076961 0.07114220 0.18872100
v 0.00096522 0.07113693 0.19872189
v -0.00037791 0.07157868 0.09417988
v -0.00267764 0.07143394 0.07484009
v 0.00224192 0.07161327 0.10705526
v -0.00523151 0.07117415 0.07389688
v -0.00584038 0.07123429 0.06746255
v -0.00225790 0.07152536 0.06705584
v -0.00472670 0.07136660 0.06246622
v 0.00341297 0.07177903 0.09447161
v 0.00324430 0.07174203 0.08878908
v 0.00053459 0.07158805 0.07563358
v -0.00325839 0.07064366 0.20020812
v 0.00252064 0.07112785 0.21131226
v 0.00461822 0.07147477 0.19269348
v 0.00704754 0.07150764 0.20350134
v 0.00381401 0.07141179 0.18304970
v 0.00830737 0.07164613 0.18893574
v 0.01136703 0.07166951 0.20116977
v 0.00337842 0.07148180 0.16404590
v 0.00542684 0.07154826 0.15299059
v 0.00628928 0.07143197 0.21011843
v 0.00260486 0.07109302 0.21679297
v 0.01080208 0.07184216 0.22076900
v 0.01446030 0.07205891 0.22077568
v 0.01157814 0.07178905 0.21010940
v 0.00393197 0.07129211 0.22024380
v 0.00480815 0.07160054 0.11705461
v 0.00586980 0.07164600 0.10557836
v 0.00007203 0.07084692 0.22045674
v -0.00132273 0.07149832 0.05460942
v -0.00449239 0.07135224 0.05099700
v -0.00045316 0.07140617 0.04326558
v -0.00727852 0.07107071 0.05058822
v -0.00617931 0.07120969 0.03752716
v -0.00831997 0.07104594 0.03818988
v -0.00603083 0.07105636 0.02617930
v -0.00967046 0.07074238 0.02519349
v -0.00347624 0.07133799 0.03711470
v -0.00222262 0.07125549 0.02802344
v 0.00169265 0.07163513 0.06870467
v 0.00131033 0.07156870 0.05924162
v 0.00164393 0.07139545 0.03887499
v 0.00261144 0.07129452 0.02795662
v 0.00042362 0.07117298 0.02163401
v -0.00656831 0.07084400 0.02077035
v -0.00927391 0.07066092 0.02076816
v 0.00865912 0.07155869 0.18203966
v 0.00845620 0.07147392 0.17692952
v 0.00694331 0.07146995 0.16683486
v 0.01489920 0.07196720 0.21479165
v 0.01573958 0.07209820 0.21987348
v 0.00431368 0.07170796 0.08127983
v -0.01053475 0.07079082 0.03869447
v -0.01181541 0.07044326 0.05618561
v -0.01207091 0.07040037 0.06543078
v -0.01069730 0.07044135 0.07594550
v -0.01015866 0.07049519 0.09300005
v 0.01573017 0.07177022 0.20281462
v 0.01533983 0.07172984 0.19475271
v 0.01614233 0.07180711 0.19720075
v 0.00490732 0.07162045 0.07653234
v -0.00134769 0.07064868 0.21128019
v -0.00270236 0.07033629 0.21780786
v 0.01534271 0.07163841 0.18704663
v 0.01557801 0.07154443 0.18283511
v 0.01560316 0.07152974 0.17949983
v 0.01606247 0.07169491 0.18754551
v 0.01636266 0.07177092 0.18405284
v 0.01626441 0.07175851 0.20801514
v 0.00415071 0.07151105 0.05423082
v 0.00608496 0.07129374 0.03588069
v 0.00811682 0.07114793 0.02488835
v 0.00552061 0.07148236 0.06310259
v 0.00541127 0.07156878 0.07016819
v 0.00994641 0.07103867 0.02203790
v 0.00774324 0.07124080 0.04199550
v 0.00738541 0.07130734 0.05441352
v 0.01505195 0.07146001 0.17739857
v 0.01459536 0.07139206 0.17107776
v 0.01135641 0.07133504 0.16642557
v 0.01468947 0.07126476 0.16428575
v 0.00962357 0.07137997 0.16345787
v 0.01437935 0.07110871 0.15993868
v 0.01543111 0.07107911 0.15669313
v 0.01351099 0.07106424 0.15605606
v 0.00665575 0.07152172 0.13953890
v 0.00485695 0.07155130 0.13249788
v 0.01638082 0.07186424 0.21232885
v 0.01678815 0.07195962 0.21715368
v 0.01525758 0.07080959 0.15208098
v 0.01657211 0.07186535 0.20366506
v 0.00675112 0.07162367 0.09500767
v 0.00692018 0.07153360 0.08613282
v 0.01339401 0.07085044 0.02308605
v 0.00955347 0.07130423 0.15046218
v 0.01052680 0.07123486 0.13910964
v 0.00738222 0.07140862 0.13320017
v 0.00816650 0.07133316 0.12282058
v -0.00720587 0.07017934 0.19790781
v -0.00891022 0.07009607 0.19347232
v -0.00461530 0.07038477 0.20271818
v -0.01497067 0.06959186 0.11104576
v -0.01799769 0.06915751 0.10880367
v -0.01481177 0.06966937 0.10201976
v -0.01448327 0.06982372 0.09002600
v -0.01859326 0.06906690 0.09710241
v -0.01785253 0.06922277 0.09052862
v -0.01649450 0.06948430 0.08608508
v -0.01471416 0.06978740 0.07442153
v -0.00990706 0.07015001 0.12753153
v -0.01045131 0.07013424 0.12071485
v -0.01432058 0.06955087 0.11770056
v -0.01780034 0.06914162 0.11587889
v -0.01793361 0.06919242 0.10032611
v -0.01814507 0.06928385 0.10577421
v -0.01741280 0.06930620 0.10739949
v -0.01519216 0.06911602 0.12473395
v -0.01506319 0.06902273 0.12790407
v -0.01799637 0.06876866 0.12452015
v -0.01741913 0.06864166 0.12835092
v -0.01842639 0.06859028 0.12840685
v -0.01764550 0.06863239 0.13120353
v -0.01610365 0.06874928 0.13780393
v -0.01824588 0.06847376 0.13679687
v -0.01863953 0.06847817 0.14187093
v -0.01778899 0.06849028 0.14307654
v -0.01697199 0.06850765 0.14698135
v -0.01816173 0.06849012 0.14806423
v 0.01681288 0.07201558 0.20047686
v -0.01227499 0.07043133 0.04896255
v -0.01075078 0.07003880 0.15211364
v -0.01277269 0.06964430 0.16075648
v -0.00987140 0.07012918 0.16581960
v -0.01055990 0.07005055 0.17995073
v -0.01109164 0.06998981 0.13949535
v -0.01389684 0.06935941 0.15035111
v -0.01308894 0.06952888 0.13828194
v -0.01820304 0.06906269 0.11155362
v -0.01287032 0.07007800 0.02035112
v -0.01230335 0.07042666 0.03724982
v -0.01548680 0.06878854 0.14368105
v -0.01717904 0.06845110 0.15013228
v -0.01498289 0.06898206 0.13678571
v 0.01664176 0.07201768 0.19158521
v -0.01056357 0.06929413 0.20690934
v -0.01488976 0.06826540 0.21461527
v -0.01322292 0.06926321 0.19561656
v -0.01579470 0.06854784 0.20496979
v -0.01613401 0.06882576 0.19498142
v -0.01303268 0.06848874 0.21901786
v -0.01416863 0.06917642 0.18860843
v -0.00922902 0.06916466 0.21962273
v -0.00474167 0.06998101 0.22006734
v -0.01710592 0.06796749 0.21483927
v -0.01734939 0.06789414 0.21848302
v -0.01598235 0.06823557 0.21044627
v -0.01696652 0.06868573 0.19204063
v -0.01561960 0.06912172 0.15552221
v -0.01579961 0.06913875 0.16047748
v -0.01552147 0.06903835 0.16336564
v -0.01526465 0.06977627 0.06581477
v 0.00622628 0.07142590 0.22086258
v -0.01755180 0.06851204 0.18867607
v -0.01776808 0.06853355 0.19116434
v -0.01746207 0.06859738 0.19399742
v -0.01676519 0.06866549 0.18625974
v -0.01570725 0.06887160 0.18094892
v -0.01251062 0.06960688 0.17560497
v -0.01231102 0.06962097 0.17089832
v -0.01713187 0.06854056 0.17327072
v -0.01705015 0.06854516 0.17025576
v -0.01756749 0.06864318 0.18503594
v -0.01725364 0.06856269 0.18012401
v -0.01302101 0.06953627 0.16414870
v -0.01704544 0.06844749 0.17796836
v -0.01860394 0.06906427 0.08653561
v -0.01884549 0.06920500 0.09069671
v 0.01585301 0.07091418 0.15196321
v 0.01547611 0.07090956 0.14981961
v 0.01447662 0.07087342 0.15006885
v 0.01504523 0.07075863 0.14365904
v 0.01444913 0.07079086 0.14125130
v 0.01476321 0.07072847 0.13649103
v 0.01541671 0.07095664 0.13972005
v 0.01518073 0.07137776 0.16464386
v -0.01685012 0.06839381 0.19752286
v -0.01768815 0.06834212 0.19826655
v -0.01721833 0.06811676 0.20126097
v -0.01473539 0.06977638 0.05783033
v -0.01372142 0.07010610 0.05135091
v -0.01776569 0.06782942 0.20875769
v 0.01562329 0.07163836 0.16972919
v 0.01565371 0.07092132 0.14625944
v 0.01736476 0.07209434 0.21632926
v 0.00038210 0.07111997 0.02126190
v 0.01264909 0.07095369 0.02233107
v 0.01178014 0.07085326 0.02930199
v 0.00828739 0.07137819 0.11564270
v 0.00997057 0.07133301 0.10810911
v -0.01830951 0.06881381 0.08291855
v -0.01905795 0.06901167 0.08630284
v -0.01495963 0.06978660 0.04433048
v -0.01445303 0.06986721 0.03524557
v -0.01560360 0.06954553 0.05242930
v -0.01896697 0.06876938 0.08106950
v -0.01879273 0.06865287 0.07882419
v -0.01681586 0.06875206 0.15382314
v -0.01787371 0.06862389 0.15564124
v -0.01708849 0.06865220 0.15588378
v -0.01778986 0.06901646 0.07225348
v -0.01795485 0.06900742 0.07647157
v -0.01749983 0.06915385 0.08227222
v 0.01321678 0.07081117 0.02563473
v 0.01033303 0.07130169 0.09982875
v 0.01081454 0.07111209 0.08018993
v 0.00884982 0.07116656 0.06915737
v 0.01320969 0.07091832 0.08893323
v 0.00891587 0.07107847 0.06235801
v 0.01394307 0.07079800 0.06861602
v 0.01190416 0.07077795 0.06003018
v 0.01379388 0.07073099 0.06027479
v 0.01376070 0.07087216 0.07232978
v 0.01468181 0.07089741 0.07139966
v 0.01428910 0.07090312 0.07760355
v 0.01464113 0.07082239 0.08340894
v 0.01426964 0.07045298 0.05297044
v 0.01425207 0.07081603 0.06178464
v 0.01509588 0.07106501 0.07783706
v 0.01529746 0.07124061 0.07624339
v 0.01037716 0.07111460 0.13368833
v 0.01418089 0.07063180 0.13186118
v 0.01435566 0.07048103 0.12877206
v 0.01518583 0.07072033 0.13121405
v 0.00932337 0.07117498 0.12774947
v 0.01663398 0.07189669 0.22096116
v 0.01123773 0.07086981 0.03931766
v 0.01144552 0.07086276 0.04127403
v 0.01063729 0.07089821 0.04796264
v 0.01373009 0.07047902 0.05088846
v 0.01491279 0.07040393 0.04574694
v 0.01417678 0.07027111 0.04552385
v 0.01451366 0.07071816 0.06811490
v 0.01478271 0.07080027 0.06497137
v 0.01364283 0.07039481 0.12280264
v 0.01209355 0.07070711 0.11847352
v 0.01363655 0.07066993 0.11087907
v 0.01247587 0.07093375 0.10278134
v 0.01411199 0.07046271 0.11874367
v 0.01478748 0.07047852 0.11466495
v 0.01537850 0.07052907 0.11645106
v 0.01554611 0.07050598 0.11926294
v 0.01563811 0.07051641 0.11563195
v 0.01547861 0.07057891 0.11463935
v 0.01563919 0.07068326 0.11042438
v -0.01832766 0.06897672 0.12089700
v 0.01369456 0.07085773 0.09710019
v -0.01680586 0.06866364 0.16360633
v 0.01565515 0.07095540 0.13410135
v 0.01512195 0.07046861 0.10955897
v 0.01431400 0.07054461 0.10887026
v 0.01510766 0.07069422 0.10829076
v 0.01451742 0.07048699 0.10564893
v 0.01373055 0.07057704 0.10472287
v 0.01469489 0.07074241 0.10310185
v 0.01407100 0.07061593 0.10077499
v 0.01451713 0.07089441 0.09604890
v 0.01422703 0.07073206 0.08731415
v 0.01509516 0.07083772 0.08377164
v 0.01462943 0.07085503 0.09158154
v 0.01727739 0.07188341 0.21857409
v 0.01534252 0.07184612 0.22163595
v -0.01847967 0.06951584 0.10827843
v -0.01873045 0.06877641 0.13095162
v -0.01803256 0.06851544 0.13430406
v -0.01755668 0.06910177 0.06724096
v 0.01540487 0.07079234 0.12854323
v -0.01872531 0.06923585 0.09925040
v 0.01497564 0.07111588 0.06848884
v -0.01756075 0.06855363 0.16144483
v 0.01781162 0.07226469 0.21700598
v 0.01781179 0.07202692 0.21858051
v -0.01738665 0.06901321 0.04662950
v 0.01498140 0.07111640 0.09356424
v -0.01483331 0.06964093 0.02974166
v -0.01452349 0.06966286 0.02048674
v 0.01635844 0.07186261 0.17856410
v 0.01698954 0.07199015 0.20754758
v 0.01690691 0.07201759 0.21106668
v -0.01717521 0.06861172 0.15907643
v 0.01595563 0.07113496 0.14854388
v -0.01768747 0.06775562 0.21639818
v -0.01821876 0.06763519 0.21267478
v -0.01864714 0.06765284 0.21184726
v -0.01834591 0.06777110 0.20892115
v -0.01859392 0.06759198 0.21769395
v -0.01896038 0.06781299 0.21625949
v -0.01910049 0.06746071 0.21862154
v -0.01855581 0.06899553 0.09118142
v -0.01890960 0.06876866 0.14389407
v -0.01701320 0.06898208 0.04034856
v -0.01687428 0.06898846 0.03592633
v -0.01877950 0.06866357 0.13425873
v 0.01597140 0.07180815 0.17699659
v -0.01707159 0.06892606 0.05741034
v -0.01719665 0.06892165 0.05350164
v 0.01521848 0.07066675 0.04959238
v 0.01731827 0.07225260 0.21126710
v -0.01359826 0.06826625 0.21942230
v -0.01897950 0.06891062 0.09648374
v -0.01821874 0.06900603 0.18666948
v -0.01889141 0.06946011 0.10090663
v -0.01892508 0.06885026 0.12814909
v -0.01841095 0.06810920 0.20842503
v -0.01851973 0.06875888 0.07439568
v -0.01950828 0.06870654 0.07547619
v -0.01935076 0.06856761 0.07369253
v -0.01945925 0.06876212 0.07872813
v -0.01007431 0.06871643 0.21980742
v -0.01908506 0.06843044 0.07137741
v -0.01986793 0.06851277 0.07120405
v -0.01905282 0.06849413 0.06789009
v -0.02034591 0.06808207 0.06787141
v -0.01847081 0.06876125 0.15317316
v -0.01802124 0.06824739 0.17995673
v -0.01947170 0.06911035 0.08061797
v 0.01704022 0.07226557 0.19260081
v 0.01586022 0.07119523 0.14071544
v 0.01592659 0.07073972 0.11642754
v 0.01599175 0.07088146 0.11792569
v 0.01443770 0.07022230 0.12347013
v 0.01505774 0.07041730 0.12798919
v 0.01491195 0.07020596 0.11935993
v -0.01888087 0.06889068 0.15029282
v 0.01674316 0.07194816 0.18513458
v 0.01364582 0.07030512 0.04254561
v 0.01518948 0.07080056 0.10551432
v -0.01669557 0.06869428 0.02342523
v -0.01614473 0.06888721 0.02036668
v -0.01772191 0.06832303 0.02329082
v -0.01800826 0.06818826 0.02757108
v -0.02001833 0.06821274 0.02403416
v -0.02005799 0.06840984 0.02963178
v -0.01990409 0.06784562 0.02165471
v -0.01717069 0.06849926 0.02964246
v -0.01872167 0.06799979 0.03548903
v -0.01783456 0.06776122 0.02170317
v -0.01933544 0.06782608 0.02081906
v 0.01595081 0.07177015 0.16531590
v -0.01800339 0.06758173 0.02091112
v -0.01795136 0.06833454 0.16074371
v -0.01820547 0.06853917 0.06108881
v -0.02030708 0.06781545 0.06408806
v -0.02001919 0.06777533 0.06072292
v -0.01796368 0.06837486 0.03582898
v -0.01847875 0.06833000 0.05251570
v -0.01897637 0.06869856 0.13683999
v -0.01806277 0.06882503 0.17999778
v 0.01359406 0.07054018 0.02696515
v 0.01261334 0.07041713 0.03087995
v -0.01826619 0.06818028 0.05619583
v 0.01259893 0.07033666 0.04011748
v -0.01759273 0.06828825 0.15647626
v -0.01763871 0.06797515 0.15753172
v -0.01928101 0.06880020 0.14289549
v 0.01724216 0.07228907 0.20154025
v -0.01736702 0.06821862 0.02034182
v -0.01887839 0.06961909 0.10718161
v -0.01868192 0.06806997 0.05893424
v -0.01969399 0.06804685 0.03066587
v -0.01879933 0.06772572 0.03320309
v -0.01985458 0.06766292 0.03333084
v -0.01898338 0.06768856 0.03414355
v -0.01955053 0.06772929 0.03413945
v -0.01951518 0.06798415 0.03588637
v -0.01894375 0.06771783 0.03767046
v -0.01849907 0.06769633 0.03757076
v 0.01589853 0.07114739 0.13065058
v 0.01553458 0.07074868 0.04458804
v -0.01884704 0.06875801 0.14686515
v 0.01462753 0.07009961 0.04518714
v 0.01433966 0.06977750 0.04212190
v 0.01502412 0.06975956 0.04208410
v -0.01885053 0.06802151 0.06045331
v -0.01983458 0.06765987 0.05964054
v 0.01482643 0.07025544 0.02285078
v -0.01817649 0.06825626 0.04121757
v -0.01896037 0.06788942 0.04410802
v -0.01764461 0.06801593 0.16448412
v -0.01813045 0.06832387 0.16215338
v -0.01826158 0.06819587 0.16401598
v -0.01789081 0.06805508 0.16526034
v -0.01719288 0.06817936 0.16444388
v -0.01699511 0.06822594 0.16644540
v -0.01794522 0.06816777 0.16914500
v -0.01737695 0.06822801 0.17330140
v -0.01849038 0.06817884 0.17805165
v -0.01817307 0.06816042 0.17324325
v -0.01767476 0.06797711 0.17885314
v 0.01635422 0.07212164 0.16793624
v -0.01995243 0.06895980 0.07490540
v 0.01412583 0.07051601 0.02326139
v 0.01567877 0.07146771 0.07694613
v 0.01537085 0.07124004 0.08334964
v -0.01875416 0.06813125 0.04837859
v -0.01964929 0.06805097 0.04870082
v -0.01901084 0.06795180 0.05162802
v -0.01923563 0.06771754 0.04229686
v -0.01881785 0.06765115 0.04229465
v 0.01537256 0.07139118 0.06902526
v -0.01724067 0.06749217 0.21919169
v -0.01920786 0.06936720 0.08656870
v -0.01817663 0.06874930 0.16146298
v -0.01878760 0.06757240 0.05973130
v -0.01872951 0.06723791 0.05879537
v -0.01957588 0.06687608 0.05804318
v -0.01899241 0.06704429 0.05803381
v -0.01920933 0.06755132 0.05548664
v -0.01921808 0.06941073 0.09721594
v 0.01639332 0.07184914 0.15676062
v 0.01600042 0.07149509 0.15562215
v 0.01373361 0.07042902 0.02221472
v -0.01863771 0.06726737 0.21853347
v -0.01772862 0.06736943 0.21895315
v -0.01924345 0.06914232 0.13345793
v -0.01897351 0.06906198 0.09424895
v -0.01852907 0.06920051 0.15685708
v -0.01784875 0.06798425 0.15922927
v -0.01952104 0.06768053 0.05571386
v -0.01869074 0.06815921 0.13677299
v -0.01928490 0.06977920 0.10034949
v -0.01948636 0.06979335 0.09200384
v -0.01838835 0.06809464 0.13430891
v 0.01489317 0.06918723 0.04165200
v -0.01870732 0.06754291 0.02072682
v -0.01764901 0.06775569 0.02029014
v -0.01863420 0.06756258 0.02023109
v -0.01925650 0.06765614 0.01977013
v -0.01888522 0.06694507 0.04183835
v -0.01861188 0.06782905 0.05712639
v 0.00281844 -0.07706518 0.21796834
v 0.00741813 -0.07677642 0.21682245
v 0.00074828 -0.07712754 0.21696116
v 0.00808698 -0.07675150 0.21733377
v 0.00891940 -0.07671134 0.22525238
v 0.00329041 -0.07703676 0.22474806
v -0.00317685 -0.07748066 0.21646499
v -0.00270043 -0.07747135 0.22447636
v -0.00761043 -0.07778730 0.22147621
v 0.01201067 -0.07651534 0.22081476
v 0.01533120 -0.07635126 0.21804782
v 0.01451328 -0.07646085 0.22560542
v 0.00499423 -0.07698439 0.22570437
v -0.01468565 -0.07818309 0.22341821
v -0.00918141 -0.07776880 0.21603564
v -0.01845569 -0.07839561 0.22317824
v -0.01621900 -0.07802566 0.21656196
v -0.01773798 -0.07806614 0.21588737
v -0.01318515 -0.07776515 0.21537190
v -0.00266476 -0.07753178 0.22502489
v -0.01094914 -0.07813295 0.22429140
v -0.01858732 -0.07827893 0.22105433
v 0.01544125 -0.07649613 0.22427518
v 0.01757894 -0.07636646 0.21959088
v 0.01758353 -0.07663530 0.22579551
v 0.01658969 -0.07619787 0.21766231
v 0.01836251 -0.07634767 0.22247939
v 0.01329469 -0.07660861 0.22604699
v -0.01462575 -0.07827078 0.22393586
v 0.01819308 -0.07650663 0.22589034
v -0.01971092 -0.07861634 0.22342811
v 0.00786638 -0.07650467 0.21679263
v -0.00330446 -0.07737055 0.21594827
v 0.00054900 -0.07694418 0.21631096
v -0.01907767 -0.07821388 0.22165027
v -0.00964311 -0.07762017 0.21554430
v -0.01937098 -0.07815934 0.22304497
v 0.01557053 -0.07680911 0.22626652
v 0.01844592 -0.07676311 0.22631569
v -0.01605907 -0.07770511 0.21527484
v -0.00287857 -0.07766611 0.22517859
v -0.00507140 -0.07905186 0.00436436
v -0.00035590 -0.07883492 0.00564551
v -0.00094896 -0.07917472 0.00310117
v -0.00569184 -0.07926637 0.00275901
v -0.00757598 -0.07885102 0.00699018
v 0.00000581 -0.07844982 0.00925277
v -0.00859619 -0.07864926 0.00863918
v 0.00464007 -0.07839723 0.00727514
v 0.00333154 -0.07820024 0.01008765
v -0.01095135 -0.07922915 0.00235842
v -0.01561484 -0.07891483 0.00621167
v -0.01730788 -0.07929414 0.00199357
v -0.01645748 -0.07861724 0.00867002
v -0.01801152 -0.07908785 0.00562138
v -0.01864805 -0.07883939 0.00766787
v 0.00424814 -0.07855965 0.00496389
v 0.00426319 -0.07869426 0.00368310
v 0.00552414 -0.07804917 0.00954439
v 0.00754190 -0.07812084 0.00727239
v 0.01099456 -0.07765426 0.01051187
v 0.01225605 -0.07756951 0.01004965
v 0.01460101 -0.07761555 0.00791888
v 0.01475690 -0.07767997 0.00546088
v 0.00781633 -0.07815093 0.00377654
v -0.01895338 -0.07942495 0.00309928
v 0.00615075 -0.07851292 0.00296217
v -0.01908270 -0.07902018 0.00520208
v -0.01862720 -0.07934226 0.00170637
v -0.00594712 -0.07839464 0.00960197
v 0.01125678 -0.07785916 0.00357916
v 0.01493825 -0.07765404 0.00369449
v -0.00064907 -0.07929509 0.00257773
v -0.00639376 -0.07967066 0.00188024
v 0.00464947 -0.07785972 0.01025781
v 0.01484758 -0.07693013 0.01078328
v -0.01820757 -0.07956853 0.00109189
v 0.01102744 -0.07820347 0.00307949
v 0.00488253 -0.07902155 0.00277408
v -0.00659909 -0.07825644 0.00993823
v -0.01960311 -0.07910869 0.00172116
v -0.01992405 -0.07925398 0.00090960
v -0.01051875 -0.07954058 0.00165724
v 0.01586823 -0.07732324 0.00379950
v -0.01509573 -0.07827618 0.00948613
v 0.01523274 -0.07724544 0.00844167
v 0.01181079 -0.07721517 0.01079844
v -0.01971322 -0.07915639 0.00296118
v -0.01952309 -0.07873260 0.00529967
v 0.01622541 -0.07799677 0.00315437
v -0.01805932 -0.07834610 0.00858359
v 0.00540254 -0.07928731 0.00245852
v -0.01904136 -0.07803669 0.00832166
v -0.02036563 -0.01926579 0.22278586
v -0.01869272 -0.01979812 0.22299196
v -0.01852588 -0.00976876 0.22287050
v -0.02029553 -0.01309159 0.22268548
v -0.01990282 0.01034360 0.22251866
v -0.01823650 0.00301674 0.22275911
v -0.01885551 0.01190444 0.22261842
v -0.02014711 -0.03940058 0.22282063
v -0.01918571 -0.03671032 0.22290180
v -0.01993318 0.01242455 0.22239410
v -0.01886997 0.01496826 0.22250451
v -0.01960739 0.02586801 0.22229113
v -0.01883927 0.03375555 0.22235486
v -0.01936973 0.03763903 0.22229102
v -0.01898167 0.04411507 0.22238295
v -0.01967679 0.04067815 0.22223971
v -0.02018915 0.05216702 0.22228571
v -0.01943043 0.05282947 0.22239460
v -0.02093613 -0.03800235 0.22266110
v -0.02082017 -0.04695987 0.22264256
v -0.01996744 -0.05031614 0.22272984
v -0.02057128 -0.07295772 0.22286573
v -0.02132721 -0.07306242 0.22277906
v -0.02032939 -0.07557452 0.22298671
v -0.02154280 -0.07594152 0.22287861
v -0.02138270 -0.07733115 0.22312058
v -0.01971092 -0.07861634 0.22342811
v -0.02126640 -0.08058974 0.22339829
v -0.01878491 -0.08118251 0.22368666
v -0.01094914 -0.07813295 0.22429140
v -0.01462575 -0.07827078 0.22393586
v -0.00632484 -0.08074096 0.22505811
v -0.00287857 -0.07766611 0.22517859
v -0.00683587 -0.08118067 0.22498233
v 0.00095383 -0.08055717 0.22569824
v 0.00499423 -0.07698439 0.22570437
v 0.00757110 -0.07959731 0.22607441
v 0.01557053 -0.07680911 0.22626652
v 0.01716243 -0.07828674 0.22643587
v 0.01981469 -0.07921451 0.22653144
v 0.01844592 -0.07676311 0.22631569
v 0.02035943 -0.07658405 0.22630817
v 0.01881696 -0.07314111 0.22610973
v 0.02065337 -0.06849515 0.22587320
v -0.02061063 -0.08124064 0.22341559
v -0.01964991 -0.08141650 0.22353690
v -0.00497166 -0.08129196 0.22504401
v -0.01797741 0.03113334 0.22228910
v -0.01816661 0.03951664 0.22221061
v -0.02026989 0.05449304 0.22268371
v -0.01821324 0.00984743 0.22259412
v 0.02133773 -0.07305820 0.22601928
v 0.02140763 -0.06738190 0.22587422
v 0.02113885 -0.05314771 0.22560158
v 0.02190889 -0.05051995 0.22555207
v 0.02017946 -0.05314511 0.22544792
v 0.02013802 -0.04871493 0.22547376
v 0.02161243 -0.04391612 0.22556997
v 0.02046119 -0.03740488 0.22569072
v 0.01953746 -0.06889996 0.22563096
v 0.01978385 -0.04777478 0.22540203
v 0.01970508 -0.03882356 0.22549903
v 0.01926395 -0.03237764 0.22536373
v 0.02056204 -0.02758451 0.22566931
v 0.01978546 -0.02589574 0.22556702
v 0.01935352 -0.01684938 0.22577914
v 0.02009013 -0.01121546 0.22615211
v 0.01927206 -0.00950787 0.22602060
v 0.01998406 -0.00352641 0.22626380
v 0.02068743 -0.00977470 0.22618587
v 0.02076995 -0.01259857 0.22604703
v 0.02065636 0.00590785 0.22622843
v 0.02065781 -0.02052008 0.22583343
v 0.01925280 0.00317148 0.22615090
v 0.02044041 0.00561667 0.22629587
v 0.02038620 0.01055090 0.22648894
v 0.01903025 0.01108892 0.22627433
v 0.01898302 0.01640322 0.22618749
v 0.02046536 0.01638214 0.22638807
v 0.02057906 0.02347807 0.22644126
v 0.01843471 0.02318830 0.22615817
v 0.02058958 0.03067731 0.22666534
v 0.01867326 0.03218532 0.22640102
v 0.01874311 0.04381776 0.22659629
v 0.02025926 0.04389419 0.22677931
v 0.01957796 0.04870070 0.22675038
v 0.02048797 0.05929533 0.22679400
v 0.01959286 0.06602027 0.22676511
v 0.02045231 0.06866588 0.22685312
v 0.01932306 0.07272439 0.22693392
v 0.02017242 0.07985907 0.22701699
v 0.01932935 0.08026182 0.22703413
v 0.01912151 0.06121633 0.22659228
v 0.01905002 0.06853923 0.22657362
v 0.01890913 -0.07175274 0.22575505
v 0.01981434 0.08275063 0.22670442
v 0.01900183 0.08256031 0.22662398
v -0.01928874 -0.05700899 0.22265718
v -0.01886051 -0.03836011 0.22262993
v -0.01970528 -0.07578843 0.22278322
v 0.01073887 -0.07984071 0.22611197
v 0.01904725 -0.07966368 0.22640823
v 0.00618048 -0.08038275 0.22587996
v 0.00281376 -0.08076634 0.22564417
v 0.01922120 -0.02305899 0.22539343
v 0.02099886 -0.02781455 0.22557101
v 0.02068198 -0.07926944 0.22635407
v 0.01828247 0.01545276 0.22591639
v 0.02061890 0.03740184 0.22668441
v 0.02203055 -0.06009979 0.22565176
v 0.02113114 -0.03536321 0.22551615
v -0.01752917 0.03044948 0.22219544
v -0.01785869 0.01222010 0.22234559
v -0.01941866 0.05869532 0.22275398
v -0.02044907 0.05678335 0.22277389
v -0.01946408 0.06265660 0.22307003
v -0.01999056 0.06416180 0.22328871
v -0.02075665 0.06168853 0.22308202
v -0.01997236 0.06962979 0.22358858
v -0.02126829 0.07011643 0.22356217
v -0.01994552 0.07491928 0.22437477
v -0.02133787 0.07481915 0.22424657
v -0.02133281 0.07746951 0.22443729
v -0.01994901 0.08052944 0.22430738
v -0.02139601 0.07977037 0.22434147
v 0.01856696 0.00799647 0.22599445
v 0.01881628 0.00224374 0.22595262
v 0.01885537 -0.00853905 0.22587203
v -0.02149073 0.08059299 0.22403636
v 0.01977397 -0.05022962 0.22516840
v 0.01329469 -0.07660861 0.22604699
v -0.02142822 -0.05826065 0.22251019
v -0.02116557 -0.04565625 0.22247554
v 0.02044235 0.04594148 0.22671666
v 0.01884748 -0.01401962 0.22547811
v 0.01902254 -0.06941089 0.22544315
v -0.01937098 -0.07815934 0.22304497
v -0.01909337 0.05405370 0.22221256
v 0.01890551 0.07855995 0.22672305
v 0.02170699 -0.06789906 0.22572606
v -0.01825436 0.04305041 0.22206550
v -0.01851701 0.04350805 0.22220860
v -0.01877201 0.04635326 0.22223846
v -0.01884884 0.05326702 0.22209295
v -0.02157232 -0.07268623 0.22256121
v -0.01939016 0.06479054 0.22294609
v 0.02024299 -0.07956605 0.22622157
v -0.01963736 0.03814958 0.22209785
v -0.01976258 0.02554267 0.22211342
v -0.01993071 0.01670789 0.22216511
v -0.01872123 -0.03501372 0.22265644
v -0.01828625 -0.01929697 0.22269442
v -0.01811092 -0.00656118 0.22258765
v -0.01958006 0.07344076 0.22387832
v 0.01890353 0.05810825 0.22034852
v 0.01648386 0.05912428 0.22166802
v 0.01665379 0.05196714 0.22141537
v 0.01804922 0.06166027 0.22110994
v 0.01687049 0.06888543 0.22171103
v 0.01908517 0.06926223 0.22031916
v 0.01847821 0.07096502 0.22048452
v 0.01819199 0.04683314 0.22129962
v 0.01652179 0.07057596 0.22127179
v 0.01489890 0.04018287 0.22123546
v 0.01827552 0.04022287 0.22120700
v 0.01586534 0.03871144 0.22110739
v 0.01477058 0.03914545 0.22126431
v -0.02158237 -0.06784186 0.00036683
v -0.02144155 -0.05544108 0.00076977
v -0.02073823 -0.06748415 0.00044548
v -0.02070130 -0.06098137 0.00061818
v -0.02122667 -0.07339169 0.00000000
v -0.02093326 -0.05498712 0.00086240
v -0.02153107 -0.05438013 0.00092815
v -0.02142818 -0.04563649 0.00110094
v -0.02101462 -0.04642402 0.00106927
v -0.02153385 -0.03835116 0.00153192
v -0.02049207 -0.03873728 0.00162696
v -0.02162878 -0.03495912 0.00165324
v -0.01988952 -0.02645884 0.00208748
v -0.02161526 -0.02449494 0.00191349
v -0.02000141 -0.04716009 0.00119916
v -0.02012764 -0.05747163 0.00099735
v -0.01955347 -0.02263943 0.00255175
v -0.01979628 -0.04215137 0.00170367
v -0.02161584 -0.01647700 0.00248374
v -0.01946914 -0.01821304 0.00279206
v -0.01949979 -0.01604500 0.00297195
v -0.02071204 -0.01317452 0.00294091
v -0.02075213 -0.07215038 0.00021842
v -0.01927893 -0.01337892 0.00352191
v -0.01913267 -0.00392274 0.00350565
v -0.02084097 -0.00500883 0.00300095
v -0.02150740 -0.00079455 0.00300924
v -0.01931508 0.00289971 0.00356387
v -0.02140217 0.00528765 0.00314941
v -0.02151685 -0.00585568 0.00281958
v -0.01975264 0.01111797 0.00347206
v -0.02134178 0.01166104 0.00328554
v -0.01983938 0.01705845 0.00349031
v -0.02129381 0.02316904 0.00341693
v -0.02038563 0.02605234 0.00351114
v -0.02043418 0.03542209 0.00365038
v -0.02081664 -0.07815780 0.00033319
v -0.02155346 -0.07866166 0.00022882
v -0.02167249 -0.07548195 0.00002936
v -0.02013516 -0.08058254 0.00073757
v -0.01990235 0.02385882 0.00369429
v -0.02141290 0.03306458 0.00363934
v -0.02145489 0.04898238 0.00396161
v -0.02104325 0.04487808 0.00387099
v -0.02144300 0.04142353 0.00381322
v -0.01999138 0.02880381 0.00393031
v -0.02025110 -0.06140734 0.00091085
v -0.02058541 0.04204926 0.00398658
v -0.02065888 0.04700103 0.00404679
v -0.02099979 0.06286150 0.00405781
v -0.02049607 0.06940110 0.00432912
v -0.02145434 0.06796371 0.00419777
v -0.02159748 0.07340795 0.00436626
v -0.02124239 0.07799537 0.00464713
v -0.02029134 0.07721575 0.00488874
v -0.02028080 0.07898501 0.00515297
v -0.02025001 0.04013160 0.00407191
v -0.01992405 -0.07925398 0.00090960
v -0.01926834 0.00868016 0.00377282
v -0.02032523 -0.06973133 0.00080821
v -0.02117712 -0.08074578 0.00076753
v -0.01826553 -0.08160594 0.00096496
v -0.01608200 -0.08105753 0.00097085
v -0.01958111 -0.08015069 0.00073507
v -0.00914818 -0.08035542 0.00140441
v 0.00318367 -0.08121030 0.00222017
v 0.00071262 -0.07993464 0.00202602
v 0.00540254 -0.07928731 0.00245852
v 0.00996537 -0.08083703 0.00275121
v 0.00790426 -0.07865400 0.00267273
v 0.01129330 -0.07855493 0.00286623
v 0.01765662 -0.08037220 0.00312894
v 0.01622541 -0.07799677 0.00315437
v -0.00567068 -0.07998783 0.00161146
v 0.01696318 -0.07596062 0.00313845
v 0.01929089 -0.07846810 0.00320384
v 0.01879927 -0.06632718 0.00305529
v 0.01787574 -0.05668454 0.00311680
v 0.01889130 -0.05854091 0.00315376
v 0.01876568 -0.04898185 0.00326869
v 0.01817059 -0.04714895 0.00339055
v 0.01883341 -0.04339128 0.00376924
v 0.01955923 -0.07173101 0.00326153
v 0.01034777 -0.08139222 0.00288729
v 0.01641953 -0.08109961 0.00324094
v -0.01820757 -0.07956853 0.00109189
v 0.00201644 -0.08175644 0.00226198
v -0.00825109 -0.08201083 0.00163898
v 0.01942138 -0.08010631 0.00353609
v 0.01796799 -0.04481310 0.00376172
v 0.01819523 -0.03956661 0.00398353
v 0.01894189 -0.03152133 0.00416916
v -0.01051875 -0.07954058 0.00165724
v -0.00639376 -0.07967066 0.00188024
v 0.01845326 -0.02682298 0.00457879
v 0.01887590 -0.02680339 0.00446130
v 0.01884519 -0.01997476 0.00505128
v 0.01872530 -0.01441506 0.00553590
v 0.01842541 -0.01393499 0.00567238
v 0.01841940 -0.08079412 0.00348705
v 0.01879118 -0.00675436 0.00602703
v -0.02166870 0.07939748 0.00535406
v 0.01975433 -0.07857748 0.00347204
v 0.01873229 -0.00297326 0.00606487
v -0.02164567 0.07770276 0.00479764
v -0.02075236 -0.08182976 0.00127884
v 0.01102744 -0.07820347 0.00307949
v 0.00615075 -0.07851292 0.00296217
v -0.01622550 -0.08206719 0.00133787
v -0.00064907 -0.07929509 0.00257773
v 0.01597752 0.04204523 0.22161319
v 0.01648386 0.05912428 0.22166802
v 0.01720920 0.05443955 0.22175843
v 0.01692827 0.04330329 0.22173506
v 0.01761901 0.06572334 0.22178273
v 0.01687049 0.06888543 0.22171103
v 0.01489890 0.04018287 0.22123546
v 0.01507804 0.04029182 0.22149550
v 0.01477058 0.03914545 0.22126431
v -0.02082354 0.08023555 0.09805710
v -0.02032476 0.08023033 0.09907282
v -0.02005876 0.08014354 0.08957594
v -0.02041143 0.08016948 0.08791778
v -0.02042304 0.08039781 0.10227104
v -0.02105694 0.08011366 0.08801723
v -0.02117210 0.08016037 0.08455841
v -0.02018744 0.08011579 0.07974949
v -0.02058095 0.08013416 0.07868627
v -0.02128391 0.08002669 0.07951501
v -0.02103934 0.08017147 0.07609928
v -0.02030761 0.08007908 0.07021405
v -0.02064956 0.08009706 0.06951502
v -0.02135369 0.08000703 0.07059840
v -0.02105546 0.08009422 0.06579400
v -0.02152853 0.08001103 0.06252685
v -0.02101409 0.08003385 0.06188276
v -0.02163611 0.08007105 0.05631226
v -0.02004649 0.08003935 0.04634910
v -0.02054149 0.08005672 0.04512503
v -0.02135094 0.08002190 0.04822000
v -0.02175432 0.08000507 0.04103822
v -0.02034669 0.07999808 0.03751442
v -0.02072768 0.08001878 0.03645585
v -0.02183290 0.07997803 0.03569081
v -0.02052716 0.07993065 0.02903213
v -0.02098491 0.07991953 0.02739159
v -0.02163975 0.07989707 0.02960935
v -0.02080669 0.07980353 0.02260736
v -0.01999037 0.08020386 0.10057311
v -0.02094867 0.07992172 0.01896516
v -0.02153637 0.07999304 0.01929984
v -0.02040136 0.07977235 0.00775493
v -0.02157340 0.07982458 0.00811074
v -0.02175365 0.07974144 0.00729829
v -0.02168548 0.07995020 0.01811588
v -0.02166870 0.07939748 0.00535406
v -0.02042468 0.07948084 0.00584292
v -0.02068045 0.07994937 0.06515733
v -0.02055228 0.07988220 0.06313228
v -0.02074734 0.08029444 0.10828234
v -0.02005320 0.08030911 0.10669516
v -0.02039941 0.08038036 0.11261333
v -0.01982432 0.08030103 0.11115382
v -0.01985900 0.08034196 0.11479032
v -0.02061921 0.08024100 0.11526677
v -0.02054906 0.08028689 0.12046790
v -0.02060059 0.08034316 0.12698794
v -0.01944935 0.08030346 0.11551992
v -0.01979539 0.08035352 0.12422611
v -0.02074162 0.08037180 0.13507949
v -0.02057458 0.08044473 0.13988242
v -0.01997800 0.08040279 0.13833865
v -0.02049759 0.08048154 0.14565698
v -0.01956584 0.08042372 0.14481941
v -0.01996816 0.08055391 0.14938191
v -0.01917299 0.08040633 0.14532491
v -0.01949803 0.08050125 0.15459149
v -0.02007186 0.08059812 0.15692702
v -0.01906621 0.08043881 0.15527422
v -0.02001982 0.08071793 0.16476109
v -0.01930924 0.08060699 0.16354093
v -0.01967023 0.08085517 0.16896569
v -0.02020305 0.08085941 0.16889802
v -0.02030995 0.08096003 0.17295589
v -0.01936862 0.08027792 0.12540684
v -0.01925449 0.08075267 0.17295621
v -0.02055206 0.08044987 0.14952583
v -0.01967942 0.08022644 0.10717599
v -0.01890039 0.08047963 0.16410570
v -0.02043976 0.08047904 0.15780368
v -0.01962714 0.08103995 0.17350261
v -0.01992035 0.08104287 0.18035010
v -0.01955207 0.08023640 0.13908433
v -0.02028080 0.07898501 0.00515297
v -0.02053108 0.07962293 0.01902568
v -0.02152758 0.07996909 0.04648061
v -0.02051620 0.07947463 0.02691206
v -0.01927685 0.07979458 0.12366789
v -0.02029746 0.08053239 0.16394765
v -0.02102271 0.08131657 0.21426307
v -0.01994345 0.08128954 0.21329965
v -0.01885128 0.08122982 0.19718263
v -0.02137850 0.08148757 0.22138274
v -0.01979749 0.08145680 0.22024057
v -0.01999131 0.08136090 0.22254151
v -0.02042867 0.08123318 0.20760066
v -0.01984546 0.08122558 0.19840168
v -0.01968495 0.08104236 0.19296472
v -0.02059789 0.08102645 0.22380826
v -0.01941735 0.08097147 0.21216738
v -0.02149073 0.08059299 0.22403636
v -0.01994901 0.08052944 0.22430738
v -0.01902989 0.08093526 0.20487415
v 0.01784615 0.08295559 0.21851265
v 0.01908615 0.08265117 0.21194094
v 0.01838109 0.08270960 0.20956470
v 0.01888996 0.08268002 0.20651446
v 0.01901418 0.08288002 0.21610008
v 0.01936328 0.08277413 0.21864868
v 0.01831414 0.08296914 0.22071337
v 0.01973988 0.08289139 0.22450659
v 0.01830885 0.08291148 0.22548411
v 0.01981434 0.08275063 0.22670442
v 0.01802335 0.08258870 0.20938820
v 0.01874430 0.08271721 0.19567262
v 0.01846809 0.08274210 0.19549451
v 0.01813249 0.08272092 0.19338351
v 0.01839879 0.08270442 0.18882745
v 0.01903001 0.08266175 0.20142527
v 0.01784761 0.08246821 0.18799614
v 0.01900183 0.08256031 0.22662398
v 0.01809651 0.08248135 0.19578741
v 0.01797857 0.08252077 0.20520036
v 0.01798879 0.08272165 0.22100948
v 0.01783630 0.08260026 0.17505206
v 0.01751910 0.08264936 0.16384140
v 0.01724764 0.08243512 0.17471541
v 0.01740813 0.08255219 0.17898780
v 0.01815374 0.08254241 0.17914171
v 0.01785961 0.08261398 0.18114876
v 0.01740217 0.08241390 0.18148366
v 0.01783861 0.08262341 0.18611631
v 0.01788703 0.08259355 0.16641564
v 0.01841761 0.08252628 0.18408440
v 0.01839879 0.08270442 0.18882745
v 0.01771285 0.08254674 0.15857401
v 0.01725736 0.08265677 0.15606891
v 0.01784761 0.08246821 0.18799614
v 0.01713449 0.08246272 0.16166358
v 0.01688140 0.08249304 0.15473270
v 0.01742230 0.08248853 0.15181811
v 0.01708887 0.08261466 0.14870416
v 0.01720646 0.08240035 0.16904548
v 0.01700236 0.08231637 0.17434851
v 0.01646512 0.08250242 0.04898531
v 0.01711935 0.08276611 0.04179469
v 0.01689070 0.08274697 0.03641565
v 0.01681111 0.08267030 0.04895650
v 0.01647161 0.08219596 0.05394872
v 0.01665799 0.08246352 0.05641931
v 0.01637476 0.08249365 0.06180310
v 0.01713250 0.08254140 0.05304399
v 0.01689091 0.08243550 0.06287438
v 0.01708360 0.08268497 0.03465582
v 0.01694830 0.08265086 0.03055637
v 0.01670264 0.08271197 0.03491055
v 0.01670259 0.08268918 0.06678296
v 0.01641904 0.08275143 0.06962457
v 0.01650552 0.08295117 0.07461687
v 0.01620105 0.08287019 0.07433450
v 0.01652100 0.08277492 0.02723277
v 0.01685984 0.08260475 0.02214220
v 0.01639493 0.08266927 0.02092220
v 0.01680598 0.08265357 0.01372988
v 0.01613654 0.08260498 0.02010480
v 0.01626633 0.08261287 0.01142587
v 0.01654716 0.08249163 0.01088795
v 0.01638520 0.08203283 0.00969659
v 0.01604593 0.08220214 0.01046448
v 0.01741370 0.08241794 0.13318323
v 0.01735075 0.08238252 0.12703157
v 0.01697031 0.08246315 0.13021286
v 0.01707759 0.08233671 0.14290890
v 0.01736924 0.08222050 0.14434085
v 0.01750031 0.08217822 0.14948810
v 0.01724955 0.08255872 0.12144418
v -0.01892929 0.06626665 0.04113742
v -0.01845859 0.06773918 0.04049879
v -0.01863358 0.06646520 0.03810375
v -0.01888522 0.06694507 0.04183835
v -0.01881785 0.06765115 0.04229465
v -0.01849907 0.06769633 0.03757076
v -0.01817649 0.06825626 0.04121757
v -0.01796368 0.06837486 0.03582898
v -0.01896037 0.06788942 0.04410802
v 0.01339369 0.06944497 0.03781174
v 0.01366217 0.06901593 0.03462005
v 0.01338047 0.06955168 0.03438948
v 0.01417036 0.06788919 0.03570758
v 0.01406473 0.06819630 0.03847646
v 0.01349767 0.06958417 0.03974191
v 0.01355419 0.06881981 0.03144225
v 0.01317028 0.06979497 0.03074604
v 0.01350217 0.06896945 0.02931663
v 0.01261334 0.07041713 0.03087995
v 0.01374931 0.06994237 0.02762219
v 0.01359406 0.07054018 0.02696515
v 0.01236316 0.07027781 0.03861843
v 0.01259893 0.07033666 0.04011748
v 0.01364582 0.07030512 0.04254561
v 0.01454468 0.06876804 0.04021774
v 0.01489317 0.06918723 0.04165200
v 0.01433966 0.06977750 0.04212190
v 0.01417678 0.07027111 0.04552385
v 0.01123773 0.07086981 0.03931766
v 0.01479505 0.06773976 0.03584267
v 0.01466767 0.06813850 0.03873742
v 0.01508189 0.06835687 0.03957691
v 0.01505152 0.06885176 0.04032823
v 0.01363772 0.06774579 0.03034349
v 0.01361138 0.06727547 0.02781579
v 0.01371806 0.06596465 0.02989041
v 0.01369293 0.06830326 0.03182343
v 0.01362923 0.06765434 0.03334715
v 0.01421699 0.06632858 0.03042862
v 0.01419612 0.06716997 0.03456661
v 0.01389100 0.06726042 0.03557696
v 0.01695678 0.08286586 0.08794186
v 0.01688079 0.08290028 0.08233943
v 0.01660586 0.08295755 0.08364891
v 0.01689549 0.08284353 0.07824005
v 0.01641729 0.08296914 0.07910416
v 0.01688525 0.08281112 0.07397359
v 0.01650552 0.08295117 0.07461687
v 0.01684407 0.08245893 0.06912075
v 0.01648793 0.08254610 0.09251006
v 0.01680036 0.08268547 0.09341419
v 0.01708502 0.08255943 0.09776371
v 0.01689356 0.08256822 0.10002631
v 0.01628410 0.08278759 0.08308362
v 0.01474746 0.06876487 0.02274746
v 0.01330574 0.06716117 0.02335280
v 0.01508488 0.06783342 0.02274829
v 0.01526865 0.06680971 0.02297429
v 0.01423504 0.06614276 0.02338634
v 0.01554255 0.06780797 0.02270682
v 0.01313790 0.06846452 0.02348319
v 0.01325643 0.06951307 0.02350872
v 0.01387857 0.06994599 0.02346501
v 0.01482643 0.07025544 0.02285078
v 0.01412583 0.07051601 0.02326139
v 0.01622600 0.06620368 0.02365545
v 0.01331643 0.06662069 0.02409620
v 0.01847821 0.07096502 0.22048452
v 0.01796089 0.07129461 0.21859871
v 0.01650464 0.07101051 0.22033798
v 0.01722634 0.07135706 0.21860102
v 0.01652179 0.07057596 0.22127179
v 0.01737145 0.08242196 0.11833857
v 0.01717747 0.08249992 0.10872700
v 0.01686283 0.08256818 0.11061095
v 0.01700359 0.08253783 0.11894745
v 0.01724955 0.08255872 0.12144418
v 0.01676722 0.08267929 0.10528364
v 0.01689356 0.08256822 0.10002631
v 0.01655693 0.08231450 0.14727262
v 0.01707759 0.08233671 0.14290890
v 0.01679695 0.08225533 0.14114676
v 0.01679394 0.08227742 0.13580190
v 0.01708887 0.08261466 0.14870416
v 0.01688140 0.08249304 0.15473270
v 0.01697031 0.08246315 0.13021286
v 0.01660104 0.08217670 0.13527683
v 0.01660535 0.08166065 0.14091784
v 0.01695660 0.08210651 0.12254280
v 0.01724955 0.08255872 0.12144418
v 0.01700359 0.08253783 0.11894745
v 0.01689003 0.08228864 0.11787837
v 0.01676371 0.08230219 0.11198356
v 0.01686283 0.08256818 0.11061095
v 0.01850455 -0.00214464 0.00622096
v 0.01843239 0.00941916 0.00708330
v 0.01873229 -0.00297326 0.00606487
v 0.01825457 -0.00773645 0.00631499
v 0.01842541 -0.01393499 0.00567238
v 0.01818238 -0.01469645 0.00611746
v 0.01826459 -0.00110434 0.00680696
v 0.01813785 -0.02349396 0.00540193
v 0.01845326 -0.02682298 0.00457879
v 0.01806320 -0.03553090 0.00443517
v 0.01819523 -0.03956661 0.00398353
v 0.01773147 -0.04167586 0.00441847
v 0.01796799 -0.04481310 0.00376172
v 0.01713215 -0.05673517 0.00441357
v 0.01769335 -0.03648678 0.00525776
v 0.01746337 -0.05724000 0.00352795
v 0.01663739 -0.06606805 0.00444342
v 0.01673379 -0.07162154 0.00354865
v 0.01641731 -0.05696830 0.00653040
v 0.01733365 -0.04511215 0.00552266
v 0.01630626 -0.07183997 0.00484378
v 0.01624523 -0.06636210 0.00575751
v 0.01669575 -0.04559980 0.00754033
v 0.01709357 -0.03987963 0.00691023
v 0.01647718 -0.07334908 0.00358862
v 0.01817059 -0.04714895 0.00339055
v 0.01787574 -0.05668454 0.00311680
v 0.01696318 -0.07596062 0.00313845
v 0.01631851 -0.07638745 0.00380280
v 0.01622541 -0.07799677 0.00315437
v 0.01586823 -0.07732324 0.00379950
v 0.01677993 0.07827556 0.11874089
v 0.01674959 0.08140027 0.11017705
v 0.01665315 0.07648212 0.11187537
v 0.01641026 0.07295081 0.11805819
v 0.01665280 0.07500707 0.12038283
v 0.01624975 0.07166674 0.11445254
v 0.01661210 0.07726836 0.12862971
v 0.01643386 0.07476799 0.12725799
v 0.01638405 0.07815183 0.10550662
v 0.01652332 0.08222472 0.10351475
v 0.01647222 0.08154639 0.10207960
v 0.01604243 0.07630183 0.10277591
v 0.01616746 0.07220157 0.11109664
v 0.01598388 0.07686789 0.09651178
v 0.01643234 0.08160741 0.09595891
v 0.01641057 0.08220674 0.09331476
v 0.01600301 0.07650688 0.08951485
v 0.01630614 0.08240439 0.08380921
v 0.01594571 0.07458874 0.08416312
v 0.01628410 0.08278759 0.08308362
v 0.01584995 0.07348482 0.08301346
v 0.01621072 0.08246743 0.07494109
v 0.01604176 0.07779180 0.07468620
v 0.01625076 0.08235424 0.07060845
v 0.01575759 0.07204067 0.07639039
v 0.01596658 0.07676339 0.06986845
v 0.01565216 0.07206954 0.07291817
v 0.01595566 0.07869623 0.06669483
v 0.01616186 0.08219635 0.06418595
v 0.01575021 0.07214233 0.08207206
v 0.01564271 0.07649775 0.06201053
v 0.01548018 0.07202565 0.06819705
v 0.01525571 0.07207524 0.06474573
v 0.01657442 0.07674397 0.13458565
v 0.01622280 0.07249649 0.13283804
v 0.01615455 0.07242664 0.13676406
v 0.01612082 0.07246626 0.14219970
v 0.01644812 0.07712281 0.14178488
v 0.01642635 0.07569810 0.14482398
v 0.01660337 0.08054675 0.14627750
v 0.01669496 0.08165498 0.13069034
v 0.01613639 0.08130470 0.06160691
v 0.01552927 0.07552053 0.05777335
v 0.01646100 0.07255604 0.14918704
v 0.01687209 0.07686766 0.15652074
v 0.01674068 0.07823225 0.14999856
v 0.01649949 0.07246472 0.15459342
v 0.01672245 0.07384419 0.15737257
v 0.01688150 0.08010659 0.15477743
v 0.01702090 0.07732637 0.15997716
v 0.01550151 0.07184352 0.09028393
v 0.01544548 0.07244351 0.09750684
v 0.01542077 0.07224086 0.10194634
v 0.01628822 0.08116968 0.05257019
v 0.01593175 0.07515891 0.04696727
v 0.01507568 0.07220497 0.06086611
v 0.01518603 0.07230991 0.05744086
v 0.01646512 0.08250242 0.04898531
v 0.01637628 0.08079615 0.04168198
v 0.01636152 0.07814435 0.03646491
v 0.01661930 0.08225116 0.03748618
v 0.01645950 0.07987957 0.03469632
v 0.01670264 0.08271197 0.03491055
v 0.01653034 0.08201193 0.03165361
v 0.01639995 0.08236838 0.02741847
v 0.01638267 0.07905752 0.02832396
v 0.01503859 0.07156047 0.06212351
v 0.01567877 0.07146771 0.07694613
v 0.01666040 0.08237563 0.09886385
v 0.01541958 0.07177098 0.08869218
v 0.01615341 0.07301782 0.03766313
v 0.01567401 0.07219615 0.04699861
v 0.01598663 0.07185341 0.12690236
v 0.01638695 0.07410216 0.03110577
v 0.01635255 0.07321753 0.03458313
v 0.01615543 0.07515866 0.02482545
v 0.01627825 0.07162953 0.02952016
v 0.01608200 0.07068081 0.02464545
v 0.01616030 0.07024696 0.02718304
v 0.01606599 0.06962450 0.03028227
v 0.01608402 0.08213877 0.02114873
v 0.01595642 0.07705034 0.02185345
v 0.01600741 0.08224588 0.01885423
v 0.01555616 0.07622057 0.01644457
v 0.01573819 0.07033876 0.01938415
v 0.01585842 0.07151881 0.02140317
v 0.01547842 0.07704742 0.01318191
v 0.01577479 0.08058467 0.01281425
v 0.01577551 0.06792460 0.02187329
v 0.01568179 0.06523301 0.02125973
v 0.01576437 0.06879058 0.02269677
v 0.01584216 0.07012658 0.02313334
v 0.01550115 0.07438354 0.01308634
v 0.01702172 0.08160477 0.16191530
v 0.01697890 0.07742989 0.16435849
v 0.01682131 0.07436793 0.16191795
v 0.01711715 0.08177748 0.16581592
v 0.01686837 0.07803450 0.17216964
v 0.01657916 0.07451739 0.17218832
v 0.01687831 0.07711140 0.17601160
v 0.01702889 0.08175603 0.17504208
v 0.01699878 0.08179209 0.17060226
v 0.01640521 0.07267082 0.17610659
v 0.01635422 0.07212164 0.16793624
v 0.01604593 0.08220214 0.01046448
v 0.01649423 0.07264501 0.16643345
v 0.01748869 0.07794241 0.18359973
v 0.01744372 0.08072737 0.18135550
v 0.01697823 0.07328320 0.18297375
v 0.01764667 0.07822325 0.18627589
v 0.01728606 0.07306289 0.19111678
v 0.01747169 0.07380157 0.19327542
v 0.01776846 0.07736166 0.19249681
v 0.01792456 0.08187872 0.19198625
v 0.01799064 0.08184239 0.19454507
v 0.01776569 0.07523561 0.19432254
v 0.01776791 0.08192478 0.18770919
v 0.01737483 0.08196815 0.18142008
v 0.01771985 0.07513846 0.19569809
v 0.01786883 0.07765090 0.19803464
v 0.01778956 0.07732214 0.20833047
v 0.01787481 0.08189839 0.20481754
v 0.01784747 0.07694320 0.21422320
v 0.01789224 0.08011082 0.21485213
v 0.01789161 0.08228764 0.20888632
v 0.01759370 0.07398119 0.21213862
v 0.01734875 0.07274862 0.20797570
v 0.01739977 0.07270068 0.21011794
v 0.01781405 0.07288020 0.21601113
v 0.01824977 0.07803174 0.21983088
v 0.01784761 0.08246821 0.18799614
v 0.01582974 0.07126094 0.04054372
v 0.01553458 0.07074868 0.04458804
v 0.01584651 0.06516700 0.01775619
v 0.01566855 0.06034590 0.02115269
v 0.01572752 0.06957430 0.01653959
v 0.01658252 0.08179957 0.14814902
v 0.01680975 0.08188557 0.15493785
v 0.01713449 0.08246272 0.16166358
v 0.01720646 0.08240035 0.16904548
v 0.01780819 0.08206924 0.21709563
v 0.01619932 0.06881255 0.02697652
v 0.01620105 0.08287019 0.07433450
v 0.01700236 0.08231637 0.17434851
v 0.01590210 0.06713184 0.02912613
v 0.01656413 0.07141695 0.03146736
v 0.01707869 0.07534093 0.15893607
v 0.01600103 0.06710574 0.01301246
v 0.01644769 0.05598527 0.01424495
v 0.01634269 0.06005498 0.01325151
v 0.01584785 0.07712281 0.00929816
v 0.01602269 0.08088966 0.00939921
v 0.01587001 0.07310573 0.00974403
v 0.01783861 0.08262341 0.18611631
v 0.01740217 0.08241390 0.18148366
v 0.01740813 0.08255219 0.17898780
v 0.01825470 0.08085651 0.22128339
v 0.01886041 0.07696710 0.22505634
v 0.01598012 0.05304567 0.01991864
v 0.01631728 0.04327620 0.01817901
v 0.01669016 0.04607532 0.01416981
v 0.01846741 0.07301108 0.22065388
v 0.01882829 0.07088079 0.22490857
v 0.01890551 0.07855995 0.22672305
v 0.01884764 0.06966287 0.22592915
v 0.01874677 0.06235968 0.22311080
v 0.01875811 0.06079802 0.22591924
v 0.01875078 0.06004951 0.22274800
v 0.01894345 0.08106978 0.22658785
v 0.01869354 0.05599347 0.22251078
v 0.01857800 0.04788935 0.22233079
v 0.01852580 0.04509014 0.22604858
v 0.01861283 0.04238911 0.22299807
v 0.01871830 0.06938004 0.22294715
v 0.01852148 0.03842636 0.22358307
v 0.01847348 0.03486074 0.22599673
v 0.01842144 0.03531808 0.22229533
v 0.01831743 0.02529162 0.22523338
v 0.01827662 0.02652609 0.22237247
v 0.01816624 0.01743594 0.22524218
v 0.01799764 0.01650740 0.22291378
v 0.01846310 0.03935311 0.22218309
v 0.01835350 0.03808579 0.22162446
v 0.01828247 0.01545276 0.22591639
v 0.01825689 0.00865177 0.22543806
v 0.01785649 0.01733951 0.22101552
v 0.01784221 0.00635910 0.22275661
v 0.01820985 0.02812929 0.22151389
v 0.01655928 0.06227768 0.00944362
v 0.01627595 0.06791532 0.00981062
v 0.01812343 0.07300158 0.21837888
v 0.01611881 0.06703344 0.02706300
v 0.01843471 0.02318830 0.22615817
v 0.01700900 0.03878715 0.01353085
v 0.01692283 0.05717275 0.01005018
v 0.01598814 0.04031682 0.02112270
v 0.01591240 0.04311136 0.02124456
v 0.01642174 0.03421641 0.01807787
v 0.01573091 0.05393405 0.02131610
v 0.01746670 0.03887386 0.01010016
v 0.01719262 0.04935015 0.00999676
v 0.01731827 0.07225260 0.21126710
v 0.01745870 0.03656376 0.01115218
v 0.01771954 0.03671399 0.00901486
v 0.01771105 0.02995584 0.00889646
v 0.01722752 0.03256614 0.01271896
v 0.01702148 0.03072991 0.01480964
v 0.01716833 0.02162389 0.01542259
v 0.01769328 0.02307749 0.01078522
v 0.01754846 0.01618236 0.01222232
v 0.01726927 0.01135731 0.01522931
v 0.01780980 0.01020943 0.01074381
v 0.01725293 0.00188899 0.01430440
v 0.01763851 0.00048132 0.01132416
v 0.01742015 -0.00675380 0.01237710
v 0.01685136 0.01772364 0.01780454
v 0.01665839 0.02487839 0.01822935
v 0.01553223 0.06445047 0.02199998
v 0.01836510 0.00379953 0.22528634
v 0.01575661 0.07167843 0.10751199
v 0.01592980 0.07353131 0.00931452
v 0.01736123 0.07279950 0.19990401
v 0.01761586 0.00700070 0.22135237
v 0.01780689 0.00029679 0.22286110
v 0.01689787 0.01084914 0.01751069
v 0.01821160 0.01150111 0.00820217
v 0.01832942 0.01271467 0.00748747
v 0.01813260 0.02274567 0.00829449
v 0.01808749 0.00136244 0.00856623
v 0.01810869 -0.00508062 0.00865595
v 0.01791302 -0.01379193 0.00769394
v 0.01728524 -0.01321958 0.01172500
v 0.01700270 -0.00840932 0.01458984
v 0.01678153 0.00164609 0.01667552
v 0.01682950 -0.00316495 0.01595595
v 0.01687285 -0.01253277 0.01475156
v 0.01676617 -0.01758245 0.01382611
v 0.01724798 -0.01676108 0.01055640
v 0.01634309 -0.02264535 0.01441506
v 0.01612022 0.03200675 0.01982676
v 0.01640890 0.06966424 0.02570382
v 0.01650288 0.06958810 0.02396549
v 0.01621019 0.07173112 0.14659473
v 0.01586022 0.07119523 0.14071544
v 0.01538329 0.05957768 0.02190842
v 0.01647161 0.08219596 0.05394872
v 0.01637476 0.08249365 0.06180310
v 0.01686774 0.07253051 0.18306308
v 0.01674316 0.07194816 0.18513458
v 0.01639332 0.07184914 0.15676062
v 0.01651552 0.07239959 0.15962152
v 0.01722751 -0.02405290 0.00892246
v 0.01753635 -0.01908993 0.00827323
v 0.01618562 -0.02677177 0.01431216
v 0.01707830 -0.03004514 0.00871552
v 0.01593849 0.07166125 0.12409427
v 0.01599175 0.07088146 0.11792569
v 0.01797857 0.08252077 0.20520036
v 0.01813249 0.08272092 0.19338351
v 0.01809651 0.08248135 0.19578741
v 0.01644884 -0.01818830 0.01498757
v 0.01568700 0.06768381 0.03124983
v 0.01550548 0.06823124 0.03412608
v 0.01798775 0.02341669 0.22097492
v 0.01723376 0.05092141 0.00954434
v 0.01781215 0.08251763 0.22010857
v 0.01784615 0.08295559 0.21851265
v 0.01802335 0.08258870 0.20938820
v 0.01825497 0.08183246 0.22276290
v 0.01798879 0.08272165 0.22100948
v 0.01835807 0.08235870 0.22543883
v 0.01830885 0.08291148 0.22548411
v 0.01521848 0.07066675 0.04959238
v 0.01594070 0.07150248 0.12856126
v 0.01589853 0.07114739 0.13065058
v 0.01613654 0.08260498 0.02010480
v 0.01612653 -0.03147694 0.01284270
v 0.01850298 0.07050871 0.22162228
v 0.01847821 0.07096502 0.22048452
v 0.01868387 0.06931688 0.22124715
v 0.01775158 0.03954805 0.00916859
v 0.01537256 0.07139118 0.06902526
v 0.01585118 -0.04475649 0.01200153
v 0.01608743 -0.04855609 0.00968570
v 0.01583260 -0.04770025 0.01122700
v 0.01536887 -0.06079645 0.01106857
v 0.01513856 -0.07075878 0.01115114
v 0.01566330 -0.07652739 0.00743550
v 0.01620787 -0.07642754 0.00466574
v 0.01497321 -0.07481889 0.01111348
v 0.01781162 0.07226469 0.21700598
v 0.01554252 0.06976092 0.03861039
v 0.01705826 0.07257438 0.19017155
v 0.01704022 0.07226557 0.19260081
v 0.01724216 0.07228907 0.20154025
v 0.01648009 0.01971209 0.01926269
v 0.01628356 0.02641867 0.01959076
v 0.01642815 0.01508875 0.01923898
v 0.01847569 0.06870182 0.22217759
v 0.01853798 0.06498017 0.22129268
v 0.01841374 0.06124569 0.22215485
v 0.01837393 0.05556806 0.22128354
v 0.01833847 0.05602610 0.22212949
v 0.01818183 0.04785267 0.22195822
v 0.01819199 0.04683314 0.22129962
v 0.01826547 0.04033951 0.22182330
v 0.01827552 0.04022287 0.22120700
v 0.01796089 0.07129461 0.21859871
v 0.01484758 -0.07693013 0.01078328
v 0.01905002 0.06853923 0.22657362
v 0.01589209 0.07155233 0.13805306
v 0.01862658 -0.00212592 0.22540037
v 0.01648793 0.08254610 0.09251006
v 0.01712549 -0.00228309 0.22082323
v 0.01727360 0.00382996 0.22058002
v 0.01614842 0.07131739 0.15159676
v 0.01581921 0.03117191 0.02084825
v 0.01656510 0.00381513 0.01777104
v 0.01645553 0.00964786 0.01865684
v 0.01629728 0.07045020 0.03149882
v 0.01615959 -0.02141282 0.01535077
v 0.01635844 0.07186261 0.17856410
v 0.01471786 0.07134161 0.06070422
v 0.01508189 0.06835687 0.03957691
v 0.01505152 0.06885176 0.04032823
v 0.01511559 0.07131400 0.09660891
v 0.01656642 -0.00249229 0.01694977
v 0.01620503 -0.01382383 0.01655710
v 0.01825848 -0.00799124 0.22409404
v 0.01641904 0.08275143 0.06962457
v 0.01690073 -0.00827255 0.22028860
v 0.01652100 0.08277492 0.02723277
v 0.01516147 0.07140589 0.10205392
v 0.01885537 -0.00853905 0.22587203
v 0.01884748 -0.01401962 0.22547811
v 0.01788802 -0.01227679 0.22276394
v 0.01710937 -0.01539830 0.21979351
v 0.01865608 -0.01809036 0.22493302
v 0.01756926 -0.02099785 0.22052378
v 0.01872656 -0.02255989 0.22461499
v 0.01754950 -0.02685991 0.21982974
v 0.01854628 -0.02885722 0.22327862
v 0.01788744 -0.02965959 0.22055647
v 0.01802483 -0.03652664 0.22061075
v 0.01907984 -0.03960367 0.22441586
v 0.01820311 -0.04227304 0.21971457
v 0.01879983 -0.04546938 0.22094775
v 0.01940911 -0.04829369 0.22336541
v 0.01880181 -0.05057305 0.21971970
v 0.01961830 -0.05410723 0.22308088
v 0.01976745 -0.05267633 0.22486866
v 0.01959536 -0.05694384 0.22294628
v 0.01961493 -0.05898327 0.22495277
v 0.01922172 -0.06938725 0.22326224
v 0.01913246 -0.06898248 0.22500210
v 0.01918043 -0.06703293 0.22202689
v 0.01882305 -0.07364698 0.22218299
v 0.01890913 -0.07175274 0.22575505
v 0.01902254 -0.06941089 0.22544315
v 0.01819308 -0.07650663 0.22589034
v 0.01977397 -0.05022962 0.22516840
v 0.01978385 -0.04777478 0.22540203
v 0.01836251 -0.07634767 0.22247939
v 0.01847239 -0.07558456 0.22139826
v 0.01887624 -0.06339101 0.22008563
v 0.01893405 -0.05884344 0.21999104
v 0.01934383 -0.04184296 0.22481558
v 0.01871852 -0.06987132 0.22055503
v 0.01841522 -0.04625474 0.21919961
v 0.01926395 -0.03237764 0.22536373
v 0.01900279 -0.02708876 0.22481728
v 0.01639788 0.07041147 0.00930070
v 0.01793042 0.03912003 0.22126462
v 0.01563919 0.07068326 0.11042438
v 0.01615237 -0.00367585 0.01766293
v 0.01570089 -0.01393034 0.01752111
v 0.01928440 -0.03727631 0.22514544
v 0.01503411 -0.06845440 0.01161988
v 0.01518552 -0.05993221 0.01166669
v 0.01710048 0.05880881 0.00939356
v 0.01542689 0.06501540 0.02242572
v 0.01554255 0.06780797 0.02270682
v 0.01544039 0.07050270 0.04211367
v 0.01781179 0.07202692 0.21858051
v 0.01724764 0.08243512 0.17471541
v 0.01584571 -0.02461691 0.01534117
v 0.01540487 0.07079234 0.12854323
v 0.01550894 -0.04823473 0.01202609
v 0.01811356 0.02596777 0.00809453
v 0.01537085 0.07124004 0.08334964
v 0.01593823 0.06640344 0.02679105
v 0.01592659 0.07073972 0.11642754
v 0.01478271 0.07080027 0.06497137
v 0.01831999 -0.06488925 0.21885509
v 0.01881628 0.00224374 0.22595262
v 0.01699078 0.06835928 0.02483201
v 0.01666431 0.06803364 0.02344952
v 0.01702019 0.06757648 0.02474251
v 0.01523274 -0.07724544 0.00844167
v 0.01528958 -0.05368264 0.01195471
v 0.01764390 -0.03779949 0.21957213
v 0.01874311 0.04381776 0.22659629
v 0.01854681 0.05181728 0.22599722
v 0.01881696 -0.07314111 0.22610973
v 0.01922120 -0.02305899 0.22539343
v 0.01588772 -0.02962245 0.01411239
v 0.01560293 -0.03624443 0.01348861
v 0.01703826 -0.02013463 0.21938299
v 0.01626633 0.08261287 0.01142587
v 0.01743602 -0.07576236 0.21897715
v 0.01774704 -0.07088652 0.21848753
v 0.01529746 0.07124061 0.07624339
v 0.01556452 -0.04412907 0.01274311
v 0.01676722 0.08267929 0.10528364
v 0.01908517 0.06926223 0.22031916
v 0.01757894 -0.07636646 0.21959088
v 0.01698954 0.07199015 0.20754758
v 0.01518948 0.07080056 0.10551432
v 0.01606029 -0.00103912 0.01822605
v 0.01600042 0.07149509 0.15562215
v 0.01867326 0.03218532 0.22640102
v 0.01568760 -0.01973857 0.01629036
v 0.01667542 0.06669552 0.02452812
v 0.01622600 0.06620368 0.02365545
v 0.01595081 0.07177015 0.16531590
v 0.01597140 0.07180815 0.17699659
v 0.01856696 0.00799647 0.22599445
v 0.01689070 0.08274697 0.03641565
v 0.01890353 0.05810825 0.22034852
v 0.01641729 0.08296914 0.07910416
v 0.01586784 0.02512395 0.02033625
v 0.01840176 -0.05385357 0.21898852
v 0.01477994 -0.07437902 0.01146303
v 0.01735267 -0.03045406 0.21931745
v 0.01518429 -0.04800049 0.01248858
v 0.01900183 0.08256031 0.22662398
v 0.01912151 0.06121633 0.22659228
v 0.01574738 0.04133064 0.02157264
v 0.01838218 0.02431198 0.00788644
v 0.01585505 -0.01591898 0.01670691
v 0.01595563 0.07113496 0.14854388
v 0.01660586 0.08295755 0.08364891
v 0.01497564 0.07111588 0.06848884
v 0.01502412 0.06975956 0.04208410
v 0.01489317 0.06918723 0.04165200
v 0.01970508 -0.03882356 0.22549903
v 0.01535108 0.05107512 0.02198283
v 0.01736476 0.07209434 0.21632926
v 0.01639493 0.08266927 0.02092220
v 0.01650552 0.08295117 0.07461687
v 0.01740416 -0.03924538 0.21914752
v 0.01658969 -0.07619787 0.21766231
v 0.01682705 -0.07301125 0.21775990
v 0.01953746 -0.06889996 0.22563096
v 0.02017946 -0.05314511 0.22544792
v 0.01794253 -0.06596328 0.21836210
v 0.01509516 0.07083772 0.08377164
v 0.01565515 0.07095540 0.13410135
v 0.01662444 -0.00419436 0.22020830
v 0.01510766 0.07069422 0.10829076
v 0.01565371 0.07092132 0.14625944
v 0.01844592 -0.07676311 0.22631569
v 0.01462943 0.07085503 0.09158154
v 0.01585301 0.07091418 0.15196321
v 0.01636266 0.07177092 0.18405284
v 0.01541671 0.07095664 0.13972005
v 0.01690691 0.07201759 0.21106668
v 0.01664176 0.07201768 0.19158521
v 0.01681288 0.07201558 0.20047686
v 0.01469489 0.07074241 0.10310185
v 0.01498140 0.07111640 0.09356424
v 0.01547861 0.07057891 0.11463935
v 0.01563811 0.07051641 0.11563195
v 0.01425207 0.07081603 0.06178464
v 0.01638520 0.08203283 0.00969659
v 0.01550542 -0.02373320 0.01587723
v 0.01814486 -0.05535534 0.21868351
v 0.01621359 0.01183285 0.01919257
v 0.01561394 -0.03145353 0.01419293
v 0.01680036 0.08268547 0.09341419
v 0.01614563 0.06605178 0.02436418
v 0.01566545 0.02588517 0.02064123
v 0.01706372 -0.02608102 0.21931856
v 0.01779299 -0.04364594 0.21910171
v 0.01527567 -0.03140247 0.01445174
v 0.01537662 0.04266137 0.02187342
v 0.01932935 0.08026182 0.22703413
v 0.01679082 0.00267444 0.22009737
v 0.01499895 -0.05275685 0.01233812
v 0.01539187 -0.03522545 0.01386007
v 0.01689356 0.08256822 0.10002631
v 0.01643286 0.07134733 0.22151612
v 0.01650464 0.07101051 0.22033798
v 0.01722634 0.07135706 0.21860102
v 0.01663398 0.07189669 0.22096116
v 0.01727739 0.07188341 0.21857409
v 0.01652179 0.07057596 0.22127179
v 0.01687049 0.06888543 0.22171103
v 0.01378759 0.06617194 0.02634564
v 0.01418799 0.06608382 0.02776945
v 0.01481495 0.06591646 0.02412273
v 0.01423504 0.06614276 0.02338634
v 0.01331643 0.06662069 0.02409620
v 0.01354993 0.06608596 0.02773737
v 0.01371806 0.06596465 0.02989041
v 0.01552059 0.06614052 0.02654653
v 0.01614563 0.06605178 0.02436418
v 0.01622600 0.06620368 0.02365545
v 0.01493362 0.06646816 0.02983061
v 0.01421699 0.06632858 0.03042862
v 0.01419612 0.06716997 0.03456661
v 0.01593823 0.06640344 0.02679105
v 0.01590210 0.06713184 0.02912613
v 0.01568700 0.06768381 0.03124983
v 0.01550548 0.06823124 0.03412608
v 0.01479505 0.06773976 0.03584267
v 0.01389100 0.06726042 0.03557696
v 0.01508189 0.06835687 0.03957691
v 0.01466767 0.06813850 0.03873742
v 0.01794909 0.04199474 0.00941805
v 0.01771954 0.03671399 0.00901486
v 0.01775158 0.03954805 0.00916859
v 0.01794964 0.03277085 0.00882458
v 0.01787002 0.03270361 0.00873219
v 0.01832942 0.01271467 0.00748747
v 0.01838218 0.02431198 0.00788644
v 0.01850055 0.01737471 0.00774705
v -0.01970312 0.08093930 0.18544232
v -0.01992035 0.08104287 0.18035010
v -0.01991025 0.08100378 0.18788737
v -0.01919425 0.08051964 0.18850031
v -0.01916928 0.08050369 0.17887162
v -0.01962714 0.08103995 0.17350261
v -0.01925449 0.08075267 0.17295621
v -0.01902438 0.08080766 0.19333780
v -0.01968495 0.08104236 0.19296472
v -0.01885128 0.08122982 0.19718263
v -0.01861656 0.08059326 0.19416245
v -0.02007056 0.08093800 0.19205144
v 0.01832942 0.01271467 0.00748747
v 0.01850055 0.01737471 0.00774705
v 0.01843239 0.00941916 0.00708330
v 0.01811356 0.02596777 0.00809453
v 0.01787002 0.03270361 0.00873219
v 0.01838218 0.02431198 0.00788644
v 0.01298943 0.06729146 0.02539273
v 0.01349492 0.06795236 0.02667138
v 0.01330724 0.06680583 0.02637877
v 0.01323116 0.06851059 0.02489850
v 0.01331643 0.06662069 0.02409620
v 0.01378759 0.06617194 0.02634564
v 0.01354993 0.06608596 0.02773737
v 0.01359406 0.07054018 0.02696515
v 0.01387857 0.06994599 0.02346501
v 0.01412583 0.07051601 0.02326139
v 0.01356614 0.06977580 0.02581958
v 0.01313790 0.06846452 0.02348319
v 0.01330574 0.06716117 0.02335280
v 0.01374931 0.06994237 0.02762219
v 0.01361138 0.06727547 0.02781579
v 0.01371806 0.06596465 0.02989041
v 0.01602269 0.08088966 0.00939921
v 0.01638520 0.08203283 0.00969659
v 0.01634013 0.07856765 0.00900651
v 0.01651665 0.08044293 0.00931631
v 0.01655928 0.06227768 0.00944362
v 0.01639788 0.07041147 0.00930070
v 0.01708609 0.06731004 0.00924451
v 0.01669233 0.07144987 0.00910500
v 0.01688138 0.06162144 0.00929674
v 0.01738319 0.05913629 0.00929372
v 0.01710048 0.05880881 0.00939356
v 0.01757275 0.05338315 0.00922588
v 0.01592980 0.07353131 0.00931452
v 0.01584785 0.07712281 0.00929816
v 0.01723376 0.05092141 0.00954434
v 0.01789708 0.04669853 0.00911301
v 0.01775158 0.03954805 0.00916859
v 0.01692283 0.05717275 0.01005018
v 0.01854681 0.05181728 0.22599722
v 0.01875811 0.06079802 0.22591924
v 0.01852580 0.04509014 0.22604858
v 0.01362923 0.06765434 0.03334715
v 0.01419612 0.06716997 0.03456661
v 0.01369293 0.06830326 0.03182343
v -0.02040136 0.07977235 0.00775493
v -0.02028080 0.07898501 0.00515297
v -0.02042468 0.07948084 0.00584292
v 0.01811356 0.02596777 0.00809453
v 0.01771954 0.03671399 0.00901486
v 0.01787002 0.03270361 0.00873219
v -0.01894375 0.06771783 0.03767046
v -0.01863358 0.06646520 0.03810375
v -0.01849907 0.06769633 0.03757076
v -0.01780034 0.06914162 0.11587889
v -0.01820304 0.06906269 0.11155362
v -0.01801156 0.06921836 0.11372185
v -0.01846142 0.06945544 0.11238621
v -0.01861880 0.06984349 0.11536596
v -0.01996496 0.07753823 0.08994951
v -0.01990263 0.07603103 0.09810133
v -0.01992323 0.07483111 0.08632602
v -0.01982170 0.07232428 0.09211075
v -0.01998875 0.07854678 0.08706839
v -0.01996156 0.07968555 0.08777273
v -0.01986478 0.07966253 0.09187157
v -0.02008425 0.07974240 0.08267809
v -0.01990960 0.07965503 0.09923385
v -0.02014286 0.07959066 0.07896470
v -0.02021688 0.07720398 0.08128482
v -0.02005371 0.07385282 0.08228498
v -0.01959508 0.07046265 0.09378877
v -0.01962595 0.07203306 0.09694733
v -0.01979556 0.07604639 0.10028705
v -0.01999037 0.08020386 0.10057311
v -0.01966518 0.07520632 0.10446449
v -0.01969375 0.07834232 0.10952633
v -0.01955924 0.07552667 0.11220687
v -0.01979441 0.07976787 0.10259649
v -0.01952242 0.07795058 0.11492039
v -0.01965629 0.07986284 0.11111740
v -0.01931523 0.07714918 0.11878147
v -0.01920377 0.07342169 0.11695107
v -0.01915403 0.07331671 0.12165911
v -0.01934600 0.07033224 0.10141438
v -0.01921998 0.07296998 0.12554086
v -0.01937793 0.07774030 0.12831407
v -0.01926641 0.07102543 0.12989047
v -0.01967942 0.08022644 0.10717599
v -0.01969483 0.07977629 0.10666490
v -0.01927685 0.07979458 0.12366789
v -0.01936399 0.07981375 0.13006979
v -0.01940499 0.07990693 0.11513260
v -0.01949263 0.07028334 0.13510178
v -0.01957685 0.07732732 0.13544935
v -0.01962097 0.07529896 0.13910172
v -0.01951684 0.07981199 0.13654642
v -0.01940197 0.07056842 0.13863292
v -0.01955848 0.07457670 0.14134953
v -0.01935014 0.06952224 0.14386548
v -0.01951323 0.07504239 0.14754559
v -0.01947587 0.07837996 0.14003000
v -0.01955207 0.08023640 0.13908433
v -0.01922772 0.07063120 0.14819296
v -0.01949149 0.07537536 0.15420106
v -0.01937981 0.07827264 0.14807778
v -0.01944174 0.07849363 0.15438142
v -0.01928725 0.07850521 0.15824933
v -0.01926463 0.07533835 0.15867862
v -0.01909726 0.07833538 0.16625384
v -0.01908920 0.07504879 0.16527707
v -0.01908973 0.07783448 0.16996497
v -0.01908662 0.07427946 0.17220649
v -0.01915858 0.07727875 0.17655566
v -0.01914706 0.07502285 0.17794571
v -0.01925636 0.07848152 0.18177837
v -0.01891329 0.07129282 0.17100945
v -0.01897260 0.07268561 0.16484485
v -0.01916613 0.07306304 0.15643108
v -0.01897593 0.06963387 0.15160792
v -0.01929735 0.07561685 0.18185210
v -0.01926606 0.07808959 0.18398448
v -0.01923236 0.07595091 0.18624922
v -0.01931986 0.07832969 0.18583147
v -0.01919577 0.07867249 0.18879386
v -0.01921210 0.08022257 0.18774594
v -0.01919425 0.08051964 0.18850031
v -0.01891376 0.07458775 0.19030674
v -0.01878841 0.07182770 0.17473598
v -0.01928101 0.06880020 0.14289549
v -0.01927729 0.06942969 0.13636134
v -0.01887073 0.07878348 0.19298235
v -0.01904338 0.07374572 0.18468397
v -0.01933531 0.07300789 0.11136999
v -0.01913646 0.07031364 0.10508661
v -0.02036685 0.07360971 0.07879637
v -0.02044991 0.07729503 0.07850911
v -0.02063289 0.07577661 0.07445167
v -0.02048556 0.07274762 0.07583687
v -0.02063380 0.07316747 0.07052107
v -0.02072336 0.07195185 0.06594268
v -0.02060162 0.07732200 0.06698755
v -0.02078669 0.07192996 0.06498603
v -0.02062499 0.07750417 0.06507225
v -0.02074259 0.07327050 0.06093736
v -0.02068923 0.07550675 0.05961616
v -0.02051915 0.07009058 0.05871798
v -0.02053419 0.07785461 0.07462845
v -0.02028505 0.07282069 0.05033901
v -0.02028641 0.07451212 0.05057734
v -0.02026801 0.07373292 0.04587337
v -0.02011824 0.07767299 0.04739915
v -0.02015685 0.07751219 0.05175016
v -0.02047663 0.07872780 0.05973449
v -0.02047920 0.07949403 0.06243716
v -0.02048639 0.07958677 0.05937819
v -0.02019731 0.07811913 0.04582630
v -0.02028423 0.07381897 0.04311556
v -0.02038679 0.07716138 0.04166139
v -0.02018902 0.07180240 0.04148824
v -0.02064106 0.07482467 0.03785316
v -0.02054652 0.07771039 0.03728312
v -0.02065662 0.07391467 0.02943126
v -0.02049026 0.07765712 0.02970528
v -0.02057149 0.07322863 0.03757811
v -0.02066669 0.07731802 0.02574838
v -0.02072657 0.07525529 0.02251222
v -0.02054778 0.07185466 0.02113582
v -0.02053864 0.07180491 0.01836155
v -0.02043872 0.07182297 0.03459016
v -0.02046344 0.07075629 0.02561580
v -0.02042145 0.07062087 0.01563357
v -0.02041375 0.07521394 0.01340546
v -0.02033904 0.06968039 0.00999286
v -0.02025773 0.06733209 0.01283393
v -0.02033892 0.06836031 0.00552139
v -0.02037023 0.06169105 0.00460484
v -0.02020090 0.05960612 0.01010538
v -0.02020125 0.05386484 0.00872155
v -0.02033754 0.05159112 0.00461318
v -0.02026192 0.07268752 0.00527937
v -0.02029380 0.07733768 0.00943317
v -0.02029134 0.07721575 0.00488874
v -0.02038611 0.07093252 0.00459778
v -0.02043343 0.06976459 0.06898945
v -0.02009116 0.06969858 0.07599799
v -0.02014007 0.07070674 0.07722057
v -0.01998274 0.07060242 0.04433796
v -0.02013686 0.06990284 0.05208195
v -0.02023317 0.07935447 0.01355584
v -0.02019100 0.07922527 0.00598159
v -0.02054366 0.07841897 0.02032198
v -0.02053108 0.07962293 0.01902568
v -0.01999137 0.07876743 0.05141583
v -0.01999671 0.07960226 0.05156268
v -0.01989824 0.07953458 0.04753944
v -0.02068290 0.07811339 0.02249159
v -0.02053072 0.07924482 0.02457792
v -0.01907540 0.08000331 0.17840739
v -0.01892611 0.07998269 0.17165777
v -0.02068045 0.07994937 0.06515733
v -0.01976878 0.04934882 0.01040371
v -0.01988038 0.04267090 0.00785158
v -0.02035591 0.06883333 0.06758175
v -0.01856626 0.07398815 0.19367111
v -0.02055228 0.07988220 0.06313228
v -0.01996360 0.05976634 0.01261102
v -0.01988047 0.05303341 0.01101968
v -0.01945663 0.07063702 0.08555151
v -0.01948636 0.06979335 0.09200384
v -0.01875741 0.07053472 0.12082849
v -0.02018744 0.08011579 0.07974949
v -0.02080669 0.07980353 0.02260736
v -0.01930350 0.07988663 0.14163840
v -0.02025587 0.06916310 0.02376858
v -0.02013009 0.06897349 0.03239164
v -0.02033864 0.06885633 0.06434917
v -0.02030708 0.06781545 0.06408806
v -0.02034591 0.06808207 0.06787141
v -0.02001919 0.06777533 0.06072292
v -0.02028080 0.07898501 0.00515297
v -0.01944935 0.08030346 0.11551992
v -0.01851634 0.08005686 0.19674158
v -0.01847058 0.07628068 0.19766336
v -0.01852993 0.08016486 0.19965374
v -0.01847641 0.07503327 0.20014484
v -0.01833245 0.07286501 0.19614717
v -0.01813649 0.06917194 0.19930335
v -0.01804160 0.06915802 0.19493077
v -0.01817922 0.06975525 0.19075493
v -0.01883810 0.08020159 0.20486591
v -0.01882157 0.07644130 0.20753710
v -0.01846751 0.07113514 0.20409807
v -0.01932445 0.07594573 0.21978172
v -0.01922551 0.07627750 0.21660672
v -0.01945532 0.08027469 0.21736163
v -0.01965357 0.07981844 0.22397542
v -0.01922864 0.08061958 0.21229723
v -0.01910049 0.06746071 0.21862154
v -0.01890241 0.07195967 0.21180518
v -0.01872460 0.06890126 0.20977861
v -0.01896038 0.06781299 0.21625949
v -0.01949062 0.07050836 0.22316415
v -0.01939016 0.06479054 0.22294609
v -0.01958006 0.07344076 0.22387832
v -0.01850733 0.06960794 0.17868030
v -0.01892508 0.06885026 0.12814909
v -0.01853988 0.06984196 0.16133787
v -0.01855310 0.06908863 0.16756087
v -0.01928490 0.06977920 0.10034949
v -0.01903016 0.07995324 0.16319486
v -0.01901592 0.06532285 0.21896914
v -0.01903364 0.06360394 0.21998096
v -0.02038445 0.07960025 0.06718103
v -0.01890039 0.08047963 0.16410570
v -0.02017803 0.07957725 0.04059842
v -0.02011600 0.07951003 0.04472116
v -0.02004649 0.08003935 0.04634910
v -0.02025749 0.07959493 0.06982187
v -0.02031864 0.07967843 0.07577834
v -0.02030761 0.08007908 0.07021405
v -0.02029372 0.04295717 0.00461027
v -0.01870360 0.08003992 0.19389000
v -0.01891531 0.08012240 0.19068267
v -0.02025001 0.04013160 0.00407191
v -0.01903905 0.02477459 0.00828894
v -0.01961663 0.02524542 0.00416895
v -0.01970677 0.02918626 0.00456314
v -0.01954054 0.03655927 0.00795095
v -0.02001523 0.03659927 0.00460738
v -0.01914277 0.03947232 0.01276491
v -0.01865643 0.03025972 0.01462242
v -0.01877698 0.02431941 0.01138827
v -0.01860775 0.01603012 0.01196131
v -0.01844876 0.02129150 0.01544700
v -0.01882613 0.03697382 0.01559923
v -0.01826843 0.01571154 0.01511947
v -0.01886075 0.01280765 0.00910094
v -0.01910349 0.01717374 0.00701001
v -0.01828420 0.01137804 0.01499059
v -0.01832711 0.00460750 0.01417546
v -0.01886355 0.00191727 0.00851876
v -0.01940142 0.01724870 0.00485550
v -0.01908440 0.01112471 0.00552412
v -0.01907504 0.00201997 0.00577581
v -0.01917133 0.00267593 0.00411655
v -0.01900133 -0.00194334 0.00401612
v -0.01884785 -0.00767479 0.00592429
v -0.01860729 -0.00459029 0.00955155
v -0.01845231 -0.00249122 0.01152843
v -0.01888100 -0.00866508 0.00408115
v -0.01875108 -0.01247373 0.00674030
v -0.01907641 0.01210294 0.00433268
v -0.01854018 -0.00925026 0.01041661
v -0.01855088 -0.01661955 0.01180351
v -0.01856121 -0.02450168 0.01157044
v -0.01869679 -0.02384092 0.00922075
v -0.01837010 -0.00969174 0.01229260
v -0.01886546 -0.02689058 0.00711666
v -0.01885642 -0.03310516 0.00852892
v -0.01904376 -0.03986731 0.00671344
v -0.01883858 -0.04123373 0.01014870
v -0.01879486 -0.03459645 0.01094375
v -0.01868848 -0.02836845 0.01153293
v -0.01900422 -0.01612323 0.00415166
v -0.01911002 -0.02309265 0.00470124
v -0.01928565 -0.03106076 0.00354604
v -0.01921318 -0.02716407 0.00331472
v -0.01916672 -0.01908446 0.00332800
v -0.01927020 -0.03606646 0.00376714
v -0.01910073 -0.04239777 0.00533294
v -0.01925473 -0.04047576 0.00255341
v -0.01912162 -0.04362359 0.00833736
v -0.01908005 -0.04713838 0.00834669
v -0.01911171 -0.04784918 0.00528993
v -0.01926877 -0.05674242 0.00758408
v -0.01946552 -0.06101589 0.00553592
v -0.01938172 -0.06483854 0.00844139
v -0.01962122 -0.06625812 0.00508325
v -0.01953760 -0.06940323 0.00855882
v -0.01989731 -0.07327551 0.00552443
v -0.01913667 -0.05636446 0.00881762
v -0.01895094 -0.04355148 0.00980574
v -0.01938759 -0.04407984 0.00239469
v -0.01951758 -0.03187610 0.00246645
v -0.01964534 -0.07550087 0.00814613
v -0.01997021 -0.07702941 0.00467440
v -0.01939046 -0.05003556 0.00304995
v -0.01956931 -0.05446485 0.00159698
v -0.01972779 -0.05926138 0.00289211
v -0.01996960 -0.06812274 0.00250924
v -0.01982919 -0.06003012 0.00167911
v -0.02001547 -0.06879804 0.00164972
v -0.02043446 -0.07436159 0.00156656
v -0.02030877 -0.07387011 0.00283064
v -0.02029854 -0.07820734 0.00237086
v -0.02032120 -0.07836973 0.00099986
v -0.01892732 -0.04696978 0.00946386
v -0.01892098 0.04347831 0.01436675
v -0.01918623 0.05948150 0.22233010
v -0.01879606 0.05464819 0.21985294
v -0.01890165 0.05420449 0.22120951
v -0.01853396 0.05051129 0.21991753
v -0.01853051 0.05134315 0.21938466
v -0.01864719 0.05102814 0.22130458
v -0.01884884 0.05326702 0.22209295
v -0.01842533 0.04583131 0.22120022
v -0.01829315 0.04532034 0.21995512
v -0.01825436 0.04305041 0.22206550
v -0.01805948 0.04089843 0.22031665
v -0.01816661 0.03951664 0.22221061
v -0.01833472 0.02478937 0.01661266
v -0.01822445 0.03043540 0.01760733
v -0.01813993 -0.00064358 0.01434375
v -0.01797928 -0.00538841 0.01442042
v -0.01805001 -0.01167087 0.01446520
v -0.01829199 -0.02161899 0.01295519
v -0.01842827 0.03378988 0.01757709
v -0.02037406 0.07903486 0.02758326
v -0.02035064 0.07888207 0.03733343
v -0.02034671 0.07957484 0.03106108
v -0.02028736 0.07953138 0.03647443
v -0.02056111 -0.07415793 0.00067712
v -0.01874220 0.07049585 0.11738286
v -0.01785789 0.02503389 0.01795293
v -0.01936862 0.08027792 0.12540684
v -0.01970312 0.08093930 0.18544232
v -0.01916928 0.08050369 0.17887162
v -0.01952588 -0.04838349 0.00161439
v -0.01885793 0.07152710 0.16158988
v -0.01993648 0.06682548 0.01585392
v -0.01984586 0.06264430 0.01427147
v -0.01947569 0.06989456 0.08244547
v -0.01961302 -0.07732662 0.00726922
v -0.01986793 0.06851277 0.07120405
v -0.01978172 0.06899738 0.03918152
v -0.01999088 0.06944741 0.03557821
v -0.01847228 0.06963030 0.17595639
v -0.01817307 0.06816042 0.17324325
v -0.01849038 0.06817884 0.17805165
v -0.01842200 0.06962527 0.18400022
v -0.01825433 0.06958855 0.18777828
v -0.01821874 0.06900603 0.18666948
v -0.01924345 0.06914232 0.13345793
v -0.01921808 0.06941073 0.09721594
v -0.01906621 0.08043881 0.15527422
v -0.01865405 0.08094513 0.19790955
v -0.01861656 0.08059326 0.19416245
v -0.01974698 0.06928745 0.04339212
v -0.01826685 0.02048206 0.01638977
v -0.01852907 0.06920051 0.15685708
v -0.01920786 0.06936720 0.08656870
v -0.01906219 0.06939618 0.14782893
v -0.01888087 0.06889068 0.15029282
v -0.01838510 0.03817492 0.01820576
v -0.01829855 0.04137430 0.01841002
v -0.01979749 0.08145680 0.22024057
v -0.02032523 -0.06973133 0.00080821
v -0.01928094 0.04959751 0.01334000
v -0.02005799 0.06840984 0.02963178
v -0.01981201 0.06787096 0.01767883
v -0.01999585 0.06908926 0.01994446
v -0.01894008 0.07032448 0.10878608
v -0.01887839 0.06961909 0.10718161
v -0.01864714 0.06765284 0.21184726
v -0.01919520 0.07994116 0.15446237
v -0.01917616 0.07992686 0.14513956
v -0.01917299 0.08040633 0.14532491
v -0.02034669 0.07999808 0.03751442
v -0.01925449 0.08075267 0.17295621
v -0.02008338 0.06886249 0.05475848
v -0.01973166 0.06833922 0.04922414
v -0.01836355 0.06956598 0.11779565
v -0.01909337 0.05405370 0.22221256
v -0.01801426 0.04481503 0.01853951
v -0.01806192 0.00663895 0.01560670
v -0.01826158 0.06819587 0.16401598
v -0.01829454 0.04685082 0.01715167
v -0.01867150 0.05135352 0.01584389
v -0.01922671 0.05397735 0.01452606
v -0.01902647 0.06019511 0.01668858
v -0.01798773 0.05073551 0.01873243
v -0.01956216 -0.02758916 0.00240011
v -0.01788372 0.03809929 0.22172661
v -0.01761026 0.03749331 0.22043519
v -0.01720893 0.03084920 0.22042548
v -0.01744885 0.03113249 0.22176999
v -0.01752917 0.03044948 0.22219544
v -0.01765060 0.01169960 0.22174976
v -0.01715725 0.01619689 0.21865587
v -0.01762299 0.01711013 0.22185114
v -0.01718464 0.02664683 0.21983392
v -0.01694849 0.01117089 0.21792026
v -0.01773625 0.00385509 0.22166222
v -0.01704382 0.00454874 0.21776700
v -0.01699959 -0.00233326 0.21796577
v -0.01766723 -0.00289044 0.22174387
v -0.01716101 -0.01145152 0.21787582
v -0.01791521 -0.01447835 0.22181053
v -0.01964929 0.06805097 0.04870082
v -0.01695958 -0.01330175 0.21717376
v -0.01759376 -0.02047637 0.21964720
v -0.01842451 -0.03612275 0.22198411
v -0.01812333 -0.03553140 0.22054386
v -0.01823050 -0.04298058 0.22020608
v -0.01856895 -0.04673751 0.22207379
v -0.01822698 -0.04877118 0.21948083
v -0.01889717 -0.05793374 0.22211929
v -0.01858121 -0.06135696 0.22003250
v -0.01920658 -0.07607397 0.22216308
v -0.01899768 -0.07497031 0.22068441
v -0.01907767 -0.07821388 0.22165027
v -0.01937098 -0.07815934 0.22304497
v -0.01803921 0.05427408 0.01909721
v -0.01744931 -0.03973812 0.21701016
v -0.01806641 0.01291066 0.01594300
v -0.01947170 0.06911035 0.08061797
v -0.01885591 0.06316042 0.01834548
v -0.01952309 -0.07873260 0.00529967
v -0.02052716 0.07993065 0.02903213
v -0.02051620 0.07947463 0.02691206
v -0.02001833 0.06821274 0.02403416
v -0.01818770 -0.02773785 0.01274646
v -0.01841095 0.06810920 0.20842503
v -0.01866424 -0.07752551 0.21976748
v -0.01764723 -0.07718700 0.21519478
v -0.01777997 -0.06744902 0.21623757
v -0.01755934 -0.05800895 0.21627149
v -0.01760732 -0.04879371 0.21691251
v -0.01773798 -0.07806614 0.21588737
v -0.01965274 0.01805648 0.00388573
v -0.01934116 0.01305223 0.00397226
v -0.01714173 -0.02837691 0.21710295
v -0.01729633 -0.03671390 0.21702708
v -0.01701488 -0.02203472 0.21683325
v -0.01688653 -0.01860330 0.21691843
v -0.01995243 0.06895980 0.07490540
v -0.01902989 0.08093526 0.20487415
v -0.01848770 0.06972423 0.17130402
v -0.01777658 -0.00986286 0.01540679
v -0.01999138 0.02880381 0.00393031
v -0.01791923 0.00067201 0.01533930
v -0.01784871 0.01518844 0.01656121
v -0.01945925 0.06876212 0.07872813
v -0.01794522 0.06816777 0.16914500
v -0.01804067 0.02398957 0.01758485
v -0.01789051 -0.01981471 0.01450348
v -0.01775231 -0.01904115 0.01498657
v -0.01692983 0.02721491 0.21894188
v -0.01690425 0.03164996 0.21934202
v -0.01750072 -0.00485884 0.01589562
v -0.01983458 0.06765987 0.05964054
v -0.01806277 0.06882503 0.17999778
v -0.01802124 0.06824739 0.17995673
v -0.01923563 0.06771754 0.04229686
v -0.01925650 0.06765614 0.01977013
v -0.02005876 0.08014354 0.08957594
v -0.01985211 0.06849633 0.02168431
v -0.01990409 0.06784562 0.02165471
v -0.01868646 0.06241115 0.21928881
v -0.01825909 0.06051012 0.01923635
v -0.01913267 -0.00392274 0.00350565
v -0.01951518 0.06798415 0.03588637
v -0.01955053 0.06772929 0.03413945
v -0.01711731 0.03688622 0.21948971
v -0.01828625 -0.01929697 0.22269442
v -0.01700303 0.02142904 0.21869348
v -0.01776808 0.06853355 0.19116434
v -0.01999131 0.08136090 0.22254151
v -0.01926834 0.00868016 0.00377282
v -0.01931508 0.00289971 0.00356387
v -0.01813045 0.06832387 0.16215338
v -0.01787393 -0.02292653 0.01399374
v -0.01796768 -0.02462968 0.01345633
v -0.01877201 0.04635326 0.22223846
v -0.01851701 0.04350805 0.22220860
v -0.01884704 0.06875801 0.14686515
v -0.01785869 0.01222010 0.22234559
v -0.01847081 0.06876125 0.15317316
v -0.01811092 -0.00656118 0.22258765
v -0.01994901 0.08052944 0.22430738
v -0.01902438 0.08080766 0.19333780
v -0.01982432 0.08030103 0.11115382
v -0.01817663 0.06874930 0.16146298
v -0.01795136 0.06833454 0.16074371
v -0.01985900 0.08034196 0.11479032
v -0.01677932 -0.00450533 0.21739940
v -0.01680894 0.00411394 0.21725475
v -0.01834591 0.06777110 0.20892115
v -0.02058095 0.08013416 0.07868627
v -0.02040136 0.07977235 0.00775493
v -0.01955347 -0.02263943 0.00255175
v -0.01784875 0.06798425 0.15922927
v -0.01813053 0.06876935 0.15699533
v -0.01676701 0.02712695 0.21880462
v -0.01840368 -0.03554840 0.01184255
v -0.01831669 -0.03891266 0.01156151
v -0.01930924 0.08060699 0.16354093
v -0.01726239 -0.05285419 0.21581523
v -0.02049607 0.06940110 0.00432912
v -0.01897351 0.06906198 0.09424895
v -0.01949979 -0.01604500 0.00297195
v -0.01927893 -0.01337892 0.00352191
v -0.01788762 0.04338548 0.21935341
v -0.01787039 0.04091337 0.21947637
v -0.01790248 0.01915874 0.01700878
v -0.01897950 0.06891062 0.09648374
v -0.01946408 0.06265660 0.22307003
v -0.01838932 0.06346357 0.01948624
v -0.01897637 0.06869856 0.13683999
v -0.01997800 0.08040279 0.13833865
v -0.01768815 0.06834212 0.19826655
v -0.01869074 0.06815921 0.13677299
v -0.01904136 -0.07803669 0.00832166
v -0.01858732 -0.07827893 0.22105433
v -0.01734355 -0.06144997 0.21562395
v -0.01979628 -0.04215137 0.00170367
v -0.01823650 0.00301674 0.22275911
v -0.01896697 0.06876938 0.08106950
v -0.01905795 0.06901167 0.08630284
v -0.02041143 0.08016948 0.08791778
v -0.01759329 -0.07287724 0.21552723
v -0.01759004 -0.07411959 0.21528566
v -0.01946914 -0.01821304 0.00279206
v -0.02065888 0.04700103 0.00404679
v -0.02058541 0.04204926 0.00398658
v -0.01789996 0.06893150 0.19567838
v -0.01717266 -0.04800270 0.21608864
v -0.01706056 -0.03866031 0.21650004
v -0.01872123 -0.03501372 0.22265644
v -0.02032476 0.08023033 0.09907282
v -0.01933544 0.06782608 0.02081906
v -0.01941866 0.05869532 0.22275398
v -0.01755180 0.06851204 0.18867607
v -0.01773939 0.00534367 0.01590728
v -0.01797741 0.03113334 0.22228910
v -0.01889141 0.06946011 0.10090663
v -0.01790092 0.03497031 0.01867462
v -0.01949803 0.08050125 0.15459149
v -0.01971322 -0.07915639 0.00296118
v -0.01886051 -0.03836011 0.22262993
v -0.01914113 0.06784032 0.03875511
v -0.01863358 0.06646520 0.03810375
v -0.01892929 0.06626665 0.04113742
v -0.01894375 0.06771783 0.03767046
v -0.01941735 0.08097147 0.21216738
v -0.02025110 -0.06140734 0.00091085
v -0.02012764 -0.05747163 0.00099735
v -0.01952104 0.06768053 0.05571386
v -0.01957588 0.06687608 0.05804318
v -0.01754068 0.04439652 0.01939172
v -0.01832766 0.06897672 0.12089700
v -0.01847967 0.06951584 0.10827843
v -0.02075213 -0.07215038 0.00021842
v -0.02081664 -0.07815780 0.00033319
v -0.01885128 0.08122982 0.19718263
v -0.01836522 -0.04120321 0.01097058
v -0.01681444 0.01526250 0.21798887
v -0.01663059 0.01209026 0.21744489
v -0.01890960 0.06876866 0.14389407
v -0.01956584 0.08042372 0.14481941
v -0.01754506 0.05177578 0.01949844
v -0.01674300 -0.02400755 0.21660227
v -0.01950828 0.06870654 0.07547619
v -0.01983938 0.01705845 0.00349031
v -0.01990235 0.02385882 0.00369429
v -0.01805903 0.05045833 0.21937085
v -0.01901084 0.06795180 0.05162802
v -0.01748508 0.04061269 0.21942714
v -0.01981978 0.06846210 0.03252094
v -0.01985458 0.06766292 0.03333084
v -0.01969399 0.06804685 0.03066587
v -0.01789081 0.06805508 0.16526034
v -0.02005320 0.08030911 0.10669516
v -0.02064956 0.08009706 0.06951502
v -0.01813229 -0.03524849 0.01226357
v -0.01988952 -0.02645884 0.00208748
v -0.01960311 -0.07910869 0.00172116
v -0.01992405 -0.07925398 0.00090960
v -0.01885413 -0.06461641 0.00918507
v -0.01885679 -0.07637138 0.00906775
v -0.01773645 0.04122485 0.01920974
v -0.01763871 0.06797515 0.15753172
v -0.01900256 -0.06986607 0.00917080
v -0.01795588 -0.02694318 0.01316504
v -0.02101409 0.08003385 0.06188276
v -0.01970528 -0.07578843 0.22278322
v -0.01994552 0.07491928 0.22437477
v -0.02054149 0.08005672 0.04512503
v -0.01873937 -0.05797174 0.00933282
v -0.01842823 -0.05446485 0.00981151
v -0.01849600 -0.04577611 0.01007235
v -0.01928874 -0.05700899 0.22265718
v -0.01812462 -0.04057881 0.01142402
v -0.01837634 -0.05767144 0.00969629
v -0.01820646 -0.04526164 0.01043661
v -0.02043418 0.03542209 0.00365038
v -0.01746207 0.06859738 0.19399742
v -0.01763876 0.01156157 0.01626052
v -0.01864805 -0.07883939 0.00766787
v -0.01997236 0.06962979 0.22358858
v -0.01759273 0.06828825 0.15647626
v -0.01975264 0.01111797 0.00347206
v -0.02072768 0.08001878 0.03645585
v -0.01661666 0.02265728 0.21835845
v -0.01787371 0.06862389 0.15564124
v -0.02000141 -0.04716009 0.00119916
v -0.01855581 0.06899553 0.09118142
v -0.01660179 -0.01507494 0.21679075
v -0.01888522 0.06694507 0.04183835
v -0.01802124 0.06824739 0.17995673
v -0.01806277 0.06882503 0.17999778
v -0.01725364 0.06856269 0.18012401
v 0.01389100 0.06726042 0.03557696
v 0.01417036 0.06788919 0.03570758
v 0.01479505 0.06773976 0.03584267
v 0.01727739 0.07188341 0.21857409
v 0.01796089 0.07129461 0.21859871
v 0.01781179 0.07202692 0.21858051
v 0.01722634 0.07135706 0.21860102
v -0.01877950 0.06866357 0.13425873
v -0.01838835 0.06809464 0.13430891
v -0.01803256 0.06851544 0.13430406
v -0.02040136 0.07977235 0.00775493
v -0.02019100 0.07922527 0.00598159
v -0.02028080 0.07898501 0.00515297
v -0.01869074 0.06815921 0.13677299
v -0.01897637 0.06869856 0.13683999
v -0.01824588 0.06847376 0.13679687
vn 0.30377836 -0.95263104 -0.01458819
vn 0.30377836 -0.95263104 -0.01458819
vn 0.30377836 -0.95263104 -0.01458819
vn -0.09416781 0.03486593 -0.99494562
vn -0.09416781 0.03486593 -0.99494562
vn -0.09416781 0.03486593 -0.99494562
vn 0.99975536 0.01613879 -0.01512496
vn 0.99994514 0.00817709 -0.00654624
vn 0.99990083 0.01371714 -0.00318837
vn 0.99962389 0.01835091 -0.02037946
vn 0.99945789 0.02848972 -0.01650050
vn 0.99962980 0.02406195 -0.01269965
vn 0.99936192 0.01762385 -0.03106685
vn 0.99951945 0.00691094 -0.03021773
vn 0.99991815 0.00407459 -0.01212846
vn 0.99951329 0.02410982 -0.01979628
vn 0.99914953 0.02858444 -0.02971794
vn 0.99952067 0.02225996 -0.02151562
vn 0.99920971 0.02858674 -0.02761803
vn 0.99993022 0.00834666 -0.00835981
vn 0.99970715 0.02064744 -0.01262166
vn 0.99968865 0.02204112 -0.01169542
vn 0.99996405 0.00050742 -0.00846386
vn 0.99985698 0.00150602 -0.01684469
vn 0.99927167 0.00457137 -0.03788453
vn 0.99962615 -0.00098259 -0.02732376
vn 0.99962177 0.00230304 -0.02740476
vn 0.99987046 0.00086930 -0.01607191
vn 0.99972053 -0.00617054 -0.02282064
vn 0.99981311 -0.00299445 -0.01909927
vn 0.99995548 -0.00567665 -0.00753690
vn 0.99992162 0.00009907 -0.01251968
vn 0.99982849 0.00188253 -0.01842398
vn 0.99997497 0.00706675 -0.00033326
vn 0.99994178 0.00357361 0.01018128
vn 0.99967366 0.02458432 0.00694158
vn 0.99993558 0.00765569 0.00838044
vn 0.99967264 0.02431168 0.00797223
vn 0.99956871 0.00121252 0.02934149
vn 0.99996070 0.00432001 0.00774172
vn 0.99993637 0.00429159 -0.01043251
vn 0.99964151 0.01096649 -0.02442501
vn 0.99960992 0.02098538 -0.01842902
vn 0.99965891 0.02010384 -0.01667017
vn 0.99969395 0.01127105 -0.02202194
vn 0.99941791 0.02087513 -0.02698267
vn 0.99952122 0.01888331 -0.02451003
vn 0.99930121 0.02337119 -0.02916976
vn 0.99932854 0.01527721 -0.03330271
vn 0.99972989 0.01834795 -0.01426551
vn 0.99942302 0.01868382 -0.02836443
vn 0.99960487 0.01730178 -0.02215299
vn 0.99946913 0.01385109 -0.02948910
vn 0.99944721 0.02040130 -0.02625005
vn 0.99943583 0.01915585 -0.02758746
vn 0.99957507 0.01644042 -0.02407059
vn 0.99978184 0.01478694 -0.01475205
vn 0.99966861 0.01850650 -0.01789353
vn 0.99958306 0.01277926 -0.02589195
vn 0.99947650 0.01210040 -0.03000500
vn 0.99980992 0.00778365 -0.01787563
vn 0.99964030 0.00965644 -0.02502041
vn 0.99943677 0.01541943 -0.02980567
vn 0.99980333 0.00820135 -0.01805662
vn 0.99940836 0.01771541 -0.02948054
vn 0.99983040 0.00950482 -0.01577453
vn 0.99966798 0.01251996 -0.02252066
vn 0.99971468 -0.00210838 -0.02379331
vn 0.99972266 -0.00683506 -0.02253643
vn 0.99985258 0.00902340 -0.01460827
vn 0.99979940 -0.00946453 -0.01765162
vn 0.99920063 -0.03377198 -0.02139070
vn 0.99980168 -0.00021326 -0.01991389
vn 0.99614264 -0.08553799 -0.01957276
vn 0.99989930 0.00062199 0.01417761
vn 0.99991018 0.01196467 -0.00603928
vn 0.99990326 0.00049360 -0.01390054
vn 0.99977995 0.00154754 -0.02092023
vn 0.99997790 0.00519468 0.00414892
vn 0.99988964 0.01042033 -0.01058930
vn 0.99983362 0.00892173 -0.01591033
vn 0.99983272 0.01169422 -0.01406307
vn 0.99978312 0.01268149 -0.01651918
vn 0.99978515 -0.00066897 -0.02071725
vn 0.99502804 -0.09813682 -0.01698102
vn 0.99829057 -0.05357628 -0.02335628
vn 0.99341588 -0.11334991 -0.01663371
vn 0.99982899 0.01246282 -0.01366261
vn 0.99348111 -0.11308874 -0.01436062
vn 0.99973428 -0.02068691 -0.01016919
vn 0.99255898 -0.12176442 -0.00031709
vn 0.99991384 0.00829678 -0.01017226
vn 0.99980753 0.01341434 -0.01431627
vn 0.99986141 0.01006795 -0.01325893
vn 0.99932884 0.03026586 -0.02063625
vn 0.99966384 0.01875451 -0.01790155
vn 0.99960433 0.01727288 -0.02219968
vn 0.99925307 0.02077975 -0.03258059
vn 0.99944024 0.01465632 -0.03007339
vn 0.99945262 0.02420891 -0.02254747
vn 0.99909566 0.03320645 -0.02655539
vn 0.99955267 0.02651841 -0.01382865
vn 0.99951293 0.02546012 -0.01804703
vn 0.99967239 0.02139848 -0.01404312
vn 0.99962807 0.02446052 -0.01205816
vn 0.99975832 0.01602842 -0.01504652
vn 0.99981317 0.00740017 -0.01785656
vn 0.99940066 0.02254194 -0.02627116
vn 0.99905794 0.03850173 -0.02002103
vn 0.99984929 0.01315989 -0.01132318
vn 0.99951261 0.03021522 -0.00784764
vn 0.99984032 0.01759424 0.00312740
vn 0.99997507 -0.00679222 -0.00193074
vn 0.99025059 -0.13922675 -0.00443657
vn 0.98904859 -0.14747552 0.00581911
vn 0.99992913 -0.01051140 0.00558932
vn 0.99995451 -0.00642216 -0.00705159
vn 0.99984455 -0.01762230 -0.00057701
vn 0.99969973 -0.01870349 -0.01583102
vn 0.99970116 0.00478053 -0.02397378
vn 0.98016547 -0.19813316 0.00434699
vn 0.99296425 -0.11804104 0.00939764
vn 0.99193664 -0.12648865 0.00789460
vn 0.99981310 0.00334979 -0.01904052
vn 0.99943907 -0.03194079 -0.01006643
vn 0.99963862 0.01466546 -0.02252878
vn 0.99948051 0.00921423 -0.03088392
vn 0.99965196 0.01315548 -0.02286673
vn 0.99969376 0.02231609 -0.01069484
vn 0.99948387 0.02008240 -0.02507356
vn 0.99928703 0.02641064 -0.02697976
vn 0.99957053 0.02863592 -0.00622477
vn 0.99954913 0.01956878 -0.02277292
vn 0.99984666 0.01746322 -0.00130445
vn 0.99961601 0.02768362 0.00120514
vn 0.99978750 0.02031285 -0.00351306
vn 0.99940126 0.01925082 -0.02874932
vn 0.99899904 0.02758190 -0.03521582
vn 0.99944831 0.01614346 -0.02902529
vn 0.99938085 0.02125158 -0.02804065
vn 0.99923449 0.02910991 -0.02613521
vn 0.99952473 0.02870027 -0.01125195
vn 0.99972227 0.01739536 -0.01589947
vn 0.99917422 0.02286157 -0.03358918
vn 0.99975752 0.01408411 -0.01692759
vn 0.99948999 0.02638870 -0.01798304
vn 0.99944043 0.02726843 -0.01937140
vn 0.99913740 0.02495835 -0.03318941
vn 0.99955151 0.02259402 -0.01965408
vn 0.99918953 0.02762363 -0.02927823
vn 0.99938015 0.02936913 -0.01941061
vn 0.99903541 0.02711265 -0.03454219
vn 0.99937957 0.02847591 -0.02072661
vn 0.99906240 0.02884790 -0.03228197
vn 0.99926170 0.03254341 -0.02041990
vn 0.99893221 0.04088238 -0.02151924
vn 0.99895551 0.03659906 -0.02735685
vn 0.99853030 0.04903701 -0.02307851
vn 0.99930818 0.03289823 -0.01734561
vn 0.99944789 0.03303040 -0.00359169
vn 0.99917933 0.03721715 -0.01598578
vn 0.99962991 0.02567730 -0.00898407
vn 0.99968422 0.01967821 -0.01562770
vn 0.99985722 0.01404553 -0.00939525
vn 0.99968350 0.02339338 -0.00925497
vn 0.99971225 0.02253373 -0.00822516
vn 0.99944053 0.03300399 -0.00541832
vn 0.99951916 0.02920216 -0.01042513
vn 0.99972817 0.02273645 -0.00516054
vn 0.99937676 0.03365855 -0.01063900
vn 0.99918107 0.03835332 -0.01289221
vn 0.99929309 0.03543755 -0.01254981
vn 0.99941491 0.03242877 -0.01087249
vn 0.99965825 0.02484440 -0.00813310
vn 0.99927206 0.03291334 -0.01928887
vn 0.99924470 0.03784405 -0.00882330
vn 0.99930827 0.03512475 -0.01221631
vn 0.99908133 0.03884102 -0.01810702
vn 0.99975157 0.01945090 -0.01088436
vn 0.99949641 0.01902251 -0.02539829
vn 0.99829541 0.04956479 -0.03081579
vn 0.99914849 0.04044226 -0.00816807
vn 0.99963616 0.02626715 -0.00613026
vn 0.99919611 0.03843838 -0.01138531
vn 0.99950569 0.03114224 -0.00430454
vn 0.99924290 0.03799454 -0.00836887
vn 0.99911061 0.04077500 -0.01074169
vn 0.99917740 0.04022779 -0.00512359
vn 0.99938541 0.03425092 -0.00746197
vn 0.99926198 0.03597824 -0.01345595
vn 0.99931025 0.03697150 -0.00348436
vn 0.99922120 0.03877266 -0.00732598
vn 0.99923644 0.03799779 -0.00909427
vn 0.99945397 0.03165214 -0.00948151
vn 0.99965730 0.02381824 -0.01086195
vn 0.99919720 0.03488374 -0.01969951
vn 0.99971427 0.02353729 -0.00416837
vn 0.99956159 0.02878363 -0.00693795
vn 0.99954341 0.02668018 -0.01418270
vn 0.99971798 0.02335685 -0.00429158
vn 0.99930957 0.03479397 -0.01302943
vn 0.99970388 0.02420025 -0.00255121
vn 0.99884211 0.04807566 -0.00177985
vn 0.99418472 0.10733645 -0.00869628
vn 0.99446906 0.10502463 -0.00105257
vn 0.98070813 0.19500866 -0.01353466
vn 0.99924283 0.03304964 -0.02053016
vn 0.98904497 0.14732252 0.00927997
vn 0.99905023 0.04271355 -0.00861327
vn 0.99885153 0.04528551 -0.01564746
vn 0.99945310 0.03284479 -0.00383769
vn 0.99914123 0.03456334 -0.02285104
vn 0.99943269 0.03000033 -0.01530600
vn 0.99944179 0.03102241 -0.01239821
vn 0.99929917 0.03458186 -0.01432728
vn 0.99933607 0.03308992 -0.01524705
vn 0.99922129 0.03587948 -0.01641584
vn 0.99930786 0.03381410 -0.01550519
vn 0.99955449 0.02801951 -0.01028217
vn 0.99945794 0.03189070 -0.00817343
vn 0.99904813 0.04360366 -0.00124402
vn 0.99921947 0.03779011 -0.01150505
vn 0.99912677 0.04005514 -0.01188632
vn 0.99964660 0.02378456 -0.01187266
vn 0.99897242 0.04483358 -0.00663661
vn 0.99992212 0.01163306 -0.00451934
vn 0.99965264 0.02333321 -0.01225397
vn 0.99969567 0.02462417 0.00148927
vn 0.99968561 0.02506276 -0.00073451
vn 0.99992201 0.01235494 -0.00182508
vn 0.99938883 0.03482750 -0.00300352
vn 0.99932406 0.03672185 -0.00170935
vn 0.99965270 0.02593845 0.00465651
vn 0.99968261 0.02417151 0.00709998
vn 0.99967570 0.02437534 0.00737090
vn 0.99958704 0.02741192 -0.00862174
vn 0.99978385 0.02056302 -0.00306812
vn 0.99958873 0.02740762 -0.00843733
vn 0.99948543 0.03071389 -0.00924806
vn 0.99958799 0.02866891 0.00139275
vn 0.99941919 0.03335745 -0.00696834
vn 0.99940630 0.03439200 -0.00205946
vn 0.99962578 0.02700713 -0.00435024
vn 0.99949612 0.03026143 -0.00957832
vn 0.99959396 0.02691322 -0.00935897
vn 0.99978601 0.01917802 -0.00775424
vn 0.99974088 0.02269992 -0.00169626
vn 0.99942101 0.03393595 -0.00244666
vn 0.99966166 0.02575492 0.00364037
vn 0.99978204 0.01801306 -0.01055491
vn 0.99985026 0.01717337 0.00213133
vn 0.99991123 0.01316164 -0.00207664
vn 0.99986530 0.01557687 0.00517169
vn 0.99979773 0.02010004 0.00070009
vn 0.99964421 0.02654614 -0.00259863
vn 0.99977529 0.02112953 0.00170584
vn 0.99963827 0.02269777 -0.01442704
vn 0.99977529 0.02049055 0.00543214
vn 0.99975327 0.02200402 0.00303765
vn 0.99984468 0.01744081 -0.00253703
vn 0.99976997 0.02082081 0.00514820
vn 0.99991002 0.01334268 0.00138475
vn 0.99991180 0.01286159 -0.00331166
vn 0.99990449 0.01122606 0.00806125
vn 0.99985645 0.01598058 0.00563108
vn 0.99989731 0.01356490 -0.00462175
vn 0.99991200 0.00921945 -0.00953953
vn 0.99993573 0.01024499 -0.00485482
vn 0.99982719 0.01464999 0.01144455
vn 0.99990367 0.01345294 0.00341483
vn 0.99982021 0.01450614 0.01221107
vn 0.99991151 0.01073186 0.00786135
vn 0.99968866 0.01027679 0.02273699
vn 0.99978626 0.01412518 0.01509685
vn 0.99886883 0.00696848 0.04703717
vn 0.99993580 0.01032379 0.00467149
vn 0.99955796 0.02315847 0.01864345
vn 0.99989290 0.01439422 0.00264602
vn 0.99995356 0.00807125 -0.00526595
vn 0.99971079 0.02344762 -0.00534290
vn 0.99983335 0.01300853 -0.01280785
vn 0.99995089 0.00772513 -0.00620788
vn 0.99987924 0.00925110 -0.01248663
vn 0.99997332 0.00353909 -0.00638991
vn 0.99989705 0.00731637 -0.01234320
vn 0.99987160 0.00866433 -0.01348031
vn 0.99984045 0.01446217 -0.01048445
vn 0.99992555 0.01152434 -0.00401133
vn 0.99997796 0.00651608 -0.00127671
vn 0.99996774 0.00803145 -0.00008161
vn 0.99999151 0.00407728 -0.00059235
vn 0.99996470 0.00822802 0.00170391
vn 0.99997278 0.00666268 0.00316920
vn 0.99999591 0.00245782 0.00146394
vn 0.99996159 0.00872421 0.00083776
vn 0.99998108 0.00028850 0.00614517
vn 0.99996487 0.00530843 -0.00648759
vn 0.99993084 0.00613512 0.01003344
vn 0.99994434 0.00971891 -0.00410702
vn 0.99980654 0.01812059 0.00765074
vn 0.99973457 0.02288157 -0.00268658
vn 0.99988497 0.00966210 -0.01169126
vn 0.99965162 0.02482473 -0.00896503
vn 0.99973792 0.02125050 -0.00851559
vn 0.99992315 0.00589135 -0.01090835
vn 0.99983243 0.01439769 -0.01130547
vn 0.99991465 0.00970680 -0.00874442
vn 0.99992581 0.01106716 -0.00508806
vn 0.99985594 0.01672067 0.00291905
vn 0.99998013 0.00231889 0.00586225
vn 0.99996733 0.00256136 0.00766679
vn 0.99986166 0.01653038 0.00184354
vn 0.99999684 -0.00187939 -0.00166807
vn 0.99998871 -0.00072893 -0.00469545
vn 0.99961434 0.02578029 -0.01032255
vn 0.99974115 0.02175886 -0.00664694
vn 0.99994720 -0.00009824 -0.01027601
vn 0.99989602 0.01437457 -0.00114833
vn 0.99989896 0.00685291 -0.01245414
vn 0.99963764 0.00816936 -0.02564846
vn 0.99977170 0.00965683 -0.01906002
vn 0.99968436 0.02162095 -0.01279478
vn 0.99978040 0.02024603 -0.00540784
vn 0.99987222 0.01342671 -0.00867533
vn 0.99997604 0.00461814 -0.00515603
vn 0.99977116 0.02133716 0.00153155
vn 0.99971120 0.01879717 -0.01497245
vn 0.99981791 0.00786925 -0.01738438
vn 0.99998335 0.00542406 -0.00196793
vn 0.99999946 -0.00079684 0.00066836
vn 0.99996008 0.00711084 0.00540981
vn 0.99987286 0.01389265 -0.00782639
vn 0.99997064 0.00754442 0.00134443
vn 0.99992709 0.01204664 -0.00082807
vn 0.99998716 0.00446828 -0.00239153
vn 0.99992740 0.01199481 0.00114767
vn 0.99993992 0.00339036 -0.01042417
vn 0.99997249 -0.00111642 -0.00733295
vn 0.99991673 0.00703232 -0.01082032
vn 0.99996332 0.00786676 -0.00338696
vn 0.99994580 0.00632696 -0.00826835
vn 0.99994212 0.01073983 -0.00064652
vn 0.99992644 0.01121550 -0.00461785
vn 0.99979661 0.01784525 -0.00939630
vn 0.99980248 0.01987472 0.00004786
vn 0.99985309 0.01591579 0.00636305
vn 0.99994559 0.01039637 0.00085190
vn 0.99989296 0.00712956 0.01277672
vn 0.99993934 0.01078896 0.00221649
vn 0.99999863 -0.00092725 0.00137479
vn 0.99999498 -0.00220851 -0.00227226
vn 0.99997740 -0.00515599 -0.00431553
vn 0.99996933 -0.00060550 -0.00780827
vn 0.99986236 0.01186176 -0.01160021
vn 0.99978658 0.02046660 -0.00281361
vn 0.99986478 -0.01632459 -0.00198283
vn 0.99996032 0.00524555 -0.00720071
vn 0.99634319 -0.08541831 -0.00198955
vn 0.99988571 0.01101118 -0.01035912
vn 0.99993793 0.00811723 -0.00763197
vn 0.99989035 0.01318207 0.00674658
vn 0.99823565 -0.05929593 -0.00309636
vn 0.99627715 -0.08619970 -0.00120475
vn 0.99359439 -0.11299138 0.00177053
vn 0.99659388 -0.08220214 -0.00659190
vn 0.99997662 0.00599214 -0.00329457
vn 0.99994231 -0.01037203 -0.00279215
vn 0.99990102 0.01030146 -0.00958287
vn 0.99990478 0.00933724 -0.01016128
vn 0.99019641 -0.13964121 -0.00337734
vn 0.99978148 0.01868088 -0.00938159
vn 0.99987833 0.01445033 0.00587487
vn 0.99999978 0.00034288 0.00056716
vn 0.99980657 0.00436849 -0.01917666
vn 0.99974579 0.02136385 -0.00720731
vn 0.99972286 0.01385386 -0.01903334
vn 0.99965695 0.02316140 -0.01222863
vn 0.99961140 0.02407372 -0.01405357
vn 0.99993542 0.00522296 -0.01009358
vn 0.99971869 0.02121697 -0.01060142
vn 0.99946880 0.03016275 -0.01234224
vn 0.99990122 0.01053882 -0.00929928
vn 0.99983151 0.01591004 -0.00915583
vn 0.99978850 0.01588523 -0.01306229
vn 0.99984700 0.00519791 -0.01670189
vn 0.99954873 -0.02970935 -0.00443703
vn 0.99999968 -0.00066844 -0.00044855
vn 0.99998832 -0.00230198 -0.00424980
vn 0.99998334 0.00027800 -0.00576601
vn 0.99996048 0.00361069 -0.00812451
vn 0.99997680 0.00291592 -0.00615654
vn 0.99991793 0.00523745 -0.01169217
vn 0.99987739 -0.01163340 -0.01048207
vn 0.99985258 0.00571932 -0.01618959
vn 0.99991388 0.01304742 -0.00141111
vn 0.99985224 0.01717340 -0.00076151
vn 0.99992685 0.00865552 -0.00844838
vn 0.99948921 0.03195748 0.00017960
vn 0.99948472 0.03063859 -0.00956909
vn 0.99988852 0.01041381 -0.01070041
vn 0.99975134 0.02015054 -0.00955076
vn 0.99971702 0.01915916 -0.01409967
vn 0.99938966 0.03289271 -0.01176308
vn 0.99956833 0.02754026 -0.01023212
vn 0.99978706 0.02058652 -0.00142783
vn 0.99972196 0.02356111 0.00093272
vn 0.99894840 0.04556470 -0.00509508
vn 0.99966959 0.02535898 0.00419868
vn 0.99972657 0.02291909 -0.00463741
vn 0.99986944 0.01606349 0.00175083
vn 0.99961245 0.02760354 -0.00360462
vn 0.99983422 0.01817262 0.00113490
vn 0.99948979 0.03142782 -0.00569743
vn 0.99977626 0.02079503 0.00387148
vn 0.99989011 0.01194376 -0.00878121
vn 0.99979070 0.01608788 -0.01263863
vn 0.99944179 0.02881378 -0.01690793
vn 0.99960693 0.02648568 -0.00919187
vn 0.99979594 0.00973468 -0.01770052
vn 0.99953244 0.03047491 -0.00248437
vn 0.99986977 0.01266038 -0.01000812
vn 0.99959666 0.02401979 -0.01515134
vn 0.99973995 0.00407852 -0.02243649
vn 0.99965705 0.01682223 -0.02006992
vn 0.99977264 0.01258579 -0.01721236
vn 0.99946577 0.02398987 -0.02219617
vn 0.99915940 0.03944398 -0.01116544
vn 0.99910795 0.04026631 -0.01272523
vn 0.99942532 0.02758034 -0.01970647
vn 0.99933969 0.03388900 -0.01310415
vn 0.99951913 0.03085219 -0.00310764
vn 0.99972226 0.02311243 -0.00460710
vn 0.99949810 0.02464338 -0.01990588
vn 0.99950080 0.03051030 -0.00820236
vn 0.99962749 0.02652558 -0.00642391
vn 0.99954387 0.02923931 -0.00755705
vn 0.99980896 0.00843501 -0.01763213
vn 0.99959798 0.02354050 -0.01580283
vn 0.99919708 0.02401100 -0.03207286
vn 0.99965460 0.02410679 -0.01046616
vn 0.99967868 0.01896582 -0.01681783
vn 0.99948556 0.02809688 -0.01546539
vn 0.99960137 0.02375913 -0.01525123
vn 0.99925105 0.02922412 -0.02536311
vn 0.99946005 0.01779406 -0.02762200
vn 0.99962182 0.01790030 -0.02087551
vn 0.99946687 0.01810004 -0.02717294
vn 0.99949910 0.02201943 -0.02273089
vn 0.99916992 0.02657408 -0.03087527
vn 0.99916052 0.02850161 -0.02942647
vn 0.99905488 0.02949750 -0.03192559
vn 0.99943766 0.02731579 -0.01944762
vn 0.99938097 0.01874519 -0.02977080
vn 0.99904286 0.02750942 -0.03400871
vn 0.99936283 0.02248656 -0.02771791
vn 0.99814553 0.03261772 -0.05139630
vn 0.96392401 0.26133566 -0.05053879
vn 0.99890623 0.02218827 -0.04115851
vn 0.99911871 0.02797955 -0.03128811
vn 0.99902313 0.02403256 -0.03708385
vn 0.99814873 0.02049457 -0.05726333
vn 0.99743252 0.01377270 -0.07027571
vn 0.99908491 0.02859274 -0.03180885
vn 0.99950878 0.01919001 -0.02477791
vn 0.99934259 0.02124038 -0.02938096
vn 0.99975686 0.00906187 -0.02010238
vn 0.99952257 0.01763804 -0.02536800
vn 0.99923121 0.01851069 -0.03455916
vn 0.99977707 0.01267174 -0.01688915
vn 0.99970036 0.00829586 -0.02302972
vn 0.99960868 0.00749942 -0.02694892
vn 0.99966712 0.00775598 -0.02460676
vn 0.99950502 0.01226046 -0.02897222
vn 0.99968943 0.00766647 -0.02371206
vn 0.99982724 0.01138502 -0.01469245
vn 0.99968175 0.02394481 -0.00794015
vn 0.99949165 0.02694590 -0.01703997
vn 0.99982270 0.01634500 -0.00934895
vn 0.99948899 0.02421833 -0.02086232
vn 0.99983491 0.00983725 -0.01527661
vn 0.99991957 0.00310942 -0.01229613
vn 0.99976710 0.01671792 -0.01364731
vn 0.99976183 0.01361674 -0.01705462
vn 0.99936931 0.02389395 -0.02626908
vn 0.99975330 0.00904952 -0.02028411
vn 0.99961866 0.01759175 -0.02128511
vn 0.99985665 0.01058693 -0.01321382
vn 0.99954204 0.01321793 -0.02722135
vn 0.99975197 0.01254896 -0.01839921
vn 0.99974372 0.01680927 -0.01516378
vn 0.99988466 0.00909677 -0.01216186
vn 0.99988850 0.01143150 0.00960726
vn 0.99982790 0.01722784 -0.00688299
vn 0.99990453 0.01079181 0.00862906
vn 0.99995219 0.00043700 -0.00976900
vn 0.99977986 0.00480018 -0.02042499
vn 0.99998213 -0.00404374 -0.00440414
vn 0.99978552 0.01277071 -0.01630437
vn 0.99994601 -0.00066262 0.01037013
vn 0.99998265 0.00550675 -0.00209270
vn 0.99990865 0.00504338 -0.01253978
vn 0.99994809 0.00722075 -0.00718835
vn 0.99994417 0.00537867 -0.00909570
vn 0.99996794 0.00433377 -0.00673271
vn 0.99994697 0.00860851 -0.00565179
vn 0.99998355 -0.00086475 -0.00567029
vn 0.97602632 -0.00323956 0.21762840
vn 0.99801295 0.04677519 -0.04221655
vn 0.94516398 -0.00011092 0.32659613
vn 0.99987137 0.00939227 0.01300133
vn 0.99995836 0.00817042 0.00406460
vn 0.99996754 0.00174934 -0.00786563
vn 0.99995365 -0.00262491 -0.00926273
vn 0.99980109 0.00186049 -0.01985769
vn 0.99993296 0.00101602 -0.01153424
vn 0.99990917 0.00584610 -0.01214433
vn 0.99995436 0.00128826 -0.00946638
vn 0.99978327 -0.00462549 -0.02029821
vn 0.99962356 0.00794025 -0.02626183
vn 0.99985787 0.01223029 -0.01160449
vn 0.99181137 0.00409058 0.12764592
vn 0.99985736 0.01486733 -0.00801389
vn 0.99952152 0.02606483 -0.01665413
vn 0.99971388 0.00311023 0.02371682
vn 0.99940087 0.01039124 -0.03301395
vn 0.99948363 0.01148863 -0.03000796
vn 0.99882184 0.03630893 -0.03219612
vn 0.99925781 0.01924464 -0.03336886
vn 0.99875246 0.03952733 -0.03051427
vn 0.99929329 0.01296371 -0.03528270
vn 0.99959214 0.02334595 -0.01644766
vn 0.99955414 0.02734748 -0.01198455
vn 0.99962539 0.02068645 -0.01792083
vn 0.99945371 0.02817966 -0.01726816
vn 0.99879547 0.03133488 -0.03775896
vn 0.99951587 0.02394772 -0.01986262
vn 0.99920165 0.03258115 -0.02311975
vn 0.99879100 0.04442378 -0.02104930
vn 0.99963057 0.02211246 -0.01580402
vn 0.99948687 0.01884204 -0.02590310
vn 0.99987544 0.01227641 -0.00991901
vn 0.99982155 0.01454182 -0.01205851
vn 0.99997176 0.00563718 -0.00497084
vn 0.99991694 0.01273143 -0.00200816
vn 0.99995527 0.00665565 -0.00672027
vn 0.99992551 0.00219390 0.01200697
vn 0.99998403 0.00479590 0.00298873
vn 0.99992910 0.01155151 0.00289266
vn 0.99995493 0.00542541 0.00779130
vn 0.99991435 0.00745135 0.01075976
vn 0.99990608 0.00561615 0.01250167
vn 0.99988025 0.00685790 0.01387252
vn 0.99945889 0.03120800 -0.01039204
vn 0.99992715 0.01201086 -0.00119938
vn 0.99945864 0.03272264 -0.00341496
vn 0.99999677 -0.00018748 0.00253543
vn 0.99995779 0.00256204 0.00882306
vn 0.99995618 0.00857276 -0.00376089
vn 0.99988149 0.00126285 0.01534329
vn 0.99906875 0.01756350 -0.03941000
vn 0.99959274 0.02574698 0.01230651
vn 0.99851614 0.04999897 -0.02157814
vn 0.99984787 0.01736668 0.00162605
vn 0.99845696 0.04646076 -0.03041540
vn 0.99898241 0.02525377 -0.03736822
vn 0.99980923 0.00720453 0.01815480
vn 0.99987391 0.01039513 0.01200451
vn 0.99945903 0.03110101 -0.01069414
vn 0.99992221 0.01247219 0.00010459
vn 0.99991639 0.01134814 0.00619923
vn 0.99943499 0.03298533 -0.00645587
vn 0.99946503 0.03263535 0.00214053
vn 0.99946794 0.01096819 -0.03071695
vn 0.99980337 0.01019291 -0.01700938
vn 0.99888001 -0.03897451 -0.02682736
vn 0.99826779 -0.05375012 -0.02392388
vn 0.99956774 0.00899387 -0.02798992
vn 0.99978423 0.01943272 0.00733953
vn 0.99957275 0.02819930 -0.00768917
vn 0.99975974 0.02117087 0.00567948
vn 0.99825479 0.02925076 -0.05130084
vn 0.99865815 0.00651902 -0.05137516
vn 0.99920310 0.02752718 -0.02890358
vn 0.99956106 0.02959315 0.00139142
vn 0.99957075 0.02335627 -0.01768628
vn 0.99970875 0.01996916 -0.01355139
vn 0.99947889 0.01633881 -0.02783860
vn 0.97371798 0.22773733 0.00299921
vn 0.99872639 -0.02329628 -0.04475347
vn 0.99906533 -0.03566658 -0.02442044
vn 0.99981978 0.01786525 -0.00642248
vn 0.99979995 0.01943019 -0.00474568
vn 0.99977247 0.01963279 -0.00834016
vn 0.99964113 0.01342061 -0.02318384
vn 0.99991596 0.01058240 -0.00748922
vn 0.99940053 0.01652161 -0.03042409
vn 0.99981726 0.01110404 -0.01556132
vn 0.99986344 0.01031765 -0.01290931
vn 0.99997432 -0.00637898 -0.00326661
vn 0.99764447 -0.06841537 0.00498576
vn 0.99995067 0.00371681 0.00921138
vn 0.99967430 0.01104962 -0.02300456
vn 0.99295525 0.02669740 -0.11544314
vn 0.99963922 0.01830546 -0.01965552
vn 0.99968158 0.02133695 -0.01347153
vn 0.99949017 0.03191472 0.00092439
vn 0.90441198 0.03859881 -0.42491069
vn 0.99032956 0.13783436 -0.01578149
vn 0.99821016 0.05437138 -0.02490460
vn 0.99937358 0.00843546 -0.03436991
vn 0.99965951 0.00418073 -0.02575615
vn 0.99938190 0.00467871 -0.03484141
vn 0.99729744 0.06672980 -0.03073995
vn 0.97403822 0.22349266 -0.03606343
vn 0.91912811 0.39390543 -0.00648354
vn 0.99148606 0.12814219 -0.02312947
vn 0.99993043 -0.00773441 -0.00890628
vn 0.99984254 -0.00113783 -0.01770863
vn 0.99984441 -0.00594006 -0.01660966
vn 0.99996289 -0.00809446 0.00295089
vn 0.99996614 0.00122511 0.00813769
vn 0.99984012 0.00277992 -0.01766392
vn 0.99987542 0.01111469 -0.01120753
vn 0.99982120 0.00592230 0.01795819
vn 0.99981178 0.01748834 -0.00840014
vn 0.99968069 0.01916941 -0.01646379
vn 0.99904534 0.02867309 -0.03295862
vn 0.99934892 0.02152030 -0.02895891
vn 0.99969324 0.02219691 -0.01098706
vn 0.99955058 0.01705956 -0.02464989
vn 0.99972770 0.02234942 -0.00671005
vn 0.99970924 0.01201773 -0.02090482
vn 0.99943885 0.01981333 -0.02700779
vn 0.99994679 0.01008658 0.00216103
vn 0.99977173 0.01302326 -0.01693770
vn 0.97158973 0.23521981 -0.02617314
vn 0.99690816 0.07347653 -0.02784468
vn 0.99673910 0.07896914 -0.01658450
vn 0.99330847 0.11138148 -0.03053601
vn 0.99909639 0.02645090 -0.03326776
vn 0.99891097 0.02834002 -0.03706379
vn 0.99872991 0.02609770 -0.04309837
vn 0.99964170 0.00029793 -0.02676548
vn 0.99961750 -0.00076852 -0.02764516
vn 0.99278244 0.11655555 -0.02824576
vn 0.99693212 0.07456118 -0.02381135
vn 0.99949151 0.00252479 -0.03178607
vn 0.99973993 0.00521228 -0.02220148
vn 0.99990707 0.00693155 -0.01173930
vn 0.99913843 0.01752438 -0.03762047
vn 0.99979877 0.01688807 -0.01082641
vn 0.99872880 0.03839349 -0.03266070
vn 0.99991857 0.01256204 0.00224551
vn 0.99894194 -0.04551994 0.00655274
vn 0.99727431 -0.07366077 0.00424807
vn 0.99986183 0.01561166 0.00570989
vn 0.99540710 -0.09532784 0.00879291
vn 0.99911164 0.03610017 -0.02174205
vn 0.94825630 -0.29307378 -0.12213821
vn 0.99815822 0.04416724 -0.04158629
vn 0.99768525 0.04735963 -0.04879762
vn 0.99742984 0.04422359 -0.05637359
vn 0.99797743 0.02438492 -0.05870633
vn 0.99986343 0.01453555 -0.00786384
vn 0.99964260 0.02129943 -0.01615545
vn 0.99939634 0.02672720 -0.02219483
vn 0.99944370 0.01559822 -0.02947866
vn 0.99926540 0.03515854 -0.01524893
vn 0.99933180 0.02853058 -0.02284625
vn 0.99387738 0.01971809 0.10871502
vn 0.99958190 0.02131742 -0.01953447
vn 0.99545436 0.01659487 0.09378282
vn 0.99898826 0.04434996 -0.00745229
vn 0.99964975 0.00854674 0.02504669
vn 0.99948986 0.02663606 -0.01762211
vn 0.99947471 0.02917402 -0.01411306
vn 0.99862860 0.05167336 -0.00841356
vn 0.97934746 0.02253466 -0.20092471
vn 0.99982910 0.01580707 -0.00958650
vn 0.99982834 0.00963208 -0.01582741
vn 0.99981523 0.01658337 -0.00972129
vn 0.99978050 0.01677013 -0.01255837
vn 0.99993383 0.00496177 -0.01037861
vn 0.99590848 0.08729722 -0.02335603
vn 0.93179246 0.36067552 -0.04093882
vn 0.97276304 -0.00948243 -0.23160776
vn 0.99953348 0.02337123 -0.01966247
vn 0.99779604 0.03737269 -0.05483021
vn 0.99923152 0.03856832 0.00699015
vn 0.97142819 0.02201176 0.23631073
vn 0.99970718 0.00774293 -0.02292583
vn 0.99995102 0.00547384 -0.00824577
vn 0.99903797 0.03950517 -0.01903890
vn 0.99948198 0.03165196 -0.00582448
vn 0.99974714 0.01857861 -0.01266816
vn 0.99839723 0.05444233 -0.01546006
vn 0.99990965 0.00721908 -0.01133933
vn 0.98015513 0.19815620 -0.00548034
vn 0.99978046 0.01628536 -0.01318415
vn 0.99925472 0.03839406 -0.00398740
vn 0.99954859 0.02883590 -0.00843223
vn 0.99428995 0.10587837 -0.01331390
vn 0.99974881 0.00236625 -0.02228702
vn 0.99487442 0.01855560 -0.09940108
vn 0.99889131 0.00026643 -0.04707529
vn 0.99775713 -0.00472710 -0.06677091
vn 0.99895313 0.00730523 -0.04515843
vn 0.99819430 -0.00211206 -0.06003067
vn 0.99898493 0.00508038 -0.04475833
vn 0.99890912 0.01509165 -0.04419062
vn 0.99973960 0.02268838 -0.00244250
vn 0.99941786 0.03391635 -0.00369091
vn 0.99984896 0.01233336 -0.01224530
vn 0.99294403 0.11806186 -0.01111498
vn 0.99973759 0.02122415 -0.00861908
vn 0.99990488 0.01377141 0.00076590
vn 0.99885733 0.04708393 -0.00819421
vn 0.99807897 0.06172694 -0.00530573
vn 0.99905999 0.04292041 0.00608017
vn 0.99827621 0.05844486 -0.00536660
vn 0.99919408 0.03591459 0.01792576
vn 0.99785655 0.06528079 0.00455159
vn 0.99977581 0.02037651 -0.00575635
vn 0.99924954 0.02534423 -0.02929220
vn 0.99985777 0.01662535 -0.00283467
vn 0.99911259 0.03285871 -0.02635025
vn 0.98733533 0.03825580 -0.15396570
vn 0.99436027 0.04516690 -0.09595627
vn 0.99835765 0.04411216 -0.03655305
vn 0.99888067 0.03714835 -0.02928156
vn 0.99992765 0.01155577 0.00334158
vn 0.99978921 0.01310445 0.01580519
vn 0.99964084 0.01642091 0.02117910
vn 0.99974615 0.02242914 0.00213852
vn 0.99987374 0.01424650 0.00703899
vn 0.99999801 -0.00057881 -0.00190709
vn 0.99986211 0.01478927 0.00755302
vn 0.99996810 0.00706389 0.00372812
vn 0.99952199 0.02315416 -0.02048597
vn 0.99919766 0.03440563 0.02050108
vn 0.99943604 0.03144576 0.01177978
vn 0.99977040 0.00826355 0.01977012
vn 0.99987535 0.01505840 0.00474691
vn 0.99908589 0.03683174 0.02169806
vn 0.98418330 0.17695427 0.00839111
vn 0.98745373 0.15780624 -0.00568476
vn 0.99914286 0.04135511 -0.00181540
vn 0.99974446 0.02258247 0.00102399
vn 0.99936383 0.03306967 -0.01335380
vn 0.99898911 0.04151200 -0.01724872
vn 0.99876558 0.03602418 -0.03419919
vn 0.99935419 0.03105265 -0.01808128
vn 0.99907993 0.01848405 -0.03869924
vn 0.99919276 0.04010814 -0.00227392
vn 0.98028079 0.19635938 -0.02219376
vn 0.97318515 0.22991777 0.00696337
vn 0.97783373 0.20930842 -0.00558428
vn 0.99745501 0.06907066 0.01768468
vn 0.97631284 0.21584037 -0.01503906
vn 0.99881308 -0.04661681 -0.01411755
vn 0.98872942 0.14309897 -0.04400935
vn 0.99917728 0.00616938 -0.04008362
vn 0.99511272 0.01061762 -0.09817306
vn 0.99790631 0.04448844 -0.04694440
vn 0.99541449 0.06672246 -0.06854276
vn 0.99866041 0.02769000 -0.04371098
vn 0.95608599 0.04238290 -0.29000563
vn 0.89031571 0.33146474 -0.31220034
vn 0.95226506 0.30518477 -0.00731579
vn 0.99616313 0.08464745 0.02222216
vn 0.99483581 0.09768419 0.02755904
vn 0.99991083 0.01246922 -0.00478051
vn 0.99897842 0.04232558 0.01583221
vn 0.77842777 0.02255728 -0.62732876
vn 0.99453518 0.01119762 -0.10379976
vn 0.99697950 0.03222273 -0.07066525
vn 0.99785499 0.02471298 -0.06061925
vn 0.99721042 -0.06901279 0.02843595
vn 0.99807084 -0.06056480 -0.01365666
vn 0.95064580 -0.31025883 0.00346621
vn 0.99746710 0.03905738 -0.05944673
vn 0.99844516 0.01238742 -0.05434900
vn 0.99780172 -0.00151430 -0.06625276
vn 0.99575659 -0.00395594 -0.09194113
vn 0.96014424 0.25217936 0.12053467
vn 0.99848582 0.03872822 -0.03906641
vn 0.98847024 0.00666900 -0.15126836
vn 0.99882021 -0.04402507 -0.02049347
vn 0.99760599 -0.01081289 -0.06830350
vn 0.99909332 0.01185743 -0.04088928
vn 0.99899793 0.03372010 -0.02942930
vn 0.99881100 0.04871003 0.00198133
vn 0.92038925 0.01279218 0.39079405
vn 0.99471716 -0.09825689 -0.02972137
vn 0.92995269 -0.36754741 0.00984379
vn 0.99651408 -0.08322246 0.00580604
vn 0.99805013 -0.00050895 0.06241532
vn 0.97848357 0.20632109 0.00123110
vn 0.99127861 0.03077427 -0.12813924
vn 0.99424094 0.01755357 -0.10572053
vn 0.98653284 0.00915173 0.16330705
vn 0.92423979 0.37992746 -0.03789372
vn 0.95786170 0.28705387 0.01005196
vn 0.99005224 0.13874176 -0.02339395
vn 0.99378921 -0.10540168 -0.03568589
vn 0.98165667 0.18683424 -0.03798880
vn 0.98998649 0.13762672 -0.03139477
vn 0.98744381 0.15095108 -0.04656710
vn 0.96937229 0.22834185 -0.09042879
vn 0.93577531 0.35181098 -0.02352897
vn 0.98099873 -0.03828460 -0.19019934
vn 0.99365683 -0.06550495 0.09140681
vn 0.95675603 -0.18357617 0.22564947
vn 0.88599283 0.46353823 -0.01220691
vn 0.99173435 -0.12813008 0.00675773
vn 0.95179773 -0.30612716 -0.01916351
vn 0.98274775 -0.18435203 -0.01487243
vn 0.98571908 0.16812448 -0.00959433
vn 0.98126205 0.19265424 -0.00302174
vn 0.98469626 0.04510963 -0.16834011
vn 0.96414580 0.03653778 -0.26284572
vn 0.98267195 0.01247236 -0.18493315
vn 0.97884735 0.20453350 0.00488962
vn 0.97441151 0.22438247 -0.01321761
vn 0.98511001 -0.17167989 -0.00918109
vn 0.92164888 -0.38784777 0.01172367
vn 0.98759971 -0.15675641 -0.00861599
vn 0.97496532 -0.22232143 0.00397676
vn 0.92962218 -0.36851118 -0.00145438
vn 0.59531819 -0.80327308 0.01867091
vn 0.97145604 0.23641447 -0.01952866
vn 0.97864805 0.20486804 -0.01664558
vn 0.95989187 0.28036900 -0.00090346
vn 0.94425305 -0.32904882 0.01063289
vn 0.94148748 0.33215912 -0.05719825
vn 0.96777773 0.01185316 0.25152689
vn 0.71342796 0.03484754 -0.69986155
vn 0.96172647 -0.27361154 0.01479597
vn 0.96738667 -0.25328311 0.00327149
vn 0.96637022 0.25663981 -0.01626691
vn 0.97258963 -0.23188425 -0.01729480
vn 0.96558454 -0.25975196 -0.01324467
vn 0.96596497 0.25866373 -0.00218016
vn 0.95244234 0.30447097 -0.01228916
vn 0.87070976 -0.49171473 0.00900780
vn 0.97392708 -0.22661677 0.01052993
vn 0.94751185 -0.31848614 0.02806916
vn 0.94325885 0.04764731 -0.32862210
vn 0.93348457 0.00928375 0.35849737
vn 0.94844387 0.31668599 0.01281447
vn 0.92918562 0.36916222 -0.01825773
vn 0.72833880 0.68320522 0.05247107
vn 0.91543540 0.40246390 0.00091408
vn 0.90194775 0.41044436 -0.13425980
vn 0.88618769 0.46232638 -0.03042528
vn 0.90876551 0.41686985 -0.01909928
vn 0.93744305 -0.27524583 0.21316720
vn 0.88829420 -0.33622904 -0.31286329
vn 0.90452739 -0.42621315 -0.01313595
vn 0.90964812 0.35950601 0.20807627
vn 0.87989355 -0.00886915 0.47508808
vn 0.86201664 0.50515013 -0.04184097
vn 0.87593524 -0.02156845 -0.48194632
vn 0.87308888 -0.48746634 -0.00961126
vn 0.83290048 0.55340760 0.00410116
vn 0.83868460 0.54460979 0.00288463
vn 0.78869435 -0.61478531 -0.00050074
vn 0.82316054 -0.56009288 -0.09328827
vn 0.90207562 -0.43118839 0.01833458
vn 0.77719278 -0.62923361 0.00603687
vn 0.76840321 -0.63992818 -0.00695878
vn 0.80222108 0.02382406 -0.59655155
vn 0.79847477 0.05392591 -0.59960824
vn 0.79651994 0.60459447 0.00463930
vn 0.75979085 0.64909133 -0.03739403
vn 0.75662848 0.38564017 -0.52801042
vn 0.74236426 -0.66996859 0.00611495
vn 0.75461207 0.65556483 -0.02820258
vn 0.73647325 0.67635254 -0.01242557
vn 0.75601191 0.65373423 -0.03282584
vn 0.76749279 0.00797518 0.64100796
vn 0.61251109 -0.01529746 0.79031396
vn 0.71547893 -0.69860660 0.00622185
vn 0.72398084 -0.68981454 -0.00276614
vn 0.61723299 0.78617522 -0.03085387
vn -0.99983626 -0.01802818 -0.00156176
vn -0.99981665 -0.01869083 -0.00416258
vn -0.99996598 -0.00775233 -0.00281913
vn -0.99990271 -0.01194708 -0.00719998
vn -0.99991336 -0.01302418 -0.00190798
vn -0.99990481 -0.01146054 0.00768355
vn -0.99961625 -0.01791425 0.02112878
vn -0.99982505 -0.00853354 0.01664492
vn -0.99999054 -0.00328259 0.00285244
vn -0.99999866 -0.00150965 -0.00063637
vn -0.99998716 0.00239247 0.00446627
vn -0.99988860 -0.01422696 -0.00451495
vn -0.99973895 -0.02241604 -0.00442235
vn -0.99999282 0.00167334 0.00340133
vn -0.99982266 -0.01693478 0.00823792
vn -0.99973320 0.00076272 0.02308550
vn -0.99999880 -0.00102826 0.00115566
vn -0.99995402 0.00479191 0.00830600
vn -0.99998803 0.00156410 -0.00463519
vn -0.99998768 -0.00074382 -0.00490736
vn -0.99988107 -0.00044488 0.01541582
vn -0.99997508 -0.00028203 0.00705456
vn -0.99989738 0.00556740 0.01319981
vn -0.99975785 -0.00155367 0.02195060
vn -0.99999601 -0.00262985 0.00103305
vn -0.99997424 0.00462946 0.00548589
vn -0.99994427 -0.00375121 0.00986793
vn -0.99998878 0.00367222 0.00299205
vn -0.99995925 -0.00523266 0.00735593
vn -0.99981238 -0.01874298 0.00488969
vn -0.99999979 -0.00028695 0.00058946
vn -0.99998167 -0.00257154 0.00548096
vn -0.99995179 -0.00945748 0.00263916
vn -0.99996839 0.00678524 0.00414374
vn -0.99982660 0.01796217 0.00491210
vn -0.99998492 -0.00023342 0.00548684
vn -0.99986356 0.01164057 0.01171989
vn -0.99990090 0.00608212 0.01269656
vn -0.99998197 0.00166003 0.00577179
vn -0.99998083 0.00163282 0.00597336
vn -0.99987403 0.00284500 0.01561495
vn -0.99988758 0.00274186 0.01474121
vn -0.99981820 0.00331393 0.01877736
vn -0.99996436 0.00741478 0.00403679
vn -0.99991942 0.01152652 0.00531930
vn -0.99976087 0.01874232 0.01126603
vn -0.99999937 -0.00067688 -0.00089362
vn -0.99995727 -0.00128088 0.00915538
vn -0.99960342 -0.00930042 0.02658023
vn -0.99976002 -0.01268467 0.01786083
vn -0.99975717 -0.01104727 0.01906728
vn -0.99999354 -0.00230183 -0.00276184
vn -0.99998090 -0.00490522 -0.00376089
vn -0.99999715 -0.00228540 0.00068637
vn -0.99999294 -0.00263833 -0.00267412
vn -0.99996915 -0.00259255 -0.00741459
vn -0.99991810 -0.01224600 0.00371882
vn -0.99999721 0.00057757 -0.00229056
vn -0.99984987 -0.00535890 0.01647796
vn -0.99996278 -0.00564422 0.00652592
vn -0.99999353 0.00348202 0.00090157
vn -0.99999531 -0.00305832 0.00016256
vn -0.99999691 0.00179078 -0.00172430
vn -0.99998582 0.00516673 0.00129007
vn -0.99995591 -0.00180393 0.00921578
vn -0.99981527 -0.00508445 0.01853553
vn -0.99973972 0.00601234 0.02200760
vn -0.99982531 -0.00237423 0.01853939
vn -0.99974584 0.00599736 0.02173232
vn -0.99960176 -0.01136456 0.02582969
vn -0.99960200 0.00349939 0.02799289
vn -0.99969650 0.00654498 0.02375012
vn -0.99995897 0.00517133 0.00743744
vn -0.99980464 0.00164659 0.01969693
vn -0.99992899 -0.00502440 0.01080640
vn -0.99985787 -0.01348418 0.01012022
vn -0.99964875 -0.02380403 0.01165058
vn -0.99980523 -0.00827042 -0.01791905
vn -0.99992842 -0.01027559 0.00612941
vn -0.99969187 -0.01154642 0.02197373
vn -0.99996819 -0.00545408 0.00581924
vn -0.99997704 -0.00001255 0.00677691
vn -0.99999217 0.00053067 -0.00392123
vn -0.99993921 0.00766567 0.00792601
vn -0.99998568 0.00523735 -0.00109878
vn -0.99999679 0.00235582 -0.00092802
vn -0.99999357 -0.00325962 0.00149352
vn -0.99999142 -0.00370426 0.00185191
vn -0.99996145 0.00324189 0.00815969
vn -0.99995845 -0.00870923 0.00269213
vn -0.99997047 -0.00764085 0.00082295
vn -0.99997443 -0.00692945 0.00176708
vn -0.99999614 0.00102208 0.00258355
vn -0.99963367 -0.01112047 0.02467498
vn -0.99999308 -0.00121829 -0.00351507
vn -0.99972221 -0.01007939 0.02130521
vn -0.99999821 -0.00016807 -0.00188669
vn -0.99990048 -0.00714026 0.01216778
vn -0.99999279 0.00069187 0.00373439
vn -0.99998618 0.00198449 -0.00486898
vn -0.99999693 0.00115369 0.00219077
vn -0.99998992 -0.00196264 -0.00403774
vn -0.99996008 0.00250593 -0.00857654
vn -0.99999466 -0.00325939 -0.00022512
vn -0.99990267 0.00202449 0.01380390
vn -0.99995697 0.00318499 0.00871229
vn -0.99990939 0.00249072 -0.01322921
vn -0.99990498 -0.00940791 -0.01007614
vn -0.99988430 -0.00744664 0.01326377
vn -0.99991022 -0.00665313 -0.01163167
vn -0.99990064 -0.01193078 -0.00750729
vn -0.99959419 -0.02173572 0.01841245
vn -0.99987494 -0.00933012 0.01276896
vn -0.99985802 -0.01381409 -0.00964905
vn -0.99996810 -0.00797638 -0.00043105
vn -0.99942401 0.00127059 0.03391214
vn -0.99993173 -0.00621659 0.00989440
vn -0.99995090 -0.00162341 0.00977590
vn -0.99691079 -0.07630108 0.01862861
vn -0.98022034 -0.19751130 0.01254455
vn -0.97511911 -0.22168135 -0.00030473
vn -0.99954693 -0.02710317 0.01309026
vn -0.99979970 -0.02001414 -0.00005691
vn -0.99963338 -0.02702396 0.00167896
vn -0.99957141 -0.02543909 0.01448633
vn -0.99994928 -0.00977691 0.00241800
vn -0.99993232 -0.00558037 0.01020894
vn -0.99980228 -0.01549939 0.01245655
vn -0.99971574 -0.01835740 0.01521348
vn -0.98870880 -0.14983266 -0.00225368
vn -0.99996054 0.00861064 0.00218477
vn -0.99230613 -0.12341192 0.00990209
vn -0.99622392 -0.08368667 0.02311800
vn -0.99994256 -0.00624197 0.00871325
vn -0.99977221 -0.01174078 0.01782362
vn -0.99983497 -0.01322496 0.01245495
vn -0.99992732 -0.01169680 0.00292135
vn -0.91659353 0.22598461 -0.32982915
vn -0.99996449 -0.00608003 0.00583525
vn -0.99975889 -0.02172767 0.00317466
vn -0.99998929 -0.00462187 0.00022880
vn -0.99998753 -0.00498212 0.00035197
vn -0.95962399 -0.28113636 -0.00917341
vn -0.99598828 -0.08941511 0.00350429
vn -0.98805613 -0.15388650 0.00800125
vn -0.99987389 -0.01539026 0.00391785
vn -0.96090861 -0.27686345 0.00112658
vn -0.99567578 -0.09275394 -0.00514241
vn -0.99983418 -0.01142866 0.01417718
vn -0.99980820 -0.00954869 0.01709939
vn -0.99036239 -0.13765584 0.01527124
vn -0.99941410 -0.01288127 0.03171000
vn -0.99818000 -0.04982543 0.03397236
vn -0.99967118 -0.00560469 0.02502224
vn -0.99988196 -0.01297873 0.00822266
vn -0.99993361 -0.01143168 0.00144872
vn -0.99983999 -0.01560800 0.00873975
vn -0.99832277 -0.01609597 0.05561080
vn -0.99859191 -0.00564319 0.05274796
vn -0.99971346 -0.00703592 0.02287989
vn -0.99893492 -0.00431639 0.04593904
vn -0.99343333 -0.09629448 0.06178670
vn -0.99945461 -0.02671135 0.01941602
vn -0.99984673 0.00151520 0.01744210
vn -0.99989351 -0.00196832 0.01446007
vn -0.99986654 -0.00190467 0.01622568
vn -0.99987916 -0.01007407 0.01184011
vn -0.99968202 -0.01337066 0.02137971
vn -0.99953322 -0.02544758 0.01690475
vn -0.99980422 -0.01916466 0.00492335
vn -0.99966180 -0.01779669 0.01896219
vn -0.99993140 -0.01135046 0.00289337
vn -0.99991506 -0.01197448 0.00514667
vn -0.99987058 -0.00958378 0.01292181
vn -0.99982532 -0.01358087 0.01284108
vn -0.99994257 -0.01060358 -0.00155800
vn -0.99986135 -0.00845629 0.01434471
vn -0.99958496 -0.01378160 0.02529761
vn -0.99973831 -0.01249724 0.01916081
vn -0.99965009 -0.00972274 0.02460029
vn -0.99973306 -0.01090599 0.02036842
vn -0.99981275 -0.01043096 0.01629904
vn -0.99995653 -0.00539193 0.00760688
vn -0.99998428 -0.00154025 0.00539079
vn -0.99997783 -0.00662197 0.00070090
vn -0.99985096 -0.00561061 0.01632712
vn -0.99985017 -0.01412566 0.01000548
vn -0.99999986 0.00050074 -0.00016483
vn -0.99999753 -0.00221935 -0.00010053
vn -0.99969830 0.00637828 0.02371961
vn -0.99999431 0.00274070 0.00196897
vn -0.99998590 -0.00494851 -0.00192886
vn -0.99997120 -0.00704390 0.00282473
vn -0.99979879 -0.01998368 0.00174337
vn -0.99998133 -0.00439002 0.00424949
vn -0.99998345 -0.00448559 0.00360365
vn -0.99998824 -0.00163340 0.00456619
vn -0.99999556 -0.00219114 0.00201842
vn -0.99984917 -0.01060744 0.01375226
vn -0.99994041 -0.00549375 0.00943361
vn -0.99998895 -0.00469664 0.00018434
vn -0.99994424 -0.01040791 0.00178402
vn -0.99978672 -0.01703861 0.01167082
vn -0.99988480 -0.01071524 0.01075035
vn -0.99992664 -0.00514309 0.01096604
vn -0.99982084 -0.00597137 0.01796167
vn -0.99987702 0.00014020 0.01568192
vn -0.99980187 -0.00082258 0.01988834
vn -0.99963356 -0.01123574 0.02462714
vn -0.99984959 -0.01342909 0.01097490
vn -0.99963325 -0.00693357 0.02617811
vn -0.99984738 -0.01619839 0.00654402
vn -0.99989158 -0.00649798 0.01321393
vn -0.99985963 -0.01435412 0.00864168
vn -0.99991262 -0.00734806 0.01098881
vn -0.99950614 -0.01883929 0.02515082
vn -0.99965885 -0.01221467 0.02308649
vn -0.99931138 -0.01081935 0.03549232
vn -0.99968343 -0.00140479 0.02512112
vn -0.99976825 -0.01549563 0.01494417
vn -0.99983670 0.00078949 0.01805386
vn -0.99984367 0.00374004 0.01728155
vn -0.99977188 -0.01100903 0.01830283
vn -0.99987859 -0.00132383 0.01552565
vn -0.99982781 -0.01290420 0.01333507
vn -0.99980618 -0.01296554 0.01481572
vn -0.99995681 -0.00810703 0.00454382
vn -0.99978672 -0.01807190 0.00999635
vn -0.99983741 -0.01591010 0.00848664
vn -0.99977754 -0.01750818 0.01176136
vn -0.99962496 -0.02231806 0.01586958
vn -0.99948696 -0.02841508 0.01477835
vn -0.99944907 -0.02342300 0.02351412
vn -0.99934361 -0.02459976 0.02659342
vn -0.99961349 -0.01435348 0.02380851
vn -0.99969729 -0.01172193 0.02163140
vn -0.99968525 -0.01167349 0.02220653
vn -0.99964098 -0.01676162 0.02090345
vn -0.99944215 -0.02843297 0.01752016
vn -0.99973481 -0.01397343 0.01830468
vn -0.99965669 -0.02361971 0.01134048
vn -0.99984670 -0.01025427 0.01419250
vn -0.99975505 -0.00993269 0.01977812
vn -0.99985787 -0.01437248 -0.00881362
vn -0.99972523 -0.02207927 0.00787219
vn -0.99970467 -0.01823380 0.01606537
vn -0.99995305 -0.00647557 0.00720802
vn -0.99934669 -0.02635880 0.02472681
vn -0.99967246 -0.01373919 0.02159161
vn -0.99984970 -0.00972883 0.01435014
vn -0.99996215 -0.00863394 -0.00107263
vn -0.99993907 -0.01043318 -0.00360526
vn -0.99999508 -0.00239010 0.00203060
vn -0.99997921 -0.00187617 0.00616883
vn -0.99970953 -0.00624126 0.02327862
vn -0.99960756 0.00242459 0.02790783
vn -0.99965776 -0.00676244 0.02527109
vn -0.99964949 -0.00502290 0.02599347
vn -0.99953167 -0.01137615 0.02840815
vn -0.99978091 -0.01096200 0.01783169
vn -0.99972290 -0.00305725 0.02334039
vn -0.99980532 -0.00391627 0.01933891
vn -0.99965262 -0.01411913 0.02225492
vn -0.99985770 0.00049251 0.01686246
vn -0.99961496 -0.00411114 0.02744134
vn -0.99968598 -0.01446321 0.02046363
vn -0.99978944 -0.00403966 0.02011872
vn -0.99929742 0.00206720 0.03742186
vn -0.99952679 -0.01714374 0.02553982
vn -0.99965925 -0.00879061 0.02457862
vn -0.99935180 -0.00952496 0.03471682
vn -0.99991885 -0.00833569 0.00963380
vn -0.99953324 0.00278541 0.03042270
vn -0.99921325 -0.00764560 0.03891571
vn -0.99983345 -0.00102417 0.01822129
vn -0.99969117 -0.01491495 0.01987714
vn -0.99923387 -0.02585567 0.02937962
vn -0.99974903 -0.01166524 0.01912597
vn -0.99995659 -0.00929863 0.00059215
vn -0.99970203 -0.01261434 0.02089800
vn -0.99997765 -0.00460556 0.00484733
vn -0.99996771 -0.00781096 0.00188693
vn -0.99989431 -0.00889305 0.01150139
vn -0.99981460 -0.00630088 0.01819509
vn -0.99997922 -0.00585733 0.00269348
vn -0.99995227 0.00120696 0.00969513
vn -0.99992006 0.00754551 0.01014579
vn -0.99918049 -0.00152758 0.04044757
vn -0.99948403 0.01855499 0.02621819
vn -0.99995187 -0.00957311 0.00214568
vn -0.99996263 -0.00847153 -0.00172546
vn -0.99976650 -0.01873749 -0.01076315
vn -0.99973353 -0.01297416 0.01909305
vn -0.99976778 -0.00692608 0.02040602
vn -0.99973870 -0.01444214 0.01771893
vn -0.99975531 -0.00648122 0.02114997
vn -0.99927710 -0.01060811 0.03650675
vn -0.99961276 -0.00506991 0.02736099
vn -0.99977824 0.01340892 0.01623801
vn -0.99985560 0.01299143 0.01095457
vn -0.99974255 0.01817605 0.01358167
vn -0.99392005 0.10907960 0.01498594
vn -0.99637781 0.08451860 0.00937316
vn -0.99953369 0.01035249 0.02872671
vn -0.99944644 0.03230571 0.00794652
vn -0.99992164 0.01142630 0.00511414
vn -0.99994888 0.00999009 -0.00156322
vn -0.99994112 -0.00160757 0.01073225
vn -0.95971301 0.28052913 0.01594815
vn -0.99996817 0.00794056 -0.00078078
vn -0.99992506 0.01206822 0.00205780
vn -0.99941519 0.03334892 0.00755831
vn -0.99997595 -0.00507469 0.00472782
vn -0.99444684 0.10507644 0.00586766
vn -0.99990977 0.01272872 -0.00429304
vn -0.99989300 0.00799099 0.01225292
vn -0.99944608 0.02824101 0.01760621
vn -0.99987037 0.00842593 0.01372055
vn -0.99970431 -0.02232255 0.00964384
vn -0.99990798 -0.01321442 0.00306839
vn -0.99991115 -0.01263881 0.00423619
vn -0.99984354 -0.01310713 0.01187847
vn -0.99999514 -0.00245982 -0.00191421
vn -0.99994889 -0.00997020 0.00167705
vn -0.99985370 -0.01610791 -0.00575400
vn -0.99969827 -0.02290716 0.00886711
vn -0.99981334 -0.01923984 0.00176450
vn -0.99980759 -0.01638023 0.01079204
vn -0.99994917 -0.00966613 0.00286791
vn -0.99997988 -0.00474776 0.00420797
vn -0.99992200 -0.01231106 -0.00210371
vn -0.99996290 -0.00841185 -0.00185492
vn -0.99972275 -0.01471783 0.01837960
vn -0.99998184 -0.00520063 0.00304588
vn -0.99952128 -0.02029508 0.02335216
vn -0.99937498 -0.01208041 0.03322208
vn -0.99973696 -0.00487271 0.02241116
vn -0.99994736 -0.01024877 0.00048553
vn -0.99941645 -0.02139911 0.02662393
vn -0.99975469 -0.00478612 0.02162538
vn -0.99975585 -0.01344838 0.01753226
vn -0.99998259 -0.00587087 0.00060157
vn -0.99999052 -0.00360657 -0.00243939
vn -0.99995935 -0.00458239 0.00776516
vn -0.99986836 -0.00871935 0.01368360
vn -0.99988974 -0.01464216 0.00247103
vn -0.99982365 -0.00897656 0.01649492
vn -0.99991362 -0.01162394 0.00613484
vn -0.99998766 -0.00450923 0.00208464
vn -0.99993953 -0.00648963 0.00887757
vn -0.99988640 -0.00956728 0.01164697
vn -0.99978879 -0.01206554 0.01663697
vn -0.99984311 -0.00899744 0.01525762
vn -0.99982274 -0.01191110 0.01458140
vn -0.99973045 -0.00981987 0.02103788
vn -0.99971725 -0.01232431 0.02033572
vn -0.99970333 -0.00764156 0.02312681
vn -0.99986223 -0.01247645 0.01094832
vn -0.99984671 -0.00778806 0.01568136
vn -0.99965988 -0.00717354 0.02507317
vn -0.99992360 -0.00954743 0.00785089
vn -0.99965020 -0.01191122 0.02361342
vn -0.99996259 -0.00645873 0.00575385
vn -0.99994446 -0.00700536 0.00787467
vn -0.99996731 -0.00626064 0.00511687
vn -0.99996115 -0.00720179 0.00508261
vn -0.99997275 -0.00375387 0.00635696
vn -0.99995391 -0.00663271 0.00694088
vn -0.99998522 -0.00517307 0.00167056
vn -0.99997023 -0.00478071 0.00605740
vn -0.99999673 0.00236720 0.00096518
vn -0.99985716 0.00785469 0.01496543
vn -0.99998019 0.00550563 -0.00305247
vn -0.99990759 -0.01014191 0.00905320
vn -0.99994865 -0.00424209 0.00920356
vn -0.99996401 -0.00116432 0.00840350
vn -0.99990423 -0.00695858 0.01196289
vn -0.99927390 -0.01477251 0.03512039
vn -0.99979482 -0.01089988 0.01707375
vn -0.99985455 -0.01704644 0.00054838
vn -0.99982368 -0.00487382 0.01813444
vn -0.99981571 -0.00713252 0.01782329
vn -0.99971431 -0.00767968 0.02263432
vn -0.99979932 -0.01003029 0.01734083
vn -0.99985381 -0.00714959 0.01553190
vn -0.99992163 -0.00645655 0.01072560
vn -0.99971472 -0.00260777 0.02374180
vn -0.99946594 -0.00551847 0.03220853
vn -0.99965878 -0.00344662 0.02589291
vn -0.99892749 -0.01156613 0.04483414
vn -0.99917711 -0.00631276 0.04006565
vn -0.99952306 0.00135397 0.03085146
vn -0.99998898 0.00412403 0.00224422
vn -0.99969458 -0.00459087 0.02428304
vn -0.99943629 -0.00340447 0.03339926
vn -0.99970737 -0.00229996 0.02408083
vn -0.99962775 -0.00178926 0.02722427
vn -0.99931913 -0.02079381 0.03047789
vn -0.99950205 -0.00351907 0.03135702
vn -0.99994624 -0.00427447 0.00944716
vn -0.99996790 -0.00388274 0.00700887
vn -0.99993823 -0.01097859 0.00173272
vn -0.99998275 -0.00547171 0.00213681
vn -0.99999492 -0.00265935 0.00175905
vn -0.99998647 -0.00215950 -0.00473323
vn -0.99997517 -0.00614277 -0.00345290
vn -0.99995741 -0.00714216 -0.00584473
vn -0.99036447 0.00009924 -0.13848543
vn -0.99985639 -0.00230226 -0.01678972
vn -0.98921862 -0.00628021 -0.14631155
vn -0.99998644 -0.00467041 -0.00230422
vn -0.99996502 -0.00635598 -0.00543745
vn -0.99999962 -0.00061300 -0.00062128
vn -0.99997623 -0.00666444 -0.00176506
vn -0.99994369 -0.00637814 -0.00848117
vn -0.99970202 -0.01226043 0.02110832
vn -0.99999444 -0.00166731 -0.00288929
vn -0.99994649 -0.00365670 -0.00967694
vn -0.99996708 -0.00616571 -0.00527491
vn -0.99988276 -0.01320837 0.00774637
vn -0.99994138 -0.00294317 0.01042026
vn -0.99977535 -0.01292074 0.01680161
vn -0.99990160 -0.00173473 0.01392034
vn -0.99993559 -0.00252393 0.01106571
vn -0.99994869 -0.00989076 -0.00218899
vn -0.99895861 0.00090622 -0.04561671
vn -0.99992977 -0.01175922 -0.00147253
vn -0.99990518 0.00353960 0.01330803
vn -0.99977571 0.00480755 0.02062562
vn -0.99909746 0.00654732 -0.04196908
vn -0.99995464 0.00740072 0.00599585
vn -0.99986096 0.00721067 0.01503567
vn -0.99969788 0.01799919 -0.01673880
vn -0.99963279 0.00357733 0.02686046
vn -0.99926514 -0.02325214 0.03047172
vn -0.99927072 -0.02255381 0.03081145
vn -0.99991942 0.01083368 -0.00661658
vn -0.99286116 0.01075710 -0.11878975
vn -0.99985162 0.00388629 -0.01678189
vn -0.99831545 -0.00400565 0.05788102
vn -0.99958141 -0.01867477 0.02209660
vn -0.99783736 -0.03575927 0.05515318
vn -0.99927956 -0.02482525 0.02870656
vn -0.99964727 -0.00494981 0.02609273
vn -0.99963988 0.01566216 0.02179004
vn -0.99950929 0.01780531 0.02577112
vn -0.99963341 0.00975451 0.02525653
vn -0.99926596 -0.02995978 0.02387348
vn -0.99967056 -0.01619812 0.01990940
vn -0.99928859 -0.02415446 0.02896326
vn -0.99984119 -0.01350313 0.01162977
vn -0.99979043 -0.01702874 0.01136307
vn -0.99997965 -0.00508061 0.00385920
vn -0.99993887 -0.01067360 -0.00288787
vn -0.99996957 -0.00694770 -0.00354936
vn -0.99976803 -0.01649564 -0.01384825
vn -0.99985328 -0.01672181 -0.00371566
vn -0.99992285 -0.00329173 -0.01197703
vn -0.99976343 -0.02033109 -0.00772885
vn -0.99994515 0.00591377 -0.00864409
vn -0.99980011 -0.01329376 0.01493400
vn -0.99994464 0.00612628 0.00855448
vn -0.99995133 0.00304415 0.00938489
vn -0.99960288 -0.02379952 0.01508858
vn -0.99974376 -0.01978262 -0.01100307
vn -0.99978756 -0.01886497 0.00830292
vn -0.99999895 0.00126059 0.00072127
vn -0.99994263 -0.00370864 0.01004877
vn -0.96937258 -0.23848599 0.05866197
vn -0.99992890 -0.00630523 0.01012074
vn -0.99973481 -0.02142955 0.00843159
vn -0.99958729 -0.02804443 0.00622526
vn -0.99983598 0.01770201 -0.00382665
vn -0.99982783 0.01852468 0.00107334
vn -0.99987756 0.01546021 0.00241995
vn -0.99999959 -0.00089849 0.00009686
vn -0.99990086 0.01082955 0.00899910
vn -0.99971713 0.01818132 0.01533310
vn -0.99995511 -0.00929776 0.00182263
vn -0.99989273 -0.01447290 -0.00225012
vn -0.99993852 -0.00977166 -0.00524206
vn -0.99999270 -0.00380378 0.00035175
vn -0.99998290 -0.00095966 -0.00576891
vn -0.99982659 -0.01000037 -0.01570951
vn -0.99998797 0.00280325 -0.00402413
vn -0.99984136 0.00076257 -0.01779521
vn -0.96846918 0.00020967 -0.24913330
vn -0.99317164 -0.00225426 -0.11664052
vn -0.99983016 -0.00754436 -0.01681448
vn -0.99998846 0.00194075 -0.00439357
vn -0.99991618 0.00009812 -0.01294684
vn -0.99998295 0.00404694 -0.00421028
vn -0.99981970 0.00049186 -0.01898199
vn -0.99991700 0.01213586 0.00432555
vn -0.99993072 0.00564958 -0.01032638
vn -0.99992910 0.00944596 -0.00725028
vn -0.99995443 0.00488236 -0.00820328
vn -0.99999255 -0.00297986 0.00245185
vn -0.98091777 0.19431567 0.00646139
vn -0.98183795 0.18967811 -0.00405540
vn -0.99287595 0.11797272 -0.01672659
vn -0.99996903 -0.00296240 -0.00729163
vn -0.99947724 0.00266081 -0.03222060
vn -0.99941850 -0.00310614 -0.03395604
vn -0.96454045 -0.00389645 -0.26390630
vn -0.99843344 0.00354397 -0.05583995
vn -0.97545754 0.22000873 -0.00887449
vn -0.99980051 0.00421256 -0.01952424
vn -0.99947857 0.02956040 -0.01299113
vn -0.99807006 0.05629606 -0.02620880
vn -0.99904260 -0.00817133 -0.04297799
vn -0.98792612 0.15337739 0.02184854
vn -0.99940034 0.03188935 0.01349161
vn -0.99281581 0.11810104 0.01920714
vn -0.99963926 0.02625352 -0.00566561
vn -0.99998292 0.00233161 0.00535875
vn -0.99993936 -0.00323563 0.01052621
vn -0.99995855 0.00607871 0.00677842
vn -0.99996931 -0.00587963 0.00517798
vn -0.99986122 -0.00053530 0.01665082
vn -0.99972048 0.00554239 0.02298344
vn -0.97561176 0.21950310 0.00028961
vn -0.99020222 0.13423423 0.03848041
vn -0.99995279 -0.00279292 0.00930654
vn -0.99655455 0.08040099 0.02036450
vn -0.99997637 0.00419602 -0.00544515
vn -0.99994871 -0.00561757 0.00842694
vn -0.95296980 0.30171736 0.02855159
vn -0.99700606 0.07710944 0.00574950
vn -0.99980331 0.01406563 0.01398234
vn -0.97678504 0.21245915 -0.02742433
vn -0.99911301 -0.01628556 0.03883253
vn -0.99980197 0.00445819 0.01939446
vn -0.96174251 0.27394516 0.00232186
vn -0.99994616 0.00482990 -0.00918442
vn -0.99916009 0.03608069 -0.01942414
vn -0.99984997 -0.01572474 0.00726416
vn -0.99964898 -0.02055101 0.01672058
vn -0.99986441 0.00259607 -0.01626111
vn -0.99987215 -0.01561751 -0.00343046
vn -0.99924223 -0.01910464 0.03391146
vn -0.99913865 -0.03136304 -0.02717200
vn -0.99965571 -0.01302513 0.02277724
vn -0.99973427 -0.01124454 0.02012326
vn -0.99985453 -0.00822492 0.01494250
vn -0.99970121 -0.01159876 0.02151654
vn -0.99960932 -0.01425305 0.02404281
vn -0.99959372 -0.01307316 0.02532756
vn -0.99943104 -0.01308669 0.03108592
vn -0.99972705 -0.00258024 0.02322013
vn -0.99972323 -0.01425505 0.01871539
vn -0.99962118 -0.01538928 0.02281804
vn -0.99954983 -0.00657102 0.02927372
vn -0.99967745 -0.00917551 0.02368143
vn -0.99944119 -0.00747152 0.03258057
vn -0.99943030 -0.01100391 0.03190604
vn -0.99898097 -0.02004892 0.04043595
vn -0.99918796 0.00002323 0.04029158
vn -0.99961349 -0.00104643 0.02778094
vn -0.99976006 -0.01448978 0.01642775
vn -0.99960492 -0.00102454 0.02808849
vn -0.99903981 -0.00713962 0.04322597
vn -0.99945801 -0.01778222 0.02770334
vn -0.99918201 -0.02125132 0.03440483
vn -0.99925808 -0.01990799 0.03296902
vn -0.99880179 -0.02543703 0.04180845
vn -0.99907417 -0.02462748 0.03527447
vn -0.99919451 -0.02110981 0.03412770
vn -0.99936703 -0.01891318 0.03013027
vn -0.99982813 -0.01692961 0.00755675
vn -0.99947663 -0.03170347 0.00643069
vn -0.99970036 -0.02032533 0.01364069
vn -0.99970484 -0.02387913 0.00447498
vn -0.99997597 -0.00054338 0.00691076
vn -0.99995362 0.00514622 0.00814133
vn -0.99999278 0.00374511 0.00065095
vn -0.99993152 -0.00825590 0.00829404
vn -0.99999977 -0.00038730 -0.00055333
vn -0.99950557 -0.02976077 -0.01014423
vn -0.99871115 -0.04308041 -0.02683515
vn -0.99992589 -0.00543332 0.01089457
vn -0.99985225 -0.00595746 0.01612395
vn -0.99987974 -0.00128776 0.01545457
vn -0.99982368 -0.00586731 0.01783746
vn -0.99968613 -0.01290888 0.02147107
vn -0.99964050 -0.02458779 0.01069181
vn -0.98426020 -0.17614164 0.01435209
vn -0.99979698 -0.01733243 0.01027511
vn -0.99970159 -0.01821473 0.01627738
vn -0.99956926 -0.01431889 0.02561747
vn -0.99947682 -0.01280746 0.02969951
vn -0.99941622 -0.00565945 0.03369253
vn -0.99964798 -0.00972048 0.02468657
vn -0.99976753 -0.00574289 0.02078231
vn -0.99987014 0.00001732 0.01611504
vn -0.99981414 -0.00327293 0.01899919
vn -0.99987788 0.00079406 0.01560774
vn -0.99991944 0.00071497 0.01267294
vn -0.99983733 0.00078855 0.01801929
vn -0.99970896 -0.00698046 0.02309282
vn -0.99958563 -0.01222012 0.02606223
vn -0.99966500 -0.01291629 0.02242888
vn -0.99959427 -0.00921813 0.02695028
vn -0.99971732 -0.01490849 0.01852050
vn -0.99965668 -0.00840425 0.02481699
vn -0.99984143 -0.00201047 0.01769387
vn -0.99964763 -0.01634857 0.02091289
vn -0.99972332 -0.01788861 0.01527380
vn -0.99968411 -0.02340608 0.00915566
vn -0.99998255 -0.00565651 -0.00170127
vn -0.99972443 -0.00463509 0.02301266
vn -0.99997573 -0.00208303 0.00664905
vn -0.99988910 -0.00997008 0.01106274
vn -0.99947369 -0.00706576 0.03166103
vn -0.99980032 0.00721723 0.01863410
vn -0.99989942 0.00374230 0.01367978
vn -0.99996062 0.00304960 0.00833402
vn -0.99998754 -0.00073784 -0.00493779
vn -0.99995603 0.00696771 0.00627554
vn -0.99965153 0.00548637 -0.02582077
vn -0.99980659 -0.00561121 0.01884948
vn -0.99964247 0.00122731 -0.02671013
vn -0.99994519 0.00448995 0.00945813
vn -0.99960450 0.01690804 -0.02247123
vn -0.99989721 0.00973741 0.01052390
vn -0.99989535 0.00574577 0.01327680
vn -0.99987000 0.01423480 0.00757333
vn -0.99996121 0.00677132 0.00563344
vn -0.99992799 -0.00479664 0.01100063
vn -0.99991311 0.01134052 0.00672040
vn -0.99976193 -0.00918811 0.01979051
vn -0.99968280 -0.01448047 0.02060642
vn -0.99965023 -0.01510365 0.02170959
vn -0.99955578 -0.02908886 0.00648763
vn -0.99082337 -0.13373446 0.01959982
vn -0.99981724 0.00273391 0.01892131
vn -0.99993361 -0.00003307 0.01152292
vn -0.99999047 -0.00041765 0.00434561
vn -0.98456546 -0.17496629 -0.00420209
vn -0.99078484 -0.13542496 0.00234064
vn -0.96525227 -0.26080639 0.01637326
vn -0.99355687 -0.11047777 0.02528640
vn -0.99992678 -0.01101953 0.00500019
vn -0.99972651 0.00192045 0.02330718
vn -0.99998562 0.00389240 0.00368957
vn -0.99959591 -0.00204835 0.02835189
vn -0.99943485 -0.01666770 0.02919200
vn -0.99986465 -0.01486284 0.00705483
vn -0.99930650 -0.03449662 0.01401771
vn -0.94791214 -0.31846439 -0.00655780
vn -0.99744696 -0.07075284 0.00967472
vn -0.98881421 -0.14909439 0.00416150
vn -0.94164573 -0.33637194 0.01253943
vn -0.99914430 -0.00573430 0.04096074
vn -0.99931311 -0.01168437 0.03516793
vn -0.99977609 0.00326141 0.02090770
vn -0.99969837 -0.01720919 0.01752183
vn -0.99925223 -0.01419962 0.03596327
vn -0.99970302 0.00171571 -0.02430911
vn -0.99999647 -0.00137211 -0.00227733
vn -0.99996900 -0.00565698 -0.00547681
vn -0.99913247 0.01351242 -0.03939190
vn -0.99967071 0.00958711 -0.02380240
vn -0.99983412 0.00083691 -0.01819414
vn -0.99939065 0.00994983 -0.03345628
vn -0.99898559 0.00454810 -0.04480077
vn -0.99993138 0.00413028 -0.01096254
vn -0.99983791 0.00631798 -0.01685946
vn -0.99996181 0.00320625 -0.00813004
vn -0.99937324 0.00819988 -0.03443682
vn -0.99981462 0.00312099 -0.01899970
vn -0.99996246 -0.00329003 -0.00801530
vn -0.99980845 -0.01659011 -0.01038380
vn -0.99954608 -0.01058569 -0.02820614
vn -0.99988668 0.00265197 -0.01481843
vn -0.99989633 -0.00677892 -0.01270300
vn -0.99960905 -0.02464990 -0.01319610
vn -0.99958732 -0.02356303 -0.01643116
vn -0.99934449 -0.03351748 -0.01368097
vn -0.99942361 -0.02829445 -0.01875810
vn -0.99836591 -0.04678895 -0.03280699
vn -0.99774513 -0.04811127 -0.04679709
vn -0.99861260 -0.04309127 -0.03026586
vn -0.99820130 -0.03970263 -0.04492065
vn -0.99855876 -0.03757678 -0.03831964
vn -0.99951763 0.00267820 -0.03094077
vn -0.94441492 -0.32812318 0.02038693
vn -0.99400259 -0.10909997 0.00748674
vn -0.99998307 -0.00433354 0.00388305
vn -0.99865777 -0.05122990 -0.00762549
vn -0.99956869 -0.01603916 0.02460040
vn -0.99997559 -0.00000367 0.00698722
vn -0.99998105 -0.00402323 -0.00465893
vn -0.99969975 -0.01022590 0.02226766
vn -0.99989841 0.01239894 0.00703047
vn -0.99972672 -0.00144424 -0.02333238
vn -0.99995556 -0.00804087 0.00492240
vn -0.99937041 -0.02957719 -0.01959522
vn -0.99954815 -0.00173321 -0.03000830
vn -0.99983134 0.00199605 -0.01825676
vn -0.99939628 0.00471191 -0.03442186
vn -0.99980199 0.00382320 -0.01952849
vn -0.99908198 -0.00721783 -0.04222689
vn -0.99793483 -0.02118895 -0.06063921
vn -0.99828190 0.05077543 0.02924202
vn -0.99737640 0.06532387 0.03119464
vn -0.98271571 0.18462752 0.01350985
vn -0.99829027 0.05512379 0.01943989
vn -0.98422801 0.17646452 0.01246958
vn -0.97872439 0.20401898 0.02179054
vn -0.99043878 0.13781158 0.00624399
vn -0.99872810 -0.01648795 -0.04764800
vn -0.98244835 0.18462175 0.02664659
vn -0.99082908 -0.13205437 -0.02862459
vn -0.99895403 0.00993431 -0.04463366
vn -0.99847077 0.00610016 -0.05494461
vn -0.99688442 0.07858171 0.00680974
vn -0.99852354 0.05346707 0.00959280
vn -0.99000432 -0.13814111 -0.02843367
vn -0.97707667 -0.13477124 -0.16479652
vn -0.98530910 0.00971677 -0.17050382
vn -0.99858438 0.00324276 -0.05309162
vn -0.99741987 0.00592697 -0.07154354
vn -0.99814827 0.00268063 -0.06076882
vn -0.99816800 0.00888805 -0.05984687
vn -0.99787016 0.00586249 -0.06496742
vn -0.99787375 0.00618000 -0.06488283
vn -0.99687937 0.00911499 -0.07841197
vn -0.99700428 0.01252869 -0.07632498
vn -0.99816051 0.01373762 -0.05904970
vn -0.99744646 0.01516263 -0.06979010
vn -0.99812747 0.01368165 -0.05961850
vn -0.99801752 0.01688321 -0.06063000
vn -0.99835059 0.01382355 -0.05572253
vn -0.99926701 0.01722803 -0.03418543
vn -0.99802386 0.01534880 -0.06093269
vn -0.99770810 0.02014565 -0.06459648
vn -0.99832041 0.01877095 -0.05480887
vn -0.99846224 0.01809338 -0.05240028
vn -0.99895970 0.01330001 -0.04361914
vn -0.99856926 0.01516636 -0.05127781
vn -0.99847959 0.01087800 -0.05403870
vn -0.99905729 0.01058614 -0.04210066
vn -0.99883831 0.00908682 -0.04732295
vn -0.99809874 0.01063500 -0.06071082
vn -0.99801150 0.01443202 -0.06135760
vn -0.98027200 0.01627870 0.19698173
vn -0.99681210 0.00948475 -0.07921922
vn -0.99791457 -0.00217445 -0.06451192
vn -0.99846435 0.02640823 -0.04869863
vn -0.99852916 0.01659272 -0.05161582
vn -0.99780683 0.02127408 -0.06268130
vn -0.99868182 0.01527811 -0.04900202
vn -0.99892660 0.00585025 -0.04595027
vn -0.99576285 0.02383997 -0.08881442
vn -0.99392458 0.01537369 -0.10898434
vn -0.99493268 0.00754346 -0.10025992
vn -0.99636010 -0.00975338 -0.08468429
vn -0.99749559 -0.00945908 -0.07009326
vn -0.99746886 0.02419233 -0.06686259
vn -0.99823184 0.03270040 -0.04963746
vn -0.98361719 0.00791739 -0.18009591
vn -0.99038200 -0.02001971 -0.13690398
vn -0.94375754 0.00637083 0.33057695
vn -0.99813700 -0.00480212 -0.06082329
vn -0.99733220 0.00143851 -0.07298234
vn -0.99730199 -0.00319058 -0.07333869
vn -0.99865434 0.02209405 -0.04691860
vn -0.98430027 -0.17001222 -0.04742165
vn -0.98685111 -0.15495821 0.04596560
vn -0.92614902 -0.36464932 -0.09632689
vn -0.99632561 0.08392764 0.01707143
vn -0.99816097 -0.03748490 -0.04763991
vn -0.99379672 -0.04286093 0.10262075
vn -0.99873952 -0.04949760 -0.00832811
vn -0.99769040 -0.05414762 -0.04101100
vn -0.99864634 -0.02885163 -0.04327901
vn -0.99796310 -0.03686142 -0.05206609
vn -0.99816146 -0.01201914 -0.05940737
vn -0.99962028 -0.02149185 -0.01724492
vn -0.99983256 -0.01785790 0.00399221
vn -0.99404747 -0.03787203 -0.10215353
vn -0.99721549 -0.00444014 -0.07444163
vn -0.99855367 -0.02124049 -0.04939035
vn -0.93281087 -0.35672510 -0.05109879
vn -0.99699830 0.00749755 -0.07705962
vn -0.99696029 -0.05224736 -0.05779619
vn -0.99696744 -0.05903938 -0.05069787
vn -0.99683031 -0.06500089 -0.04587165
vn -0.99659218 0.07405663 0.03632686
vn -0.99635196 0.08337946 0.01818357
vn -0.96987705 0.24339558 0.00985426
vn -0.98437859 -0.17098113 0.04200279
vn -0.99849988 -0.01914751 -0.05129684
vn -0.99407619 0.00077618 -0.10868270
vn -0.99470587 0.10064732 -0.02074509
vn -0.96727221 -0.25312382 0.01768658
vn -0.93184415 -0.36024627 0.04346377
vn -0.89451550 -0.44701048 0.00486272
vn -0.99491095 0.00648508 -0.10054926
vn -0.99505286 0.02916315 -0.09497003
vn -0.99267074 0.02074951 -0.11905567
vn -0.99098016 0.01537819 -0.13312341
vn -0.98309370 0.01454609 0.18252449
vn -0.98977633 0.13836734 0.03460198
vn -0.96718821 0.25316897 -0.02127060
vn -0.98334492 0.17609473 0.04498238
vn -0.93948747 -0.34001203 0.04189398
vn -0.89988238 -0.40694046 0.15687948
vn -0.94909884 -0.31497808 0.00045739
vn -0.96166040 -0.27419024 0.00538413
vn -0.98464001 0.17353588 0.01921862
vn -0.98766353 0.15645965 0.00641384
vn -0.96357306 0.26661755 0.02102469
vn -0.98124010 -0.19278911 -0.00048073
vn -0.97944855 0.20104867 0.01612384
vn -0.98548760 0.00478008 -0.16968011
vn -0.97663168 -0.21488595 0.00381917
vn -0.98145645 0.19168524 0.00008283
vn -0.97981144 0.19918768 -0.01714118
vn -0.97506975 -0.22140436 -0.01480153
vn -0.98049859 -0.00030915 -0.19652590
vn -0.95319016 -0.00684818 -0.30229392
vn -0.97857705 0.00089655 -0.20587899
vn -0.97634664 0.21564329 0.01565909
vn -0.96658266 0.25632232 -0.00410244
vn -0.95507846 -0.29474724 0.03080911
vn -0.96720949 -0.01636662 0.25345203
vn -0.96621321 -0.01582775 0.25725767
vn -0.94687108 -0.32139501 0.01184961
vn -0.96690094 -0.25501774 0.00827758
vn -0.90845555 -0.41703640 0.02809205
vn -0.96505393 -0.26192650 0.00808837
vn -0.96347389 -0.26693795 0.02149865
vn -0.96177408 -0.27220857 0.02988490
vn -0.96477068 0.01643493 -0.26257843
vn -0.94930914 0.00961463 -0.31419692
vn -0.95378687 -0.30047120 -0.00276818
vn -0.95903203 0.28281267 0.01656994
vn -0.93998116 0.00117425 -0.34122432
vn -0.94215791 -0.33477308 -0.01629310
vn -0.94459526 -0.12129039 -0.30500562
vn -0.95280982 0.02088417 -0.30284864
vn -0.73267528 -0.67922507 0.04289792
vn -0.91373820 -0.40337136 -0.04872415
vn -0.80634899 0.02065075 -0.59107940
vn -0.93205373 0.36191556 0.01711625
vn -0.93240535 0.36105507 0.01610914
vn -0.91116068 -0.32763377 -0.24988463
vn -0.92253372 -0.38584815 0.00726216
vn -0.90062098 0.42958385 0.06587535
vn -0.91841219 0.39372060 -0.03877044
vn -0.82281573 0.56599205 0.05125703
vn -0.61110018 0.79143234 0.01383528
vn -0.90243268 0.43076330 -0.00763101
vn -0.80558313 0.59212061 0.02071247
vn -0.63841909 0.76785570 0.05309129
vn -0.88818595 0.02503843 0.45880148
vn -0.87305342 0.00274174 -0.48761687
vn -0.80091684 -0.59843076 0.02031838
vn -0.79391945 -0.60690197 0.03690412
vn -0.82962356 -0.50798142 -0.23168863
vn -0.58346415 0.80508192 0.10683023
vn -0.82698705 0.56199185 0.01604936
vn -0.73767237 -0.67500392 0.01446342
vn -0.74678178 -0.66392112 -0.03906050
vn -0.74498931 0.03020563 0.66639218
vn -0.69903685 -0.70044875 0.14394107
vn 0.07813171 -0.99693764 0.00328160
vn 0.06638146 -0.99779027 0.00284135
vn 0.06098418 -0.99809443 0.00940433
vn 0.07645813 -0.99704207 0.00782654
vn 0.07787290 -0.99688687 0.01234398
vn 0.05852848 -0.99828186 0.00278423
vn 0.06039660 -0.99817263 0.00190980
vn 0.06171370 -0.99808509 0.00419237
vn -0.00378391 -0.99997685 0.00565446
vn -0.02884859 -0.99957128 0.00500072
vn 0.00311710 -0.99997332 0.00660627
vn 0.06571619 -0.99780434 0.00823866
vn 0.07812355 -0.99688365 0.01094112
vn 0.06253587 -0.99797756 0.01140402
vn 0.06358701 -0.99794845 0.00745543
vn 0.06107759 -0.99810862 0.00697938
vn 0.07444502 -0.99722273 0.00218285
vn 0.05721335 -0.99836111 0.00131765
vn 0.07179821 -0.99740955 0.00438362
vn 0.07518205 -0.99714481 0.00706281
vn 0.05893847 -0.99821754 0.00938063
vn 0.05362173 -0.99856087 0.00094786
vn 0.06014270 -0.99818186 0.00397870
vn -0.04887784 -0.99879869 0.00348438
vn 0.04411676 -0.99902619 0.00061170
vn -0.04550990 -0.99896004 -0.00277236
vn 0.05587633 -0.99843474 0.00242842
vn 0.06278080 -0.99790517 0.01561553
vn 0.07827870 -0.99690734 0.00694275
vn 0.08490563 -0.99638725 0.00186594
vn 0.08832965 -0.99607097 0.00636410
vn 0.07641315 -0.99704437 0.00797273
vn 0.09488328 -0.99542801 0.01096547
vn 0.10309931 -0.99457804 0.01360315
vn 0.10141125 -0.99483308 0.00478517
vn 0.07289909 -0.99733905 -0.00074126
vn 0.10012714 -0.99497316 -0.00172418
vn 0.10070889 -0.99491561 0.00080667
vn 0.08179645 -0.99664680 0.00212083
vn 0.10024448 -0.99495853 -0.00292645
vn 0.08375365 -0.99648222 -0.00291730
vn 0.07557573 -0.99713965 -0.00090663
vn 0.08010217 -0.99678349 -0.00251327
vn 0.09364405 -0.99559974 -0.00345795
vn 0.09476487 -0.99549949 0.00062406
vn 0.09658973 -0.99532075 -0.00265302
vn 0.10089409 -0.99489401 -0.00250906
vn 0.11720698 -0.99310560 0.00194713
vn 0.11369671 -0.99348768 0.00743582
vn 0.11571131 -0.99320036 0.01280354
vn 0.10837975 -0.99398972 0.01543574
vn 0.10694484 -0.99416562 0.01405442
vn 0.08973883 -0.99588502 0.01264781
vn 0.08821666 -0.99608205 0.00619503
vn 0.14253329 -0.98977844 0.00478627
vn 0.16810475 -0.98574555 0.00682001
vn 0.17728905 -0.98410506 0.01028681
vn 0.15332265 -0.98814818 0.00743885
vn 0.09639132 -0.99528015 0.01123127
vn 0.07437943 -0.99704030 0.01945081
vn 0.11696529 -0.99297426 0.01792308
vn 0.12025807 -0.99243002 0.02491282
vn 0.28288916 -0.95878974 0.02638119
vn 0.06152848 -0.99793076 0.01866656
vn 0.18001068 -0.97967808 -0.08847039
vn 0.07294858 -0.99562580 -0.05837615
vn 0.06073802 -0.99782295 0.02569530
vn 0.04926893 -0.99867791 0.01466335
vn 0.05114258 -0.99863366 0.01073565
vn 0.04764049 -0.99885198 0.00501136
vn 0.03827550 -0.99926493 0.00214267
vn 0.05197468 -0.98989642 -0.13192309
vn 0.05281345 -0.99615863 -0.06984784
vn 0.02510450 -0.99967733 -0.00387173
vn 0.01268073 -0.99985847 -0.01105635
vn 0.02591205 -0.99963978 -0.00699070
vn 0.01419436 -0.99108471 -0.13247497
vn 0.04048860 -0.99917802 0.00199015
vn -0.00141746 -0.99999869 -0.00078696
vn 0.06924001 -0.99759687 0.00251071
vn -0.05212672 -0.99849979 0.01676218
vn -0.09812666 -0.99509634 0.01242708
vn -0.20665783 -0.97840222 -0.00465197
vn -0.03956229 -0.99918669 0.00779646
vn -0.14376723 -0.98960755 -0.00280872
vn 0.02053332 -0.99963438 0.01759256
vn 0.06162947 -0.99808391 0.00550539
vn 0.05044052 -0.99872534 0.00185553
vn 0.05334791 -0.99856591 0.00448509
vn 0.04458550 -0.99899103 0.00538981
vn 0.06278837 -0.99802532 0.00175638
vn 0.04198931 -0.99908870 0.00765941
vn 0.02452407 -0.99962486 0.01219503
vn -0.02853984 -0.99954437 0.00982530
vn -0.02958084 -0.99952546 0.00859179
vn -0.03210930 -0.99943950 0.00946992
vn -0.05049534 -0.99862040 0.01440545
vn 0.08537248 -0.99633745 0.00481868
vn 0.19433440 -0.98087168 0.01117537
vn 0.29485326 -0.95514162 0.02767740
vn 0.06142699 -0.99811122 0.00084678
vn 0.03799824 -0.99927658 0.00156333
vn 0.06649561 -0.99776109 0.00715162
vn 0.03821418 -0.99926603 0.00265914
vn 0.02177337 -0.99974436 0.00609306
vn 0.01929977 -0.99977254 0.00907659
vn 0.04219890 -0.99886936 0.02189189
vn 0.01199110 -0.99951824 0.02862679
vn 0.03059931 -0.99951096 0.00644415
vn 0.01250607 -0.99982908 0.01361664
vn -0.04237365 -0.99892564 0.01876276
vn -0.19759959 -0.98022809 0.01035840
vn -0.08931753 -0.99595357 0.00994313
vn 0.00340897 -0.99994928 0.00947728
vn 0.08592786 -0.99624034 0.01102678
vn 0.05850845 -0.98836320 0.14040992
vn 0.06822461 -0.99766684 0.00250606
vn 0.07979093 -0.99657391 0.02176803
vn 0.09155097 -0.99577731 0.00677995
vn 0.07464622 -0.99719407 0.00565107
vn 0.09524435 -0.99542613 0.00743906
vn 0.05370327 -0.99850005 0.01065864
vn 0.22180470 -0.97508468 0.00354084
vn 0.18069136 -0.98353593 0.00277497
vn 0.11080889 -0.99369313 0.01718588
vn 0.05432548 -0.99851341 0.00443988
vn 0.07485203 -0.99717301 -0.00657025
vn 0.06123962 -0.99812302 -0.00038330
vn 0.05619478 -0.99841007 -0.00441393
vn 0.12275780 -0.99242647 0.00449642
vn 0.16834313 -0.98572437 0.00283749
vn 0.09991272 -0.99499524 -0.00138325
vn 0.16041730 -0.98704864 0.00112979
vn 0.15535141 -0.98785407 0.00320642
vn 0.07175994 -0.99738484 -0.00860235
vn 0.05270536 -0.99860960 -0.00100617
vn 0.04133642 -0.99914189 -0.00260369
vn 0.03415771 -0.96589758 0.25666149
vn 0.09843642 -0.99232490 0.07484362
vn 0.03148575 -0.99858598 0.04283323
vn 0.06874993 -0.99762829 -0.00335376
vn 0.07325544 -0.99728058 -0.00806728
vn 0.10138817 -0.99484483 0.00204840
vn 0.05572945 -0.99842403 -0.00660957
vn 0.10165534 -0.99479941 0.00635047
vn 0.09090822 -0.99577028 0.01331342
vn 0.08268637 -0.99652077 0.01045516
vn 0.09220654 -0.99561414 0.01582501
vn 0.11397180 -0.99342651 0.01068653
vn 0.03365359 -0.99942914 0.00296997
vn 0.03934384 -0.99922291 0.00237319
vn 0.04600469 -0.99887986 0.01107189
vn 0.02004088 -0.99976320 0.00847987
vn 0.09330982 -0.99561605 -0.00647709
vn 0.08546093 -0.99633103 0.00457369
vn 0.09222911 -0.99573380 -0.00282554
vn 0.04753121 -0.99886975 -0.00001663
vn 0.14188798 -0.98987033 -0.00495283
vn 0.08995501 -0.99594582 0.00010163
vn 0.09468901 -0.99413097 0.05232217
vn 0.05903012 -0.99719452 0.04602760
vn 0.34472459 -0.93821495 0.03029301
vn 0.00981523 -0.99995182 -0.00013324
vn 0.42225438 -0.90644330 0.00786092
vn -0.01533034 -0.99981872 -0.01129169
vn 0.01398809 -0.97437056 -0.22451357
vn -0.01258074 -0.99967477 -0.02218281
vn -0.07348256 -0.99716491 0.01620076
vn -0.16492636 -0.98627778 0.00744591
vn 0.08504235 -0.99636235 -0.00546596
vn 0.05275874 -0.99859991 0.00383905
vn 0.05821643 -0.99830036 0.00269054
vn -0.00129770 -0.99999723 -0.00196371
vn 0.00988170 -0.99994881 0.00217378
vn 0.11691285 -0.99313956 0.00228004
vn 0.13553064 -0.99073858 0.00827766
vn 0.27972079 -0.95979479 -0.02345728
vn 0.15606229 -0.98774103 0.00349644
vn 0.28007082 -0.95995993 0.00610540
vn -0.01357182 -0.98487911 0.17271055
vn -0.11606546 -0.99321294 -0.00754082
vn 0.17846479 -0.98390974 -0.00848190
vn 0.21017980 -0.97746126 0.01984764
vn -0.05018798 -0.99872012 0.00626852
vn 0.28615919 -0.95818097 -0.00146584
vn -0.04821620 -0.97530120 -0.21555223
vn -0.18817809 -0.98200520 -0.01596221
vn 0.18635533 -0.98247717 -0.00321060
vn 0.22964858 -0.97325753 0.00559622
vn -0.35541160 -0.93462631 -0.01250056
vn -0.23113058 -0.97281144 -0.01471581
vn 0.06770662 -0.97128362 -0.22808757
vn 0.16923967 -0.98557463 0.00076749
vn 0.19106476 -0.98145305 0.01562575
vn -0.12411139 -0.99224208 -0.00721211
vn -0.14161981 -0.98991729 -0.00275667
vn -0.22405273 -0.97457060 -0.00353781
vn -0.05202071 -0.99860541 0.00900402
vn -0.08482997 -0.99639525 0.00061089
vn 0.59227927 -0.80569391 -0.00791147
vn -0.06356124 -0.99795497 0.00677069
vn 0.10028313 -0.98218377 -0.15892873
vn 0.44019772 -0.89789133 0.00413869
vn 0.21864191 -0.97577863 0.00719636
vn 0.23410962 -0.97202507 0.01897207
vn -0.29532604 -0.95050233 -0.09658081
vn 0.40480285 -0.91435305 -0.00965176
vn -0.31476857 -0.94916763 -0.00124940
vn -0.30777513 -0.95145873 0.00087372
vn 0.06671537 -0.87914107 -0.47186867
vn -0.09766030 -0.99510592 0.01505587
vn -0.14062514 -0.98994947 0.01498707
vn 0.24806930 -0.96870852 -0.00808866
vn -0.11074472 -0.99378761 0.01103641
vn 0.48232787 -0.87591733 0.01134304
vn 0.26058342 -0.96543492 0.00562989
vn 0.27745257 -0.96072777 -0.00471463
vn 0.28649557 -0.95806860 0.00498551
vn -0.17992972 -0.98367864 0.00127448
vn -0.21742030 -0.97600280 -0.01212201
vn -0.16564047 -0.98603587 0.01721919
vn -0.21325348 -0.97696593 0.00777986
vn 0.37014264 -0.92149147 -0.11767710
vn 0.04674587 -0.87954258 -0.47351840
vn 0.49294710 -0.87003772 -0.00612558
vn -0.17987892 -0.98348654 0.01994516
vn 0.33586667 -0.91241856 -0.23385027
vn -0.21945280 -0.97557329 0.00986044
vn -0.18189856 -0.96119651 -0.20739860
vn 0.53069392 -0.84749319 0.01092067
vn -0.00696708 -0.95349182 -0.30133836
vn -0.31872975 -0.94776505 -0.01235939
vn -0.23660661 -0.97160346 -0.00200789
vn -0.25719956 -0.96632121 -0.00846821
vn 0.43557698 -0.89965540 0.02988079
vn 0.06703519 -0.93238220 -0.35520376
vn 0.09148741 -0.79318945 -0.60206358
vn -0.31168196 -0.94984892 -0.02532561
vn -0.31344649 -0.94957846 0.00721420
vn 0.46612764 -0.88471395 -0.00249849
vn -0.43540454 -0.90022090 -0.00502217
vn 0.49113407 -0.87074228 0.02439688
vn 0.05100944 -0.76170207 0.64591640
vn -0.42111182 -0.90591916 -0.04444447
vn -0.44084961 -0.89755816 -0.00640013
vn 0.02681018 -0.85408452 -0.51944282
vn 0.56245963 -0.82657348 0.02038242
vn 0.70888522 -0.70532249 -0.00139243
vn -0.50217199 -0.86472501 -0.00859935
vn 0.61873327 -0.78559759 0.00236145
vn 0.70941898 -0.70466343 0.01319710
vn 0.54511441 -0.77056084 -0.33028211
vn 0.64474447 -0.76439422 0.00246025
vn 0.67777961 -0.73505155 0.01772081
vn -0.57980400 -0.81468512 -0.01074623
vn 0.68462990 -0.72883619 -0.00892821
vn 0.72203438 -0.69184551 0.00401894
vn 0.69477093 -0.71917836 0.00870869
vn -0.60278718 -0.79786345 0.00784415
vn -0.61174916 -0.79101501 -0.00762975
vn -0.06197913 -0.04288583 0.99715565
vn -0.08985387 -0.03039069 0.99549118
vn -0.06327755 -0.02201448 0.99775313
vn -0.09293028 -0.04415958 0.99469286
vn -0.07730458 -0.03445562 0.99641197
vn -0.08417727 -0.03635856 0.99578725
vn -0.10728840 -0.05108079 0.99291488
vn -0.09089731 -0.04462490 0.99485994
vn -0.07626002 -0.03366819 0.99651937
vn -0.07607843 -0.03825443 0.99636774
vn -0.06762060 -0.03742135 0.99700908
vn -0.06467590 -0.06713206 0.99564568
vn -0.07388597 -0.00800392 0.99723458
vn -0.07435717 -0.02119848 0.99700634
vn -0.07783950 -0.00964015 0.99691929
vn -0.07721036 0.00385214 0.99700738
vn -0.01807381 0.00991919 0.99978745
vn -0.09932485 0.01610157 0.99492478
vn -0.10114606 0.10075217 0.98975678
vn -0.08976355 0.18737298 0.97817886
vn -0.07573479 0.00994076 0.99707844
vn -0.02859220 0.02778532 0.99920491
vn -0.07465524 0.00298478 0.99720494
vn -0.03610054 0.00535028 0.99933384
vn -0.07750883 -0.00379414 0.99698445
vn -0.02395689 -0.00975804 0.99966537
vn -0.07385641 -0.01735789 0.99711781
vn -0.06956608 -0.02732219 0.99720312
vn 0.01704541 0.00442566 0.99984492
vn -0.06834308 -0.03051954 0.99719496
vn -0.00582962 -0.03335287 0.99942664
vn -0.03707645 -0.03368022 0.99874470
vn 0.01910452 -0.02804363 0.99942412
vn -0.04445448 0.00409104 0.99900303
vn 0.01547258 -0.02171566 0.99964445
vn -0.00093433 -0.04367894 0.99904518
vn 0.02793543 -0.05643465 0.99801540
vn -0.12182449 -0.04724046 0.99142682
vn 0.01296166 -0.03027384 0.99945760
vn 0.03028371 -0.03989022 0.99874505
vn -0.00908314 -0.00740384 0.99993134
vn 0.19509021 -0.12560888 0.97270870
vn -0.12494274 -0.05759901 0.99049062
vn -0.10073574 0.14055974 0.98493415
vn -0.03007689 -0.01630399 0.99941461
vn -0.07750122 -0.02085209 0.99677417
vn -0.07508519 -0.03887110 0.99641922
vn -0.00556099 -0.04981367 0.99874305
vn -0.05350734 -0.06391467 0.99651988
vn -0.05425462 -0.03823245 0.99779493
vn -0.07734844 -0.03592534 0.99635666
vn -0.06381426 -0.02608506 0.99762082
vn -0.02858976 -0.02290292 0.99932882
vn -0.01844778 -0.04627429 0.99875841
vn -0.05147638 -0.03408317 0.99809244
vn -0.07139286 -0.03763268 0.99673810
vn -0.06557918 -0.04453772 0.99685293
vn -0.08431706 -0.03651237 0.99576979
vn -0.09927749 -0.03366354 0.99449019
vn -0.08952355 -0.02673616 0.99562579
vn -0.11721907 -0.03521759 0.99248144
vn -0.09326717 -0.03496950 0.99502682
vn -0.11166362 -0.02101714 0.99352379
vn -0.05208347 -0.02871154 0.99822991
vn -0.13803183 -0.01137034 0.99036252
vn -0.14082765 -0.02964899 0.98959007
vn -0.07770846 -0.02787527 0.99658636
vn -0.09322583 -0.04555788 0.99460214
vn -0.08012786 -0.04782626 0.99563657
vn -0.07058495 -0.05500409 0.99598811
vn -0.07408806 -0.03860676 0.99650413
vn -0.10704660 -0.03548304 0.99362064
vn -0.04405654 -0.03039774 0.99856647
vn -0.05081904 -0.02911188 0.99828349
vn -0.08759184 -0.05296500 0.99474739
vn -0.08352731 -0.05249810 0.99512167
vn -0.07758410 -0.05516446 0.99545848
vn -0.07697733 -0.05311221 0.99561719
vn -0.08492986 -0.05171972 0.99504371
vn -0.13057065 -0.05452730 0.98993842
vn -0.09932233 -0.04168938 0.99418161
vn -0.07936017 -0.05039025 0.99557159
vn -0.07559012 -0.06463378 0.99504201
vn -0.07555674 -0.00735105 0.99711441
vn -0.06922143 -0.04439728 0.99661290
vn -0.08374476 0.02939585 0.99605356
vn -0.06659506 -0.03292624 0.99723666
vn -0.05486579 -0.03861997 0.99774658
vn -0.06772427 -0.04102429 0.99686029
vn -0.04991907 -0.02909563 0.99832937
vn -0.04075712 -0.03764730 0.99845958
vn -0.01076389 0.08510899 0.99631350
vn 0.03968834 -0.03171514 0.99870866
vn -0.09024673 -0.02256131 0.99566386
vn -0.10556180 -0.02192446 0.99417102
vn -0.10805964 -0.03021059 0.99368528
vn -0.08633561 -0.03009838 0.99581135
vn -0.08506435 -0.02990842 0.99592647
vn -0.20480683 -0.03942293 0.97800818
vn -0.22282147 -0.03741447 0.97414103
vn -0.09042454 -0.04275662 0.99498506
vn -0.08788106 -0.03503116 0.99551481
vn -0.10175830 -0.03976112 0.99401424
vn -0.06733001 -0.02950037 0.99729454
vn -0.17415260 -0.02853445 0.98430516
vn -0.15310272 0.16853634 0.97373254
vn -0.07751384 0.06936943 0.99457503
vn -0.06580505 -0.06077402 0.99598003
vn 0.03423693 0.25428486 0.96652317
vn 0.00521468 -0.02530118 0.99966627
vn -0.00337153 -0.09150935 0.99579851
vn 0.28393171 -0.04444839 0.95781372
vn -0.02240792 -0.02094357 0.99952952
vn -0.12780393 -0.05881103 0.99005425
vn -0.07616712 -0.03270461 0.99655857
vn -0.12310885 -0.01046587 0.99233798
vn -0.16326099 -0.00066369 0.98658269
vn -0.13709650 -0.02641801 0.99020535
vn -0.15962689 -0.01281020 0.98709430
vn -0.14707787 -0.04954170 0.98788346
vn -0.23999424 0.05883618 0.96898972
vn 0.04245355 0.02949020 0.99866312
vn 0.10228352 -0.08124380 0.99143206
vn -0.16611362 -0.03858049 0.98535162
vn -0.01319132 -0.01909396 0.99973067
vn -0.12960131 -0.04715732 0.99044419
vn 0.33274268 -0.14271360 0.93215618
vn -0.16063498 -0.08468596 0.98337414
vn 0.00873389 0.00286273 0.99995776
vn -0.00485188 -0.01694113 0.99984472
vn -0.08837192 0.13107111 0.98742633
vn -0.08991243 0.26530693 0.95996249
vn 0.07769352 0.17321713 0.98181441
vn -0.11113835 -0.00642150 0.99378420
vn -0.12444403 -0.06445238 0.99013109
vn -0.07910576 -0.00817768 0.99683269
vn -0.15821938 -0.06424163 0.98531195
vn 0.05302138 -0.00643142 0.99857267
vn 0.07862146 -0.01143809 0.99683892
vn -0.10487600 0.13770852 0.98490476
vn 0.00469327 -0.00437892 0.99997940
vn -0.06286722 -0.03098974 0.99754065
vn 0.01178660 0.00889409 0.99989098
vn 0.03727509 0.03942142 0.99852718
vn -0.06418443 -0.03663249 0.99726547
vn 0.07366274 -0.07219706 0.99466647
vn -0.07968117 -0.09800782 0.99199061
vn -0.11598772 -0.00216298 0.99324829
vn -0.05693241 -0.00911795 0.99833640
vn 0.29133796 -0.00521257 0.95660599
vn 0.36747821 -0.10674216 0.92388629
vn 0.10982172 -0.12652107 0.98586592
vn -0.03103694 -0.04254385 0.99861240
vn -0.07930673 0.18659324 0.97923103
vn -0.14832801 -0.07194326 0.98631788
vn 0.05597008 0.01354740 0.99834053
vn -0.03690499 -0.03053558 0.99885214
vn -0.37218010 -0.01850320 0.92797608
vn -0.50992771 -0.04423726 0.85907904
vn -0.24766868 -0.01926962 0.96865314
vn 0.05322714 0.08646941 0.99483160
vn -0.01519217 -0.06349937 0.99786624
vn -0.48719819 -0.05346646 0.87165318
vn -0.24909132 -0.07698906 0.96541504
vn -0.11097942 0.11909572 0.98666092
vn 0.05189639 -0.01435518 0.99854929
vn -0.29053729 -0.02515007 0.95653309
vn 0.07286585 -0.01960832 0.99714898
vn 0.22911158 -0.00775122 0.97336930
vn 0.40378060 -0.14822187 0.90276880
vn 0.11896101 0.04069321 0.99206469
vn 0.34066245 -0.14896949 0.92830878
vn 0.02378779 -0.00106442 0.99971646
vn -0.29397895 -0.01202426 0.95573626
vn -0.28422003 -0.03115566 0.95825273
vn -0.26868694 0.04189244 0.96231614
vn -0.11686889 0.19994178 0.97281291
vn -0.30193620 -0.02019177 0.95311428
vn -0.25650618 0.11044782 0.96021136
vn -0.08726159 0.24613757 0.96529877
vn -0.39253475 -0.09121191 0.91520318
vn 0.24334003 -0.05063135 0.96861865
vn -0.07788139 0.23477726 0.96892421
vn 0.16499878 0.05014364 0.98501828
vn -0.36648176 -0.01879978 0.93023529
vn 0.25018610 0.32805570 0.91092611
vn 0.09199417 0.27286844 0.95764288
vn -0.11932409 0.15974053 0.97992077
vn -0.09149668 0.08049140 0.99254697
vn -0.34120239 -0.07650589 0.93687127
vn -0.60217633 -0.02845391 0.79785590
vn 0.30550119 0.11056816 0.94575034
vn -0.11857293 0.30820744 0.94390076
vn -0.13518595 0.37706469 0.91626796
vn -0.39825358 0.13874354 0.90672174
vn -0.08240360 0.09663178 0.99190319
vn -0.77734518 -0.03356771 0.62817807
vn -0.50594852 -0.03034028 0.86202991
vn -0.09673234 0.23548478 0.96705211
vn 0.25049549 0.16501360 0.95395100
vn -0.68005555 0.00767410 0.73312042
vn -0.70757625 0.00208147 0.70663393
vn -0.68246985 0.04568389 0.72948467
vn 0.15662216 0.60116823 0.78362380
vn 0.73844650 -0.05013802 0.67244549
vn -0.19213639 0.66116374 0.72522143
vn 0.61906142 -0.07411037 0.78183797
vn 0.35265981 0.59798641 0.71975226
vn 0.06282297 0.03580045 -0.99738238
vn 0.07577759 0.05907884 -0.99537302
vn 0.05782664 0.09379811 -0.99391046
vn 0.08172665 0.12627168 -0.98862339
vn 0.04135459 0.13616079 -0.98982324
vn 0.03748670 0.08589093 -0.99559906
vn 0.07601957 0.07520340 -0.99426630
vn 0.04997570 0.12567157 -0.99081234
vn 0.15121012 0.03638302 -0.98783186
vn 0.07611195 0.01922217 -0.99691398
vn 0.07200759 0.01245915 -0.99732626
vn 0.07607773 0.02105244 -0.99687962
vn 0.07626317 0.03353582 -0.99652360
vn 0.07298167 0.00638366 -0.99731285
vn 0.15032670 0.00417946 -0.98862754
vn 0.02478041 0.01631037 -0.99955985
vn 0.07885244 0.03614999 -0.99623063
vn 0.03254992 0.07138252 -0.99691777
vn 0.08239345 0.07578501 -0.99371422
vn 0.08031628 0.06926679 -0.99435980
vn 0.08575512 0.05220000 -0.99494785
vn 0.09701098 0.03425334 -0.99469371
vn 0.05241438 0.02924318 -0.99819716
vn 0.05671700 0.04966980 -0.99715400
vn 0.09111437 0.12225179 -0.98830798
vn 0.04776698 0.14634711 -0.98807937
vn 0.08335369 0.07985098 -0.99331565
vn 0.03866024 0.04891826 -0.99805430
vn 0.16037216 0.03305517 -0.98650298
vn 0.04244243 0.06612758 -0.99690811
vn -0.10612651 0.09346882 -0.98994987
vn 0.17299112 0.10661821 -0.97913565
vn 0.09082542 0.09139923 -0.99166372
vn 0.07877590 0.08639109 -0.99314195
vn 0.10983063 0.09184081 -0.98969819
vn 0.01019794 0.12825308 -0.99168904
vn 0.02229498 0.08461795 -0.99616401
vn 0.10472886 0.06741187 -0.99221344
vn 0.06362649 0.06268296 -0.99600327
vn 0.09552550 0.08595457 -0.99170897
vn 0.06523495 0.07655965 -0.99492865
vn 0.06503670 0.07155075 -0.99531438
vn 0.05868166 0.07206765 -0.99567199
vn 0.06310903 0.07847378 -0.99491664
vn 0.06490706 0.10235960 -0.99262762
vn 0.08095403 0.09278564 -0.99238968
vn 0.07634186 0.10777855 -0.99123948
vn 0.06912809 0.10751192 -0.99179761
vn 0.07735630 0.12144892 -0.98957878
vn 0.06781996 0.10440630 -0.99221962
vn -0.02357071 0.04830933 -0.99855427
vn 0.07099528 0.15370909 -0.98556237
vn -0.17363561 0.08852229 -0.98082337
vn 0.07153332 0.07648884 -0.99450110
vn 0.06343495 0.07035887 -0.99550271
vn 0.06321738 0.07563093 -0.99512990
vn 0.06965227 0.10554406 -0.99197228
vn 0.06841666 0.12116074 -0.99027230
vn 0.32526031 0.12243066 -0.93766543
vn 0.08805676 0.10370469 -0.99070245
vn 0.06142711 0.12234597 -0.99058476
vn 0.22576351 0.06941109 -0.97170620
vn 0.26546706 0.13518892 -0.95459478
vn 0.06290047 0.07244418 -0.99538705
vn 0.21870962 0.06359163 -0.97371567
vn 0.07027063 0.07354851 -0.99481287
vn 0.09018498 0.08397057 -0.99237876
vn 0.06051283 0.03653239 -0.99749866
vn 0.29982635 0.02603282 -0.95363853
vn 0.06891051 0.02843569 -0.99721751
vn 0.08468639 0.03351922 -0.99584370
vn 0.07588915 0.09066147 -0.99298607
vn -0.05529726 0.03066761 -0.99799885
vn -0.01685471 0.09252875 -0.99556735
vn 0.18180231 0.06711989 -0.98104171
vn -0.18083132 0.13296118 -0.97448518
vn 0.10703968 0.15056381 -0.98278840
vn 0.13911909 0.15284728 -0.97840870
vn 0.08009771 0.01455512 -0.99668074
vn 0.06541487 0.00851206 -0.99782185
vn 0.07404520 0.00785701 -0.99722393
vn 0.07370476 -0.02434385 -0.99698294
vn 0.20942538 0.02940130 -0.97738251
vn 0.07392706 0.03915938 -0.99649452
vn 0.04975726 0.12299164 -0.99115956
vn 0.04776037 0.00913107 -0.99881709
vn 0.03721989 0.01294931 -0.99922320
vn 0.06840265 0.09976582 -0.99265697
vn 0.07125642 0.07410137 -0.99470172
vn 0.07640277 0.02595564 -0.99673914
vn -0.11713002 0.00392170 -0.99310885
vn -0.10451481 0.11560375 -0.98778157
vn -0.04282646 0.05428738 -0.99760652
vn 0.26812786 0.02052663 -0.96316463
vn 0.32550900 0.03417382 -0.94492118
vn 0.08130297 0.15090222 -0.98519965
vn 0.26318398 0.05867492 -0.96295973
vn -0.16765742 0.04923325 -0.98461519
vn -0.05865132 0.04129554 -0.99742403
vn 0.03190348 0.12414938 -0.99175052
vn -0.28502758 0.14664800 -0.94723473
vn -0.27069080 0.06580330 -0.96041471
vn -0.12597192 0.08670246 -0.98823770
vn 0.07150773 0.15471424 -0.98536803
vn 0.06473492 0.16432970 -0.98427900
vn 0.05084719 0.15037282 -0.98732091
vn 0.03667849 0.18325365 -0.98238118
vn 0.06708847 0.16844751 -0.98342492
vn 0.02749641 0.16544208 -0.98583613
vn 0.03956220 0.16590013 -0.98534866
vn 0.06596258 0.04242490 -0.99691979
vn 0.38345682 0.15627459 -0.91024124
vn 0.36014578 0.18918637 -0.91351165
vn 0.06127869 0.21787423 -0.97405120
vn 0.02192197 0.17499439 -0.98432535
vn -0.35672641 0.08779279 -0.93007456
vn -0.13046631 0.35524700 -0.92562309
vn 0.01995024 0.14265340 -0.98957162
vn -0.11407885 0.17049447 -0.97873268
vn 0.06669333 0.17147334 -0.98292873
vn 0.03806588 0.17126747 -0.98448893
vn 0.02194261 0.17361920 -0.98456838
vn -0.04941084 0.19371519 -0.97981274
vn -0.28714565 0.23092037 -0.92963604
vn 0.02972977 0.16344864 -0.98610379
vn 0.07166241 0.15984071 -0.98453819
vn 0.05583459 0.12410065 -0.99069749
vn 0.06944179 0.14539399 -0.98693385
vn 0.07298733 0.17550468 -0.98176930
vn 0.07623897 0.11763292 -0.99012631
vn 0.07121321 0.11342623 -0.99099100
vn 0.07037209 0.13840653 -0.98787216
vn -0.00935504 0.10788422 -0.99411945
vn -0.18106163 0.11618340 -0.97658492
vn 0.07131419 0.07875124 -0.99434025
vn 0.07482245 0.09115023 -0.99302227
vn 0.08490119 0.08143645 -0.99305584
vn -0.06053819 0.09755372 -0.99338734
vn 0.07743934 0.05444527 -0.99550935
vn 0.07614138 0.06165802 -0.99518882
vn 0.06659457 0.04307051 -0.99685009
vn 0.06782521 0.04530129 -0.99666822
vn -0.09955645 0.04706952 -0.99391799
vn 0.07860983 0.09318044 -0.99254113
vn 0.02878896 0.16197618 -0.98637463
vn 0.16314608 0.07714775 -0.98358100
vn 0.02907957 0.04377845 -0.99861796
vn 0.07237379 0.03201636 -0.99686357
vn 0.06017664 0.02440767 -0.99788929
vn 0.06215170 0.03824400 -0.99733373
vn 0.07089422 0.03300505 -0.99693765
vn 0.06281366 0.01740012 -0.99787358
vn 0.05206686 0.03535672 -0.99801751
vn 0.05857995 0.04208986 -0.99739502
vn 0.07637996 0.05741039 -0.99542461
vn 0.06567080 0.02507445 -0.99752625
vn 0.19135004 0.01594299 -0.98139237
vn 0.18397391 0.00760603 -0.98290170
vn 0.04602587 0.32208941 -0.94558978
vn 0.03787522 0.20419835 -0.97819656
vn 0.00529234 0.26918849 -0.96307297
vn 0.23647067 0.02477815 -0.97132264
vn -0.44506518 0.20699640 -0.87124594
vn -0.11987067 0.10642314 -0.98706896
vn 0.07112819 0.14100928 -0.98744983
vn 0.09801273 0.03045725 -0.99471899
vn -0.08068452 0.09299018 -0.99239248
vn 0.15603211 0.17007712 -0.97299936
vn -0.03790378 0.02702774 -0.99891581
vn -0.06776243 0.11419940 -0.99114416
vn -0.14575611 0.28794647 -0.94648930
vn 0.06530322 0.15067191 -0.98642459
vn 0.06598448 0.17032541 -0.98317613
vn 0.07146153 0.15066716 -0.98599830
vn 0.07546930 0.13242834 -0.98831529
vn 0.08156870 0.16524823 -0.98287312
vn 0.00517812 0.12870576 -0.99166931
vn 0.20248993 0.18028454 -0.96254627
vn 0.01524206 0.15933715 -0.98710656
vn 0.07374378 0.23342352 -0.96957481
vn 0.17751209 0.03969723 -0.98331764
vn 0.12078894 0.12161600 -0.98520027
vn -0.03209652 0.16802551 -0.98525999
vn 0.19757338 0.04369704 -0.97931370
vn 0.07102289 0.20103101 -0.97700680
vn 0.19070601 0.24635105 -0.95023280
vn 0.06650503 0.25518053 -0.96460353
vn 0.29429231 0.25153186 -0.92202156
vn -0.00792895 0.04592924 -0.99891323
vn 0.25455055 0.39442611 -0.88296776
vn 0.23089482 0.14228352 -0.96251908
vn -0.06363156 0.15141178 -0.98642055
vn -0.17460914 0.17986352 -0.96807064
vn -0.24725050 0.14168789 -0.95853625
vn 0.12484759 0.26778658 -0.95535513
vn -0.02074101 0.14159897 -0.98970680
vn 0.27501330 0.11201860 -0.95489241
vn 0.47140534 0.04382621 -0.88082703
vn 0.04521614 0.30742773 -0.95049655
vn 0.39021904 0.07656481 -0.91753307
vn 0.23202211 0.01554581 -0.97258628
vn 0.28341250 0.17634494 -0.94264512
vn 0.09181797 0.17858693 -0.97963063
vn 0.04961019 0.09244906 -0.99448077
vn 0.03101963 0.28404464 -0.95830915
vn 0.49921855 0.20122061 -0.84278770
vn 0.30135248 0.06288452 -0.95143692
vn 0.39133921 0.14182170 -0.90925257
vn 0.29696129 0.03334965 -0.95430697
vn 0.27961196 0.01575529 -0.95998381
vn 0.29389949 0.25758908 -0.92047322
vn -0.48104099 0.17599397 -0.85885138
vn -0.12601211 0.18320895 -0.97496432
vn 0.27791304 0.10823802 -0.95448880
vn 0.28250694 0.30533469 -0.90937372
vn -0.20253147 0.14511619 -0.96846388
vn -0.39506524 0.16287420 -0.90409925
vn -0.14361114 0.04145284 -0.98876565
vn -0.42740750 0.10585320 -0.89784071
vn 0.31492726 0.13103329 -0.94002718
vn -0.36569317 0.21330385 -0.90596356
vn 0.07364887 0.31154650 -0.94737248
vn 0.37070184 0.20339576 -0.90620655
vn -0.50319691 0.16699040 -0.84788388
vn 0.32833886 0.02065488 -0.94433414
vn -0.36376427 0.10803947 -0.92520432
vn -0.20542368 0.16859216 -0.96404242
vn -0.18945039 0.02606474 -0.98154428
vn 0.18986230 0.10920090 -0.97571895
vn -0.07847522 0.24272716 -0.96691528
vn -0.08406384 0.10324455 -0.99109729
vn 0.41713117 0.03779576 -0.90806006
vn -0.19515039 0.00653796 -0.98075154
vn 0.02941793 0.39057342 -0.92010162
vn -0.31892842 0.02299315 -0.94749985
vn 0.40350084 0.32122882 -0.85673748
vn -0.38126078 0.16218980 -0.91012894
vn 0.01657923 0.40494685 -0.91418990
vn 0.42536711 0.03165910 -0.90446698
vn 0.40874148 0.06746509 -0.91015321
vn -0.43530310 0.14157808 -0.88908203
vn -0.32990871 0.19183652 -0.92431542
vn 0.11075899 0.42786689 -0.89702975
vn -0.25719339 0.04827897 -0.96515320
vn -0.69843906 0.11033487 -0.70711321
vn -0.44954429 0.05075331 -0.89181502
vn 0.63689921 0.08069294 -0.76671249
vn -0.36849174 0.16953060 -0.91404224
vn -0.36058643 0.15513815 -0.91973343
vn -0.40857228 0.02982066 -0.91223869
vn 0.46405655 0.21741019 -0.85871085
vn -0.13899748 0.57384080 -0.80708515
vn -0.39444355 0.07713394 -0.91567715
vn 0.01713368 0.52392635 -0.85159122
vn 0.60216462 0.12424420 -0.78864514
vn 0.53379880 0.01472937 -0.84548322
vn 0.41944099 0.38548063 -0.82187222
vn 0.50665242 0.03287538 -0.86152338
vn 0.49750852 0.16145128 -0.85230203
vn 0.55689042 0.10225623 -0.82426739
vn -0.26032016 0.37759609 -0.88862512
vn -0.43301787 0.24381997 -0.86778300
vn -0.61042410 0.26131175 -0.74772895
vn -0.46964828 0.11614812 -0.87518004
vn -0.63734759 0.21843472 -0.73896842
vn -0.48211760 0.04076635 -0.87515755
vn 0.32745576 0.57495944 -0.74979622
vn 0.58510673 0.19974842 -0.78597117
vn 0.77380959 0.14897853 -0.61564934
vn -0.57860874 0.21534501 -0.78666286
vn 0.63635103 0.09898766 -0.76502209
vn 0.66970410 0.01806039 -0.74240840
vn 0.65215666 0.06043319 -0.75567157
vn -0.58054261 0.11162154 -0.80654256
vn -0.29036441 0.57941502 -0.76155548
vn 0.66298250 0.21693906 -0.71651353
vn -0.63543480 0.08855202 -0.76706007
vn -0.23062848 0.65890899 -0.71599542
vn -0.68079200 0.05751275 -0.73021540
vn 0.69965824 0.03235110 -0.71374488
vn -0.59417509 0.10535195 -0.79740638
vn -0.07841056 0.99692049 -0.00115051
vn -0.01985695 0.99980229 0.00104435
vn -0.06360550 0.99796540 0.00440411
vn -0.08578141 0.99630750 0.00359427
vn -0.04682704 0.99889825 0.00308559
vn -0.11079127 0.99384332 -0.00086500
vn -0.10965383 0.99396371 -0.00349074
vn -0.10323850 0.99464514 0.00478139
vn -0.09986697 0.99495917 0.00910176
vn -0.13325867 0.99100336 0.01242827
vn -0.13233433 0.99115352 0.01011558
vn -0.09654143 0.99527915 0.00995844
vn -0.12560506 0.99205662 0.00685775
vn -0.10561926 0.99435993 0.00963867
vn -0.12808225 0.99176275 0.00126141
vn -0.14294971 0.98972906 -0.00132815
vn -0.13380829 0.99099574 0.00477367
vn -0.09663004 0.99531950 0.00131541
vn -0.13667563 0.99061580 0.00033732
vn -0.09765706 0.99519924 0.00644796
vn -0.14256655 0.98978096 0.00290373
vn -0.05311205 0.99858174 0.00369019
vn -0.06893499 0.99752457 0.01388176
vn -0.13790796 0.99034942 0.01376331
vn -0.12230095 0.99230629 0.01925389
vn -0.07783897 0.99691177 0.01039288
vn -0.08821062 0.99597714 0.01576156
vn -0.07074942 0.99747971 0.00536091
vn -0.07638103 0.99705760 0.00648693
vn -0.04411544 0.99899627 0.00776386
vn -0.11830818 0.99290439 0.01200194
vn -0.11202024 0.99363848 0.01157704
vn -0.05203942 0.99864333 0.00184516
vn -0.08462290 0.99641216 -0.00133361
vn -0.00326678 0.99999463 -0.00025260
vn -0.02959136 0.99955192 -0.00450703
vn -0.02941359 0.99956725 -0.00039970
vn -0.12315600 0.99207466 0.02490904
vn -0.10012463 0.99490357 0.01191378
vn -0.05607851 0.99840528 0.00648752
vn -0.05671925 0.99838591 0.00291698
vn -0.03837464 0.99926340 -0.00020471
vn -0.02536868 0.99966306 -0.00549510
vn -0.02736597 0.99961972 -0.00339420
vn -0.01632243 0.99985840 0.00409326
vn 0.01804047 0.99983701 0.00070076
vn -0.07601391 0.99710653 0.00068073
vn -0.11269638 0.99360677 -0.00671596
vn -0.07399025 0.97863609 0.19182503
vn -0.02829789 0.98958034 0.14117355
vn -0.03790925 0.99920372 -0.01244252
vn -0.09755104 0.99280747 0.06940546
vn 0.01748059 0.99983281 0.00536563
vn 0.03603482 0.99932421 0.00725325
vn -0.14298073 0.98962152 -0.01434435
vn -0.02741795 0.99960386 -0.00635445
vn -0.06617669 0.99779861 -0.00430958
vn -0.01544408 0.99986072 -0.00632551
vn -0.11291805 0.99359579 0.00411372
vn -0.06504439 0.99785195 -0.00779176
vn -0.09617981 0.99535873 -0.00323201
vn -0.06055517 0.99788169 -0.02377405
vn -0.12903385 0.99143005 -0.02041364
vn -0.02948762 0.99952368 -0.00910446
vn -0.02642702 0.99950149 -0.01727402
vn -0.00322880 0.99998579 -0.00424307
vn -0.00014444 0.99999132 -0.00416370
vn 0.00314747 0.99995598 -0.00883971
vn 0.00648929 0.99988152 -0.01395819
vn -0.00756551 0.99659943 -0.08205078
vn -0.05841039 0.99709447 -0.04889632
vn -0.08738580 0.93771640 -0.33623158
vn -0.01638263 0.99975764 -0.01470590
vn -0.00399433 0.99996073 -0.00791099
vn 0.01699867 0.99985507 -0.00094477
vn 0.00104406 0.99974208 -0.02268658
vn 0.06097300 0.99747166 0.03650467
vn 0.03371978 0.99939074 -0.00900662
vn -0.15608683 0.98774112 -0.00209189
vn -0.17477538 0.98460158 0.00364581
vn -0.16246426 0.98669174 0.00669100
vn -0.14610535 0.98924907 0.00628550
vn -0.14593073 0.98927681 0.00596790
vn -0.08267770 0.99654172 0.00830682
vn -0.08862872 0.99605139 0.00515530
vn -0.23877081 0.97103782 0.00860490
vn 0.04749472 0.99883236 -0.00884072
vn -0.14196731 0.98961865 0.02236540
vn -0.16264665 0.98668436 -0.00017404
vn -0.04683154 0.99887838 -0.00698535
vn -0.14827576 0.98893604 -0.00445010
vn -0.21490479 0.97663215 -0.00236047
vn -0.23635703 0.97161032 -0.01042789
vn -0.25207248 0.96750464 -0.01985534
vn -0.15330619 0.98813135 -0.00967698
vn 0.03372368 0.99941276 -0.00607064
vn 0.03299395 0.99943333 -0.00666413
vn 0.03776773 0.99923159 -0.01048021
vn 0.07032963 0.99750614 -0.00593708
vn 0.06922950 0.99758287 -0.00597383
vn 0.03932255 0.99920941 -0.00585587
vn 0.07973499 0.99681452 -0.00177224
vn 0.09539111 0.99543875 -0.00149438
vn -0.15856069 0.98734788 0.00163159
vn -0.11254134 0.99361927 -0.00742945
vn 0.02078008 0.99970066 -0.01291402
vn -0.09835961 0.99459465 -0.03326963
vn 0.04207959 0.99909839 -0.00563165
vn -0.01321875 0.99960078 -0.02497083
vn -0.33484625 0.94154775 -0.03695699
vn 0.04452628 0.99875160 -0.02264194
vn 0.04674146 0.99890373 -0.00256422
vn 0.03910638 0.99923459 -0.00096318
vn -0.16187060 0.98678275 -0.00759743
vn -0.08913381 0.99593525 0.01296695
vn -0.04245766 0.99899360 -0.01446128
vn -0.30844423 0.95101441 0.02082668
vn 0.07235374 0.99736787 -0.00471793
vn 0.08371625 0.99647389 -0.00560124
vn 0.26080953 0.96427396 -0.04641244
vn 0.07303587 0.99731769 -0.00481615
vn 0.09439632 0.99550262 -0.00799182
vn 0.07801376 0.99690449 -0.00976194
vn 0.12588163 0.99203634 0.00421011
vn -0.14909839 0.98815990 0.03618947
vn -0.16085696 0.98656224 0.02863531
vn -0.14843158 0.98840868 0.03188025
vn -0.14845791 0.98884482 0.01209047
vn 0.21665375 0.97254911 0.08490802
vn -0.14722639 0.98910193 0.00132822
vn -0.16444300 0.98637876 0.00393021
vn 0.07562833 0.99111729 -0.10939317
vn -0.13652912 0.99024297 0.02790442
vn -0.19742249 0.98017842 -0.01657214
vn -0.20333998 0.97909502 0.00507823
vn -0.17922500 0.98380513 0.00242136
vn -0.16368820 0.98634954 0.01790959
vn -0.14880921 0.98845662 0.02844870
vn -0.13007981 0.99123060 0.02326249
vn 0.02340685 0.99894795 -0.03943488
vn 0.14995458 0.98860269 -0.01335428
vn 0.30301427 0.94127186 0.14896190
vn -0.15508310 0.98707545 0.04038928
vn -0.18241310 0.98311918 0.01421746
vn 0.05141645 0.99777133 0.04252916
vn -0.10478415 0.99434942 0.01701503
vn 0.21619528 0.97613129 0.02067120
vn -0.01760842 0.99980349 0.00910672
vn -0.15579169 0.98775838 0.00789470
vn -0.16335168 0.98643393 -0.01625839
vn 0.20778963 0.97813598 -0.00857157
vn 0.02408420 0.99957577 -0.01637783
vn -0.09499593 0.99545951 0.00601163
vn 0.21137452 0.97724631 -0.01761981
vn -0.28935827 0.95721522 -0.00328813
vn -0.18764547 0.98222166 0.00545811
vn -0.17489330 0.98458739 -0.00009285
vn -0.17143524 0.98514448 0.01001524
vn -0.16988952 0.98546184 0.00158372
vn -0.18954850 0.98184967 0.00652578
vn -0.19438079 0.98092250 -0.00267542
vn -0.23508472 0.97179798 -0.01854361
vn -0.25047784 0.96812169 -0.00111287
vn -0.11990139 0.99271025 0.01224781
vn -0.20652750 0.97801705 -0.02879303
vn -0.21803836 0.97590041 -0.00881247
vn -0.23742359 0.97140585 0.00083949
vn -0.03035316 0.99892953 -0.03490662
vn -0.24069497 0.97057248 0.00741530
vn -0.32062034 0.94686675 -0.02541562
vn -0.15313782 0.98721537 0.04421106
vn -0.14910992 0.98858777 0.02145817
vn -0.16275735 0.98631907 0.02616730
vn -0.23650884 0.97114704 0.03061054
vn -0.25357487 0.96669870 0.03454576
vn -0.16274858 0.97230930 0.16771265
vn -0.18952560 0.98185605 0.00622451
vn -0.18887045 0.97766736 0.09216557
vn -0.17788243 0.98403454 -0.00581961
vn -0.22616940 0.97400564 0.01266545
vn -0.29257323 0.91488729 0.27817648
vn -0.19546210 0.98030664 0.02816852
vn -0.17765192 0.98409339 0.00005944
vn -0.24329621 0.96992271 -0.00754241
vn -0.24509990 0.96943680 0.01087798
vn -0.22944661 0.97275868 0.03308780
vn -0.24216001 0.97023065 -0.00331808
vn -0.08845889 0.98814412 0.12548397
vn -0.10884986 0.99388488 0.01856204
vn -0.16722938 0.98574954 -0.01822559
vn 0.00349072 0.99888396 0.04710244
vn -0.02781238 0.99961112 -0.00201771
vn -0.20371343 0.97891275 -0.01518788
vn -0.22311853 0.97478996 -0.00162885
vn -0.21663421 0.97625212 -0.00119287
vn -0.53484755 0.84492830 -0.00585349
vn -0.62101287 0.78343285 -0.02399945
vn 0.20353450 0.97884274 -0.02099052
vn -0.08960546 0.99487750 -0.04679341
vn -0.19945222 0.97976984 0.01642779
vn -0.41664041 0.90878581 -0.02278404
vn 0.03112172 0.99176622 -0.12422243
vn 0.41005082 0.91073191 0.04925161
vn -0.21303731 0.97701081 -0.00806064
vn -0.18253944 0.98291278 0.02370280
vn 0.03777158 0.99928354 -0.00239008
vn -0.15066574 0.98852638 0.01074400
vn 0.00231350 0.99993024 0.01158305
vn -0.08974497 0.99580274 -0.01796514
vn -0.24409363 0.96966392 -0.01304554
vn -0.31624988 0.94812632 -0.03228765
vn -0.21484112 0.97525099 0.05223797
vn 0.01718917 0.99753456 0.06803919
vn -0.07522529 0.99646039 0.03752124
vn -0.28085096 0.95970853 -0.00907040
vn -0.23425845 0.97210608 0.01152192
vn -0.07270638 0.99097203 0.11264195
vn -0.40826783 0.91282428 -0.00832005
vn -0.25502113 0.96692025 -0.00542694
vn -0.25707780 0.96629433 -0.01364833
vn -0.00773073 0.99009575 -0.14018075
vn 0.11358695 0.99349871 0.00763669
vn 0.19285300 0.98034126 0.04169812
vn 0.11094032 0.99372541 0.01421444
vn 0.12223419 0.99243966 0.01105958
vn -0.16260304 0.98639176 -0.02432155
vn 0.09417905 0.92266312 -0.37392923
vn -0.28281528 0.95914052 -0.00806127
vn -0.29367478 0.95583321 -0.01174713
vn -0.31743345 0.94820153 0.01224205
vn 0.19251583 0.98064188 -0.03576531
vn -0.08013213 0.99594530 -0.04088767
vn -0.23214700 0.97196320 -0.03735397
vn 0.21006250 0.97648166 0.04855224
vn -0.26840248 0.95763493 0.10438131
vn -0.30599673 0.95191293 -0.01509186
vn -0.31756322 0.94822779 -0.00420254
vn -0.32232569 0.94662884 0.00000252
vn 0.28203736 0.95847110 0.04228568
vn 0.11765475 0.99304734 0.00378741
vn 0.07959235 0.99681848 -0.00424008
vn 0.09273377 0.99563871 -0.01019852
vn 0.13771602 0.99047042 -0.00162372
vn 0.10690801 0.99425152 -0.00588204
vn -0.05455863 0.99697423 -0.05536919
vn 0.06164047 0.99791541 -0.01911243
vn -0.01504627 0.99948040 -0.02850494
vn 0.00166998 0.99991768 -0.01272205
vn -0.31415707 0.94937049 -0.00100786
vn -0.08820662 0.99597515 0.01590862
vn -0.14716064 0.98617939 0.07611800
vn -0.12116096 0.99229061 -0.02606470
vn -0.24136907 0.97026362 0.01815183
vn -0.39681824 0.91760701 0.02307954
vn -0.37793344 0.92583084 0.00189154
vn 0.10846186 0.99381144 -0.02397608
vn 0.00816855 0.99944437 -0.03231463
vn -0.04556136 0.99669051 -0.06732147
vn -0.32225880 0.94649034 -0.01747302
vn 0.14159950 0.98989709 -0.00730279
vn 0.10673058 0.98845161 0.10757324
vn 0.17768451 0.98406131 -0.00717988
vn 0.20825543 0.97757342 -0.03130297
vn 0.13829836 0.99038779 -0.00236444
vn 0.09380433 0.99555143 -0.00883764
vn -0.37784190 0.92004638 -0.10368293
vn 0.09051573 0.98941121 -0.11345640
vn -0.27835011 0.94711074 -0.15969492
vn -0.11748016 0.99294823 0.01588182
vn 0.18347115 0.98302235 0.00232366
vn 0.14451227 0.98932971 0.01851844
vn 0.14891358 0.98878780 0.01110978
vn 0.19722294 0.98024018 0.01524143
vn 0.07656138 0.99500500 0.06405785
vn -0.01399885 0.99964313 0.02275185
vn -0.20641611 0.97761857 -0.04067348
vn -0.49523176 0.86713781 0.05308025
vn -0.11121838 0.99345669 -0.02596680
vn -0.14164374 0.98854033 0.05220215
vn -0.36830492 0.92970497 -0.00038399
vn 0.12965494 0.99053624 0.04502838
vn 0.08385465 0.99614756 0.02566002
vn -0.40989209 0.90845768 0.08181148
vn -0.32584055 0.94517339 -0.02179918
vn -0.24820079 0.96523789 0.08192797
vn 0.05382319 0.99822126 0.02563950
vn -0.21769500 0.97497358 0.04511557
vn -0.15281794 0.98793090 0.02528276
vn 0.14326380 0.98929645 0.02771328
vn -0.18684539 0.98222740 0.01783639
vn -0.02893308 0.99905038 0.03257634
vn -0.18808014 0.98207674 0.01229349
vn 0.04444138 0.99888932 0.01565545
vn -0.21105261 0.95369257 0.21430649
vn -0.19047841 0.98159976 -0.01341218
vn -0.02582222 0.99719596 0.07023839
vn 0.02506920 0.97532648 0.21933945
vn 0.36515770 0.92528637 0.10249381
vn 0.35656363 0.93422206 -0.00956662
vn -0.40017571 0.91628656 -0.01668330
vn -0.37662343 0.92621542 -0.01672668
vn -0.43411785 0.89116092 -0.13181013
vn 0.38951935 0.91786570 -0.07613954
vn -0.45447446 0.88594163 -0.09252241
vn -0.13761496 0.99004841 0.02943231
vn -0.27662389 0.95916427 0.05901799
vn -0.25826421 0.95524027 0.14427623
vn -0.43410184 0.90081007 -0.00983929
vn -0.50752192 0.86145359 -0.01786665
vn -0.36390721 0.93119172 -0.02129628
vn -0.33463974 0.94227724 -0.01139530
vn -0.35571988 0.93374657 0.03975810
vn -0.31597031 0.94876664 -0.00214839
vn -0.36836459 0.92879113 -0.04067642
vn -0.51643259 0.85389251 -0.06453656
vn -0.45146386 0.89220796 -0.01205610
vn -0.27006495 0.96281875 -0.00670694
vn -0.10387273 0.99459013 -0.00096106
vn -0.02209636 0.99928714 0.03060988
vn -0.02366480 0.96522788 0.26033653
vn -0.07497660 0.98506706 0.15498839
vn 0.35448858 0.93390620 0.04644406
vn 0.30247464 0.90683586 0.29352652
vn 0.06340910 0.99450297 0.08332544
vn 0.24890874 0.96804736 -0.03047543
vn -0.44024873 0.89778041 -0.01309183
vn -0.42143070 0.90658196 -0.02247941
vn 0.56364224 0.82072907 0.09333393
vn -0.35403396 0.93501099 0.02035702
vn -0.42455143 0.90518428 -0.01993750
vn -0.40869942 0.91214474 0.03093146
vn -0.35249535 0.93511703 -0.03609936
vn -0.42099186 0.90617110 -0.04024677
vn -0.16599180 0.93742792 0.30606473
vn -0.15905256 0.97868036 -0.12995015
vn 0.27130271 0.96198777 0.03121488
vn 0.35371880 0.93454676 -0.03879905
vn 0.43386640 0.89971417 0.04769025
vn 0.28372167 0.93286447 0.22195922
vn -0.25785572 0.96600658 -0.01848552
vn 0.08112309 0.99666618 -0.00869266
vn 0.07420370 0.99514236 -0.06469536
vn 0.17397452 0.98043419 -0.09209600
vn -0.22845585 0.72840674 0.64593463
vn -0.16032342 0.98668213 -0.02747321
vn 0.07967268 0.99652552 -0.02427231
vn -0.24533925 0.96720262 -0.06578552
vn -0.27400477 0.96098732 -0.03774608
vn 0.26511888 0.96418231 -0.00802888
vn -0.28376487 0.94656058 -0.15329895
vn 0.50433058 0.86301676 -0.02920168
vn -0.49689861 0.86774500 -0.01050607
vn -0.46465157 0.88548952 0.00269024
vn -0.36067907 0.92769452 -0.09640270
vn -0.56316621 0.82614147 0.01827798
vn 0.05036379 0.99844169 -0.02403502
vn -0.36503299 0.92335088 -0.11905490
vn -0.13199832 0.95779561 0.25535075
vn 0.26512736 0.96353186 -0.03624686
vn -0.39119330 0.92020526 -0.01378713
vn 0.27538339 0.95972327 -0.05563485
vn -0.41518059 0.90867928 0.04389816
vn -0.38198188 0.92415655 -0.00495133
vn -0.43736775 0.89829450 -0.04214783
vn -0.24515749 0.96652054 -0.07573546
vn -0.14971995 0.98869169 0.00852510
vn -0.04325149 0.99756112 -0.05478245
vn 0.24972413 0.95732993 0.14545537
vn -0.00904138 0.98987419 -0.14165923
vn -0.39173977 0.91990399 -0.01779310
vn -0.26814756 0.96337458 -0.00250879
vn -0.43655124 0.87669620 -0.20205639
vn 0.17477269 0.97793286 -0.11446323
vn -0.46166080 0.88686738 -0.01831813
vn -0.27550104 0.95743088 -0.08617014
vn -0.33049257 0.92873710 -0.16799424
vn -0.43102564 0.89918748 -0.07535764
vn -0.40504832 0.91207089 -0.06373810
vn -0.31291210 0.93976308 -0.13759130
vn -0.48255974 0.87555846 0.02309712
vn -0.53527086 0.84386330 0.03714608
vn 0.30843162 0.95101446 0.02101024
vn 0.32260883 0.94652920 0.00245041
vn 0.32276494 0.94135854 0.09832040
vn 0.40057119 0.91532660 0.04147227
vn -0.60152758 0.79741108 0.04795984
vn 0.34717867 0.93447821 -0.07885073
vn -0.30314028 0.90514458 0.29802561
vn -0.74493716 0.66712704 -0.00318574
vn 0.35397782 0.93251888 -0.07147195
vn -0.52991577 0.84804791 0.00200456
vn -0.64937668 0.74941561 -0.12917497
vn 0.35611981 0.93371338 -0.03685114
vn -0.84912529 0.52267242 -0.07615627
vn 0.13060616 0.98297459 0.12924001
vn -0.42284317 0.90603991 0.01718515
vn -0.02715016 0.99769143 0.06224696
vn -0.23925834 0.96398942 -0.11610271
vn 0.04752767 0.98716502 -0.15246753
vn -0.00765773 0.99968136 0.02405292
vn 0.07053664 0.98834167 0.13492712
vn -0.04425009 0.98788585 0.14873960
vn -0.51968123 0.85430372 -0.00982703
vn -0.61778935 0.77611314 -0.12643064
vn 0.37813338 0.92570439 -0.00930239
vn -0.18326846 0.95781977 -0.22134580
vn 0.01920376 0.92785393 -0.37244905
vn -0.09504161 0.87886212 -0.46751307
vn -0.42390970 0.86297042 -0.27492292
vn -0.02519231 0.93927374 -0.34224287
vn 0.37533599 0.91071802 -0.17238208
vn -0.54212207 0.83985531 -0.02732629
vn -0.34611722 0.93667672 -0.05328778
vn -0.11209184 0.99301727 0.03677127
vn -0.04681258 0.96951962 0.24050008
vn 0.22920305 0.97078074 0.07106839
vn -0.12021534 0.99249275 -0.02250383
vn -0.47802563 0.86687222 0.14150635
vn -0.68224169 0.73051938 -0.02979439
vn -0.08188647 0.99661692 -0.00702267
vn -0.47396200 0.88047027 -0.01149488
vn 0.20725485 0.97816831 0.01523744
vn -0.08415237 0.99643420 -0.00610467
vn -0.33719753 0.91322247 -0.22874122
vn -0.57773769 0.81607429 -0.01555374
vn 0.49227059 0.86965530 -0.03700436
vn 0.39905879 0.91367618 0.07712270
vn -0.54843437 0.83604034 0.01600895
vn -0.48107181 0.86268858 0.15600744
vn -0.34375548 0.93900082 -0.01047039
vn -0.08887931 0.99600889 0.00817091
vn -0.53617780 0.84393851 0.01676742
vn 0.10858670 0.89300338 -0.43675381
vn 0.12828446 0.82558965 -0.54949507
vn -0.57076448 0.82110032 0.00470985
vn -0.30441218 0.80773744 0.50486975
vn 0.43790782 0.86111799 -0.25828774
vn 0.30397395 0.94847274 0.08943886
vn -0.61104533 0.69291020 -0.38275195
vn -0.68024213 0.69459130 -0.23412296
vn -0.16250420 0.98454017 -0.06536843
vn -0.53623997 0.84138265 0.06724535
vn -0.08261114 0.98192510 0.17028945
vn 0.46642662 0.86555226 -0.18238829
vn -0.62348785 0.78139427 -0.02618956
vn -0.67026617 0.73887694 -0.06931189
vn 0.36484003 0.84218405 -0.39701106
vn 0.06003781 0.92996254 0.36271907
vn -0.41803604 0.78758262 0.45272452
vn 0.66570663 0.74474933 0.04672386
vn 0.55550209 0.82951276 0.05767153
vn 0.55923881 0.82416897 -0.08942852
vn -0.69200595 0.70517820 -0.15443925
vn 0.51351924 0.82520436 0.23523554
vn -0.34505360 0.93675712 -0.05851587
vn 0.64833365 0.75998882 -0.04561224
vn 0.63864623 0.76879608 -0.03291761
vn 0.02805566 0.99945201 0.01756588
vn -0.02799432 0.60638593 -0.79467756
vn 0.17620393 0.93428019 -0.30995597
vn -0.62613707 0.76114461 -0.16914862
vn 0.09188400 0.99548929 -0.02363053
vn 0.24573717 0.95960969 -0.13697622
vn 0.08065797 0.53556103 -0.84063587
vn -0.92945656 0.31947928 -0.18450881
vn -0.06078351 0.99787295 0.02355708
vn -0.15254591 0.97492929 0.16199573
vn -0.08899595 0.97221280 0.21652250
vn -0.11132297 0.97274921 0.20338676
vn -0.05350315 0.99559072 0.07704887
vn -0.07009239 0.99668984 0.04118764
vn -0.08423033 0.98836705 0.12663261
vn -0.07425927 0.99539253 0.06065706
vn -0.05674589 0.99837894 0.00440474
vn -0.05094812 0.99869458 0.00366469
vn -0.04838591 0.99190451 0.11740631
vn 0.01600965 0.97892939 0.20357047
vn -0.06477352 0.99542124 0.07029187
vn -0.06416395 0.99303975 0.09876761
vn -0.05219176 0.98207327 0.18113010
vn 0.00937235 0.96203934 0.27274981
vn -0.04502020 0.99727031 0.05852448
vn -0.03948930 0.99317881 0.10971076
vn -0.02726076 0.98439301 0.17385987
vn -0.09691729 0.93213946 0.34888832
vn -0.08197238 0.95244741 0.29346970
vn 0.08587162 0.99508359 0.04934291
vn 0.05062211 0.99838718 0.02569905
vn -0.03095373 0.99846325 0.04596738
vn -0.07370979 0.97885357 0.19082074
vn -0.07636096 0.98672486 0.14332850
vn -0.18300224 0.98220612 0.04220571
vn -0.04083998 0.97632623 0.21241279
vn -0.06694699 0.98243696 0.17417152
vn -0.24755057 0.88932274 0.38447859
vn 0.01123016 0.73394997 0.67911068
vn -0.28867129 0.82427174 0.48707800
vn -0.08939852 0.96864383 0.23181252
vn -0.09305965 0.95140103 0.29355746
vn 0.19737207 0.97966117 0.03616976
vn -0.05578601 0.93993911 0.33675272
vn 0.15290673 0.86347328 0.48065937
vn 0.02304949 0.90786909 0.41861967
vn -0.14478893 0.87821409 0.45582473
vn 0.00077678 0.86056044 0.50934774
vn -0.10912838 0.81869880 0.56375817
vn -0.00815424 0.99386581 -0.11029171
vn -0.04336594 0.99334767 -0.10667614
vn -0.03910025 0.98066013 -0.19177300
vn 0.01442974 0.95779885 -0.28707689
vn -0.00765063 0.99446264 -0.10481185
vn -0.02390786 0.98372045 -0.17810806
vn -0.00011043 0.98164394 -0.19072273
vn -0.08564695 0.99325744 -0.07812978
vn -0.07649744 0.98500691 -0.15462707
vn 0.01648883 0.97026405 -0.24148662
vn -0.01751464 0.99446293 -0.10361815
vn -0.02294596 0.98490285 -0.17158050
vn 0.07434090 0.91942529 -0.38617427
vn 0.00734730 0.99420967 -0.10720612
vn 0.14842693 0.93263565 -0.32887716
vn -0.10366715 0.99151754 -0.07839698
vn -0.10837091 0.96689955 -0.23099999
vn -0.06870712 0.97829630 -0.19548831
vn -0.07561366 0.99575523 -0.05247952
vn -0.11724583 0.97751701 -0.17525384
vn -0.11707266 0.95561771 -0.27034938
vn -0.25705293 0.96099796 -0.10201328
vn -0.21418380 0.97647814 -0.02481427
vn -0.08139597 0.98359670 -0.16097275
vn 0.14212258 0.98810083 -0.05880414
vn -0.15742634 0.94080925 -0.30015813
vn 0.34354674 0.92756507 -0.14696487
vn 0.12566192 0.98732742 -0.09692079
vn -0.00186223 0.96461481 -0.26365660
vn -0.07008850 0.96026580 -0.27014291
vn -0.12905824 0.92853180 -0.34809866
vn -0.04826496 0.96246638 -0.26707481
vn 0.03199150 0.90228820 -0.42994481
vn -0.13328628 0.90510059 -0.40376686
vn -0.19252880 0.94696724 -0.25726583
vn 0.08975179 0.95326234 -0.28850567
vn -0.07080897 0.84672860 -0.52729192
vn -0.11301630 0.80304166 -0.58510804
vn 0.01239788 0.93225085 -0.36160012
vn 0.23576607 0.96834378 -0.08200412
vn 0.20008256 0.94766852 -0.24877971
vn 0.04109641 0.92229638 -0.38429218
vn -0.27039358 0.85865460 -0.43543034
vn 0.03524509 0.89981267 -0.43485048
vn -0.40532178 0.90198553 -0.14878293
vn -0.18154252 0.84275508 -0.50676049
vn 0.34137592 0.93841034 -0.05337155
vn 0.49973937 0.85308865 -0.15000108
vn -0.09769786 0.71843462 -0.68869937
vn 0.23400827 0.78154653 -0.57829504
vn -0.10387456 0.66977389 -0.73526391
vn 0.38144897 0.68891533 -0.61635408
vn -0.12174406 0.00861489 0.99252414
vn 0.26192170 -0.00596325 0.96507070
vn 0.23413807 0.00570103 0.97218664
vn -0.13429933 0.01635472 0.99080584
vn -0.12055776 0.01772291 0.99254810
vn -0.07479834 0.01095434 0.99713851
vn -0.00960021 0.03827413 0.99922116
vn -0.03227298 -0.01464801 0.99937175
vn 0.24972201 -0.02559030 0.96797937
vn -0.17663032 0.03996187 0.98346570
vn 0.02013475 0.01215656 0.99972337
vn -0.49498579 0.01283775 0.86880622
vn 0.00383770 0.00653986 0.99997125
vn -0.37431713 -0.00365730 0.92729354
vn 0.11940280 0.00520210 0.99283227
vn -0.20361348 -0.00498472 0.97903866
vn -0.09627619 -0.05381131 0.99389901
vn 0.22154536 -0.04974686 0.97388033
vn -0.20424626 -0.00126513 0.97891872
vn -0.27482132 0.00013525 0.96149531
vn 0.01385296 0.00277970 0.99990018
vn 0.00003342 0.01511130 0.99988582
vn -0.37308132 0.04205659 0.92684496
vn 0.12075843 0.09968144 0.98766442
vn -0.13782232 0.10796776 0.98455471
vn -0.10459891 0.11960757 0.98729585
vn 0.00589866 0.10757725 0.99417923
vn -0.11621571 0.02701859 0.99285644
vn -0.10439725 -0.09949063 0.98954678
vn -0.11100907 0.08756084 0.98995459
vn -0.09907013 0.05648645 0.99347591
vn -0.08462636 -0.01852414 0.99624055
vn -0.09070350 0.07148838 0.99330876
vn -0.08708245 -0.45251581 0.88749427
vn -0.05526604 -0.22322041 0.97320004
vn -0.06513306 0.08233550 0.99447401
vn -0.04364819 -0.05445456 0.99756180
vn -0.04098168 0.08470606 0.99556285
vn -0.02783800 0.04668402 0.99852173
vn 0.11011386 -0.21129195 0.97120062
vn -0.00579654 0.07663788 0.99704214
vn 0.08365775 0.05230859 0.99512069
vn -0.06516170 0.07731544 0.99487500
vn -0.12253329 0.03917686 0.99169086
vn -0.14226061 -0.11584862 0.98302646
vn -0.13898521 -0.11566254 0.98351680
vn -0.07500603 -0.23359660 0.96943629
vn 0.11932660 0.00702247 0.99283022
vn 0.21761179 0.00328807 0.97602987
vn 0.17671433 -0.07261755 0.98157972
vn 0.30390381 0.02392277 0.95240232
vn 0.11799194 0.04665250 0.99191806
vn 0.20640967 0.00833561 0.97843015
vn -0.07521792 0.01316273 0.99708024
vn 0.06026100 0.00188624 0.99818087
vn -0.18287672 0.00684340 0.98311203
vn -0.25435153 -0.03308881 0.96654562
vn -0.00010337 -0.01495143 0.99988822
vn -0.02564838 0.00734955 0.99964401
vn -0.27266316 0.08035467 0.95874811
vn -0.25234864 -0.02131992 0.96740148
vn -0.22854522 -0.00972792 0.97348469
vn -0.24302042 0.00294808 0.97001669
vn 0.01853197 -0.01802163 0.99966584
vn -0.25762133 -0.01891007 0.96606090
vn -0.44630575 -0.03548301 0.89417679
vn -0.08637293 -0.03662693 0.99558937
vn -0.33122467 -0.03707446 0.94282326
vn -0.07935367 -0.00665699 0.99682430
vn -0.00650701 -0.01872949 0.99980341
vn 0.09163882 -0.03081868 0.99531529
vn 0.32940423 -0.02973753 0.94372058
vn 0.14620305 -0.02685329 0.98889007
vn -0.25216329 -0.01201439 0.96761011
vn 0.14316262 -0.02853383 0.98928777
vn -0.14387725 -0.00777483 0.98956500
vn -0.31379084 -0.00352405 0.94948559
vn -0.23802145 -0.00439679 0.97124995
vn -0.13398926 0.00684013 0.99095918
vn -0.12852599 -0.01951562 0.99151410
vn -0.13780831 -0.01711324 0.99031107
vn -0.14579389 -0.02104460 0.98909113
vn -0.15030454 -0.01774494 0.98848048
vn -0.12498771 -0.01069220 0.99210067
vn 0.09129672 -0.00440523 0.99581399
vn -0.12686282 0.00153110 0.99191909
vn -0.03863208 -0.00106623 0.99925293
vn -0.21081887 -0.00609553 0.97750614
vn -0.02484585 -0.02313288 0.99942361
vn -0.34672683 -0.01945613 0.93776434
vn 0.03479119 0.02960758 0.99895594
vn -0.01573713 0.07012587 0.99741401
vn -0.33717302 -0.00042252 0.94144260
vn -0.49502392 -0.03844757 0.86802828
vn -0.48677386 0.22545208 0.84393280
vn -0.08935408 0.14789544 0.98495827
vn -0.13336124 0.15565095 0.97876839
vn 0.12883570 0.00237296 0.99166311
vn 0.23991337 -0.07657716 0.96776935
vn 0.32409941 0.11475916 0.93903669
vn -0.02901256 -0.22699110 0.97346459
vn 0.00416171 -0.27112584 0.96253491
vn -0.04851814 -0.15826449 0.98620401
vn -0.01145933 -0.32320188 0.94626066
vn -0.48186001 -0.04105923 0.87528571
vn 0.21345426 -0.01092736 0.97689194
vn 0.18361796 -0.16349883 0.96930520
vn -0.37121482 0.00359771 0.92854005
vn 0.19464080 -0.00355526 0.98086815
vn 0.20454397 0.01240342 0.97877879
vn 0.24676651 0.00161191 0.96907362
vn 0.20585524 0.00170805 0.97858096
vn 0.29131937 0.04772839 0.95543447
vn 0.17047025 -0.07111191 0.98279346
vn 0.08701586 -0.04052630 0.99538227
vn 0.21721962 -0.06497009 0.97395817
vn 0.19294581 -0.02901926 0.98078020
vn -0.05728346 -0.06496828 0.99624180
vn -0.00905527 -0.09358442 0.99557017
vn -0.06348743 -0.11382018 0.99147078
vn -0.00302705 -0.09742835 0.99523794
vn -0.08329607 -0.10985023 0.99045176
vn 0.03353087 0.00305401 0.99943302
vn -0.03333847 0.13300465 0.99055455
vn -0.05613297 0.15132277 0.98688931
vn -0.39327293 -0.02408965 0.91910614
vn -0.39155583 -0.01209694 0.92007483
vn -0.36898022 -0.01618758 0.92929627
vn -0.15037630 0.32853216 0.93244495
vn -0.60067907 -0.01676698 0.79931441
vn -0.05536434 0.38173687 0.92261138
vn -0.44316917 0.01322302 0.89634047
vn -0.45346955 -0.00596388 0.89125181
vn 0.38637959 -0.00633045 0.92231813
vn -0.63329901 -0.03351066 0.77318135
vn -0.45823081 0.13910985 0.87787982
vn 0.55408367 0.22352045 0.80189145
vn 0.58124634 -0.03654356 0.81290667
vn -0.56676194 -0.01078520 0.82381101
vn 0.45964319 0.01166040 0.88802713
vn 0.44307414 0.03558051 0.89577862
vn -0.04085275 -0.30459896 0.95160419
vn 0.38312937 0.02372562 0.92338994
vn 0.49059004 0.02048458 0.87114970
vn -0.64455103 0.02259323 0.76422739
vn 0.51587695 -0.02602219 0.85626738
vn 0.14504872 -0.54888891 0.82321433
vn -0.63584641 -0.04170082 0.77068825
vn -0.76758608 0.01773626 0.64070042
vn -0.76952121 0.01837953 0.63835672
vn 0.51595843 -0.01739948 0.85643689
vn 0.59497917 -0.00637018 0.80371587
vn 0.59590488 -0.00622856 0.80303087
vn 0.59140075 -0.12148609 0.79717393
vn 0.46819149 -0.02943081 0.88313677
vn 0.43339886 -0.04669320 0.89999176
vn 0.19939075 0.00699901 0.97989507
vn 0.51001007 -0.02147906 0.85990022
vn 0.46442799 0.10459159 0.87941301
vn 0.53086147 0.05695519 0.84554255
vn 0.44221334 0.17673858 0.87932408
vn 0.04566564 -0.00794969 0.99892515
vn 0.30477921 0.29791439 0.90463067
vn 0.04237129 -0.03046327 0.99863740
vn 0.00879420 -0.03121860 0.99947389
vn 0.04734505 -0.05570822 0.99732394
vn 0.14557780 0.00950962 0.98930110
vn 0.06074802 0.05522712 -0.99662412
vn 0.10817490 0.07507970 -0.99129271
vn 0.39835293 0.02692299 -0.91683700
vn 0.28127381 0.01908467 -0.95943776
vn 0.10139924 0.01372852 -0.99475109
vn 0.14433497 0.06013521 -0.98769994
vn -0.05832848 0.05056520 -0.99701602
vn 0.02519395 0.05392737 -0.99822698
vn 0.07131745 0.03856991 -0.99670767
vn 0.10727944 0.04824398 -0.99305772
vn 0.17494123 0.04102707 -0.98372371
vn 0.09112521 0.03298402 -0.99529305
vn 0.14919507 0.04411432 -0.98782324
vn 0.19937429 0.07403998 -0.97712229
vn 0.15915972 0.03145247 -0.98675170
vn 0.31674224 0.04555218 -0.94741720
vn 0.22507719 0.07425076 -0.97150763
vn 0.43498120 0.06847671 -0.89783200
vn 0.22143936 0.06813253 -0.97279112
vn 0.18901242 0.05964469 -0.98016163
vn 0.23820946 0.09292142 -0.96675843
vn 0.37488566 0.03933153 -0.92623635
vn 0.37036038 0.03658920 -0.92816724
vn 0.38397453 0.07662544 -0.92015874
vn 0.26223419 0.02573223 -0.96466112
vn 0.24828213 0.02805099 -0.96828153
vn 0.22682621 0.02077748 -0.97371360
vn 0.22228981 0.01401972 -0.97487983
vn 0.19319235 0.00574789 -0.98114407
vn 0.22346373 0.03030476 -0.97424103
vn 0.15563339 0.01267675 -0.98773354
vn 0.11835809 0.01138571 -0.99290570
vn 0.10453642 0.01057298 -0.99446486
vn 0.07670200 0.00846009 -0.99701817
vn 0.30994886 0.03112145 -0.95024374
vn 0.00289811 0.02219378 -0.99974949
vn 0.24145779 -0.06116874 -0.96848155
vn 0.16895869 -0.10862450 -0.97961915
vn 0.16028726 -0.04803430 -0.98590096
vn 0.05624981 -0.13125842 -0.98975107
vn 0.47877479 0.03222787 -0.87734603
vn -0.04119563 0.02180297 -0.99891318
vn -0.11089231 0.01089566 -0.99377270
vn 0.15989819 0.01876813 -0.98695508
vn -0.03380981 0.02062192 -0.99921551
vn 0.67152898 0.01663429 -0.74079156
vn 0.55761240 0.01319684 -0.82999654
vn 0.53914647 0.05311833 -0.84053526
vn 0.37340834 0.00922512 -0.92762121
vn 0.11271910 0.01163834 -0.99355873
vn 0.10467368 0.03482499 -0.99389669
vn 0.07771868 0.03387689 -0.99639960
vn 0.12484059 0.04936186 -0.99094815
vn -0.08430922 0.22087421 -0.97165145
vn 0.30921885 0.08363481 -0.94730614
vn 0.14376149 0.33607400 -0.93079906
vn 0.52989053 0.05502428 -0.84627913
vn 0.36350734 0.10387638 -0.92578189
vn 0.61069960 0.02367221 -0.79150845
vn 0.74053365 0.02771582 -0.67144750
vn -0.01633330 -0.30762459 -0.95136761
vn 0.00259788 -0.44433137 -0.89585874
vn 0.05928971 -0.11531652 -0.99155778
vn 0.02482846 0.10696389 -0.99395285
vn 0.06296669 0.18793225 -0.98016155
vn 0.08211428 -0.11702688 -0.98972822
vn 0.03576472 0.32228472 -0.94596693
vn 0.05048436 0.15283725 -0.98696104
vn 0.06997323 -0.08213591 -0.99416168
vn 0.03139179 0.54368727 -0.83870061
vn 0.02254948 0.27853375 -0.96016169
vn 0.13353245 -0.21118800 -0.96828132
vn 0.01456051 0.02949438 -0.99945889
vn 0.05055310 0.35207064 -0.93460722
vn 0.01132937 -0.00614265 -0.99991695
vn 0.28484411 -0.05379754 -0.95706304
vn 0.13424634 0.00436748 -0.99093837
vn 0.05002313 0.01267623 -0.99866761
vn 0.06375943 0.01199973 -0.99789315
vn -0.08116184 0.03690615 -0.99601742
vn 0.02681819 0.08636946 -0.99590215
vn -0.08001067 0.05772704 -0.99512104
vn 0.25913413 -0.00166730 -0.96583991
vn 0.07282374 -0.19141545 -0.97880378
vn 0.07883389 -0.27936232 -0.95694405
vn 0.08085464 0.37494949 -0.92351254
vn 0.06456991 -0.21171334 -0.97519649
vn 0.06321814 -0.17354408 -0.98279495
vn 0.28094244 -0.19744159 -0.93919549
vn -0.18912982 0.12026746 -0.97455921
vn -0.12630751 0.03564622 -0.99135047
vn -0.30335439 0.05036357 -0.95154591
vn 0.06523471 0.39416257 -0.91672259
vn 0.00018762 0.61843954 -0.78583236
vn -0.27152105 0.06817964 -0.96001451
vn -0.27016071 0.06884273 -0.96035091
vn -0.22495599 0.07987495 -0.97108949
vn -0.30737833 0.07683379 -0.94848043
vn -0.31721154 0.06610126 -0.94604834
vn 0.23730489 -0.34253324 -0.90904201
vn 0.49991873 0.01730187 -0.86589948
vn -0.11344208 0.41958061 -0.90060147
vn 0.48465936 -0.08191643 -0.87085878
vn 0.50943927 0.01654270 -0.86034759
vn -0.43889319 0.14909468 -0.88608326
vn -0.06788963 -0.47562048 -0.87702689
vn -0.01059160 0.51285616 -0.85840921
vn -0.07567318 0.62079479 -0.78031237
vn 0.03105798 -0.54174278 -0.83997033
vn 0.03039855 0.68921481 -0.72391911
vn 0.32537607 -0.02077040 -0.94535655
vn 0.11569683 -0.00181746 -0.99328291
vn 0.12071809 -0.00051355 -0.99268670
vn 0.12865562 -0.00116417 -0.99168865
vn 0.09819373 0.00040810 -0.99516723
vn 0.09753599 0.00052237 -0.99523186
vn 0.79576892 -0.18054642 -0.57806126
vn 0.83794529 -0.31639529 -0.44468159
vn 0.84022143 -0.11864442 -0.52910438
vn 0.02448074 0.99961814 -0.01281707
vn 0.10984993 0.99304090 -0.04245894
vn 0.08586989 0.99630164 -0.00306583
vn -0.06538900 0.99785687 0.00243982
vn 0.01006380 0.99990468 -0.00945243
vn -0.08583986 0.99630682 0.00205676
vn 0.00260534 0.99998292 -0.00523193
vn 0.04418142 0.99902350 -0.00021648
vn -0.09038050 0.99574703 0.01786668
vn -0.17293022 0.98488213 -0.01011580
vn -0.20449569 0.97886740 0.00033981
vn 0.06847440 0.99762727 -0.00714804
vn -0.07937167 0.99684165 0.00261840
vn -0.15739857 0.98743243 -0.01424380
vn 0.05263441 0.99853414 -0.01261678
vn -0.06284324 0.99797856 -0.00946125
vn 0.00557282 0.99998085 0.00269245
vn 0.03188091 0.99948829 0.00260009
vn 0.03098592 0.99951827 0.00176345
vn -0.03185096 0.99949229 -0.00082776
vn -0.08052720 0.99672540 -0.00733798
vn -0.01929448 0.99979501 -0.00613760
vn 0.02277630 0.99971528 0.00711365
vn -0.02213255 0.99974447 -0.00459908
vn -0.03035427 0.99948857 -0.01006016
vn 0.06318910 0.99768538 -0.02511998
vn 0.23748591 0.96874108 -0.07170182
vn -0.08085034 0.99660282 -0.01568549
vn 0.30201750 0.95313164 0.01804160
vn 0.27504445 0.96061403 -0.03963868
vn 0.35673570 0.93419203 0.00498977
vn 0.10972514 0.99395580 0.00350238
vn 0.03571247 0.99515554 -0.09159729
vn 0.02693293 0.99813440 -0.05479365
vn 0.02751621 0.98854470 -0.14839889
vn -0.16980092 0.98537502 -0.01427326
vn 0.06322782 0.95237049 -0.29831643
vn 0.06529506 0.94279205 -0.32692461
vn 0.34017057 0.94026597 -0.01356032
vn 0.33897076 0.94073430 -0.01085387
vn -0.06112745 0.99807379 -0.01059009
vn 0.05974225 0.99817145 0.00919899
vn -0.15216877 0.98834380 0.00460355
vn 0.12647270 0.99195531 -0.00541509
vn -0.06888765 0.99740961 0.02070182
vn -0.13639188 0.99061684 0.00869125
vn -0.15823427 0.98735439 -0.00965534
vn -0.02810606 0.99959622 -0.00417683
vn 0.10540634 0.99441386 0.00553063
vn 0.30991244 0.94901488 -0.05766311
vn -0.10813261 0.99407449 -0.01110153
vn 0.04873820 0.99878891 -0.00673001
vn 0.10917863 0.99399996 -0.00664092
vn 0.03321830 0.99927456 -0.01862540
vn 0.06265644 0.99793957 -0.01381218
vn -0.00550176 0.99997812 -0.00367200
vn 0.07829329 0.99671104 -0.02091095
vn 0.15159888 0.98843461 -0.00384721
vn -0.09003051 0.99590909 -0.00771973
vn 0.14567034 0.98931075 -0.00666209
vn 0.02562633 0.99915533 -0.03212339
vn 0.15993822 0.98691787 -0.02031949
vn 0.18999327 0.98155806 -0.02112639
vn 0.01168791 0.99950142 -0.02933102
vn 0.10154516 0.99111349 -0.08592226
vn 0.25340022 0.96690617 -0.02967822
vn 0.20183296 0.97039498 -0.13265382
vn -0.17823885 0.98398479 -0.00220197
vn 0.22812995 0.97357988 -0.00994687
vn 0.32660876 0.94492003 -0.02128020
vn -0.33382801 0.94257927 -0.01015772
vn 0.00475598 0.98860474 -0.15045949
vn -0.11212577 0.99368029 -0.00522489
vn 0.40712586 0.91291666 -0.02883934
vn 0.16265146 0.81700096 -0.55322142
vn 0.58088822 0.81391839 0.01028317
vn -0.52509044 0.85060199 0.02750076
vn 0.66603019 0.74484817 -0.04006225
vn 0.72010977 0.69339661 -0.02535847
vn -0.56773037 0.82319269 0.00600164
vn 0.00582606 0.99980447 -0.01889671
vn 0.25205752 0.96758616 -0.01562133
vn -0.02439918 0.99934517 -0.02671915
vn -0.03631706 0.99565432 0.08575279
vn 0.02762287 0.99960643 -0.00489434
vn 0.01774731 0.98062504 0.19508860
vn -0.18713218 0.98191685 -0.02865040
vn -0.01429252 0.99986442 -0.00817653
vn -0.04721884 0.99826998 -0.03503463
vn -0.03288742 0.87056006 0.49096192
vn 0.54496213 0.83827325 0.01772666
vn -0.28369587 0.83368307 0.47380291
vn 0.14437178 0.78866144 0.59763695
vn 0.68283164 0.72928715 0.04337287
vn 0.06238842 0.99804726 -0.00305669
vn 0.12817144 0.99157225 -0.01888253
vn -0.11635649 0.99286446 -0.02610227
vn -0.08468954 0.99640569 0.00183769
vn -0.02072907 0.99893053 -0.04132921
vn 0.12066417 0.99267402 -0.00620044
vn -0.21339352 0.97665024 0.02484978
vn 0.04352593 0.99875455 0.02438919
vn -0.02039138 0.99533463 0.09430354
vn -0.07756228 0.97155544 0.22375012
vn -0.28279810 0.95801420 -0.04726550
vn 0.08025728 0.99677073 0.00262477
vn -0.21858502 0.97568793 0.01592638
vn -0.02967100 0.99955948 0.00069426
vn -0.34732386 0.93744585 -0.02369432
vn 0.16894655 0.98562459 0.00111186
vn -0.36228351 0.93174463 -0.02454808
vn -0.24620197 0.87399825 0.41894111
vn -0.56611413 0.82418051 0.01553284
vn -0.53871901 0.84244791 -0.00795917
vn -0.58177548 0.81237592 0.03978265
vn -0.24688534 0.96902910 -0.00549795
vn -0.14375183 0.98961323 0.00103677
vn -0.30336878 0.95287184 0.00162422
vn -0.02573522 0.99966640 -0.00219002
vn 0.02708580 0.99956071 -0.01203101
vn -0.09003626 0.99588126 0.01067644
vn -0.39226724 0.91974933 0.01369634
vn -0.00381039 0.99966071 -0.02576696
vn 0.15216179 0.98835555 -0.00032115
vn 0.15171069 0.98841393 -0.00466488
vn -0.32605224 0.94454093 0.03914552
vn 0.28104831 0.95964948 -0.00920457
vn -0.05846711 0.99827973 -0.00437934
vn -0.48533362 0.87117073 0.07424853
vn -0.51555292 0.85666958 0.01795610
vn -0.25103626 0.96720190 -0.03874635
vn 0.12972389 0.99134737 0.02005263
vn 0.14218395 0.98952809 0.02485726
vn -0.61948996 0.78500458 0.00003434
vn -0.43287364 0.90145145 -0.00238516
vn -0.43186121 0.90153157 0.02714274
vn -0.27967910 0.96005577 0.00851637
vn 0.18177062 0.98326838 -0.01194710
vn -0.16014854 0.98685875 0.02149995
vn -0.80411415 0.59447451 -0.00070551
vn -0.47527628 0.87938814 -0.02808852
vn 0.08310602 0.99653734 0.00259211
vn 0.03601052 0.99898476 0.02706818
vn 0.19896992 0.97907373 -0.04272710
vn 0.18612054 0.98242409 -0.01421421
vn 0.26486316 0.96428577 0.00067530
vn -0.04213391 0.99897740 -0.01639795
vn -0.09361942 0.99505765 -0.03310092
vn -0.15258951 0.98760878 -0.03667899
vn -0.22274514 0.97424388 -0.03512067
vn -0.22641260 0.97340161 -0.03502344
vn 0.33424170 0.94244718 -0.00870640
vn 0.18595287 0.98241078 -0.01704687
vn 0.09677490 0.99530621 0.00039765
vn -0.05638432 0.99840099 -0.00403501
vn -0.19667734 0.98037966 -0.01318134
vn 0.13679628 0.98231883 -0.12781431
vn -0.13488197 0.94918721 -0.28434221
vn -0.25911006 0.91019843 -0.32311113
vn -0.27867788 0.90459048 -0.32257513
vn 0.04494624 0.99894908 0.00897650
vn 0.37241088 0.92782991 0.02101888
vn 0.15139744 0.98845726 -0.00557361
vn 0.29298782 0.95596472 0.01701731
vn 0.37305715 0.92780811 -0.00068483
vn 0.37879820 0.92547704 -0.00204330
vn 0.38169594 0.92402068 0.02222580
vn -0.95951223 0.25313056 -0.12353620
vn -0.91502188 0.39684766 -0.07243547
vn -0.98718993 0.15906032 -0.01248405
vn -0.95957049 0.22057358 -0.17484783
vn -0.85273134 0.49960763 -0.15245155
vn -0.87631692 0.48170844 0.00506422
vn -0.80808263 0.57986899 -0.10370351
vn -0.80985570 0.58659866 -0.00597953
vn -0.79377339 0.59184497 -0.14015470
vn 0.77717840 0.62880028 -0.02457530
vn 0.93636914 0.34525036 -0.06336418
vn 0.80134213 0.59820628 0.00019431
vn 0.88168062 0.47029521 -0.03823222
vn 0.58317125 0.79144816 -0.18308770
vn 0.65712943 0.71946162 -0.22484636
vn 0.96319803 0.26502217 -0.04486433
vn 0.86419341 0.49920701 0.06294529
vn 0.99314182 0.08476963 0.08051982
vn 0.74037130 0.66760943 0.07840914
vn 0.92899983 0.31236860 0.19845699
vn 0.85159281 0.47193976 0.22817220
vn 0.53383840 0.84473804 -0.03787087
vn 0.54538635 0.82197282 -0.16405614
vn 0.54473962 0.82383448 -0.15670193
vn 0.37231806 0.83121505 -0.41286899
vn 0.52856025 0.79459661 -0.29873112
vn 0.54066045 0.81361411 -0.21381850
vn 0.56667990 0.81882192 -0.09167641
vn 0.44637246 0.89401991 -0.03847111
vn 0.23805699 0.96594072 -0.10142683
vn 0.21508041 0.93416235 -0.28474747
vn 0.19801732 0.89201004 -0.40633388
vn -0.06640554 0.91801912 -0.39093632
vn 0.97521366 0.18297142 -0.12441776
vn 0.99918853 0.02791341 0.02903650
vn 0.92142104 0.13431146 -0.36461446
vn 0.97239831 0.22344605 -0.06718185
vn 0.99292133 0.08600779 -0.08191388
vn 0.82868605 0.28473729 -0.48187561
vn 0.95389626 0.27151315 -0.12791609
vn 0.84874047 -0.43849472 0.29557062
vn -0.24741710 0.96808418 0.03997249
vn 0.14869862 0.98880940 -0.01202864
vn 0.10353846 0.99460635 0.00616453
vn 0.23915176 0.97094945 -0.00797444
vn 0.22539253 0.97424598 -0.00655605
vn 0.25253998 0.96576676 -0.05931383
vn 0.33321527 0.94281186 -0.00856570
vn 0.23495063 0.96931165 -0.07234032
vn -0.44111208 0.89728072 0.01753383
vn -0.08576088 0.99586358 0.03001329
vn 0.20960051 0.97767790 0.01461328
vn 0.21389194 0.97675257 0.01430561
vn -0.49808991 0.86682355 0.02287718
vn 0.40019993 -0.04542777 0.91530123
vn 0.44253247 0.28601044 0.84991944
vn 0.20883927 0.19065416 0.95918567
vn -0.08324688 0.40966593 0.90842929
vn 0.26510824 0.44960563 0.85297855
vn -0.06567321 0.27502657 0.95919102
vn 0.42313458 -0.05168949 0.90459125
vn 0.36711636 -0.19399596 0.90972037
vn 0.43860374 -0.16633671 0.88315280
vn 0.55190072 -0.03689293 0.83309334
vn 0.52487739 0.07517368 0.84785178
vn -0.24495614 0.52742127 0.81352523
vn 0.65720293 0.61409025 0.43700970
vn 0.00423009 0.96974204 0.24409524
vn 0.04550887 0.97913726 0.19803829
vn 0.00723675 0.94912098 0.31482853
vn 0.08318734 0.97007613 0.22810561
vn -0.01044058 0.90651578 0.42204280
vn 0.28915814 0.95725775 -0.00672100
vn 0.29609622 0.95506614 0.01325526
vn 0.23556898 0.97184997 0.00385808
vn 0.25961189 0.96533946 -0.02685872
vn 0.25051905 0.96755675 -0.03277411
vn 0.45006245 0.89296882 -0.00710508
vn 0.45530274 0.89030192 -0.00786833
vn -0.84618581 0.53264480 -0.01609659
vn -0.19901938 0.97985531 -0.01657886
vn -0.69747840 0.71650947 -0.01174984
vn -0.55824287 0.82880550 0.03803094
vn -0.48160120 0.87637734 -0.00479955
vn -0.98842277 0.14800817 0.03337682
vn -0.80344416 0.59486880 -0.02466970
vn -0.86275122 0.50555290 0.00875242
vn -0.98643335 0.16394996 -0.00834573
vn -0.95770252 0.28762271 -0.00889171
vn -0.77030095 0.63521213 0.05605351
vn -0.93942412 0.34161687 0.02793262
vn -0.98167892 0.18955207 0.01940405
vn -0.97569399 0.21904097 0.00650307
vn -0.99152257 0.12960656 -0.00922636
vn -0.69100089 0.04935116 -0.72116727
vn -0.97214449 0.01830887 -0.23366614
vn -0.53779018 0.01606508 -0.84292564
vn -0.92291636 0.03613750 -0.38330076
vn -0.89179193 0.02624461 -0.45168393
vn -0.94859260 0.03496029 -0.31456295
vn -0.96581549 0.01328298 -0.25888993
vn -0.92446326 0.03758958 -0.37941362
vn -0.85468928 0.04640693 -0.51706154
vn -0.86007881 0.04290518 -0.50835380
vn -0.78529687 0.04545743 -0.61744834
vn -0.90268349 0.04473495 -0.42797348
vn -0.86678984 0.03723065 -0.49728186
vn -0.93785851 0.04659033 -0.34387607
vn -0.95027949 0.04468770 -0.30817510
vn -0.84133579 0.04195161 -0.53888231
vn -0.94242041 0.04234337 -0.33173906
vn -0.83427867 0.05799069 -0.54828477
vn -0.96585645 0.04173022 -0.25569493
vn -0.96390445 0.03875809 -0.26341226
vn -0.97166525 0.04693498 -0.23165437
vn -0.97230301 0.03058732 -0.23171379
vn -0.96683502 0.04345719 -0.25167742
vn -0.97006979 0.03774806 -0.23987431
vn -0.81843717 0.05955571 -0.57150128
vn -0.73918232 0.04265298 -0.67215342
vn -0.73203185 0.04004755 -0.68009233
vn -0.72945232 0.08308923 -0.67896649
vn -0.88887087 0.21592415 -0.40408580
vn -0.70974115 0.29821475 -0.63822837
vn -0.79647213 0.39338216 -0.45921959
vn -0.99936431 0.03435163 -0.00953678
vn -0.99819220 0.05488594 0.02449219
vn -0.99725949 0.06579740 0.03382608
vn -0.99014082 0.13957788 -0.01179755
vn -0.99515867 0.09825353 -0.00233964
vn -0.94528677 0.32465927 0.03208230
vn -0.99858777 0.05084525 -0.01540189
vn -0.99347264 0.11353559 -0.01103561
vn -0.99595583 0.07123517 0.05474981
vn -0.96074510 0.27735429 0.00659175
vn -0.99482312 0.10154763 0.00387718
vn -0.99246033 0.11312926 0.04716212
vn -0.97816390 0.19787494 0.06356803
vn -0.99465909 0.10318417 0.00251534
vn -0.99205616 0.12256725 0.02831672
vn -0.94009789 0.33703396 0.05122566
vn -0.99670885 0.08077904 -0.00679794
vn -0.96608601 0.24912412 0.06793378
vn -0.99694690 0.07807874 -0.00077188
vn -0.97913391 0.17940582 0.09544810
vn -0.99667794 0.08063054 -0.01148027
vn -0.96639672 0.25448284 0.03627493
vn -0.99885493 0.04781300 0.00165884
vn -0.98551592 0.16870686 -0.01721506
vn -0.97173040 0.22697642 0.06497491
vn -0.99731236 0.06792142 0.02747263
vn -0.97262199 0.23197918 0.01386075
vn -0.99681394 0.07360837 0.03072102
vn -0.95320661 0.30223164 -0.00729377
vn -0.97706170 0.21169891 -0.02310852
vn -0.99423127 0.10647310 0.01294822
vn -0.96229494 0.26293133 0.06968184
vn -0.97411361 0.22157618 0.04479594
vn -0.99879566 0.04833839 -0.00840415
vn -0.98574355 0.16815040 -0.00592363
vn -0.98352383 0.18050912 -0.00986596
vn -0.99285754 0.11709439 0.02286509
vn -0.99880512 0.04880425 -0.00254558
vn -0.99830524 0.04766686 0.03338451
vn -0.99984784 -0.00341605 0.01710609
vn -0.99843588 0.04887689 -0.02714499
vn -0.98851005 0.14893878 -0.02579010
vn -0.99341397 0.11227433 -0.02287249
vn -0.98802900 0.15247509 0.02345300
vn -0.99830067 0.03413788 0.04722679
vn -0.99919776 0.01983785 0.03478932
vn -0.96869170 0.24825281 0.00263510
vn -0.99051513 0.12890176 0.04758273
vn -0.99946067 -0.01546675 0.02896807
vn -0.99998964 0.00451880 -0.00054175
vn -0.91350602 0.40682375 -0.00108856
vn -0.98006562 0.19858743 -0.00586695
vn -0.97512328 0.21780448 0.04118001
vn -0.99162182 0.12841626 -0.01397942
vn -0.99631425 0.07907886 -0.03323311
vn -0.97214978 0.23201918 0.03304393
vn -0.98078551 0.18974018 -0.04537020
vn -0.99560719 0.09289116 -0.01172836
vn -0.99604101 0.08682433 -0.01907468
vn -0.99875198 0.03971756 -0.03028184
vn -0.96431937 0.26427535 -0.01570618
vn -0.99882654 0.04840232 0.00166037
vn -0.99124135 0.13116241 0.01539492
vn -0.99792707 0.05828243 0.02728973
vn -0.98649829 0.15969184 0.03632691
vn -0.99920653 0.01815419 0.03545042
vn -0.90014266 0.42843279 0.07866729
vn -0.96253610 0.24905574 0.10721707
vn -0.86514944 0.50131841 0.01401052
vn -0.89128639 0.45335577 -0.00878177
vn -0.99666539 0.06346020 -0.05129237
vn -0.98907871 0.13891196 -0.04926220
vn -0.94892119 0.31550715 0.00195097
vn -0.99966789 -0.00771525 0.02458819
vn -0.99860576 0.01250854 -0.05128426
vn -0.99832147 0.01053544 0.05694958
vn -0.99637005 0.05153035 0.06775948
vn -0.98663693 -0.14882462 0.06632350
vn -0.99955594 -0.01435303 -0.02611362
vn -0.98779146 0.15310705 -0.02874487
vn -0.96426292 0.25864147 0.05745972
vn -0.99769436 0.02162746 0.06432904
vn -0.97621443 0.21627559 0.01517427
vn -0.99879785 0.01972223 0.04487643
vn -0.99959876 -0.00037585 0.02832290
vn -0.99807753 0.04750712 0.03980354
vn -0.99898191 0.03359831 -0.03010490
vn -0.99389941 0.10841126 -0.02027204
vn -0.99402227 0.06470335 -0.08793867
vn -0.99580173 0.02788385 -0.08718599
vn -0.93927553 0.01082131 0.34299327
vn -0.97118440 -0.06592490 0.22903006
vn -0.99869825 -0.02999993 -0.04125297
vn -0.99744075 0.06883501 0.01933087
vn -0.99885465 0.04633032 -0.01195353
vn -0.99312663 0.11474720 -0.02307760
vn -0.99775877 0.06683896 0.00315921
vn -0.99844699 0.05569778 -0.00116493
vn -0.99559048 0.09374599 -0.00335836
vn -0.99623620 0.07427372 0.04468616
vn -0.98674677 0.14984353 0.06227135
vn -0.99086179 0.13309925 -0.02185189
vn -0.96081739 0.27551452 0.03035931
vn -0.97831373 0.20664611 -0.01412883
vn -0.96830232 0.20890083 -0.13693447
vn -0.95662177 0.29121944 0.00812525
vn -0.99594570 0.06899335 0.05772414
vn -0.99800683 -0.00638131 0.06278254
vn -0.98994998 0.13331688 0.04717684
vn -0.99708668 0.06266203 0.04349270
vn -0.97038456 0.23891599 0.03567850
vn -0.98175574 0.18731114 0.03271383
vn -0.99756738 0.05778565 0.03898900
vn -0.99402361 0.10359867 0.03441493
vn -0.99472318 0.10225923 0.00829717
vn -0.99277401 0.11693683 0.02693580
vn -0.99616139 0.07980632 0.03596427
vn -0.99859364 0.01169755 0.05170993
vn -0.99391755 0.11005600 -0.00394817
vn -0.99912931 0.04170391 -0.00118841
vn -0.99858474 0.05297764 0.00467939
vn -0.99571282 0.09210670 -0.00850505
vn -0.99861129 0.02952707 0.04363087
vn -0.99956322 -0.02080294 0.02099069
vn -0.97741434 0.21131518 0.00266531
vn -0.99474990 0.09044672 0.04787508
vn -0.96539140 0.26056939 0.01109210
vn -0.94227367 0.33407402 0.02269109
vn -0.96163156 0.25211095 0.10818875
vn -0.99508977 -0.02896571 0.09464322
vn -0.99075660 0.13221860 0.03032499
vn -0.97901722 0.19097517 -0.07108983
vn -0.97728122 0.20847258 -0.03821790
vn -0.99835282 -0.02527870 -0.05150375
vn -0.97570889 -0.00892705 -0.21888919
vn -0.99905283 -0.04230672 -0.01017750
vn -0.99932608 -0.01856751 0.03166438
vn -0.99845764 0.04460101 0.03306206
vn -0.99032717 0.13585262 0.02821617
vn -0.96732274 0.25246175 -0.02344748
vn -0.99992393 -0.00665930 0.01038238
vn -0.98380225 -0.00743745 -0.17910283
vn -0.96844864 0.20459505 0.14229582
vn -0.98383492 0.12626408 0.12698911
vn -0.98917061 0.11050610 -0.09659140
vn -0.99478229 0.09797673 0.02843859
vn -0.99717303 0.07080781 0.02514371
vn -0.99600742 -0.05545255 -0.06995873
vn -0.99396498 -0.03208937 -0.10489943
vn -0.99484521 -0.05493821 -0.08523376
vn -0.99520214 0.02313572 -0.09506542
vn -0.98863511 0.10490387 -0.10768374
vn -0.98061856 -0.07901428 -0.17928743
vn -0.97315515 0.22271026 0.05804471
vn -0.99727806 0.05401386 0.05018933
vn -0.97109700 0.23513705 0.04100237
vn -0.98813247 -0.11273118 0.10433557
vn -0.99746245 -0.01047156 0.07042017
vn -0.99137273 -0.01932148 -0.12964098
vn -0.99226677 -0.01981247 -0.12253212
vn -0.99228776 -0.02579129 -0.12124275
vn -0.98991107 0.00484559 0.14160719
vn -0.99885422 -0.00142536 0.04783532
vn -0.99599030 0.01616796 0.08798823
vn -0.98891700 -0.00379257 0.14842096
vn -0.98603145 -0.00112638 0.16655545
vn -0.97069034 0.01205018 0.24003136
vn -0.96491294 0.00043796 0.26256968
vn -0.89285917 -0.03475175 0.44899312
vn -0.92922644 -0.00041952 0.36951055
vn -0.91875370 -0.00231969 0.39482434
vn -0.98265195 0.00461672 0.18540183
vn -0.99876851 0.01125269 0.04832024
vn -0.98959529 0.01677300 0.14289794
vn -0.99950435 0.01716202 0.02639152
vn -0.97341246 0.00742574 0.22893895
vn -0.99620451 0.01428441 0.08586346
vn -0.99669591 0.01248905 0.08025765
vn -0.99700522 0.02213597 0.07409855
vn -0.99041983 0.01036061 0.13769975
vn -0.99644113 0.01312877 0.08326291
vn -0.96243887 -0.00025627 0.27149837
vn -0.97994111 -0.02500746 0.19771205
vn -0.99339596 -0.00885965 0.11439398
vn -0.95252525 -0.01495909 0.30409189
vn -0.99496765 0.02617124 0.09671834
vn -0.98573329 0.00405944 0.16826589
vn -0.99308517 0.01885098 0.11587273
vn -0.99309685 -0.05878820 -0.10150169
vn -0.97196070 -0.04674384 -0.23045045
vn -0.98217645 0.14395602 0.12085563
vn -0.95848702 0.20420169 -0.19900832
vn -0.98691983 0.01323408 0.16066769
vn -0.99027754 -0.02624578 -0.13660728
vn -0.97748123 -0.03874974 -0.20743410
vn -0.98392020 -0.00990071 -0.17833400
vn -0.91503957 -0.01466330 -0.40309748
vn -0.98772645 -0.00563487 -0.15609200
vn -0.94106993 -0.00859435 -0.33810283
vn -0.97973412 -0.02294403 -0.19898399
vn -0.98273124 -0.03398992 -0.18189005
vn -0.90835880 0.40202249 0.11516167
vn -0.98962389 -0.02275571 -0.14186875
vn -0.98822316 -0.01427689 -0.15235207
vn -0.95304509 -0.00553373 -0.30277786
vn -0.99224376 -0.01109629 -0.12381113
vn -0.98994537 -0.02467358 -0.13928167
vn -0.99075134 -0.01483244 -0.13487688
vn -0.98975186 -0.02077172 -0.14127916
vn -0.99242176 -0.00840411 -0.12259042
vn -0.99051713 0.00256012 -0.13736541
vn -0.99016859 0.00153855 -0.13987068
vn -0.98680131 0.01714825 -0.16102517
vn -0.98881400 0.00553403 -0.14905118
vn -0.98580426 0.02506876 -0.16601664
vn -0.97909940 -0.00100046 -0.20337987
vn -0.97979452 -0.02176581 -0.19881890
vn -0.98169394 0.04338352 -0.18545859
vn -0.93409796 -0.02425852 0.35619169
vn -0.93372458 0.35034066 0.07361942
vn -0.98023191 -0.05429239 -0.19025702
vn -0.93209476 0.36182594 0.01677368
vn -0.97178203 0.02759925 0.23426049
vn -0.96140381 0.00325403 0.27512201
vn -0.96964930 0.01968492 -0.24370625
vn -0.98550598 -0.00343788 -0.16960583
vn -0.98405589 -0.00581732 -0.17776435
vn -0.94498082 -0.00456149 -0.32709394
vn -0.99098991 0.00402549 -0.13387607
vn -0.99176494 0.01358914 -0.12734853
vn -0.98460234 0.03814273 -0.17059711
vn -0.98752161 0.04454905 -0.15105119
vn -0.98258473 0.02588454 -0.18400335
vn -0.96781229 0.03795650 -0.24879445
vn -0.97066050 0.02820084 -0.23879469
vn -0.97199254 0.03967779 -0.23163802
vn -0.98205508 0.06028054 -0.17870109
vn -0.98634197 0.05352627 -0.15577050
vn -0.96866874 0.06224728 -0.24042911
vn -0.97516956 -0.00042886 -0.22145911
vn -0.95628662 -0.26626639 -0.12090542
vn -0.90302864 -0.34626387 0.25424518
vn -0.93400640 0.35519976 0.03827768
vn -0.94802201 0.31757573 0.01999794
vn -0.93248162 -0.00936524 -0.36109600
vn -0.98123664 0.19238489 -0.01275580
vn -0.97421775 0.22194015 -0.04052586
vn -0.93714116 0.34787841 0.02733255
vn -0.94823329 0.31413565 0.04660916
vn -0.96660734 0.25529758 0.02221256
vn -0.95369745 0.30013303 -0.01952790
vn -0.97958900 0.03427633 -0.19806695
vn -0.97856367 0.03605668 -0.20276354
vn -0.92826263 0.08457080 -0.36218265
vn -0.97577484 0.03889728 -0.21529158
vn -0.96228376 0.27066595 -0.02738438
vn -0.97494250 0.22075110 -0.02749687
vn -0.98389447 0.17835623 -0.01186254
vn -0.98243237 0.18482697 0.02579964
vn -0.98299354 0.18333861 -0.01051907
vn -0.94319550 0.06731086 -0.32534826
vn -0.98446909 0.13840969 -0.10799705
vn -0.97573765 0.20728933 -0.07047817
vn -0.97822588 0.02250580 0.20631923
vn -0.97783916 -0.03253600 -0.20681388
vn -0.99348973 0.08226499 0.07880756
vn -0.99681634 0.07966272 -0.00332317
vn -0.92152392 0.38832065 0.00085982
vn -0.97753511 -0.18217747 0.10600228
vn -0.98594178 0.06321054 0.15467138
vn -0.95520758 -0.16972882 0.24242648
vn -0.95382234 -0.10789754 0.28032314
vn -0.97492489 0.21665509 -0.05081363
vn -0.90802050 0.41488150 0.05806989
vn -0.96032933 0.27826251 0.01837243
vn -0.95489625 0.28894412 0.06844297
vn -0.96658912 0.06138457 -0.24887229
vn -0.99662127 -0.00643223 0.08188202
vn -0.99674761 -0.06924205 0.04122797
vn -0.95567272 -0.08101328 -0.28306626
vn -0.95453453 -0.01076370 -0.29790599
vn -0.93295009 0.33696953 0.12671099
vn -0.94429922 0.07301886 -0.32088508
vn -0.97906384 0.04330782 -0.19889302
vn -0.96447149 0.06136148 -0.25696207
vn -0.96575421 0.02695228 -0.25805498
vn -0.94761128 0.03785070 -0.31717533
vn -0.96608851 0.17623151 -0.18872056
vn -0.96012986 0.24000258 -0.14335068
vn -0.95984371 0.05549050 -0.27499247
vn -0.93297157 0.31832821 0.16802145
vn -0.95811083 0.27299783 -0.08657847
vn -0.88709921 0.46111593 0.02066606
vn -0.93157343 0.36303120 0.01947548
vn -0.94691831 0.32027799 0.02770771
vn -0.96785359 -0.00754584 -0.25140105
vn -0.93755685 0.00164823 -0.34782818
vn -0.95677532 0.01083387 -0.29062625
vn -0.99803556 0.01997174 0.05938147
vn -0.96001720 0.01293906 -0.27964185
vn -0.98563487 -0.00937207 0.16862996
vn -0.96531251 0.01837911 -0.26044955
vn -0.94096844 0.00176435 0.33848971
vn -0.92624058 0.00074870 0.37693212
vn -0.99978028 -0.00474752 -0.02041675
vn -0.95907732 0.04616304 0.27935583
vn -0.98615173 0.15927363 -0.04622413
vn -0.94087187 -0.10714285 0.32137288
vn -0.96768438 0.12101973 -0.22122652
vn -0.95005997 0.00397893 0.31204201
vn -0.89282247 0.45040165 0.00252811
vn -0.94191272 -0.01125111 0.33566925
vn -0.94105212 0.33477010 0.04847554
vn -0.90127690 0.02417864 0.43256830
vn -0.93870701 0.03423283 0.34301206
vn -0.89657664 0.44288778 -0.00086354
vn -0.95347668 0.00069766 -0.30146597
vn -0.93353314 0.04488439 -0.35567017
vn -0.93635449 0.03415055 -0.34939090
vn -0.95269422 0.30073140 -0.04398118
vn -0.90054690 0.07347378 -0.42850541
vn -0.94083909 0.32911164 0.08066805
vn -0.86582639 0.50034284 -0.00130541
vn -0.96527620 0.22289145 -0.13623969
vn -0.94167422 0.30494554 -0.14233017
vn -0.89342667 0.44907044 -0.01115886
vn -0.92328212 0.02671199 -0.38319264
vn -0.91727491 0.06694778 -0.39258722
vn -0.94605586 -0.01306819 0.32373992
vn -0.92329249 0.38406786 -0.00478143
vn -0.93806787 -0.01887753 0.34593686
vn -0.95155098 0.30585550 0.03167248
vn -0.89153534 0.45148148 0.03645825
vn -0.94892117 -0.01658274 0.31507716
vn -0.94010643 -0.00853156 0.34077427
vn -0.94989920 -0.02681712 0.31140385
vn -0.95662289 -0.03548387 0.28916007
vn -0.90309579 -0.03498174 0.42801200
vn -0.94469865 -0.03616619 0.32593935
vn -0.91993685 -0.03727285 0.39029082
vn -0.88397328 -0.03794955 0.46599472
vn -0.96065298 -0.02580304 0.27655029
vn -0.95255911 -0.02530911 0.30329951
vn -0.95120968 -0.03365817 0.30670389
vn -0.95270354 -0.04763030 0.30014549
vn -0.88303697 -0.08471810 0.46159350
vn -0.97407677 -0.06793987 0.21577445
vn -0.98186640 -0.04181848 0.18490426
vn -0.93164310 -0.02560759 0.36247123
vn -0.98768021 -0.01105789 0.15609461
vn -0.94134699 -0.02936286 0.33616019
vn -0.99133888 0.01254053 0.13072861
vn -0.95938302 0.03662093 0.27971973
vn -0.99759047 0.06177496 0.03157715
vn -0.97049049 0.18930572 0.14937053
vn -0.98608956 0.03798514 0.16181629
vn -0.98967123 0.11036280 0.09149268
vn -0.99394654 0.10727249 -0.02372519
vn -0.96588300 0.25073487 0.06482326
vn -0.94113942 0.13994309 0.30768901
vn -0.97768465 -0.02137646 0.20898748
vn -0.97836841 -0.03587532 0.20373565
vn -0.97251844 0.23040403 0.03349434
vn -0.94507831 0.24120081 0.22056553
vn -0.95490676 0.02571543 0.29579012
vn -0.93960914 0.00542434 0.34220642
vn -0.92053200 -0.04186308 0.38841772
vn -0.95121169 0.06615976 0.30136226
vn -0.95190474 -0.07004772 0.29827952
vn -0.94792319 -0.01575244 0.31810925
vn -0.93294516 -0.02164498 0.35936726
vn -0.84756023 -0.07299668 -0.52565497
vn -0.90279181 -0.02562138 0.42931397
vn -0.92313956 0.37694487 0.07566979
vn -0.89685767 0.04202749 -0.44031809
vn -0.88694224 0.07838452 -0.45518054
vn -0.85078161 -0.02924662 0.52470495
vn -0.94830771 0.02134563 -0.31663361
vn -0.94023728 0.03358619 -0.33885959
vn -0.94988178 -0.02201208 -0.31183340
vn -0.95138937 0.05651966 -0.30276030
vn -0.94720056 0.18524458 0.26171653
vn -0.89790278 0.43600541 -0.06057963
vn -0.96844143 0.11022246 0.22354465
vn -0.88507699 0.39977247 0.23837091
vn -0.89113475 0.06661611 -0.44882196
vn -0.82360514 0.56301462 0.06847707
vn -0.87917404 0.05600300 -0.47319834
vn -0.92889453 -0.02661454 -0.36938681
vn -0.91690440 0.39780584 -0.03219985
vn -0.89607244 0.39459965 -0.20333541
vn -0.91385176 0.40363868 0.04416762
vn -0.91113653 0.40952959 0.04599714
vn -0.87017893 0.02403121 0.49214950
vn -0.86206368 -0.02899676 0.50596976
vn -0.98747749 -0.14804976 -0.05449287
vn -0.83051849 0.04000378 0.55555264
vn -0.98635755 0.16393507 -0.01496944
vn -0.93291400 0.30873457 -0.18534952
vn -0.89748723 0.03634138 -0.43954065
vn -0.86992416 -0.04993233 0.49065132
vn -0.92471744 0.00353781 0.38063781
vn -0.85274424 0.01847477 0.52200186
vn -0.92308208 0.14797359 0.35499759
vn -0.85594951 -0.03433368 0.51591825
vn -0.86021456 0.12610778 -0.49409285
vn -0.89955907 0.05125798 -0.43378116
vn -0.90966575 -0.02762405 0.41442144
vn -0.87576537 0.48269078 -0.00667949
vn -0.87473972 0.15270082 0.45990530
vn -0.89747386 0.08845753 0.43210639
vn -0.87497384 0.46589255 0.13177603
vn -0.91116174 0.06389945 -0.40706405
vn -0.91086489 0.41214962 0.02139714
vn -0.91267278 -0.11277268 -0.39282403
vn -0.89629009 0.22931203 0.37957881
vn -0.89630203 0.44341720 -0.00488482
vn -0.88637139 0.45763359 0.07012322
vn -0.90899136 0.05581131 -0.41306149
vn -0.85661477 0.51256390 0.05907101
vn -0.87143751 0.00903582 0.49042331
vn -0.87334381 0.05552472 -0.48392933
vn -0.88939692 0.45556420 0.03787315
vn -0.83429009 0.39561730 0.38398827
vn -0.85016197 0.52650193 -0.00450945
vn -0.82911983 0.54509635 0.12421865
vn -0.88786867 -0.03330557 0.45888994
vn -0.80550324 0.58862974 0.06840739
vn -0.88852723 0.01596772 -0.45854595
vn -0.89291804 0.45010955 -0.00993767
vn -0.86738415 0.01014737 -0.49753569
vn -0.87090002 0.00021885 0.49146017
vn -0.85484128 0.04011100 -0.51733692
vn -0.87582160 -0.02048955 0.48219985
vn -0.80794230 0.06507399 -0.58565743
vn -0.86328804 -0.00613199 0.50467431
vn -0.88001713 0.00343296 0.47492954
vn -0.86348568 -0.01287636 -0.50420897
vn -0.78237228 -0.03729827 -0.62169322
vn -0.83246947 0.10009521 -0.54495462
vn -0.87350167 0.48579834 0.03154039
vn -0.84768455 0.50572455 0.16022976
vn -0.84481010 0.51503425 0.14503663
vn -0.86456475 0.46988224 -0.17815293
vn -0.91137015 0.35963915 -0.20016026
vn -0.76205502 -0.05143896 0.64546586
vn -0.84737600 -0.00938989 -0.53091029
vn -0.81252161 0.54657013 0.20265668
vn -0.83166527 0.54094818 0.12533129
vn -0.73519568 0.62459141 0.26338732
vn -0.75555383 -0.06627721 0.65172520
vn -0.85120243 0.09683965 0.51582604
vn -0.78064511 0.10015277 0.61689759
vn -0.83185181 0.23269572 0.50386036
vn -0.81663061 0.00221010 0.57715645
vn -0.83276688 0.03919539 0.55223459
vn -0.84403287 0.53434087 -0.04569849
vn -0.84415214 0.53525035 -0.03023622
vn -0.73224889 -0.02560878 0.68055548
vn -0.77825960 0.61469253 0.12831634
vn -0.82789954 0.56050915 0.02029420
vn -0.82154529 0.11590213 0.55823832
vn -0.74169715 0.67035184 0.02266595
vn -0.82081622 0.57015942 -0.03433621
vn -0.75529191 0.64602839 0.11036962
vn -0.66390227 0.74389600 0.07650170
vn -0.67742943 0.71700009 0.16431751
vn -0.70508841 0.70564160 0.07014462
vn -0.78468825 0.61354239 0.08848783
vn -0.73148297 0.67431901 0.10112628
vn -0.80455859 0.59385963 0.00402730
vn -0.81114793 0.58018940 0.07361585
vn -0.84992844 0.49939343 0.16801143
vn -0.72642431 0.68505477 0.05484236
vn -0.81519862 0.37362979 -0.44255169
vn -0.78327206 0.08097322 -0.61638317
vn -0.76005576 -0.00226653 0.64985390
vn -0.79282952 0.06089078 -0.60639399
vn -0.72813630 0.07938809 -0.68081940
vn -0.77959827 0.62129200 0.07888467
vn -0.76514393 0.64203351 -0.04845337
vn -0.77392484 0.04723922 -0.63151310
vn -0.73938885 -0.01945311 0.67299755
vn -0.67906831 -0.12039492 0.72413486
vn -0.64403971 0.07633597 -0.76117388
vn -0.74962626 -0.03138614 -0.66111677
vn -0.71582959 0.04306271 0.69694591
vn -0.74033513 0.02877980 0.67162163
vn -0.73406125 0.05002828 -0.67723796
vn -0.71654839 0.10306783 -0.68988073
vn -0.55490568 0.83149258 -0.02645312
vn 0.99392226 -0.04231312 0.10162749
vn 0.87485556 -0.44902363 0.18167421
vn 0.95568271 -0.14137370 0.25823252
vn 0.96133446 -0.08719003 0.26121631
vn 0.96233159 -0.08003628 0.25983091
vn 0.98599402 0.14159121 -0.08813470
vn 0.97487468 0.16111609 -0.15382121
vn 0.24312703 0.96987133 0.01545473
vn -0.08003046 0.99648747 -0.02465452
vn 0.05862329 0.99106991 0.11976534
vn 0.26250134 0.95247492 0.15454635
vn 0.50089680 0.86289214 0.06722761
vn 0.00037831 0.99825982 0.05896776
vn -0.34053467 0.93541674 -0.09503507
vn -0.28040789 0.95209891 -0.12197983
vn -0.13708189 0.98925799 0.05076601
vn -0.11667564 0.96372222 0.24005472
vn -0.50865286 0.84077456 -0.18539256
vn -0.35662637 0.90913457 -0.21515567
vn -0.59303637 0.79257413 -0.14189471
vn -0.48092798 0.85887321 -0.17619616
vn -0.66130966 0.71087753 -0.23942152
vn -0.68733804 0.69404569 -0.21416583
vn -0.65469071 0.74512262 -0.12717059
vn -0.61486059 0.78351916 -0.08968937
vn -0.41121094 0.88848351 -0.20372191
vn -0.39311948 0.91156441 -0.12044669
vn -0.21976180 0.96507420 -0.14260625
vn 0.42113502 0.05083580 -0.90557220
vn 0.27433333 0.06188358 -0.95964142
vn 0.56606228 0.03826775 -0.82347378
vn 0.71739310 0.07528332 -0.69258903
vn 0.72758102 0.07536056 -0.68186997
vn 0.55189053 0.02616399 -0.83350602
vn 0.55189053 0.02616399 -0.83350602
vn 0.55189053 0.02616399 -0.83350602
vn 0.37274752 0.92791599 0.00558631
vn 0.57753415 0.81636434 -0.00189107
vn 0.52984413 0.84809278 -0.00195842
vn 0.58576386 0.80922821 -0.04505993
vn 0.61038509 0.79183015 0.02085792
vn 0.63076667 0.77561123 0.02367753
vn 0.63177495 0.77479526 0.02351004
vn 0.42660459 0.89976843 -0.09178938
vn 0.29720068 0.95369119 -0.04631275
vn 0.51319638 0.85033192 -0.11646934
vn 0.63125031 0.76735120 -0.11267291
vn -0.27169440 0.96237189 0.00474439
vn -0.70019844 0.06531636 -0.71095423
vn -0.70019844 0.06531636 -0.71095423
vn -0.70019844 0.06531636 -0.71095423
vn -0.23803483 0.08300252 -0.96770347
vn -0.23803483 0.08300252 -0.96770347
vn -0.23803483 0.08300252 -0.96770347
vn 0.98908499 0.10468810 -0.10368845
vn 0.97683580 -0.11238635 -0.18210196
vn 0.95527459 0.27151573 -0.11717365
vn 0.96129152 -0.26604947 -0.07166799
vn 0.94755034 0.30714355 0.08838096
vn 0.79685489 0.60026514 0.06858604
vn 0.99449498 0.06356702 -0.08330046
vn 0.99774324 0.03801187 -0.05534907
vn 0.92945311 -0.35798519 0.08923851
vn 0.92570776 -0.35324581 0.13521296
vn 0.98653694 -0.16350429 0.00334913
vn 0.97572350 -0.21807979 0.02012104
vn 0.97918250 0.14444694 0.14260688
vn 0.99393145 -0.00299036 -0.10996056
vn 0.98737972 -0.06207978 -0.14569620
vn 0.99569818 -0.04613701 -0.08035245
vn 0.13362337 0.18299108 -0.97399130
vn 0.04752692 0.19449750 -0.97975094
vn -0.55583553 0.05173593 -0.82968082
vn -0.37930203 0.18546060 -0.90649563
vn -0.43349193 -0.01738109 -0.90098981
vn -0.36947107 -0.06283650 -0.92711526
vn -0.18555260 -0.02183356 -0.98239174
vn -0.39572000 -0.05540753 -0.91669825
vn -0.35587227 -0.06501735 -0.93227017
vn -0.27850114 -0.03869754 -0.95965599
vn -0.63230530 -0.05060055 -0.77306506
vn -0.57917021 -0.02428144 -0.81484495
vn -0.35010693 -0.03122778 -0.93618907
vn -0.49323409 -0.00753942 -0.86986395
vn -0.61169237 -0.01634971 -0.79092676
vn -0.53079716 0.00318852 -0.84749290
vn -0.52662863 0.00410812 -0.85008553
vn -0.83699037 -0.09894850 -0.53819729
vn -0.05133210 -0.00746418 -0.99865374
vn -0.05133210 -0.00746418 -0.99865374
vn -0.05133210 -0.00746418 -0.99865374
vn -0.05203464 0.91957713 0.38944871
vn -0.05203464 0.91957713 0.38944871
vn -0.05203464 0.91957713 0.38944871
vn 0.92963607 0.36241190 -0.06659122
vn 0.92963607 0.36241190 -0.06659122
vn 0.92963607 0.36241190 -0.06659122
vn 0.99755918 0.04139248 -0.05623477
vn 0.99755918 0.04139248 -0.05623477
vn 0.99755918 0.04139248 -0.05623477
vn 0.22036865 0.36715574 0.90367822
vn 0.22036865 0.36715574 0.90367822
vn 0.22036865 0.36715574 0.90367822
vn 0.67741273 0.73557533 0.00639770
vn 0.82444485 0.56567596 -0.01736070
vn 0.87570382 0.47486683 -0.08743177
vn 0.81016911 0.58394418 -0.05133427
vn 0.87274931 0.48748634 -0.02580120
vn 0.99993929 -0.00251812 -0.01072691
vn 0.99879261 0.04280052 -0.02411296
vn 0.99794408 0.06079521 -0.02028700
vn 0.99655032 0.08297412 -0.00166047
vn 0.99978544 0.00023079 -0.02071271
vn 0.93757571 0.34529689 -0.04149505
vn 0.97594488 0.21800699 0.00213005
vn 0.97408153 0.22619479 0.00104571
vn 0.96674960 0.25536734 -0.01351816
vn 0.97398817 0.19861606 -0.10908118
vn 0.99822824 -0.01987893 -0.05608208
vn 0.99395374 0.08528112 -0.06915996
vn 0.97385060 0.22471318 -0.03345153
vn 0.99415982 0.10329330 -0.03125288
vn 0.99800029 0.05203428 -0.03588682
vn 0.98796804 0.14299211 -0.05892711
vn 0.99728207 0.06936400 -0.02484168
vn 0.99981516 0.00820168 -0.01738913
vn 0.99780373 0.05988412 -0.02831256
vn 0.98662485 0.15965112 -0.03290798
vn 0.99865778 -0.00860534 -0.05107431
vn 0.98308850 0.18291590 -0.00887510
vn 0.99960009 0.02101827 -0.01891821
vn 0.99393454 0.10729146 -0.02413852
vn 0.99541342 0.09456884 0.01445179
vn 0.96243897 0.26668119 -0.05091534
vn 0.99773252 0.06105780 0.02831533
vn 0.99981790 -0.00109678 0.01905160
vn 0.99636430 0.07057845 0.04771650
vn 0.97476621 0.16009087 -0.15556913
vn 0.97544385 0.20158962 -0.08871820
vn 0.99996004 -0.00687369 0.00571603
vn 0.98106009 0.19123007 0.03085725
vn 0.96292020 0.23320120 -0.13565358
vn 0.99300263 0.11796554 0.00546833
vn 0.99977589 -0.01191928 0.01749575
vn 0.99988839 0.00127505 -0.01488549
vn 0.95578174 0.29403533 0.00494953
vn 0.99735354 0.07220697 -0.00848980
vn 0.99986304 0.01124394 -0.01214371
vn 0.97004037 0.23439980 -0.06386240
vn 0.99990366 0.00804139 -0.01131395
vn 0.99902144 -0.02846882 -0.03384791
vn 0.97768419 0.20425469 -0.04912883
vn 0.99363869 0.10547219 -0.03946866
vn 0.99894490 0.03798002 -0.02581853
vn 0.99673042 -0.08074937 -0.00283186
vn 0.99566201 -0.09210768 -0.01316600
vn 0.99722711 -0.06909281 -0.02764565
vn 0.99883372 0.03595881 -0.03222053
vn 0.99883807 -0.04667877 -0.01198356
vn 0.99950201 0.02893311 -0.01259409
vn 0.99944382 -0.03330195 -0.00173962
vn 0.99896685 0.04523058 -0.00440764
vn 0.99972167 -0.01711208 0.01624077
vn 0.99854575 0.05067346 0.01840054
vn 0.99869124 0.03136405 0.04039940
vn 0.98944144 0.14339850 -0.02103589
vn 0.99572635 0.09233194 -0.00195986
vn 0.99243275 0.11685849 -0.03770062
vn 0.97304647 0.22038843 -0.06789332
vn 0.99855396 0.05315487 0.00803408
vn 0.99770141 0.06700235 0.01012817
vn 0.99738443 0.06449464 -0.03263038
vn 0.99700822 0.07004652 -0.03268183
vn 0.99754255 0.00277025 -0.07000844
vn 0.98875374 0.11747145 -0.09255538
vn 0.99500358 0.05834859 -0.08101427
vn 0.99316647 0.09503993 -0.06773308
vn 0.99120456 0.13184269 -0.01144683
vn 0.97888834 0.19418529 -0.06379416
vn 0.95648162 0.29159257 -0.01080195
vn 0.99632330 -0.01397688 -0.08452535
vn 0.99111159 0.13051301 -0.02577145
vn 0.99085068 0.13253871 -0.02546417
vn 0.98654924 0.15656757 -0.04698073
vn 0.99415742 0.07215286 -0.08028066
vn 0.99660910 -0.05083832 -0.06469744
vn 0.99967271 -0.00626063 -0.02480499
vn 0.99569281 0.08247715 -0.04234785
vn 0.99729695 0.06459045 -0.03502680
vn 0.99753135 0.05937821 -0.03748914
vn 0.99784603 -0.06351658 -0.01639941
vn 0.99738324 0.06571947 -0.03012695
vn 0.99954242 -0.02837585 -0.01047626
vn 0.99971186 0.01093755 0.02136746
vn 0.99892141 -0.03599619 0.02933064
vn 0.98728136 0.15511844 0.03483956
vn 0.99636067 -0.08452167 -0.01102289
vn 0.99892233 0.03663469 0.02849690
vn 0.99929376 -0.02736936 0.02574665
vn 0.99963901 0.02686448 -0.00039232
vn 0.99707295 -0.07159774 -0.02681983
vn 0.99555247 -0.08761828 0.03461666
vn 0.99927090 -0.02709666 0.02689666
vn 0.96354771 0.26368442 -0.04523654
vn 0.93283710 0.35758245 0.04415576
vn 0.99609038 -0.06877752 -0.05544007
vn 0.99905957 0.03210268 -0.02914421
vn 0.99789550 -0.04660916 -0.04507952
vn 0.99227049 0.12039831 -0.03005873
vn 0.99937432 0.01028227 -0.03384143
vn 0.99507414 -0.09826966 -0.01305858
vn 0.99968743 0.02295632 -0.00990173
vn 0.99720434 -0.07377156 -0.01188566
vn 0.99437901 0.09938551 -0.03650894
vn 0.99795305 -0.06060644 -0.02041003
vn 0.99992561 0.00626752 0.01046427
vn 0.99438338 0.10538234 0.00981126
vn 0.99857353 0.04976808 0.01934036
vn 0.99147107 0.12802647 -0.02437921
vn 0.99458663 0.10376565 -0.00548896
vn 0.99704498 0.07539479 -0.01472850
vn 0.99955343 -0.01543747 0.02558569
vn 0.99991263 0.01190301 0.00574816
vn 0.99774106 0.04903785 -0.04591362
vn 0.99961978 -0.00318584 -0.02738884
vn 0.97153667 0.00229170 -0.23687811
vn 0.99773444 0.02308569 -0.06319056
vn 0.99614211 0.03409980 -0.08085848
vn 0.95472996 0.01493515 -0.29709871
vn 0.99729571 -0.00776234 -0.07308219
vn 0.99961044 -0.02620438 0.00960693
vn 0.99965883 -0.01322371 -0.02252473
vn 0.96471614 -0.00739766 -0.26318823
vn 0.98533055 0.16040224 -0.05826511
vn 0.94997941 0.30140351 -0.08182324
vn 0.98151706 0.16680525 -0.09380972
vn 0.99158351 0.12936777 0.00511068
vn 0.99069842 0.12839851 0.04506066
vn 0.96239859 0.27077779 0.02164099
vn 0.99965246 0.00487967 -0.02590642
vn 0.99829788 0.01651208 0.05593474
vn 0.99635236 0.06377491 0.05669861
vn 0.99735362 -0.06483004 0.03290614
vn 0.93878506 0.34098861 0.04908535
vn 0.99545232 0.09413159 -0.01462600
vn 0.99978501 0.02005880 -0.00525236
vn 0.98953811 0.13712189 -0.04485441
vn 0.99691618 0.07267795 0.02959821
vn 0.99004880 0.14000002 0.01426063
vn 0.99711317 0.06851556 -0.03272520
vn 0.99090935 0.03941829 -0.12862678
vn 0.99203787 0.03250320 -0.12167338
vn 0.99674939 0.07178110 -0.03658041
vn 0.99420554 0.08440042 -0.06657257
vn 0.98150366 0.19140779 -0.00368970
vn 0.99099727 0.04355102 -0.12660062
vn 0.98824220 0.04852221 -0.14499291
vn 0.98904238 0.14633941 -0.01949237
vn 0.92354656 0.38265020 0.02530967
vn 0.98505726 0.16808094 0.03756306
vn 0.97246454 0.21901430 -0.07965840
vn 0.99551939 0.09248161 -0.01970533
vn 0.97691577 0.21168544 -0.02872034
vn 0.97890196 0.20116064 0.03585179
vn 0.95152975 0.30601319 -0.03077427
vn 0.99562207 0.09221856 0.01524564
vn 0.99846068 0.01619221 0.05304784
vn 0.99691218 -0.01634672 -0.07680427
vn 0.97003937 0.23590394 0.05807712
vn 0.99378811 0.01062542 -0.11078037
vn 0.95980140 0.24359646 -0.13943473
vn 0.99696909 0.07423342 -0.02328178
vn 0.99976055 0.02058941 -0.00741040
vn 0.99009665 0.13511115 0.03812611
vn 0.99894961 0.03470154 0.02992458
vn 0.99723565 0.07217563 -0.01765607
vn 0.97055161 0.23619063 0.04736631
vn 0.91777444 0.39685976 0.01387127
vn 0.97537097 0.21812996 -0.03272305
vn 0.98890348 0.14072823 0.04759703
vn 0.99827087 0.03610588 0.04638568
vn 0.99807802 0.03598531 0.05045117
vn 0.99844277 0.02842525 0.04800035
vn 0.99844802 0.03771880 0.04097375
vn 0.99360938 0.10291391 0.04635865
vn 0.93339521 0.10959394 0.34170536
vn 0.96386160 0.26362084 0.03840414
vn 0.99690406 0.02734531 0.07371927
vn 0.99857058 0.02797410 0.04554383
vn 0.99036577 0.12104938 0.06725094
vn 0.99784135 0.03778294 0.05371307
vn 0.93113405 -0.04270708 0.36216775
vn 0.98995441 0.02602331 0.13897138
vn 0.98485195 0.00097860 0.17339456
vn 0.98802996 0.14316061 -0.05746162
vn 0.99052401 0.12664629 0.05313097
vn 0.96858587 0.24831575 0.01344260
vn 0.93762983 0.34741595 -0.01234772
vn 0.96099805 0.26539056 -0.07778560
vn 0.99069447 0.12055038 -0.06318279
vn 0.99054686 0.06476545 0.12092294
vn 0.98125662 0.06751275 0.18049230
vn 0.96728729 0.24843710 -0.05132542
vn 0.98943650 0.04608563 -0.13744645
vn 0.99436348 0.10355481 -0.02275239
vn 0.96092852 0.27153660 -0.05370523
vn 0.96647314 0.23956667 -0.09239855
vn 0.98642141 0.13642200 -0.09144314
vn 0.99026332 0.13920587 -0.00053710
vn 0.97108812 0.20590175 -0.12079869
vn 0.95594123 0.02837861 -0.29218319
vn 0.99115215 0.00070386 -0.13272875
vn 0.98829325 0.13375000 -0.07339881
vn 0.98125164 0.04960645 -0.18623753
vn 0.99362575 0.02348894 -0.11025484
vn 0.92435222 0.03467754 -0.37996110
vn 0.95820735 0.04355657 -0.28273929
vn 0.99127814 0.04533130 -0.12374457
vn 0.97968341 0.03666798 -0.19716967
vn 0.99280721 0.02393292 -0.11730757
vn 0.99347806 0.02953121 -0.11013293
vn 0.99693510 0.01816726 -0.07609444
vn 0.99533706 0.01268606 -0.09562011
vn 0.99252377 0.02381217 -0.11970613
vn 0.99169752 0.01673978 -0.12749830
vn 0.98327499 0.02642844 -0.18019943
vn 0.99643454 0.00912501 -0.08387451
vn 0.99331691 0.01752142 -0.11408115
vn 0.98519146 0.00856609 -0.17124371
vn 0.98730032 0.01888607 -0.15773839
vn 0.99602350 0.01377365 -0.08801970
vn 0.98446768 0.03536617 -0.17196694
vn 0.99936711 0.00955778 -0.03426412
vn 0.99804944 0.01574910 -0.06040921
vn 0.98837370 0.01593907 -0.15120643
vn 0.97727732 0.03292704 -0.20939163
vn 0.99865699 0.01514994 -0.04954497
vn 0.99648102 0.01273957 -0.08284493
vn 0.99307144 0.01908165 -0.11595258
vn 0.96308394 -0.00170502 -0.26919588
vn 0.99810014 -0.00815001 -0.06107113
vn 0.96873984 0.04342184 -0.24424917
vn 0.99730655 -0.00372955 -0.07325112
vn 0.99281399 -0.00194770 -0.11965191
vn 0.98757577 -0.00150012 -0.15713642
vn 0.99821650 -0.01046299 -0.05877368
vn 0.99172302 -0.01123559 -0.12790315
vn 0.99625526 -0.00992379 -0.08588927
vn 0.99882996 -0.01141326 -0.04699408
vn 0.99813159 -0.00957354 -0.06034633
vn 0.95801764 0.01707175 -0.28620056
vn 0.97804030 0.01121332 -0.20811400
vn 0.97590238 -0.00668192 -0.21810523
vn 0.97501889 0.00108223 -0.22211934
vn 0.99609006 -0.00947409 -0.08783415
vn 0.98702188 -0.00520225 -0.16050154
vn 0.98069529 -0.01381137 -0.19505381
vn 0.95346839 0.00064197 -0.30149233
vn 0.99621123 0.01370419 -0.08588000
vn 0.99906431 -0.00701110 -0.04267728
vn 0.94921078 0.00842140 -0.31452817
vn 0.99795038 -0.01573505 -0.06202784
vn 0.99747068 -0.00426495 -0.07095110
vn 0.99823061 -0.01403613 -0.05778099
vn 0.99746741 -0.02246658 -0.06748342
vn 0.99632005 -0.02232107 -0.08275346
vn 0.94571620 -0.02698403 -0.32387147
vn 0.99569316 -0.03109831 -0.08733860
vn 0.92125424 -0.01971681 -0.38846090
vn 0.99335341 -0.02112764 -0.11314867
vn 0.92563796 0.00176899 -0.37840618
vn 0.92844525 0.03695559 -0.36962644
vn 0.96580595 0.01100599 -0.25903231
vn 0.92246633 0.00974046 -0.38595465
vn 0.92352329 0.05554767 -0.37949859
vn 0.98430706 0.09071335 -0.15136281
vn 0.99574946 -0.02119078 -0.08963237
vn 0.92479454 -0.01823495 -0.38002965
vn 0.99585891 -0.03285184 -0.08476905
vn 0.99676980 -0.03908078 -0.07016169
vn 0.96290129 -0.02554240 -0.26864231
vn 0.98574893 -0.04576861 -0.16187739
vn 0.99352900 -0.00555018 -0.11344303
vn 0.99274968 -0.02636237 -0.11727359
vn 0.95307049 0.29217412 -0.07931531
vn 0.89203833 0.29765453 -0.34010203
vn 0.92134218 0.01743121 -0.38836161
vn 0.98298289 -0.00215266 -0.18368451
vn 0.95989825 0.00377784 0.28032318
vn 0.97041186 0.03345990 0.23912602
vn 0.99021208 0.07000746 0.12074351
vn 0.93907317 0.11964762 0.32222047
vn 0.96172860 0.13628588 0.23770626
vn 0.99415454 0.05489504 0.09296929
vn 0.98698925 0.12563245 0.10034299
vn 0.98145316 0.06443674 0.18054808
vn 0.95289446 0.04648713 0.29971837
vn 0.98030493 0.09354515 0.17392971
vn 0.96839975 0.11813061 0.21965217
vn 0.98065065 0.09531354 0.17099597
vn 0.97971506 0.01964212 -0.19943067
vn 0.98837320 0.04644295 -0.14478075
vn 0.97866341 0.03596005 -0.20229881
vn 0.97274436 -0.00021774 -0.23188005
vn 0.97215706 0.00094084 -0.23432834
vn 0.96608779 0.02580017 -0.25692163
vn 0.95292449 0.04258501 -0.30020233
vn 0.99783065 0.05331618 -0.03861846
vn 0.98957965 -0.14336853 -0.01332591
vn 0.97962469 0.20070820 -0.00718979
vn 0.96277328 0.26350459 -0.06027388
vn 0.94891935 -0.01382341 -0.31521577
vn 0.96809258 0.25022642 -0.01354618
vn 0.86596198 0.02715654 -0.49937198
vn 0.98827502 0.15202710 0.01415079
vn 0.99054851 0.12701573 -0.05177501
vn 0.99117459 0.11553396 0.06499874
vn 0.87809824 0.00007470 -0.47848039
vn 0.98551641 0.16808761 -0.02244891
vn 0.98292888 0.11842133 -0.14080912
vn 0.97956245 0.06575330 -0.19008923
vn 0.95677365 0.28423213 -0.06161394
vn 0.94949090 0.21954138 -0.22420664
vn 0.94255614 0.33115398 -0.04387442
vn 0.94803614 0.31744791 -0.02131428
vn 0.97186285 0.23045266 -0.04872543
vn 0.99271379 0.11583319 0.03319639
vn 0.98188424 0.18893474 0.01438773
vn 0.99550596 0.06056834 -0.07279676
vn 0.96722964 0.25366344 -0.01103090
vn 0.95557811 0.28604755 -0.07104422
vn 0.97192205 0.22373736 -0.07286365
vn 0.98171211 0.18754686 0.03267265
vn 0.97572287 0.21870372 -0.01155741
vn 0.99145371 -0.00913163 -0.13013895
vn 0.91079503 0.41245815 0.01818461
vn 0.98008562 -0.00599331 -0.19848491
vn 0.97212870 0.23428787 0.00865897
vn 0.96079209 0.05248687 -0.27225666
vn 0.90533798 0.42334606 -0.03378234
vn 0.96645763 0.25668654 0.00846585
vn 0.97002666 0.24022883 -0.03658412
vn 0.97746401 0.20680408 -0.04238143
vn 0.91923097 0.01414644 -0.39346449
vn 0.92522455 -0.02211117 -0.37877517
vn 0.97878757 0.19887885 0.04921474
vn 0.95200697 -0.05326996 -0.30140511
vn 0.97756226 0.03678080 -0.20741068
vn 0.96775948 0.25064712 -0.02485185
vn 0.97036818 0.19782338 -0.13874980
vn 0.94895156 0.31516586 -0.01270546
vn 0.94064215 0.33515864 -0.05348859
vn 0.95229607 0.29320272 -0.08464256
vn 0.98123656 0.17973471 0.06978716
vn 0.99061814 0.11466873 -0.07434240
vn 0.99044653 0.05836709 -0.12493578
vn 0.96292909 0.10125698 -0.25002916
vn 0.95461183 0.29022151 -0.06699047
vn 0.93382723 0.35717060 0.01989637
vn 0.93090038 0.35791526 0.07294617
vn 0.92490903 0.37731005 -0.04669495
vn 0.86859116 0.49376754 0.04174937
vn 0.96687909 0.13522249 0.21647101
vn 0.93629092 -0.02261415 -0.35049666
vn 0.88855791 0.02570542 -0.45804375
vn 0.95108462 0.30862078 0.01382944
vn 0.97610968 0.00573530 -0.21720268
vn 0.96743707 0.04066650 -0.24982344
vn 0.96032095 0.06258601 -0.27178422
vn 0.96026650 0.06912730 -0.27038800
vn 0.92764816 0.02263900 -0.37276851
vn 0.83628220 -0.00873945 -0.54822962
vn 0.95198797 0.07428206 0.29698666
vn 0.95274670 0.09782826 0.28758191
vn 0.97543332 0.00460311 0.22024678
vn 0.90726354 0.09204515 0.41036638
vn 0.94285265 0.08527126 0.32211441
vn 0.96622799 -0.00773593 0.25757258
vn 0.94660543 -0.01775858 0.32190494
vn 0.97317041 -0.01295721 0.22972040
vn 0.96869161 -0.01179585 0.24798674
vn 0.93412662 -0.01805369 0.35648496
vn 0.95595772 -0.00489557 0.29346357
vn 0.95274616 -0.00815891 0.30365800
vn 0.96591447 0.00220391 0.25885206
vn 0.94602008 -0.00148924 0.32410461
vn 0.96616874 -0.01366528 0.25754848
vn 0.96369468 -0.01223933 0.26672602
vn 0.95761341 0.28803596 -0.00344068
vn 0.96391698 0.00145811 0.26619906
vn 0.97660458 -0.02099413 0.21401573
vn 0.94337086 -0.02840130 0.33052199
vn 0.97664494 -0.02459262 0.21344756
vn 0.98282058 -0.01947348 0.18353337
vn 0.91110051 -0.01882144 0.41175431
vn 0.98048941 -0.02062320 0.19548710
vn 0.91489067 -0.01796636 0.40330171
vn 0.97771140 -0.01898887 0.20909292
vn 0.93095482 0.04680247 0.36212244
vn 0.98255465 0.00011719 0.18597403
vn 0.95382142 0.16289834 0.25236647
vn 0.95479676 0.04873726 0.29323680
vn 0.95921615 0.05493592 -0.27728400
vn 0.91425652 -0.02769505 0.40418809
vn 0.89701087 0.04347506 -0.43986523
vn 0.91865436 0.36806550 -0.14353383
vn 0.94176140 0.12490140 -0.31222605
vn 0.94077908 0.28794879 -0.17894193
vn 0.96456751 0.26052728 -0.04165392
vn 0.96450113 0.26164250 -0.03578782
vn 0.97333781 0.22564380 0.04121147
vn 0.92160354 0.00510066 -0.38809908
vn 0.95769833 0.27804178 0.07420703
vn 0.95346546 0.21110466 0.21526366
vn 0.97111495 0.02685010 0.23709667
vn 0.94538739 -0.02070237 0.32529078
vn 0.94555493 -0.01804976 0.32496165
vn 0.94178293 -0.02582900 0.33522793
vn 0.97088106 0.09955221 0.21789750
vn 0.93100799 0.02271874 -0.36429107
vn 0.83858659 0.05376772 -0.54210844
vn 0.92894772 -0.02027083 0.36965556
vn 0.93128927 -0.03089748 0.36296782
vn 0.79850200 -0.03142795 0.60117122
vn 0.85059703 -0.02068902 0.52541095
vn 0.91801136 0.37504715 -0.12882074
vn 0.96363315 0.26326759 0.04584024
vn 0.96044195 0.27786516 0.01849887
vn 0.96329377 -0.00963230 -0.26827658
vn 0.89352972 0.05454599 -0.44567856
vn 0.93240266 0.03022967 -0.36015475
vn 0.95111814 0.02794405 -0.30756042
vn 0.94747843 0.31342827 -0.06361871
vn 0.90355048 0.42623271 -0.04384308
vn 0.95239547 0.03155884 -0.30322747
vn 0.95918602 0.02370041 -0.28178088
vn 0.95352316 0.01723421 -0.30082646
vn 0.87984652 0.24537243 0.40701656
vn 0.96034692 0.01150664 0.27857026
vn 0.94975069 0.00958765 -0.31286053
vn 0.95091008 0.29707057 0.08671275
vn 0.94318529 0.30966076 -0.12046463
vn 0.96661342 0.08662388 -0.24115306
vn 0.94504296 0.32651378 -0.01680942
vn 0.91836062 0.35934941 -0.16577630
vn 0.93635671 0.34961858 -0.03166947
vn 0.96101983 0.23021986 0.15310033
vn 0.93585747 -0.09025241 0.34062485
vn 0.91928049 0.04036975 0.39152735
vn 0.94788169 0.07483221 -0.30971026
vn 0.94956801 0.01489351 -0.31320725
vn 0.93039056 0.36382199 -0.04479924
vn 0.96876923 0.22220391 -0.11005270
vn 0.90336202 0.07518609 0.42223704
vn 0.95482988 -0.01966201 0.29650177
vn 0.87121250 -0.04216542 0.48909187
vn 0.92211580 0.38690751 -0.00224324
vn 0.94914185 0.29913484 0.09822474
vn 0.93619086 0.00272519 -0.35148151
vn 0.96886603 0.01157701 -0.24731474
vn 0.94629685 0.30800366 0.09826505
vn 0.94699559 0.05084296 -0.31719766
vn 0.91347757 0.03430190 -0.40544063
vn 0.95365754 0.04029636 0.29818366
vn 0.79369970 0.21557229 0.56883159
vn 0.91990056 0.38995282 -0.04147000
vn 0.94004168 -0.01234584 0.34083607
vn 0.90193137 0.42873198 -0.05204520
vn 0.91217446 -0.01521786 0.40951944
vn 0.92561515 0.25335090 0.28115817
vn 0.94550259 0.29210503 -0.14387321
vn 0.93402204 0.35688330 0.01539961
vn 0.93732998 0.32576784 0.12364397
vn 0.93242269 0.36130316 0.00692532
vn 0.75229839 0.64285699 -0.14415971
vn 0.90843610 -0.01784487 0.41764269
vn 0.91087183 0.00532715 0.41265497
vn 0.93367047 0.34085622 0.10989312
vn 0.81140485 0.57332920 -0.11364766
vn 0.93017969 0.36710417 -0.00052490
vn 0.89869061 -0.00187388 -0.43857917
vn 0.92339057 0.38367553 0.01195605
vn 0.77269225 0.63275259 0.05070352
vn 0.86624417 0.19088812 0.46171720
vn 0.91240595 0.04372020 -0.40694462
vn 0.90212971 0.05755850 -0.42760848
vn 0.83876768 0.48698763 -0.24354018
vn 0.92664197 -0.02222410 0.37528757
vn 0.92222461 0.00137872 -0.38665213
vn 0.89149125 0.45302616 0.00326256
vn 0.92081599 0.03070237 -0.38878693
vn 0.88857659 -0.01572623 -0.45845865
vn 0.92628578 0.06622404 0.37095692
vn 0.86623568 0.45651472 0.20305185
vn 0.91184999 0.06118871 -0.40593785
vn 0.91812607 0.39520920 0.02922680
vn 0.92070034 -0.01034604 0.39013311
vn 0.89939053 0.15451469 -0.40892772
vn 0.89859754 0.42928144 0.09077387
vn 0.59671518 0.79485948 -0.11013357
vn 0.89239483 0.44922184 0.04279265
vn 0.90550812 0.42394015 0.01816048
vn 0.87197916 0.34790520 -0.34440428
vn 0.65115006 0.67128110 0.35409785
vn 0.90530599 -0.02303978 0.42413469
vn 0.85057526 0.00452159 -0.52583389
vn 0.90720489 0.00373996 0.42067244
vn 0.77701861 0.59645867 -0.20119427
vn 0.92087738 0.38984700 -0.00204014
vn 0.72374246 0.68538524 -0.08027405
vn 0.77210277 -0.05764459 0.63287788
vn 0.99153880 -0.02227317 0.12788552
vn 0.89668706 0.04005828 -0.44084879
vn 0.85669977 0.00515322 -0.51578964
vn 0.83931774 0.09771239 -0.53478782
vn 0.80132573 0.59635038 0.04736342
vn 0.89684830 -0.03341655 0.44107422
vn 0.84108772 -0.03907379 0.53948557
vn 0.89614434 -0.02869853 0.44283373
vn 0.82019460 0.56815228 -0.06696121
vn 0.90221956 0.40320171 0.15306287
vn 0.87809447 -0.00162430 0.47848456
vn 0.83416325 0.55145227 0.00848905
vn 0.77618540 0.04335853 -0.62901213
vn 0.69778668 0.16798332 0.69632992
vn 0.84102494 0.52171498 -0.14314514
vn 0.86903660 0.05282881 -0.49191920
vn 0.83793460 0.50227031 -0.21351848
vn 0.86668160 0.49474642 -0.06394510
vn 0.84293485 -0.01056297 0.53791194
vn 0.89798415 0.43971650 0.01654901
vn 0.95700858 0.27587551 0.08959503
vn 0.98300010 0.18044357 0.03392535
vn 0.68363020 0.72861202 0.04212208
vn 0.87605333 0.48121941 0.03095875
vn 0.87999399 -0.00463802 -0.47496218
vn 0.83568673 -0.04030420 -0.54772553
vn 0.88362321 0.45905036 0.09210211
vn 0.98345659 0.16282274 0.07938446
vn 0.86302749 -0.02442945 -0.50456590
vn 0.87119304 0.48406290 0.08188892
vn 0.82062085 0.55529097 -0.13503094
vn 0.86862274 -0.03034725 -0.49454380
vn 0.81865547 0.10377814 -0.56483034
vn 0.85219064 0.52255632 -0.02657084
vn 0.84465227 0.09292797 -0.52718776
vn 0.86483526 -0.03589866 0.50077066
vn 0.86126351 -0.03571113 0.50690224
vn 0.85675335 0.49541829 -0.14329836
vn 0.83322485 0.51586598 -0.19904432
vn 0.82989199 0.05562743 -0.55514401
vn 0.70982786 0.01110365 0.70428767
vn 0.80358864 0.56713243 -0.18057161
vn 0.85401662 0.03999330 -0.51870622
vn 0.83022349 0.02057640 -0.55705078
vn 0.75647855 0.17986486 0.62879952
vn 0.63262795 0.77411860 -0.02285330
vn 0.83785604 0.32959085 0.43516334
vn 0.94870252 0.31511930 0.02575560
vn 0.93470749 -0.27224913 -0.22847828
vn 0.86600912 0.49507221 -0.07022612
vn 0.71468454 0.69153043 -0.10493649
vn 0.80560907 0.55380895 -0.21045113
vn 0.82353459 0.54804569 -0.14641275
vn 0.82578977 0.04225077 -0.56239322
vn 0.72600804 0.01750772 -0.68746331
vn 0.81669505 0.56461998 -0.11922027
vn 0.81344453 0.40768992 -0.41484567
vn 0.81341646 -0.01536597 -0.58147876
vn 0.80499329 0.11247092 -0.58252562
vn 0.81580482 0.00079277 -0.57832678
vn 0.80007391 0.58505237 0.13264789
vn 0.75835416 0.01320102 -0.65170906
vn 0.80112950 0.07879004 -0.59328210
vn 0.73388353 0.67844407 -0.03359491
vn 0.79185679 0.06241750 0.60750875
vn 0.80411406 0.00053827 0.59447479
vn 0.71736876 0.67769942 -0.16157216
vn 0.76958104 -0.01439940 -0.63838677
vn 0.78966019 0.02625406 -0.61298247
vn 0.74678719 0.06437949 -0.66193971
vn 0.79160924 -0.01916448 0.61072706
vn 0.78157627 0.14025340 -0.60783840
vn 0.74510646 -0.01481146 -0.66678106
vn 0.74344937 0.07863630 -0.66415312
vn 0.77896344 0.02561712 -0.62654587
vn 0.65532811 0.75375749 -0.04893594
vn 0.68935426 0.04680418 -0.72291083
vn 0.76825314 0.58610151 -0.25743374
vn 0.69999648 -0.03935522 0.71306107
vn 0.72330122 0.68020759 0.11896625
vn 0.68768597 0.04115417 -0.72484091
vn 0.73984122 0.66430073 -0.10648712
vn 0.73200360 -0.04482909 0.67982431
vn 0.70525990 0.70658370 0.05786151
vn 0.70763840 0.03419914 -0.70574664
vn 0.68774503 0.72174834 0.07801349
vn 0.66561710 -0.02672679 0.74581470
vn 0.51828445 0.59799848 -0.61137471
vn 0.17969952 0.08258174 -0.98024912
vn 0.17969952 0.08258174 -0.98024912
vn 0.17969952 0.08258174 -0.98024912
vn 0.23262005 0.09767367 -0.96765064
vn 0.23262005 0.09767367 -0.96765064
vn 0.23262005 0.09767367 -0.96765064
vn -0.00525861 0.03568621 0.99934921
vn -0.00545410 0.03545957 0.99935623
vn -0.01771204 0.02124087 0.99961748
vn 0.00742500 0.05038291 0.99870237
vn -0.04988689 0.05366472 0.99731209
vn -0.04988689 0.05366472 0.99731209
vn -0.04988689 0.05366472 0.99731209
vn 0.07807868 0.95521530 -0.28542502
vn 0.07807868 0.95521530 -0.28542502
vn 0.07807868 0.95521530 -0.28542502
vn -0.02469880 0.11035501 -0.99358530
vn -0.02469880 0.11035501 -0.99358530
vn -0.02469880 0.11035501 -0.99358530
vt 0.63373983 0.84318578
vt 0.63699186 0.83527827
vt 0.63699186 0.84425491
vt 0.17845528 0.15933573
vt 0.18252033 0.15933573
vt 0.18004598 0.15843809
vt 0.22613208 0.87007028
vt 0.24232915 0.86202872
vt 0.23267724 0.87894398
vt 0.23144408 0.85050792
vt 0.21224535 0.83609211
vt 0.20976950 0.80342299
vt 0.22031789 0.79814082
vt 0.23407683 0.79120874
vt 0.24423915 0.78719378
vt 0.24626529 0.80252367
vt 0.23105514 0.81248802
vt 0.24382326 0.83093083
vt 0.22545879 0.82406020
vt 0.24861346 0.84599847
vt 0.21267502 0.86372131
vt 0.21626684 0.88555199
vt 0.21059789 0.79256570
vt 0.21820915 0.77799594
vt 0.22542489 0.77962852
vt 0.22731955 0.75541991
vt 0.23716058 0.77535981
vt 0.24499975 0.75396669
vt 0.24242626 0.74496770
vt 0.22467771 0.73623711
vt 0.21781400 0.75321943
vt 0.20970105 0.73336327
vt 0.19996122 0.74763674
vt 0.19879763 0.76273841
vt 0.20477797 0.79410213
vt 0.19516942 0.81742018
vt 0.18394598 0.80185646
vt 0.17883545 0.82597369
vt 0.19641683 0.77861011
vt 0.18766204 0.78295416
vt 0.17730689 0.79151028
vt 0.16594647 0.80047441
vt 0.17629161 0.77025896
vt 0.18298738 0.75266391
vt 0.19470140 0.74239808
vt 0.15311103 0.78037405
vt 0.15403382 0.75453597
vt 0.16773069 0.75256371
vt 0.19540812 0.72463554
vt 0.15347818 0.73990119
vt 0.17365153 0.72603256
vt 0.15747355 0.71796072
vt 0.18480119 0.70058894
vt 0.20488854 0.70182371
vt 0.18594275 0.68573427
vt 0.20952322 0.68329042
vt 0.22296289 0.68811595
vt 0.21504462 0.70712095
vt 0.20760792 0.72079605
vt 0.21156155 0.67034864
vt 0.18919490 0.64644986
vt 0.20138915 0.64859641
vt 0.21377404 0.65512174
vt 0.22322232 0.67432106
vt 0.21768680 0.64707321
vt 0.23197351 0.65095997
vt 0.22733603 0.63500124
vt 0.20522776 0.62788594
vt 0.22814599 0.62443948
vt 0.23989977 0.63672525
vt 0.24337542 0.62505394
vt 0.20533028 0.60918295
vt 0.19578958 0.63423580
vt 0.19413343 0.60845596
vt 0.14872789 0.66405553
vt 0.14655668 0.65078348
vt 0.15687922 0.66106039
vt 0.15618367 0.68349713
vt 0.14966767 0.68695700
vt 0.16067086 0.65191388
vt 0.15705003 0.63715076
vt 0.16778250 0.64599860
vt 0.14892371 0.63164836
vt 0.17277707 0.61935586
vt 0.18400961 0.60777819
vt 0.16735160 0.60909343
vt 0.14579873 0.60884827
vt 0.13355166 0.62411976
vt 0.12658553 0.60904235
vt 0.07777855 0.61352432
vt 0.08757407 0.60920578
vt 0.09650306 0.62081575
vt 0.08757140 0.63479418
vt 0.07282164 0.63972908
vt 0.08428684 0.64771312
vt 0.07626100 0.65278715
vt 0.06883866 0.64877862
vt 0.07574309 0.66714418
vt 0.06430022 0.66060412
vt 0.05981524 0.67531866
vt 0.06625197 0.69223422
vt 0.04936270 0.68700087
vt 0.05508887 0.69420189
vt 0.03286299 0.69867438
vt 0.04786493 0.67336822
vt 0.03661072 0.66535920
vt 0.05540228 0.65472245
vt 0.05661214 0.66529334
vt 0.10342735 0.64788628
vt 0.11682017 0.62144178
vt 0.11926501 0.63954312
vt 0.13011950 0.65490556
vt 0.05866218 0.63246822
vt 0.07197129 0.60953289
vt 0.06343836 0.60952461
vt 0.05032890 0.62418246
vt 0.03982930 0.64879519
vt 0.03670391 0.62841827
vt 0.02790337 0.64345109
vt 0.02643087 0.65957910
vt 0.01911013 0.60942447
vt 0.03430738 0.60931903
vt 0.04860593 0.60953808
vt 0.06153558 0.64375573
vt 0.10685316 0.60811359
vt 0.18757762 0.67793357
vt 0.17017487 0.68787879
vt 0.15876259 0.70667696
vt 0.17370249 0.82023507
vt 0.14541838 0.81384051
vt 0.16013084 0.83241272
vt 0.17276599 0.84078676
vt 0.16453521 0.85653275
vt 0.17399344 0.85821402
vt 0.19318639 0.84177834
vt 0.19646524 0.86751139
vt 0.14815518 0.83267850
vt 0.14533859 0.86076611
vt 0.15420115 0.86660993
vt 0.14595143 0.87867934
vt 0.13832702 0.89284277
vt 0.14221407 0.90268725
vt 0.13853912 0.82503593
vt 0.14197081 0.84693205
vt 0.12686980 0.84357971
vt 0.12194498 0.86053091
vt 0.12930338 0.88081348
vt 0.11365160 0.87844926
vt 0.11018286 0.86060405
vt 0.11587125 0.89072233
vt 0.12645628 0.90925050
vt 0.11256582 0.91462505
vt 0.11465812 0.93095642
vt 0.10773518 0.92567682
vt 0.13447301 0.92646110
vt 0.11590826 0.94231105
vt 0.13356718 0.93731534
vt 0.11824398 0.95123082
vt 0.14414947 0.91769511
vt 0.14555381 0.93623692
vt 0.14466268 0.95195764
vt 0.14865188 0.89982212
vt 0.16269724 0.88897282
vt 0.17672482 0.88001215
vt 0.17578003 0.90107507
vt 0.19224998 0.90065986
vt 0.17840318 0.91564041
vt 0.21037501 0.91340548
vt 0.20244423 0.88758159
vt 0.16384166 0.91850889
vt 0.14929542 0.92935765
vt 0.15981361 0.93221647
vt 0.16166268 0.95160353
vt 0.15351060 0.97055089
vt 0.16641127 0.97703850
vt 0.17349261 0.95819157
vt 0.18736820 0.95292217
vt 0.17859773 0.97277051
vt 0.14151882 0.97203404
vt 0.12252119 0.97165406
vt 0.11215339 0.96034974
vt 0.17037672 0.93909121
vt 0.18048811 0.94550008
vt 0.19066334 0.94122416
vt 0.17869316 0.93047428
vt 0.20789400 0.92929322
vt 0.20399493 0.94257468
vt 0.21976066 0.93921053
vt 0.22627425 0.92850900
vt 0.24950728 0.93358892
vt 0.21963263 0.94868004
vt 0.24082376 0.94957268
vt 0.23567490 0.95821691
vt 0.20480205 0.95228541
vt 0.23327766 0.97152168
vt 0.25300670 0.96857971
vt 0.20899628 0.97007358
vt 0.23306148 0.98783064
vt 0.24406029 0.98961174
vt 0.20972891 0.98283112
vt 0.18772462 0.97017276
vt 0.18690941 0.97856361
vt 0.20195791 0.99252743
vt 0.21570705 0.99586421
vt 0.22907542 0.99592894
vt 0.24637766 0.99741989
vt 0.25638098 0.99521536
vt 0.18182063 0.99572778
vt 0.19578706 0.96211821
vt 0.26529989 0.95130861
vt 0.24232191 0.90995961
vt 0.25793245 0.90909237
vt 0.26635054 0.91269344
vt 0.25836614 0.93505156
vt 0.27750412 0.93047231
vt 0.29099810 0.91207802
vt 0.29696622 0.92548996
vt 0.30483928 0.91230309
vt 0.31532088 0.93424988
vt 0.30687323 0.93820632
vt 0.30618736 0.95063132
vt 0.29186648 0.94168329
vt 0.28982091 0.95126832
vt 0.33119947 0.93556756
vt 0.33167380 0.95198035
vt 0.34974146 0.94595355
vt 0.34387913 0.92981505
vt 0.36226416 0.92072082
vt 0.36802262 0.93159211
vt 0.36151254 0.94380897
vt 0.35965979 0.95325893
vt 0.35139740 0.95440841
vt 0.37255669 0.92102885
vt 0.38751793 0.92530161
vt 0.38130340 0.93860793
vt 0.38959053 0.90369332
vt 0.39515355 0.90910703
vt 0.40073130 0.88411492
vt 0.38438588 0.88829494
vt 0.37508854 0.90834683
vt 0.36519545 0.88597363
vt 0.36034599 0.91056925
vt 0.37032712 0.86163807
vt 0.39706695 0.86063218
vt 0.38967216 0.84425962
vt 0.40358701 0.82479417
vt 0.42305794 0.85578698
vt 0.41452131 0.86273009
vt 0.41323161 0.87700993
vt 0.42524314 0.82759690
vt 0.43642795 0.83326948
vt 0.43417844 0.80275857
vt 0.44833353 0.80311513
vt 0.44920412 0.83597022
vt 0.44771174 0.85251844
vt 0.43822908 0.85663164
vt 0.44428915 0.87060106
vt 0.42840382 0.87199074
vt 0.43135050 0.88449985
vt 0.44690299 0.89806437
vt 0.41079634 0.89319724
vt 0.45789844 0.79962283
vt 0.45325327 0.79291856
vt 0.44497511 0.79004878
vt 0.44906032 0.77121705
vt 0.45783508 0.77347189
vt 0.42114690 0.79297549
vt 0.42470694 0.76968002
vt 0.44470856 0.77029520
vt 0.43338692 0.76313084
vt 0.44623140 0.74596524
vt 0.42963347 0.72944582
vt 0.44080558 0.70802212
vt 0.44995663 0.71611142
vt 0.44392684 0.67389321
vt 0.42395133 0.70590985
vt 0.44244999 0.65494412
vt 0.42669192 0.67117369
vt 0.41437614 0.68816882
vt 0.40567636 0.66599673
vt 0.39525414 0.67378438
vt 0.40091246 0.70569158
vt 0.40997025 0.71674562
vt 0.39678961 0.73230594
vt 0.41308719 0.73987257
vt 0.39813042 0.74779606
vt 0.40331045 0.76629287
vt 0.38696209 0.69475818
vt 0.38744602 0.70532900
vt 0.38024345 0.72223747
vt 0.37706605 0.73553932
vt 0.38598713 0.75260925
vt 0.37166074 0.75134969
vt 0.37101680 0.77535403
vt 0.35556853 0.76507896
vt 0.35434067 0.78471082
vt 0.37619123 0.79443121
vt 0.34328991 0.80895436
vt 0.37200582 0.80513072
vt 0.35332805 0.82027155
vt 0.36465430 0.82349718
vt 0.38796079 0.79917902
vt 0.37682641 0.83143425
vt 0.38868675 0.83073515
vt 0.40465966 0.78899294
vt 0.41221568 0.81967646
vt 0.40354195 0.77699322
vt 0.38213897 0.77192122
vt 0.33507019 0.81749165
vt 0.33914354 0.79440141
vt 0.34457889 0.77847791
vt 0.32704818 0.75952631
vt 0.31599846 0.78315526
vt 0.31568092 0.79351437
vt 0.30951822 0.82376140
vt 0.29277784 0.82285351
vt 0.29721755 0.79447359
vt 0.27753270 0.81992745
vt 0.30386776 0.77166355
vt 0.29303342 0.77622068
vt 0.28526855 0.79175401
vt 0.27009925 0.80021131
vt 0.25977626 0.82049376
vt 0.26838136 0.84166843
vt 0.25662094 0.86777383
vt 0.24677618 0.88912672
vt 0.26188755 0.78990036
vt 0.27253750 0.76031631
vt 0.26435167 0.77291685
vt 0.26269048 0.74712819
vt 0.26884648 0.72671884
vt 0.28058302 0.73241025
vt 0.27900863 0.70834887
vt 0.29490373 0.71564084
vt 0.30018163 0.69725877
vt 0.31108600 0.71536338
vt 0.32160172 0.70614511
vt 0.31989452 0.68931830
vt 0.30765778 0.67489833
vt 0.32328743 0.66927391
vt 0.34066290 0.70439482
vt 0.33942258 0.68147671
vt 0.35123175 0.69708633
vt 0.34169328 0.73112065
vt 0.35200435 0.67323577
vt 0.33027080 0.66070241
vt 0.35281587 0.64984316
vt 0.33765760 0.64702421
vt 0.32249725 0.64258164
vt 0.34181383 0.62149256
vt 0.35543194 0.63479364
vt 0.37115866 0.61351955
vt 0.36965150 0.63595653
vt 0.36971951 0.64875478
vt 0.38825756 0.64898294
vt 0.38144797 0.61269301
vt 0.40517354 0.63197732
vt 0.40275598 0.60761267
vt 0.41784871 0.62215543
vt 0.42064476 0.63333374
vt 0.42539704 0.61159229
vt 0.41794157 0.60773921
vt 0.36052406 0.60802615
vt 0.34526536 0.60802835
vt 0.32931718 0.60819948
vt 0.32861599 0.62074727
vt 0.31869027 0.61394781
vt 0.31482026 0.65240282
vt 0.31102490 0.63544524
vt 0.29915088 0.60696030
vt 0.26359564 0.69075561
vt 0.26621628 0.70505148
vt 0.25426701 0.73272491
vt 0.24601756 0.73081899
vt 0.25155410 0.70972019
vt 0.22684261 0.71097142
vt 0.22644804 0.69877672
vt 0.24022396 0.68917388
vt 0.24897967 0.66380459
vt 0.26373225 0.67852533
vt 0.25393701 0.69804788
vt 0.26596808 0.66583687
vt 0.29296654 0.68602711
vt 0.29293820 0.65809697
vt 0.30255798 0.64366013
vt 0.28602189 0.60943717
vt 0.28030634 0.64678967
vt 0.27437103 0.63046592
vt 0.26404604 0.61275065
vt 0.26438260 0.64892322
vt 0.24503340 0.64997822
vt 0.22950219 0.66246760
vt 0.24311350 0.61069208
vt 0.29347914 0.65014815
vt 0.31542391 0.76195127
vt 0.35141018 0.74764407
vt 0.36466640 0.73800927
vt 0.32541740 0.74902868
vt 0.30663726 0.74562192
vt 0.36357909 0.71955645
vt 0.36531633 0.67422938
vt 0.38495174 0.67504311
vt 0.38720521 0.65668255
vt 0.36226267 0.66062111
vt 0.39529371 0.64788741
vt 0.43487445 0.65113598
vt 0.40934446 0.65483749
vt 0.35047993 0.84340203
vt 0.35046834 0.87139565
vt 0.33687237 0.86434829
vt 0.33716533 0.88643396
vt 0.32385209 0.87847680
vt 0.32837427 0.89963204
vt 0.32891819 0.84586060
vt 0.31201848 0.87048888
vt 0.31389728 0.88291621
vt 0.30881247 0.89742857
vt 0.29001755 0.89256912
vt 0.29057547 0.87578481
vt 0.31703022 0.83992654
vt 0.30229267 0.85205323
vt 0.29194748 0.84418875
vt 0.29798347 0.86821526
vt 0.28085569 0.84485567
vt 0.26498786 0.86344641
vt 0.25300309 0.88790661
vt 0.34750360 0.89290082
vt 0.34417742 0.90892547
vt 0.33481625 0.92600536
vt 0.32592446 0.90823805
vt 0.28210181 0.90326351
vt 0.27954760 0.88139397
vt 0.26769465 0.88138765
vt 0.21317354 0.92281246
vt 0.22763091 0.90147465
vt 0.18178424 0.92457020
vt 0.11375403 0.83811605
vt 0.09632324 0.86147141
vt 0.10854532 0.88777399
vt 0.09051929 0.87055677
vt 0.08063920 0.85291076
vt 0.08050088 0.86800164
vt 0.07453566 0.88483447
vt 0.05939515 0.87735426
vt 0.06063849 0.90309972
vt 0.06918091 0.91092545
vt 0.06034876 0.92031616
vt 0.06740773 0.92794847
vt 0.05238005 0.93339401
vt 0.05112532 0.95413709
vt 0.07816695 0.95977324
vt 0.08188102 0.92877418
vt 0.05520174 0.97009188
vt 0.04071565 0.96668148
vt 0.03334221 0.97983497
vt 0.02805302 0.98092681
vt 0.02686873 0.99810570
vt 0.02895230 0.96105659
vt 0.04055135 0.95111388
vt 0.02117934 0.94306207
vt 0.02098596 0.96942919
vt 0.00904342 0.94513792
vt 0.04192615 0.93199193
vt 0.02632879 0.92247438
vt 0.04371397 0.91923177
vt 0.02713188 0.91049945
vt 0.04929381 0.89228827
vt 0.04920208 0.91510808
vt 0.02654626 0.88066936
vt 0.01860649 0.89724398
vt 0.01327971 0.92216802
vt 0.00429970 0.91014707
vt 0.01585997 0.87803817
vt 0.01603272 0.85542160
vt 0.02668842 0.85504699
vt 0.04074648 0.88120347
vt 0.04770451 0.87445128
vt 0.04557757 0.86205584
vt 0.06769917 0.86074543
vt 0.05528533 0.84867048
vt 0.06291577 0.82116055
vt 0.08548076 0.82844675
vt 0.08899548 0.84444755
vt 0.10104816 0.85099137
vt 0.10807623 0.83322084
vt 0.11455098 0.81498462
vt 0.11822577 0.82072914
vt 0.10443057 0.82121772
vt 0.09693877 0.82214540
vt 0.10692856 0.80175591
vt 0.10446364 0.79480129
vt 0.10069880 0.77415687
vt 0.11921761 0.78636104
vt 0.10549798 0.76643306
vt 0.09467044 0.78837019
vt 0.09564875 0.80002582
vt 0.08716787 0.79549837
vt 0.08887774 0.81404757
vt 0.09081694 0.77456540
vt 0.07728007 0.81344700
vt 0.05123701 0.82496643
vt 0.04565484 0.84834987
vt 0.02899324 0.84537524
vt 0.02764398 0.80704343
vt 0.02242254 0.82385212
vt 0.01160236 0.83307314
vt 0.00549721 0.85800046
vt 0.00834827 0.80940187
vt 0.00538780 0.82903653
vt 0.00531980 0.81347066
vt 0.01080143 0.80429971
vt 0.01641613 0.78880310
vt 0.03527107 0.78830147
vt 0.04931036 0.79690927
vt 0.04404774 0.81147116
vt 0.02216692 0.77633715
vt 0.04968851 0.77391189
vt 0.05083334 0.78303701
vt 0.05428014 0.76404184
vt 0.03985704 0.75466782
vt 0.00586916 0.78265226
vt 0.01175446 0.76134771
vt 0.03481625 0.74520648
vt 0.00516565 0.87788421
vt 0.00435463 0.88952398
vt 0.07779969 0.97597474
vt 0.08690202 0.95117474
vt 0.09634550 0.96816921
vt 0.10792225 0.96048164
vt 0.10686480 0.97239083
vt 0.08200444 0.91029620
vt 0.08482081 0.90189248
vt 0.09800698 0.88608712
vt 0.09950592 0.89796209
vt 0.10706197 0.90710920
vt 0.09839574 0.90952134
vt 0.09436358 0.92674720
vt 0.10714474 0.94657737
vt 0.13517925 0.80286223
vt 0.14293480 0.77098399
vt 0.12073541 0.76487529
vt 0.14553696 0.75655729
vt 0.11714706 0.75199062
vt 0.14306957 0.73983169
vt 0.12086735 0.73585850
vt 0.10926612 0.73880666
vt 0.11432169 0.72480464
vt 0.13229996 0.72235930
vt 0.12033212 0.70022982
vt 0.13305064 0.70898873
vt 0.13644594 0.68467408
vt 0.11412293 0.68824345
vt 0.10199330 0.66474634
vt 0.10120117 0.68385643
vt 0.11657030 0.65328914
vt 0.09969714 0.70000786
vt 0.10383957 0.71937883
vt 0.08682638 0.71628100
vt 0.09963479 0.75637656
vt 0.14712448 0.78519487
vt 0.23455577 0.89720523
vt 0.27787295 0.95366907
vt 0.14698331 0.71870017
vt 0.09399279 0.65664411
vt 0.09302567 0.67117947
vt 0.44987461 0.67377949
vt 0.45019522 0.65146405
vt 0.41611770 0.64900219
vt 0.43230760 0.63986760
vt 0.14646463 0.70585287
vt 0.32676023 0.82899636
vt 0.28172261 0.83114433
vt 0.28164360 0.76984817
vt 0.28259626 0.75107175
vt 0.20906097 0.60653198
vt 0.22426224 0.61025363
vt 0.05299553 0.80020171
vt 0.37862965 0.95041931
vt 0.32490012 0.72997957
vt 0.45089027 0.75894469
vt 0.01569269 0.68189198
vt 0.01425972 0.66110110
vt 0.02031509 0.69932514
vt 0.30793637 0.72580600
vt 0.29630801 0.74241608
vt 0.28904507 0.73741013
vt 0.28955889 0.76039255
vt 0.19913203 0.99721473
vt 0.01480572 0.64622676
vt 0.01363888 0.62526447
vt 0.46780843 0.82341653
vt 0.45937955 0.74374235
vt 0.46597835 0.75331390
vt 0.46956852 0.72751695
vt 0.45901898 0.70790547
vt 0.47533530 0.74290162
vt 0.47318164 0.76851058
vt 0.47343215 0.78853709
vt 0.26895308 0.60608429
vt 0.24152462 0.60687983
vt 0.14557998 0.66680998
vt 0.48056659 0.79306281
vt 0.48458713 0.80334121
vt 0.47887236 0.82522959
vt 0.48312885 0.84084541
vt 0.47714537 0.85502899
vt 0.48418981 0.82266450
vt 0.03547591 0.99663287
vt 0.05548837 0.99596500
vt 0.09076876 0.98827916
vt 0.07456965 0.99080026
vt 0.06060575 0.98103505
vt 0.08012606 0.99659759
vt 0.06823158 0.99822766
vt 0.04945566 0.99812984
vt 0.05969816 0.99882936
vt 0.06640618 0.79129994
vt 0.06138388 0.80121201
vt 0.06433393 0.78303778
vt 0.07543864 0.77871233
vt 0.08141574 0.76784486
vt 0.06725007 0.76669586
vt 0.07240312 0.75253201
vt 0.10053277 0.73509127
vt 0.08042154 0.73476928
vt 0.05311116 0.75110441
vt 0.05538841 0.74095452
vt 0.07132833 0.73043615
vt 0.04936145 0.72683197
vt 0.05413828 0.72273707
vt 0.04275649 0.72403079
vt 0.08384377 0.70532906
vt 0.09057686 0.69225186
vt 0.42120486 0.91035253
vt 0.14464152 0.98397923
vt 0.14004827 0.99800259
vt 0.15121908 0.99569041
vt 0.17557801 0.99631190
vt 0.16728376 0.99568987
vt 0.06761849 0.70380861
vt 0.07878129 0.69720697
vt 0.08544131 0.68391663
vt 0.12204632 0.98389196
vt 0.10637530 0.98675221
vt 0.11232625 0.99614316
vt 0.12770331 0.99666137
vt 0.46769047 0.69694346
vt 0.46012712 0.68397766
vt 0.45854616 0.65978712
vt 0.46950063 0.65710253
vt 0.46666017 0.64196265
vt 0.47764635 0.63733703
vt 0.45149788 0.63403141
vt 0.45431906 0.60759878
vt 0.47694191 0.60769093
vt 0.44227275 0.61803961
vt 0.42721611 0.60771143
vt 0.48309603 0.62127149
vt 0.48930669 0.60605776
vt 0.49278995 0.62568259
vt 0.49145687 0.63534790
vt 0.48825386 0.65258485
vt 0.48286361 0.66025549
vt 0.03943777 0.70989376
vt 0.02628988 0.72235018
vt 0.02865507 0.74103427
vt 0.05700905 0.71080816
vt 0.05643242 0.73455131
vt 0.01087525 0.70833576
vt 0.00803425 0.72666556
vt 0.01458019 0.74260426
vt 0.00712390 0.74140453
vt 0.00842858 0.70011538
vt 0.00569127 0.76878786
vt 0.45040923 0.87011647
vt 0.47000593 0.87176919
vt 0.48064783 0.86784399
vt 0.48080444 0.87804663
vt 0.45969158 0.87850940
vt 0.46749780 0.89072186
vt 0.46336654 0.91098017
vt 0.47518796 0.91007757
vt 0.47606483 0.89204723
vt 0.09718134 0.99641943
vt 0.08679996 0.99806243
vt 0.47951502 0.90030986
vt 0.48018774 0.91166306
vt 0.47794771 0.92375141
vt 0.37257943 0.96069831
vt 0.00735468 0.71435875
vt 0.26484245 0.98558235
vt 0.28084278 0.98108000
vt 0.27360174 0.97148836
vt 0.28667119 0.97269595
vt 0.27459368 0.99306905
vt 0.26522356 0.99458069
vt 0.29540980 0.99190348
vt 0.29257828 0.99772561
vt 0.30997172 0.98068243
vt 0.30307412 0.96961427
vt 0.32067552 0.97347230
vt 0.31054750 0.99803656
vt 0.48685402 0.78257620
vt 0.48715523 0.76320052
vt 0.48251984 0.70561820
vt 0.48884663 0.70588064
vt 0.49088165 0.72278106
vt 0.48424906 0.68488538
vt 0.47127828 0.67980671
vt 0.49025160 0.73417175
vt 0.32928148 0.99138492
vt 0.33751944 0.97239953
vt 0.34218568 0.98348171
vt 0.33930480 0.99763089
vt 0.35011193 0.99286282
vt 0.35480034 0.98216975
vt 0.34632406 0.97038907
vt 0.32723889 0.96044284
vt 0.36046174 0.97074234
vt 0.31169996 0.95639867
vt 0.35987726 0.99456275
vt 0.32911679 0.99911273
vt 0.44909942 0.92664230
vt 0.45491040 0.95436358
vt 0.44525260 0.93340844
vt 0.47112423 0.94868118
vt 0.47908723 0.94279307
vt 0.47836721 0.96141952
vt 0.46824887 0.96707147
vt 0.45123023 0.96395332
vt 0.40643182 0.91281945
vt 0.40083277 0.94062847
vt 0.39567146 0.95256758
vt 0.42033008 0.95403922
vt 0.40735835 0.93139607
vt 0.42201751 0.94412565
vt 0.44043186 0.91616285
vt 0.43846151 0.94197989
vt 0.44574153 0.95491123
vt 0.39175349 0.96182036
vt 0.40369296 0.97000915
vt 0.37564322 0.98098773
vt 0.40576875 0.98720706
vt 0.37836966 0.99467790
vt 0.39299518 0.99751759
vt 0.41741019 0.99747807
vt 0.42896327 0.96317112
vt 0.41853896 0.98328054
vt 0.43585363 0.98277956
vt 0.44505274 0.97227472
vt 0.46240667 0.97845763
vt 0.45078424 0.98325664
vt 0.46202704 0.99274766
vt 0.44651166 0.99316931
vt 0.43226972 0.99722165
vt 0.44945693 0.99767017
vt 0.45467415 0.99694496
vt 0.33067217 0.99764645
vt 0.27534404 0.99725789
vt 0.23814908 0.60622805
vt 0.10396238 0.99651432
vt 0.00635008 0.93021172
vt 0.00412750 0.94239181
vt 0.47016037 0.99849606
vt 0.01816960 0.99666661
vt 0.47456348 0.98137498
vt 0.47967401 0.97590810
vt 0.47822082 0.99676698
vt 0.34905884 0.99816477
vt 0.36271545 0.99809235
vt 0.38421631 0.99831909
vt 0.48217109 0.84707695
vt 0.48283741 0.85759050
vt 0.48105887 0.87789053
vt 0.00608825 0.96925044
vt 0.01822571 0.98179817
vt 0.00618014 0.98339671
vt 0.01071468 0.61330193
vt 0.31098685 0.60622400
vt 0.38079911 0.60646927
vt 0.49308944 0.65755564
vt 0.48954633 0.66723204
vt 0.49285537 0.68062991
vt 0.49175930 0.69412595
vt 0.00514559 0.99811548
vt 0.00365854 0.99205285
vt 0.00399314 0.96501732
vt 0.00631565 0.63520932
vt 0.00645678 0.65405095
vt 0.00668471 0.67717731
vt 0.00789330 0.67990279
vt 0.00667202 0.69313437
vt 0.00676635 0.71381247
vt 0.20148581 0.60662514
vt 0.08010025 0.60784978
vt 0.28867146 0.60582083
vt 0.48897204 0.75065833
vt 0.33844742 0.99904555
vt 0.47996780 0.92781478
vt 0.48677775 0.79170632
vt 0.00438087 0.87328762
vt 0.17330989 0.99762279
vt 0.18456623 0.99777907
vt 0.26242810 0.99834710
vt 0.22149810 0.60614812
vt 0.15859994 0.99781436
vt 0.15343940 0.99853188
vt 0.02202929 0.99911988
vt 0.00919860 0.99942714
vt 0.10108901 0.99785465
vt 0.49235320 0.60912877
vt 0.00567584 0.62272859
vt 0.00613644 0.60962677
vt 0.11981917 0.99789870
vt 0.45393944 0.60601294
vt 0.16459616 0.60711604
vt 0.18353461 0.60660231
vt 0.20896128 0.99818230
vt 0.22241223 0.99809641
vt 0.47995853 0.96145046
vt 0.47984174 0.94170946
vt 0.48793140 0.76408255
vt 0.24141796 0.99816412
vt 0.09764292 0.99851739
vt 0.40488589 0.60604525
vt 0.42300168 0.60611433
vt 0.32978866 0.60626519
vt 0.34541360 0.60611761
vt 0.35677838 0.60652769
vt 0.26459834 0.60597754
vt 0.16822270 0.99841702
vt 0.30790424 0.99920052
vt 0.32015398 0.99927831
vt 0.47848800 0.60579950
vt 0.10845309 0.99862093
vt 0.00667667 0.73203880
vt 0.48470217 0.82165176
vt 0.44053945 0.60579151
vt 0.09053107 0.60740584
vt 0.42441237 0.99864286
vt 0.14744046 0.60752535
vt 0.12740301 0.60761780
vt 0.40880540 0.99885732
vt 0.03670114 0.99888581
vt 0.05928399 0.60799187
vt 0.03451141 0.60809278
vt 0.01626053 0.60800314
vt 0.47986451 0.99318540
vt 0.00536869 0.77560693
vt 0.28642857 0.99849725
vt 0.43337953 0.99860603
vt 0.28147095 0.99870491
vt 0.45178431 0.99848145
vt 0.47641239 0.99819642
vt 0.07229058 0.99903452
vt 0.13628799 0.99869150
vt 0.00489852 0.60764176
vt 0.49231383 0.60528058
vt 0.22832853 0.60593128
vt 0.00433328 0.99913597
vt 0.00479208 0.85590148
vt 0.02762304 0.99955118
vt 0.48016909 0.89440095
vt 0.16860887 0.60639954
vt 0.35416859 0.99881786
vt 0.33704019 0.99955118
vt 0.37344465 0.60562271
vt 0.48926914 0.60368043
vt 0.47754937 0.60469258
vt 0.46694356 0.60469264
vt 0.41904455 0.60517883
vt 0.48068348 0.98867136
vt 0.48037967 0.97147763
vt 0.23462762 0.99858707
vt 0.17504559 0.99899364
vt 0.47913045 0.99713761
vt 0.07216284 0.60676974
vt 0.08727591 0.99916011
vt 0.04856963 0.99911273
vt 0.18770294 0.99824280
vt 0.00459387 0.82468510
vt 0.00482286 0.83876073
vt 0.04654840 0.60694408
vt 0.11936870 0.60656273
vt 0.11740837 0.99904722
vt 0.58196980 0.31421059
vt 0.57873672 0.32778370
vt 0.60056460 0.31880748
vt 0.57966697 0.34180772
vt 0.55340093 0.34043372
vt 0.57347286 0.35772169
vt 0.56615275 0.36110651
vt 0.54512268 0.35933042
vt 0.54293835 0.34153509
vt 0.54318529 0.32304358
vt 0.56205875 0.30253744
vt 0.56707615 0.31281018
vt 0.57178730 0.29952407
vt 0.56711590 0.29186791
vt 0.57678813 0.28024036
vt 0.57199240 0.27831817
vt 0.52997464 0.31586498
vt 0.52307558 0.34844905
vt 0.52103740 0.32873249
vt 0.50502133 0.31256998
vt 0.52807975 0.29604834
vt 0.54440963 0.30373043
vt 0.55171198 0.29679346
vt 0.51059574 0.29518628
vt 0.66935241 0.46942997
vt 0.65797645 0.47745144
vt 0.66935760 0.48524213
vt 0.66089141 0.45427656
vt 0.67037070 0.44290465
vt 0.66846925 0.43009663
vt 0.66009450 0.44015241
vt 0.65486258 0.42060983
vt 0.66756421 0.40302360
vt 0.65862751 0.39386845
vt 0.66146606 0.38540792
vt 0.66847616 0.37845546
vt 0.64414954 0.38787264
vt 0.64243740 0.39846188
vt 0.64329034 0.42020792
vt 0.64124459 0.42909420
vt 0.62541395 0.42170084
vt 0.62819302 0.39918274
vt 0.62382030 0.38113153
vt 0.63219905 0.36075151
vt 0.64540410 0.35964799
vt 0.66105777 0.35625350
vt 0.62130237 0.36080599
vt 0.61303473 0.36808860
vt 0.60959232 0.38262236
vt 0.60684407 0.39413810
vt 0.59589738 0.36532795
vt 0.59660685 0.34591222
vt 0.59613156 0.32888967
vt 0.62207437 0.33753377
vt 0.61099517 0.31515312
vt 0.59615678 0.30498499
vt 0.59334451 0.28803670
vt 0.62613624 0.30313158
vt 0.62573314 0.29515404
vt 0.64634442 0.30705297
vt 0.63100290 0.32201630
vt 0.64897537 0.33274633
vt 0.63058764 0.34308726
vt 0.64372122 0.34286010
vt 0.62048012 0.32344699
vt 0.64707261 0.29588515
vt 0.55287433 0.27954644
vt 0.53726965 0.29145050
vt 0.52758420 0.28585851
vt 0.50853884 0.28059435
vt 0.53333777 0.27221501
vt 0.51397395 0.26630497
vt 0.66373974 0.33359861
vt 0.66855341 0.34865308
vt 0.66733408 0.33228087
vt 0.66758978 0.30341136
vt 0.49987987 0.29515803
vt 0.49431491 0.31283808
vt 0.67733699 0.45564318
vt 0.68559146 0.43787998
vt 0.64559138 0.44125891
vt 0.60781854 0.42759389
vt 0.64507562 0.46085703
vt 0.64613712 0.48199868
vt 0.62604159 0.44514906
vt 0.60619569 0.44194442
vt 0.61300814 0.45831156
vt 0.62663466 0.46991932
vt 0.63429809 0.47998661
vt 0.60566193 0.40902948
vt 0.58214617 0.39901954
vt 0.59881681 0.41785562
vt 0.57327396 0.40230846
vt 0.58089483 0.38347465
vt 0.58328468 0.43111920
vt 0.56513363 0.37821496
vt 0.56965160 0.41057515
vt 0.55018973 0.37664092
vt 0.55851603 0.39930046
vt 0.55618834 0.41322112
vt 0.56449473 0.38605517
vt 0.54897183 0.38525373
vt 0.56214195 0.43409622
vt 0.53511709 0.39185166
vt 0.52798367 0.37102169
vt 0.50469148 0.34477448
vt 0.49830452 0.32497305
vt 0.48191226 0.32696438
vt 0.48626566 0.34111857
vt 0.47446454 0.30321574
vt 0.48756352 0.30033588
vt 0.48774374 0.27900857
vt 0.46718332 0.27947485
vt 0.45943704 0.30210423
vt 0.45418140 0.29506254
vt 0.53074926 0.25982511
vt 0.69362622 0.45476753
vt 0.69684184 0.42536098
vt 0.70809972 0.43500888
vt 0.70795655 0.44732070
vt 0.70770156 0.46579885
vt 0.67723936 0.42804605
vt 0.68173921 0.40816557
vt 0.67991835 0.38336563
vt 0.68066418 0.35859954
vt 0.69034058 0.39823902
vt 0.70141202 0.36896181
vt 0.69396919 0.35242569
vt 0.67952496 0.33880645
vt 0.70820600 0.42208207
vt 0.70093566 0.40343308
vt 0.70860898 0.39659154
vt 0.70826733 0.38110828
vt 0.62861091 0.50328243
vt 0.59514308 0.46314704
vt 0.61473471 0.48529983
vt 0.68896884 0.48765743
vt 0.70162487 0.46109563
vt 0.69905502 0.49602735
vt 0.67634118 0.50420606
vt 0.69769156 0.51390046
vt 0.68782502 0.53026283
vt 0.70741820 0.52336115
vt 0.70645237 0.50976646
vt 0.70625287 0.54125035
vt 0.67670935 0.53320837
vt 0.70756209 0.49587893
vt 0.70663029 0.47329009
vt 0.67862290 0.54494727
vt 0.69295985 0.54817337
vt 0.70618004 0.55236310
vt 0.69490224 0.56929559
vt 0.70370114 0.57390094
vt 0.66867799 0.56170934
vt 0.66779250 0.54915994
vt 0.66754586 0.53346741
vt 0.66834235 0.50319231
vt 0.69458926 0.58197737
vt 0.67201686 0.57952964
vt 0.65628833 0.56143576
vt 0.65938812 0.57659549
vt 0.70392627 0.58643222
vt 0.50482011 0.27207983
vt 0.55402267 0.24596620
vt 0.53565538 0.23418772
vt 0.52514732 0.25040364
vt 0.50894743 0.24021804
vt 0.48121884 0.23602086
vt 0.50319117 0.25100625
vt 0.45083833 0.22075397
vt 0.45044690 0.23115277
vt 0.47166052 0.22133374
vt 0.43229976 0.22368902
vt 0.43400699 0.23324609
vt 0.44082350 0.21045613
vt 0.47043580 0.21034384
vt 0.42669553 0.21493959
vt 0.46686536 0.25132650
vt 0.45771682 0.26172638
vt 0.48043719 0.26774484
vt 0.43913469 0.25381327
vt 0.45157629 0.26946700
vt 0.42842421 0.26259094
vt 0.43607351 0.27599597
vt 0.40685543 0.27970266
vt 0.41338983 0.25281847
vt 0.40269905 0.25303954
vt 0.38922533 0.26351482
vt 0.38904253 0.28436202
vt 0.39007998 0.24543744
vt 0.43560344 0.28939474
vt 0.44332671 0.31255138
vt 0.40492585 0.28927183
vt 0.39231247 0.31262982
vt 0.40835091 0.31126720
vt 0.40631050 0.32580531
vt 0.42651978 0.31462848
vt 0.42704779 0.33276272
vt 0.40786409 0.34698594
vt 0.42216495 0.35228825
vt 0.43787152 0.34861231
vt 0.43917683 0.33353627
vt 0.45297152 0.34290081
vt 0.45242333 0.35762727
vt 0.43525147 0.35881734
vt 0.45059928 0.37056744
vt 0.44198495 0.38479543
vt 0.45831665 0.40310299
vt 0.47295576 0.39348030
vt 0.48997343 0.41275430
vt 0.50274074 0.39618313
vt 0.51180387 0.40375262
vt 0.52155262 0.38694429
vt 0.47792879 0.42127699
vt 0.46393347 0.41783541
vt 0.46950501 0.37054026
vt 0.48087114 0.37105572
vt 0.48777142 0.37850356
vt 0.50360584 0.38040918
vt 0.47538358 0.35055554
vt 0.50510186 0.35579932
vt 0.44472498 0.39915264
vt 0.43236268 0.39666581
vt 0.44095767 0.41725433
vt 0.42375597 0.41670704
vt 0.42273149 0.43520576
vt 0.44419983 0.43408418
vt 0.43770504 0.44525832
vt 0.43102634 0.45227230
vt 0.41613081 0.44984448
vt 0.40770465 0.42982447
vt 0.39854023 0.44152623
vt 0.39802587 0.42416334
vt 0.38769940 0.42994285
vt 0.41259727 0.39624882
vt 0.41794363 0.38481331
vt 0.40427846 0.38257331
vt 0.39113152 0.39424813
vt 0.39169496 0.37994277
vt 0.40863407 0.36127198
vt 0.39399290 0.36097807
vt 0.38597193 0.37529957
vt 0.38803464 0.35181642
vt 0.45605806 0.31792319
vt 0.45709208 0.33502710
vt 0.39148054 0.33745456
vt 0.38638595 0.32747710
vt 0.49192685 0.25953948
vt 0.44862354 0.25125450
vt 0.41539097 0.23372239
vt 0.48838487 0.22261190
vt 0.50841486 0.22244245
vt 0.53494465 0.22318423
vt 0.55328590 0.22680634
vt 0.56802946 0.22699094
vt 0.57221568 0.25300336
vt 0.59056020 0.25691450
vt 0.58835751 0.23281884
vt 0.61419272 0.24321884
vt 0.61113405 0.25732988
vt 0.62876809 0.25114322
vt 0.62930667 0.27887392
vt 0.59340560 0.26891172
vt 0.64544350 0.28114736
vt 0.63963920 0.25051701
vt 0.66663402 0.27391702
vt 0.65789121 0.29130971
vt 0.57320672 0.26328397
vt 0.61623508 0.23332149
vt 0.62709600 0.23025411
vt 0.59732300 0.21977669
vt 0.57347053 0.21836227
vt 0.55124658 0.26256931
vt 0.54888928 0.26911664
vt 0.38108882 0.34303010
vt 0.40213308 0.23176664
vt 0.39105898 0.41689426
vt 0.38543388 0.39308572
vt 0.38745144 0.31296706
vt 0.61440545 0.22692174
vt 0.54983389 0.21784896
vt 0.53206015 0.21201563
vt 0.51822293 0.20767760
vt 0.50372225 0.20673597
vt 0.41413355 0.22200400
vt 0.39286888 0.20814681
vt 0.39115497 0.21936774
vt 0.39522746 0.23817164
vt 0.38823149 0.23160744
vt 0.57460660 0.21489900
vt 0.53373677 0.39990008
vt 0.49184382 0.21536911
vt 0.48217297 0.19939590
vt 0.44437274 0.19564122
vt 0.62609255 0.22481215
vt 0.62850881 0.21699625
vt 0.58246553 0.21318507
vt 0.64528155 0.23002738
vt 0.36679593 0.33536613
vt 0.37095109 0.31878972
vt 0.36295089 0.35994738
vt 0.35412481 0.34091157
vt 0.35390338 0.36004502
vt 0.36871099 0.37139106
vt 0.38401967 0.25365007
vt 0.37768379 0.29823184
vt 0.36310992 0.29224014
vt 0.36107653 0.27492094
vt 0.35317788 0.26987338
vt 0.35279056 0.28186905
vt 0.37974003 0.28200078
vt 0.35455504 0.25541997
vt 0.36271244 0.23881865
vt 0.35385817 0.23768228
vt 0.35284707 0.24697375
vt 0.37041488 0.24330455
vt 0.37847567 0.24715424
vt 0.37891683 0.22405332
vt 0.42336521 0.47386199
vt 0.44709414 0.47150964
vt 0.45162949 0.45685828
vt 0.44466701 0.48473322
vt 0.46682820 0.43946803
vt 0.48097008 0.43796241
vt 0.52977967 0.41267753
vt 0.51926106 0.42804599
vt 0.49728101 0.42150605
vt 0.50540096 0.43909293
vt 0.47342470 0.46241385
vt 0.46695560 0.47005534
vt 0.48562741 0.45277685
vt 0.50702423 0.45776141
vt 0.51701480 0.44378763
vt 0.52676916 0.46105564
vt 0.52671695 0.45226693
vt 0.54605079 0.45962846
vt 0.57344842 0.46490961
vt 0.54179478 0.43403029
vt 0.53603345 0.44283295
vt 0.55912143 0.44480193
vt 0.45538768 0.49026489
vt 0.55495453 0.47631931
vt 0.51710427 0.47400242
vt 0.53796697 0.48909169
vt 0.51326388 0.48331976
vt 0.49114498 0.47277868
vt 0.49648061 0.49447715
vt 0.47907376 0.48514497
vt 0.56621647 0.47754443
vt 0.57830423 0.47434533
vt 0.56743109 0.51212484
vt 0.54995304 0.53561044
vt 0.57284349 0.52705890
vt 0.54270166 0.50824261
vt 0.52089775 0.49960423
vt 0.51915008 0.52301061
vt 0.49424493 0.51280761
vt 0.51707965 0.54232746
vt 0.50439197 0.53773069
vt 0.48366502 0.52390474
vt 0.46995449 0.49789310
vt 0.47423393 0.50822145
vt 0.55039650 0.49294591
vt 0.56307769 0.50072157
vt 0.57403141 0.50362903
vt 0.59040010 0.50817764
vt 0.60827219 0.51765436
vt 0.59968507 0.48080921
vt 0.61591476 0.49784374
vt 0.62127453 0.52107280
vt 0.64184940 0.51585847
vt 0.64321238 0.49473155
vt 0.66000384 0.51061910
vt 0.62844419 0.52940142
vt 0.64072078 0.53269929
vt 0.65629661 0.53590834
vt 0.64707685 0.54922819
vt 0.62933427 0.56045192
vt 0.62339288 0.53809196
vt 0.61816150 0.56047451
vt 0.61202192 0.53872895
vt 0.59586996 0.53078753
vt 0.59867835 0.55674386
vt 0.58371246 0.53131151
vt 0.57485634 0.55537474
vt 0.57730365 0.56310481
vt 0.59950942 0.57189298
vt 0.61010456 0.56213218
vt 0.61440194 0.57398868
vt 0.63645476 0.56761110
vt 0.63859934 0.58476657
vt 0.64724576 0.60227376
vt 0.62740201 0.60193479
vt 0.60493302 0.59904087
vt 0.60587955 0.58549994
vt 0.56707489 0.57566506
vt 0.57931358 0.59324408
vt 0.60344183 0.59389442
vt 0.56971121 0.58500087
vt 0.54876751 0.57300907
vt 0.53351891 0.58049959
vt 0.52179414 0.56400299
vt 0.51649922 0.57098967
vt 0.52120525 0.58619112
vt 0.50343663 0.58215553
vt 0.50019217 0.56773692
vt 0.47911993 0.58522767
vt 0.48861331 0.59995645
vt 0.50304741 0.59718722
vt 0.46321261 0.59970540
vt 0.47382718 0.56378889
vt 0.48838347 0.55620700
vt 0.47750393 0.55394036
vt 0.50009423 0.54849976
vt 0.51477110 0.55430466
vt 0.47359157 0.52368385
vt 0.46784627 0.55087125
vt 0.45858571 0.55383897
vt 0.50441575 0.56008804
vt 0.53689575 0.55959427
vt 0.55609500 0.55859679
vt 0.54674274 0.54599291
vt 0.56142169 0.55376911
vt 0.58571488 0.44668263
vt 0.60318005 0.60623205
vt 0.59549141 0.60483849
vt 0.46967813 0.57435781
vt 0.53406584 0.59068501
vt 0.55726463 0.58950037
vt 0.56583333 0.60351169
vt 0.52234215 0.59795678
vt 0.53947765 0.60291106
vt 0.56272858 0.60390919
vt 0.52839935 0.60236579
vt 0.45454925 0.50609994
vt 0.44216254 0.49230397
vt 0.51508325 0.60192227
vt 0.64678568 0.60707319
vt 0.67336279 0.60674268
vt 0.68015027 0.59764838
vt 0.69648647 0.60629153
vt 0.69929361 0.59814239
vt 0.38636890 0.41363066
vt 0.37589282 0.40569198
vt 0.36723611 0.38939261
vt 0.36589304 0.40355277
vt 0.36957526 0.42237508
vt 0.42214787 0.48445565
vt 0.40839854 0.49439788
vt 0.42882547 0.50234979
vt 0.41864005 0.50692677
vt 0.43717071 0.52106458
vt 0.39805537 0.51683784
vt 0.40803492 0.53003806
vt 0.42270181 0.53126305
vt 0.43514067 0.53974348
vt 0.45850959 0.53377932
vt 0.41912797 0.54336876
vt 0.43194675 0.55067396
vt 0.39077458 0.53136617
vt 0.39745626 0.48956048
vt 0.39050901 0.50589031
vt 0.38851297 0.49700850
vt 0.40190834 0.47622192
vt 0.44325468 0.55035073
vt 0.38859448 0.47857440
vt 0.38148209 0.50433964
vt 0.37932530 0.44048536
vt 0.38915461 0.43851721
vt 0.37563041 0.45572162
vt 0.38915437 0.46398246
vt 0.39220324 0.45322633
vt 0.36632404 0.48212689
vt 0.36631227 0.49321008
vt 0.36254531 0.50517738
vt 0.37566799 0.51775956
vt 0.36511657 0.46957546
vt 0.36645478 0.44803143
vt 0.42427835 0.55344778
vt 0.44147146 0.57152903
vt 0.42361093 0.56690925
vt 0.45431533 0.57423264
vt 0.40845993 0.57108009
vt 0.42691302 0.58206999
vt 0.39505240 0.57559925
vt 0.38711482 0.58919340
vt 0.40291002 0.59781373
vt 0.43049923 0.59800172
vt 0.44634554 0.59369475
vt 0.39280665 0.55764353
vt 0.41041917 0.54805732
vt 0.38223767 0.56353724
vt 0.38957021 0.54651862
vt 0.38566771 0.52113163
vt 0.37846464 0.53437304
vt 0.36722714 0.53044206
vt 0.36320302 0.55180264
vt 0.35982379 0.57053930
vt 0.35293403 0.56058115
vt 0.35309780 0.55088460
vt 0.35320327 0.53509629
vt 0.35850334 0.58382535
vt 0.36633739 0.59234113
vt 0.35289028 0.59533358
vt 0.37652916 0.59743172
vt 0.35659063 0.59670508
vt 0.35288292 0.58200961
vt 0.36244345 0.51179975
vt 0.35207617 0.52201355
vt 0.35216743 0.59063059
vt 0.50112987 0.60148644
vt 0.35351834 0.37140614
vt 0.35863820 0.31831098
vt 0.35395095 0.32809842
vt 0.35272074 0.30141425
vt 0.37638146 0.20125562
vt 0.38937253 0.19302833
vt 0.37405390 0.18260550
vt 0.36179903 0.19208002
vt 0.35944960 0.17044264
vt 0.37215793 0.15487486
vt 0.35324791 0.15372258
vt 0.35242540 0.14426780
vt 0.36829031 0.21727622
vt 0.35431379 0.22611499
vt 0.38391373 0.18214446
vt 0.38703808 0.17221439
vt 0.35313913 0.17443293
vt 0.35405022 0.18911958
vt 0.35862455 0.21401751
vt 0.35331109 0.20151407
vt 0.38945234 0.15569687
vt 0.37206519 0.14069515
vt 0.35308859 0.13882279
vt 0.36163545 0.13038558
vt 0.35431278 0.12887108
vt 0.39881033 0.18392849
vt 0.39968610 0.16769159
vt 0.37990811 0.12610275
vt 0.38506746 0.13555568
vt 0.38857523 0.14675492
vt 0.38778344 0.11451763
vt 0.42919278 0.17523485
vt 0.40945837 0.19598860
vt 0.42476311 0.18880254
vt 0.44974992 0.18878877
vt 0.45857400 0.17592686
vt 0.47553512 0.18408132
vt 0.49970141 0.19269121
vt 0.50391322 0.18541169
vt 0.48482558 0.17297381
vt 0.50029027 0.16373503
vt 0.47946763 0.15137404
vt 0.46484989 0.16774011
vt 0.44958651 0.16658551
vt 0.44591936 0.17199254
vt 0.43091908 0.16384822
vt 0.45594716 0.15413874
vt 0.48242024 0.14121377
vt 0.49641204 0.14430320
vt 0.45622218 0.13647085
vt 0.44403636 0.15483129
vt 0.44902006 0.17969859
vt 0.42045254 0.16501153
vt 0.40546444 0.16019595
vt 0.42428842 0.15877473
vt 0.41064230 0.14389342
vt 0.42124996 0.14501095
vt 0.42963290 0.14513338
vt 0.44446063 0.12623996
vt 0.40040952 0.13329381
vt 0.41511238 0.13556588
vt 0.42728376 0.12998164
vt 0.45991647 0.12232894
vt 0.47910529 0.12085044
vt 0.49262735 0.11661088
vt 0.50163138 0.13236159
vt 0.50926745 0.12307537
vt 0.40685168 0.12162244
vt 0.39924088 0.11294150
vt 0.51241970 0.18552589
vt 0.52817571 0.18739450
vt 0.51030910 0.17743874
vt 0.53267866 0.17910814
vt 0.54636449 0.18896151
vt 0.70580459 0.35878146
vt 0.70850098 0.36904383
vt 0.68277854 0.31210661
vt 0.68067956 0.27551222
vt 0.66869205 0.25990260
vt 0.65578651 0.25534296
vt 0.64273554 0.23975539
vt 0.66608578 0.24963361
vt 0.65435219 0.22401440
vt 0.66542494 0.21868837
vt 0.64780849 0.21869767
vt 0.66592818 0.18739867
vt 0.68048686 0.21343970
vt 0.64251459 0.19537187
vt 0.61666191 0.21168077
vt 0.58044392 0.19978428
vt 0.55181301 0.20805383
vt 0.52991855 0.19979620
vt 0.56436700 0.18348002
vt 0.59137493 0.18477654
vt 0.60901779 0.18497145
vt 0.57304043 0.17127532
vt 0.56251311 0.16752589
vt 0.56120837 0.14543271
vt 0.57045156 0.14493346
vt 0.54463476 0.16771424
vt 0.54921174 0.16047359
vt 0.55100632 0.15085107
vt 0.62738621 0.18369764
vt 0.65223223 0.18373793
vt 0.66753662 0.17526579
vt 0.65223688 0.16274619
vt 0.65584302 0.15599036
vt 0.66860026 0.16069293
vt 0.64081240 0.15010446
vt 0.67437506 0.23451108
vt 0.67622250 0.14903075
vt 0.67893982 0.16334921
vt 0.69100350 0.15089613
vt 0.69284642 0.16811687
vt 0.68770868 0.17999583
vt 0.69827181 0.20555514
vt 0.69924170 0.22185242
vt 0.69350576 0.23505509
vt 0.70493001 0.23387551
vt 0.70199728 0.26126963
vt 0.68728262 0.25620246
vt 0.69411415 0.26703441
vt 0.70914060 0.26270837
vt 0.70863688 0.27589822
vt 0.70186865 0.29380149
vt 0.69453621 0.31711864
vt 0.69750547 0.33742708
vt 0.70839107 0.35213959
vt 0.70824510 0.32569170
vt 0.70857817 0.31381363
vt 0.70855176 0.29875541
vt 0.55123913 0.13409638
vt 0.60965693 0.17615074
vt 0.54234779 0.13853085
vt 0.59828621 0.17643052
vt 0.58614230 0.17581129
vt 0.58374655 0.15922421
vt 0.57387543 0.15666413
vt 0.70823985 0.21313745
vt 0.70747805 0.24151158
vt 0.70859623 0.25858742
vt 0.70852804 0.23176867
vt 0.52828658 0.17226380
vt 0.52496052 0.16105270
vt 0.53115606 0.15833658
vt 0.50811023 0.15098000
vt 0.51700789 0.16910243
vt 0.54229403 0.11427099
vt 0.52430540 0.11435407
vt 0.56194514 0.12611639
vt 0.56405294 0.11949074
vt 0.57341766 0.12839580
vt 0.58731264 0.13928246
vt 0.58666974 0.12822104
vt 0.57753700 0.12263322
vt 0.51856226 0.10904598
vt 0.49824369 0.10044706
vt 0.49034780 0.10796386
vt 0.52952522 0.10400081
vt 0.47168139 0.09040469
vt 0.46620646 0.10043162
vt 0.44952697 0.09838748
vt 0.44999996 0.08137858
vt 0.47813988 0.11123323
vt 0.45657721 0.11160356
vt 0.42637330 0.10640246
vt 0.44078931 0.10858881
vt 0.42700741 0.08775222
vt 0.41698897 0.10849595
vt 0.41101629 0.08286947
vt 0.39340144 0.08253556
vt 0.40190592 0.09789270
vt 0.37905729 0.09235305
vt 0.42805901 0.07971954
vt 0.66232723 0.15054893
vt 0.70827001 0.18116128
vt 0.70747364 0.19028515
vt 0.70845288 0.20436692
vt 0.70704120 0.16848141
vt 0.62070733 0.17385042
vt 0.61374450 0.16484040
vt 0.62875152 0.16571999
vt 0.62888640 0.17467189
vt 0.64249980 0.17151326
vt 0.63353521 0.15126097
vt 0.59483433 0.16039521
vt 0.58742648 0.15274465
vt 0.62767702 0.14686614
vt 0.60428953 0.14670140
vt 0.59865671 0.13315707
vt 0.61332917 0.14589965
vt 0.37717032 0.11330384
vt 0.37120157 0.09977651
vt 0.35717988 0.40098870
vt 0.35657033 0.41147304
vt 0.35373378 0.46504527
vt 0.35601562 0.44131207
vt 0.35408032 0.42546678
vt 0.35361931 0.45412362
vt 0.35288477 0.21214283
vt 0.44610426 0.07615221
vt 0.35313499 0.50645494
vt 0.70911330 0.35547936
vt 0.62407804 0.13567126
vt 0.63745385 0.13300270
vt 0.35712138 0.49208021
vt 0.35273445 0.31716192
vt 0.70734346 0.15360367
vt 0.69936460 0.60898542
vt 0.67941248 0.60930616
vt 0.65244609 0.13632321
vt 0.68628079 0.11939299
vt 0.66906983 0.13435775
vt 0.68890280 0.13900650
vt 0.66847014 0.10377628
vt 0.65837246 0.11175025
vt 0.68811882 0.09541017
vt 0.65880239 0.08822125
vt 0.65052974 0.10153115
vt 0.63241810 0.08938438
vt 0.62437695 0.11310232
vt 0.63970464 0.11406785
vt 0.59034848 0.11457479
vt 0.57524079 0.11255050
vt 0.60356128 0.10903645
vt 0.61279160 0.08844471
vt 0.57742691 0.09180886
vt 0.56796736 0.11160088
vt 0.55015886 0.09978318
vt 0.54183716 0.08484715
vt 0.51062721 0.08142042
vt 0.49512860 0.09065515
vt 0.46489060 0.08408231
vt 0.49237418 0.08188134
vt 0.47412595 0.07253015
vt 0.49346250 0.07253456
vt 0.45766115 0.07354206
vt 0.44653553 0.07237434
vt 0.58827251 0.07296294
vt 0.55870163 0.07173866
vt 0.56952983 0.07718509
vt 0.53382546 0.07270199
vt 0.50283891 0.07205474
vt 0.62125355 0.07872760
vt 0.65125823 0.08020055
vt 0.68827450 0.07975292
vt 0.69825280 0.07859093
vt 0.70523614 0.10014951
vt 0.69993103 0.12116998
vt 0.69711459 0.14034009
vt 0.62637889 0.60681742
vt 0.61060709 0.60659850
vt 0.50739449 0.07176781
vt 0.36047837 0.11080199
vt 0.35199791 0.10666311
vt 0.69186765 0.61086178
vt 0.70573992 0.13287985
vt 0.70745999 0.12854433
vt 0.70407063 0.59718132
vt 0.70452851 0.60499561
vt 0.35271135 0.25631571
vt 0.41584703 0.07167697
vt 0.43289170 0.07232380
vt 0.44100130 0.07198882
vt 0.41076148 0.07067573
vt 0.36844432 0.07151484
vt 0.36523673 0.08461815
vt 0.35797867 0.08679742
vt 0.36625558 0.06650591
vt 0.35361990 0.06691158
vt 0.37653416 0.06822616
vt 0.35190198 0.09051979
vt 0.35162601 0.07330942
vt 0.70695555 0.09627032
vt 0.65955633 0.12628525
vt 0.39094427 0.07182229
vt 0.39499405 0.06956577
vt 0.40573901 0.07040852
vt 0.35243458 0.40391719
vt 0.35258889 0.39556026
vt 0.35328248 0.43731916
vt 0.70663923 0.07348049
vt 0.69631338 0.07216901
vt 0.68918347 0.07287025
vt 0.35187820 0.12889898
vt 0.70619047 0.57044071
vt 0.70615435 0.58787054
vt 0.70817196 0.16338801
vt 0.58027393 0.60543114
vt 0.61325037 0.07213783
vt 0.63000745 0.07267702
vt 0.65760338 0.07276374
vt 0.57221895 0.07157433
vt 0.35263073 0.41610956
vt 0.35316318 0.48878247
vt 0.35220999 0.49593455
vt 0.70871592 0.17433643
vt 0.70650995 0.07099181
vt 0.70924044 0.42369783
vt 0.70930672 0.37507463
vt 0.35289192 0.22698390
vt 0.35251614 0.34659791
vt 0.35246113 0.37130141
vt 0.70901531 0.24067950
vt 0.35185894 0.56447291
vt 0.36598599 0.59782577
vt 0.70822287 0.51006401
vt 0.35206747 0.19037867
vt 0.35215616 0.47217643
vt 0.70862234 0.47276115
vt 0.45427662 0.60027081
vt 0.41943538 0.59925765
vt 0.43597806 0.59971255
vt 0.35273278 0.32972527
vt 0.35212818 0.53671145
vt 0.70887828 0.19247162
vt 0.36046347 0.06597847
vt 0.35542780 0.06616944
vt 0.70610690 0.60083705
vt 0.70743716 0.55303735
vt 0.70716727 0.57190090
vt 0.70934147 0.39671588
vt 0.70934957 0.28030044
vt 0.70916736 0.30208659
vt 0.64568758 0.60835403
vt 0.62654865 0.60779989
vt 0.70921946 0.32378066
vt 0.35205933 0.50909066
vt 0.47593755 0.60103041
vt 0.70802891 0.53890592
vt 0.69886595 0.61048239
vt 0.67514777 0.60996479
vt 0.70874166 0.16220790
vt 0.70820069 0.12279278
vt 0.64800447 0.60882568
vt 0.35248643 0.43764687
vt 0.35233372 0.45715487
vt 0.70356220 0.60921818
vt 0.70887965 0.45078492
vt 0.35169941 0.56160259
vt 0.35218212 0.20017916
vt 0.35200614 0.49172854
vt 0.35219815 0.21017408
vt 0.35211891 0.15431458
vt 0.35177526 0.17250264
vt 0.35182011 0.58865660
vt 0.47340891 0.07190800
vt 0.37790102 0.59842825
vt 0.70863545 0.49943340
vt 0.70695424 0.59269989
vt 0.70616984 0.60806531
vt 0.35186049 0.14200556
vt 0.35261950 0.27026242
vt 0.70934147 0.21605390
vt 0.70819002 0.09387892
vt 0.69936556 0.07154399
vt 0.70845884 0.07075149
vt 0.76984054 0.61566043
vt 0.78073967 0.61377698
vt 0.77740031 0.56568927
vt 0.76893651 0.59480059
vt 0.76589900 0.56001216
vt 0.78100109 0.64478534
vt 0.79189640 0.63374817
vt 0.79098779 0.61322057
vt 0.80284870 0.61897343
vt 0.80298746 0.58584756
vt 0.80197430 0.64391375
vt 0.78971547 0.56578797
vt 0.76469767 0.53467464
vt 0.77513885 0.53963917
vt 0.78756744 0.52200288
vt 0.77687472 0.50111407
vt 0.76102287 0.44330871
vt 0.77494878 0.43361747
vt 0.76050556 0.40382183
vt 0.76668924 0.39543545
vt 0.76667482 0.36708260
vt 0.79366994 0.47540867
vt 0.77561682 0.46462351
vt 0.80304086 0.46852362
vt 0.79094708 0.43192691
vt 0.80295998 0.42087537
vt 0.77770346 0.38562727
vt 0.75680745 0.36215997
vt 0.75045091 0.40753943
vt 0.75037545 0.43553787
vt 0.75229102 0.46521270
vt 0.76204956 0.49227750
vt 0.74557954 0.48575342
vt 0.75510263 0.57060581
vt 0.75349313 0.61869967
vt 0.77175927 0.64328396
vt 0.75922799 0.63814229
vt 0.75754064 0.66441566
vt 0.76368034 0.68265343
vt 0.75927883 0.68815547
vt 0.76196331 0.71287465
vt 0.76157165 0.77321976
vt 0.76154321 0.75000697
vt 0.75169104 0.75120109
vt 0.74956846 0.77622586
vt 0.75004095 0.70528352
vt 0.74884266 0.66300362
vt 0.74743527 0.62508363
vt 0.74914831 0.60204530
vt 0.74757171 0.57293326
vt 0.74447381 0.54103720
vt 0.74405295 0.51313227
vt 0.73460382 0.47503757
vt 0.73411876 0.43490469
vt 0.72499132 0.43140078
vt 0.72448212 0.44998693
vt 0.72443014 0.47321630
vt 0.72504568 0.40896797
vt 0.72959697 0.40847194
vt 0.73629349 0.36903453
vt 0.72741324 0.37496483
vt 0.72750962 0.35848582
vt 0.72505003 0.33333087
vt 0.74279654 0.33732319
vt 0.72664863 0.32448101
vt 0.73581600 0.32390934
vt 0.74954736 0.35624397
vt 0.75417960 0.33942819
vt 0.76497716 0.34040034
vt 0.77672255 0.36537629
vt 0.77234942 0.33703113
vt 0.76122648 0.32028747
vt 0.75039214 0.32255989
vt 0.79084891 0.36071408
vt 0.78794467 0.34021831
vt 0.77353644 0.32716501
vt 0.77575767 0.32002771
vt 0.79183590 0.39845300
vt 0.80078751 0.39248812
vt 0.77784014 0.40531492
vt 0.80323374 0.55537117
vt 0.80372918 0.53963101
vt 0.80408514 0.52051628
vt 0.80326569 0.49591219
vt 0.80367458 0.48814607
vt 0.80196440 0.56613845
vt 0.77372980 0.67360765
vt 0.78036600 0.68089294
vt 0.79167765 0.68040401
vt 0.79223675 0.70621729
vt 0.77724290 0.70782781
vt 0.78224266 0.73004526
vt 0.79723078 0.74987757
vt 0.79979694 0.77522218
vt 0.80078483 0.70684880
vt 0.80111957 0.68325639
vt 0.80198210 0.65932381
vt 0.77282196 0.68971527
vt 0.72518778 0.38865638
vt 0.72477460 0.35326070
vt 0.77257276 0.71532494
vt 0.77869284 0.75654960
vt 0.76386446 0.80969352
vt 0.77458185 0.77483284
vt 0.77624005 0.83486241
vt 0.78401744 0.81276774
vt 0.76928163 0.85133278
vt 0.78066051 0.85108602
vt 0.78134644 0.77895677
vt 0.79683357 0.80711967
vt 0.80214697 0.83918095
vt 0.80251551 0.81801593
vt 0.80282682 0.85357767
vt 0.78658968 0.83706695
vt 0.76275915 0.83527124
vt 0.76443881 0.85679692
vt 0.73723119 0.77315849
vt 0.74382287 0.85220176
vt 0.75051320 0.83678412
vt 0.74055684 0.82007933
vt 0.74824256 0.80995023
vt 0.73517722 0.84915185
vt 0.72078109 0.82892096
vt 0.72136110 0.84161770
vt 0.72218716 0.85460156
vt 0.73425680 0.80803204
vt 0.74516028 0.72781312
vt 0.73517102 0.75263458
vt 0.73754215 0.72720528
vt 0.72162426 0.73184919
vt 0.72169495 0.70972437
vt 0.72280467 0.75004339
vt 0.72106171 0.78459090
vt 0.72153187 0.81475437
vt 0.74260175 0.72089499
vt 0.73692292 0.70933914
vt 0.73529685 0.67963248
vt 0.73776996 0.85915858
vt 0.74968463 0.85917884
vt 0.77267998 0.85717702
vt 0.74331218 0.67968524
vt 0.74136370 0.65445900
vt 0.74189466 0.61864793
vt 0.73910767 0.63113552
vt 0.74141091 0.60155952
vt 0.73890740 0.57135653
vt 0.73377216 0.51312476
vt 0.73695236 0.54218090
vt 0.72458649 0.49458879
vt 0.73585320 0.59132457
vt 0.73762149 0.61492944
vt 0.73257649 0.54234856
vt 0.73374540 0.56933421
vt 0.72355294 0.51417065
vt 0.72225225 0.69494182
vt 0.72269863 0.64357746
vt 0.72641855 0.67899770
vt 0.72169399 0.66288817
vt 0.72028625 0.67941773
vt 0.75664717 0.85860807
vt 0.72318953 0.86041296
vt 0.72071970 0.85995656
vt 0.72863430 0.54126441
vt 0.72239339 0.52602094
vt 0.80066872 0.35620177
vt 0.78708106 0.31909627
vt 0.79805613 0.33813715
vt 0.80054998 0.74037623
vt 0.80101836 0.76202667
vt 0.72297174 0.54517740
vt 0.72344995 0.57355785
vt 0.72273219 0.59433973
vt 0.73325032 0.60319787
vt 0.72156209 0.61343426
vt 0.72180116 0.57333326
vt 0.72165257 0.56852460
vt 0.72157079 0.60257328
vt 0.72199303 0.54673505
vt 0.72026330 0.79485124
vt 0.78920436 0.85462886
vt 0.80305284 0.38710350
vt 0.72222614 0.50129831
vt 0.72237587 0.48403335
vt 0.80399340 0.56894529
vt 0.72053975 0.72032011
vt 0.80119228 0.31828505
vt 0.80475450 0.33448565
vt 0.72137904 0.76713628
vt 0.71979105 0.73384333
vt 0.80459279 0.37106681
vt 0.80421299 0.35440880
vt 0.74059010 0.32166088
vt 0.72068959 0.64308918
vt 0.72076780 0.63471997
vt 0.80474603 0.42500186
vt 0.80378568 0.44103420
vt 0.80417800 0.46080840
vt 0.80393201 0.60064334
vt 0.80368406 0.62234855
vt 0.72196144 0.52207172
vt 0.80321032 0.64412963
vt 0.72942662 0.32109463
vt 0.72294658 0.42723453
vt 0.72302347 0.40268427
vt 0.72136915 0.62098318
vt 0.80544662 0.32070839
vt 0.71962464 0.76061213
vt 0.80483633 0.85329157
vt 0.80224121 0.79429001
vt 0.76090741 0.31930602
vt 0.80208629 0.70839143
vt 0.80231029 0.73196763
vt 0.72034651 0.66292202
vt 0.80264866 0.68375558
vt 0.72295731 0.37579972
vt 0.72276026 0.45305693
vt 0.71948934 0.78599644
vt 0.71953440 0.81431627
vt 0.80454665 0.50072944
vt 0.80484521 0.47365355
vt 0.80295342 0.66172254
vt 0.80208731 0.75011617
vt 0.72317576 0.32512510
vt 0.77399820 0.31848043
vt 0.71992821 0.71120572
vt 0.80423266 0.54934502
vt 0.72522646 0.32166225
vt 0.80467719 0.52771038
vt 0.80587101 0.31642729
vt 0.71980095 0.84031504
vt 0.79651988 0.31655097
vt 0.80497921 0.45166820
vt 0.80490154 0.38551432
vt 0.80520403 0.41437972
vt 0.72281432 0.34975016
vt 0.74193227 0.32018614
vt 0.75906545 0.31860101
vt 0.80600572 0.33169520
vt 0.80192226 0.76225787
vt 0.71882421 0.76570326
vt 0.80550122 0.35249078
vt 0.72247523 0.33802962
vt 0.74026340 0.85989577
vt 0.80691057 0.32355964
vt 0.80445647 0.83049321
vt 0.78015769 0.31720185
vt 0.71960700 0.86028206
vt 0.71829265 0.74766266
vt 0.80337578 0.80160475
vt 0.72227490 0.37893790
vt 0.72184169 0.36413991
vt 0.72265047 0.32152271
vt 0.72218657 0.41832358
vt 0.71888226 0.84779251
vt 0.80691057 0.85079318
vt 0.71892768 0.72495186
vt 0.71917266 0.70280933
vt 0.71858263 0.82762802
vt 0.80300242 0.72008359
vt 0.80541152 0.37136823
vt 0.21770039 0.37902057
vt 0.23884404 0.36347914
vt 0.21890162 0.36166549
vt 0.24245866 0.37577492
vt 0.22921540 0.38970220
vt 0.24503049 0.39322126
vt 0.25353023 0.38936639
vt 0.25435874 0.41209090
vt 0.23412615 0.40729868
vt 0.23928691 0.42646635
vt 0.26201999 0.43161005
vt 0.26677898 0.42521358
vt 0.26390246 0.46429050
vt 0.25853121 0.44098544
vt 0.24797986 0.46352971
vt 0.24700789 0.48199499
vt 0.27300936 0.47548461
vt 0.26997897 0.49628210
vt 0.26304200 0.50908917
vt 0.23353447 0.51583987
vt 0.22843650 0.49417108
vt 0.20487289 0.51102376
vt 0.21802686 0.48843563
vt 0.20529875 0.49985111
vt 0.21497053 0.46746337
vt 0.20679091 0.46193898
vt 0.21606006 0.45522839
vt 0.22312331 0.43566072
vt 0.27003616 0.44215035
vt 0.21815442 0.40648222
vt 0.20882392 0.42894173
vt 0.21101402 0.39022493
vt 0.20781834 0.43815017
vt 0.27292705 0.46770507
vt 0.20977299 0.39978182
vt 0.20888801 0.41202986
vt 0.26992828 0.43155974
vt 0.25150755 0.37321365
vt 0.20726325 0.37217712
vt 0.20847046 0.38618147
vt 0.20819630 0.35346854
vt 0.27010307 0.41057956
vt 0.26971796 0.39028049
vt 0.24251077 0.51406711
vt 0.20760518 0.33513260
vt 0.21914916 0.34295094
vt 0.21810600 0.32333016
vt 0.20764263 0.32243341
vt 0.21468385 0.31186366
vt 0.22084041 0.29936928
vt 0.23426685 0.30017579
vt 0.22314094 0.27996200
vt 0.21128908 0.28722358
vt 0.21065363 0.30147684
vt 0.21625426 0.25419390
vt 0.22450498 0.25353789
vt 0.21836630 0.23030829
vt 0.24187340 0.25477159
vt 0.25542539 0.25492024
vt 0.24540980 0.27738023
vt 0.25115705 0.30075258
vt 0.24267690 0.30066049
vt 0.26125988 0.26116854
vt 0.27154651 0.25211465
vt 0.26902902 0.26726246
vt 0.26239464 0.30008662
vt 0.27199289 0.23164827
vt 0.25644478 0.23021919
vt 0.23821096 0.23618847
vt 0.21835664 0.21980166
vt 0.20940781 0.21787357
vt 0.20295675 0.23847306
vt 0.20840439 0.25267708
vt 0.20181902 0.25035655
vt 0.24855880 0.22100115
vt 0.24985953 0.21223724
vt 0.22400533 0.21244425
vt 0.22729433 0.19315803
vt 0.21370229 0.18667203
vt 0.20064753 0.21144897
vt 0.20506467 0.18800825
vt 0.22203992 0.17164844
vt 0.20759635 0.16736233
vt 0.22429100 0.16215032
vt 0.24184650 0.17319965
vt 0.23975873 0.16029358
vt 0.24540147 0.15862662
vt 0.25845492 0.15813565
vt 0.25497177 0.18644834
vt 0.26566029 0.17884135
vt 0.26574084 0.15785152
vt 0.27164456 0.15805125
vt 0.27347949 0.17212284
vt 0.23764306 0.34203917
vt 0.24847782 0.34959316
vt 0.25253609 0.32340336
vt 0.23876546 0.32190776
vt 0.22656853 0.32432497
vt 0.20167142 0.21738648
vt 0.20290349 0.18178278
vt 0.26300386 0.21517235
vt 0.27330127 0.22977716
vt 0.27361527 0.21805823
vt 0.27395037 0.19731712
vt 0.20109464 0.23973238
vt 0.20628965 0.16203350
vt 0.22236593 0.16052008
vt 0.27471861 0.16672611
vt 0.27490038 0.15932858
vt 0.27285567 0.25233221
vt 0.26888150 0.41318929
vt 0.27035069 0.42578954
vt 0.20761618 0.27463615
vt 0.26220852 0.31410176
vt 0.27118906 0.32225525
vt 0.25820106 0.34017736
vt 0.26847187 0.33887678
vt 0.25368434 0.35896599
vt 0.26789820 0.35553604
vt 0.26312560 0.37086606
vt 0.27096698 0.50883222
vt 0.27315214 0.49545753
vt 0.27127868 0.31510770
vt 0.26748076 0.30324316
vt 0.20225146 0.28212512
vt 0.27064699 0.40044338
vt 0.27133989 0.38259667
vt 0.27109167 0.37484205
vt 0.27271444 0.45062351
vt 0.20405641 0.45683950
vt 0.22108226 0.51627231
vt 0.21364972 0.51764095
vt 0.20369463 0.51872844
vt 0.27091870 0.27488518
vt 0.27000967 0.30558938
vt 0.27199310 0.28766799
vt 0.20298740 0.30289936
vt 0.20475009 0.33621091
vt 0.20449217 0.35390252
vt 0.25614902 0.51164806
vt 0.20013438 0.47664499
vt 0.20092547 0.44976091
vt 0.19908333 0.50388968
vt 0.20057207 0.51155174
vt 0.20291764 0.44673812
vt 0.20481282 0.44252026
vt 0.27154312 0.30920744
vt 0.27051219 0.35487598
vt 0.27160800 0.35560739
vt 0.27168709 0.33478808
vt 0.27224776 0.31355661
vt 0.27071181 0.38150656
vt 0.20222056 0.41640043
vt 0.23744056 0.15957695
vt 0.20284921 0.31801677
vt 0.27388161 0.46984839
vt 0.20200621 0.39811349
vt 0.20005494 0.39906293
vt 0.19924876 0.41648734
vt 0.19973865 0.42947328
vt 0.20290090 0.43706208
vt 0.20227027 0.38299584
vt 0.20059083 0.38268411
vt 0.20134886 0.38137650
vt 0.20099173 0.43841398
vt 0.20216514 0.29646564
vt 0.20376889 0.16882849
vt 0.20263697 0.33502924
vt 0.27129892 0.43492818
vt 0.27091005 0.41130555
vt 0.27194884 0.44391900
vt 0.27473769 0.16976392
vt 0.20214723 0.35159993
vt 0.20182195 0.36508548
vt 0.19981250 0.23343408
vt 0.19796748 0.43707478
vt 0.26345485 0.51065975
vt 0.20172656 0.27157056
vt 0.20432782 0.16108501
vt 0.22251000 0.51793832
vt 0.19995739 0.21510231
vt 0.20539133 0.43970990
vt 0.22328320 0.15985453
vt 0.27274507 0.44464874
vt 0.20123237 0.18584716
vt 0.20142873 0.51753360
vt 0.20316625 0.43869054
vt 0.19896387 0.43962479
vt 0.19825962 0.44224966
vt 0.20183288 0.30793190
vt 0.20197773 0.32518363
vt 0.27407300 0.49656492
vt 0.23520815 0.51665211
vt 0.24516363 0.51467729
vt 0.27210316 0.50857228
vt 0.27474034 0.50362593
vt 0.19819547 0.41306114
vt 0.19905847 0.40164733
vt 0.27419546 0.50847524
vt 0.27520326 0.50883329
vt 0.19922508 0.38696527
vt 0.20068857 0.35438222
vt 0.20131186 0.17396092
vt 0.27520326 0.15664274
vt 0.27128461 0.42229569
vt 0.25447932 0.51293421
vt 0.27134711 0.41154778
vt 0.20069289 0.51929981
vt 0.79034126 0.91902518
vt 0.79163754 0.89688504
vt 0.79311603 0.90696007
vt 0.80316275 0.89497614
vt 0.80621397 0.90735734
vt 0.79788321 0.91491568
vt 0.80619073 0.93204188
vt 0.80951536 0.92895311
vt 0.79311079 0.94053108
vt 0.78185010 0.89701557
vt 0.77121824 0.91470319
vt 0.77063715 0.89693230
vt 0.76184452 0.91137683
vt 0.78273928 0.93326491
vt 0.77723008 0.94108784
vt 0.76457095 0.93914074
vt 0.75963026 0.93107641
vt 0.74982047 0.93897188
vt 0.75041258 0.93019462
vt 0.75312781 0.90912318
vt 0.75933665 0.88936567
vt 0.76294881 0.88451433
vt 0.78407794 0.87265623
vt 0.79265410 0.87286001
vt 0.79937327 0.87931561
vt 0.79937041 0.87165260
vt 0.75294524 0.89215714
vt 0.76338798 0.86894566
vt 0.76005495 0.94125336
vt 0.75096798 0.86796385
vt 0.79771066 0.86956519
vt 0.81038076 0.94004047
vt 0.73511082 0.87871444
vt 0.71782476 0.87889063
vt 0.72848701 0.86981577
vt 0.73300403 0.86803067
vt 0.74630904 0.86815250
vt 0.70846105 0.87075251
vt 0.70201999 0.88101405
vt 0.68908304 0.87204868
vt 0.68955129 0.88173765
vt 0.70187283 0.89570212
vt 0.68974394 0.89643395
vt 0.70202416 0.90705150
vt 0.71294540 0.90567476
vt 0.73981589 0.90730417
vt 0.73682261 0.91996211
vt 0.72826743 0.91403872
vt 0.73518044 0.93618768
vt 0.72098970 0.90659016
vt 0.69969910 0.86736637
vt 0.71396399 0.86655366
vt 0.68718088 0.86741495
vt 0.70262206 0.92814893
vt 0.68899173 0.92618549
vt 0.69582844 0.93868762
vt 0.71424276 0.92718190
vt 0.72144502 0.92684382
vt 0.73019493 0.94196665
vt 0.71486658 0.93929678
vt 0.71889400 0.93990469
vt 0.69460481 0.94151241
vt 0.71859872 0.94203883
vt 0.68167853 0.91926605
vt 0.67172581 0.94039154
vt 0.67517310 0.88779283
vt 0.67520690 0.87986535
vt 0.66887444 0.92169702
vt 0.66770554 0.94059557
vt 0.66738611 0.89940083
vt 0.66739684 0.88261378
vt 0.67585862 0.86958247
vt 0.67061180 0.86884183
vt 0.67711115 0.86713576
vt 0.68613392 0.94144261
vt 0.68319476 0.86776316
vt 0.74494725 0.94091117
vt 0.73301339 0.94035387
vt 0.63823348 0.87705046
vt 0.64440757 0.92249513
vt 0.63520002 0.90395743
vt 0.61959141 0.88052315
vt 0.62221384 0.87128204
vt 0.61704260 0.90134186
vt 0.61731029 0.92478770
vt 0.63430035 0.93157095
vt 0.65658671 0.93692911
vt 0.61569971 0.91744268
vt 0.61504066 0.90159160
vt 0.61755031 0.87345672
vt 0.64522272 0.86892062
vt 0.62949425 0.86841464
vt 0.62217951 0.93929929
vt 0.65549594 0.94043595
vt 0.64001244 0.94158244
vt 0.61510938 0.87976325
vt 0.61642158 0.87115222
vt 0.78441846 0.86885744
vt 0.77550352 0.86966860
vt 0.71542114 0.86781186
vt 0.73140049 0.86671102
vt 0.75180030 0.86638963
vt 0.74488407 0.86540258
vt 0.81578600 0.88686490
vt 0.82385212 0.90431279
vt 0.81287414 0.90587270
vt 0.82053185 0.91441780
vt 0.82566553 0.88971490
vt 0.81960118 0.87468803
vt 0.81214446 0.87512088
vt 0.62667346 0.94203049
vt 0.62518901 0.94502455
vt 0.81515682 0.94179380
vt 0.81683201 0.93194669
vt 0.81359184 0.92449379
vt 0.77616888 0.86685169
vt 0.61976886 0.93735427
vt 0.61742675 0.93180728
vt 0.81000662 0.86955994
vt 0.83705342 0.88627082
vt 0.82802129 0.87558419
vt 0.83793348 0.87369585
vt 0.82848305 0.87010640
vt 0.82671660 0.86831045
vt 0.84695995 0.87432611
vt 0.85360354 0.88803494
vt 0.85850304 0.87649810
vt 0.85879612 0.89680278
vt 0.83515602 0.89792866
vt 0.87001437 0.88008857
vt 0.86788380 0.89899325
vt 0.86791974 0.92037523
vt 0.86746973 0.86914641
vt 0.85383099 0.86883473
vt 0.87836212 0.88998413
vt 0.87698209 0.91392744
vt 0.87719947 0.87337685
vt 0.87451112 0.86929196
vt 0.89006662 0.91344553
vt 0.88613033 0.92555672
vt 0.90150076 0.89062589
vt 0.90092534 0.87967569
vt 0.89959788 0.86936295
vt 0.87525582 0.93747872
vt 0.86848807 0.94186723
vt 0.87538922 0.94350129
vt 0.89205104 0.94224614
vt 0.89762312 0.92851663
vt 0.92599374 0.90038729
vt 0.92724711 0.88256514
vt 0.90151107 0.91210747
vt 0.92376769 0.91946590
vt 0.93561953 0.91370308
vt 0.93517244 0.90076059
vt 0.94128162 0.93503875
vt 0.90787941 0.93516946
vt 0.91484129 0.94402617
vt 0.92433882 0.94428641
vt 0.94255710 0.90441531
vt 0.94094884 0.89513552
vt 0.94257367 0.91540349
vt 0.90584451 0.94396186
vt 0.86939055 0.86803132
vt 0.88959652 0.86932558
vt 0.93926507 0.87603933
vt 0.91684878 0.87558383
vt 0.88734508 0.86851919
vt 0.87133867 0.94451082
vt 0.92101216 0.86944360
vt 0.93480426 0.86879146
vt 0.93907243 0.87021136
vt 0.84681147 0.91507554
vt 0.83484769 0.90669674
vt 0.85555053 0.93022674
vt 0.84611142 0.92981821
vt 0.83505929 0.92871028
vt 0.84480965 0.94047636
vt 0.83265460 0.94262356
vt 0.85728985 0.94051558
vt 0.86256140 0.94304490
vt 0.93705857 0.94417024
vt 0.94380069 0.93706137
vt 0.94360977 0.91765696
vt 0.89864182 0.94484162
vt 0.82808411 0.91880661
vt 0.83072329 0.94374323
vt 0.82369930 0.92831600
vt 0.82348233 0.94241643
vt 0.89160973 0.94500393
vt 0.94307923 0.94295973
vt 0.93969589 0.94575620
vt 0.84843892 0.87041718
vt 0.83925700 0.86933178
vt 0.81717426 0.86809123
vt 0.81976211 0.94003695
vt 0.62250948 0.94265610
vt 0.71613055 0.94315141
vt 0.79357904 0.94195777
vt 0.94113761 0.87560660
vt 0.73787129 0.94341874
vt 0.78177243 0.94245237
vt 0.74407023 0.94199282
vt 0.85026759 0.94314337
vt 0.84265953 0.94305605
vt 0.86084622 0.94426167
vt 0.87256932 0.94538492
vt 0.68060434 0.94283986
vt 0.81291312 0.94309264
vt 0.75944871 0.94314647
vt 0.92541474 0.94620186
vt 0.62287992 0.94484133
vt 0.85110289 0.86693192
vt 0.62148798 0.94203794
vt 0.85719800 0.94470996
vt 0.86243844 0.94493216
vt 0.84878623 0.86756653
vt 0.84033996 0.86770260
vt 0.70241255 0.86619902
vt 0.73270988 0.86592585
vt 0.74581569 0.94291252
vt 0.82822406 0.86782914
vt 0.84900469 0.94420004
vt 0.83260089 0.94445825
vt 0.68239796 0.86543322
vt 0.91390967 0.94597328
vt 0.79947865 0.86737239
vt 0.71572155 0.86607480
vt 0.92181468 0.86823851
vt 0.62205458 0.86780119
vt 0.62819880 0.86722863
vt 0.62214577 0.86677086
vt 0.62003601 0.86852151
vt 0.65872794 0.86722273
vt 0.94273812 0.89197010
vt 0.90313631 0.86797071
vt 0.84990335 0.94504291
vt 0.80892706 0.86769831
vt 0.94353843 0.89498866
vt 0.67364138 0.94247675
vt 0.69433630 0.94331360
vt 0.88945490 0.86764342
vt 0.80143178 0.86644298
vt 0.61520016 0.87358469
vt 0.87692773 0.86809951
vt 0.86845803 0.86688864
vt 0.78477716 0.86715019
vt 0.89935076 0.94600195
vt 0.82323462 0.86712056
vt 0.68007934 0.86626071
vt 0.64015466 0.86711127
vt 0.82174575 0.94355100
vt 0.94418985 0.91611773
vt 0.77313036 0.86564028
vt 0.94226074 0.87748742
vt 0.82562751 0.94396645
vt 0.65750575 0.94267070
vt 0.94366437 0.94658887
vt 0.61679476 0.86824381
vt 0.71850353 0.94380754
vt 0.72914886 0.94360065
vt 0.94065028 0.86863971
vt 0.62959939 0.86675751
vt 0.93594533 0.86805701
vt 0.81447518 0.86646110
vt 0.80610281 0.86571461
vt 0.73776954 0.86472476
vt 0.94430894 0.94419587
vt 0.62281436 0.94658887
vt 0.63201588 0.94490391
vt 0.82536709 0.86600578
vt 0.63778013 0.94286036
vt 0.65206772 0.94424945
vt 0.63847047 0.94470227
vt 0.74973994 0.86453140
vt 0.61992979 0.93932515
vt 0.81483054 0.94387561
vt 0.77898639 0.86491901
vt 0.61812401 0.93565506
vt 0.72765398 0.86400360
vt 0.79277045 0.94350958
vt 0.84054321 0.86672944
vt 0.85407132 0.35718477
vt 0.84743792 0.35758042
vt 0.85113245 0.39710224
vt 0.85685033 0.33324659
vt 0.85015857 0.30908763
vt 0.86205679 0.34270036
vt 0.86068791 0.36529130
vt 0.85807669 0.39264309
vt 0.86016369 0.41406769
vt 0.87284136 0.40567064
vt 0.87344235 0.43526399
vt 0.85928637 0.43173599
vt 0.86909664 0.45975554
vt 0.86286443 0.45796239
vt 0.86903197 0.37922299
vt 0.87132031 0.34466952
vt 0.87073857 0.32319760
vt 0.85814595 0.30457675
vt 0.87011153 0.29776990
vt 0.86240810 0.25459254
vt 0.86998844 0.25458187
vt 0.85498804 0.25965512
vt 0.85717016 0.24578178
vt 0.86946982 0.23919857
vt 0.86718673 0.22618151
vt 0.85699046 0.22878408
vt 0.85364741 0.20452279
vt 0.85445625 0.45716000
vt 0.85883266 0.50386590
vt 0.84930432 0.42604297
vt 0.86409229 0.50618964
vt 0.86519718 0.52171868
vt 0.85781288 0.52262837
vt 0.86280376 0.53373152
vt 0.84666330 0.45638585
vt 0.84690917 0.47009766
vt 0.85224026 0.50189000
vt 0.86245781 0.20101595
vt 0.85073310 0.17397225
vt 0.84594828 0.21904325
vt 0.84117740 0.19280022
vt 0.84740257 0.24241203
vt 0.83825344 0.22806263
vt 0.83220506 0.19835365
vt 0.84793282 0.28840506
vt 0.84352231 0.31510019
vt 0.84289938 0.17677671
vt 0.85068935 0.16068566
vt 0.83379096 0.15086961
vt 0.82624108 0.15075129
vt 0.83195472 0.17667413
vt 0.84799623 0.15228868
vt 0.84420890 0.40186012
vt 0.84182388 0.42953980
vt 0.85601938 0.15186203
vt 0.85567719 0.55259234
vt 0.86212087 0.56135064
vt 0.85370439 0.57989335
vt 0.86785996 0.56238770
vt 0.86534792 0.59380805
vt 0.86975914 0.59225309
vt 0.86487263 0.62111199
vt 0.87233979 0.62354511
vt 0.85979611 0.59475279
vt 0.85708821 0.61661261
vt 0.84973413 0.51857924
vt 0.85035461 0.54138851
vt 0.84933197 0.59042937
vt 0.84718025 0.61669981
vt 0.85157567 0.63196176
vt 0.86592185 0.63415319
vt 0.87147456 0.63415688
vt 0.83739293 0.24475312
vt 0.83771420 0.25712878
vt 0.84064126 0.28159153
vt 0.82519042 0.16524208
vt 0.82358545 0.15289009
vt 0.84457916 0.48819447
vt 0.87433940 0.59108120
vt 0.87736738 0.54899681
vt 0.87806821 0.52673745
vt 0.87546992 0.50135463
vt 0.87467301 0.46018362
vt 0.82323378 0.19426954
vt 0.82386738 0.21381950
vt 0.82226259 0.20786560
vt 0.84327251 0.49963987
vt 0.85878557 0.17413718
vt 0.86178702 0.15834713
vt 0.82371151 0.23249322
vt 0.82314813 0.24268985
vt 0.82303584 0.25076246
vt 0.82223898 0.23126531
vt 0.82149196 0.23971415
vt 0.82224089 0.18165445
vt 0.84444737 0.55340862
vt 0.84017938 0.59756744
vt 0.83584553 0.62400889
vt 0.84177792 0.53201419
vt 0.84212697 0.51498401
vt 0.83205181 0.63085091
vt 0.83687031 0.58281648
vt 0.83780330 0.55291647
vt 0.82412815 0.25586224
vt 0.82494527 0.27117527
vt 0.83153671 0.28250015
vt 0.82463199 0.28761649
vt 0.83505678 0.28971207
vt 0.82518774 0.29814065
vt 0.82295775 0.30596679
vt 0.82690024 0.30754650
vt 0.84076869 0.34757477
vt 0.84435123 0.36460501
vt 0.82207823 0.17119271
vt 0.82132775 0.15946174
vt 0.82322341 0.31713039
vt 0.82150155 0.19218850
vt 0.83980852 0.45502889
vt 0.83929551 0.47643906
vt 0.82499045 0.62828022
vt 0.83497077 0.32113791
vt 0.83277857 0.34854770
vt 0.83915985 0.36287147
vt 0.83739442 0.38788861
vt 0.87061334 0.20667344
vt 0.87402600 0.21745586
vt 0.86536139 0.19496083
vt 0.88501859 0.41669327
vt 0.89126742 0.42214608
vt 0.88454682 0.43848097
vt 0.88363135 0.46744084
vt 0.89235246 0.45042181
vt 0.89069635 0.46628249
vt 0.88775951 0.47700119
vt 0.88381499 0.50511062
vt 0.87480825 0.37682307
vt 0.87581259 0.39328480
vt 0.88381737 0.40062219
vt 0.89098763 0.40508032
vt 0.89100254 0.44263732
vt 0.89153737 0.42952091
vt 0.89010161 0.42556107
vt 0.88585800 0.38365507
vt 0.88568819 0.37600040
vt 0.89166033 0.38422906
vt 0.89059424 0.37497926
vt 0.89264882 0.37488884
vt 0.89115399 0.36806381
vt 0.88805896 0.35217488
vt 0.89245886 0.35465282
vt 0.89337754 0.34245276
vt 0.89169317 0.33950841
vt 0.89010751 0.33006829
vt 0.89256847 0.32748646
vt 0.82088506 0.19991106
vt 0.87816697 0.56639409
vt 0.87699270 0.31753176
vt 0.88141435 0.29667509
vt 0.87544245 0.28436720
vt 0.87712920 0.25021243
vt 0.87745017 0.34799176
vt 0.88359404 0.32186055
vt 0.88164639 0.35095704
vt 0.89176738 0.41552317
vt 0.87892997 0.63528138
vt 0.87802237 0.59459323
vt 0.88693225 0.33799046
vt 0.89061457 0.32247925
vt 0.88568652 0.35460216
vt 0.82101750 0.22145498
vt 0.87794018 0.18492520
vt 0.88727206 0.16632354
vt 0.88313633 0.21234238
vt 0.88880664 0.18974292
vt 0.88919955 0.21393609
vt 0.88349807 0.15562820
vt 0.88496459 0.22932988
vt 0.87552601 0.15409052
vt 0.86611277 0.15292066
vt 0.89189416 0.16581726
vt 0.89245200 0.15702158
vt 0.88943112 0.17646080
vt 0.89089060 0.22107089
vt 0.88728511 0.30939353
vt 0.88773739 0.29741991
vt 0.88728881 0.29041207
vt 0.88476485 0.52587712
vt 0.84327483 0.15071476
vt 0.89208508 0.22922009
vt 0.89255244 0.22321200
vt 0.89200908 0.21635640
vt 0.89040649 0.23506927
vt 0.88805687 0.24790728
vt 0.88117456 0.26075822
vt 0.88067955 0.27213097
vt 0.89092064 0.26648557
vt 0.89070082 0.27376950
vt 0.89198565 0.23808634
vt 0.89129806 0.24992949
vt 0.88203114 0.28846884
vt 0.89087987 0.25514495
vt 0.89221072 0.47595525
vt 0.89277911 0.46589708
vt 0.82198191 0.31739825
vt 0.82271856 0.32259154
vt 0.82478952 0.32200825
vt 0.82351375 0.33748329
vt 0.82468796 0.34331000
vt 0.82395697 0.35480410
vt 0.82262868 0.34698611
vt 0.82360399 0.28673422
vt 0.89093328 0.20777470
vt 0.89270335 0.20600784
vt 0.89184797 0.19873226
vt 0.88356227 0.54509360
vt 0.88125598 0.56067026
vt 0.89320266 0.18058634
vt 0.82272112 0.27441084
vt 0.82227236 0.33119047
vt 0.82009786 0.16146469
vt 0.85165656 0.63286775
vt 0.82650447 0.63012594
vt 0.82836252 0.61332905
vt 0.83701998 0.40519977
vt 0.83342069 0.42335212
vt 0.89165771 0.48470515
vt 0.89309210 0.47660530
vt 0.88376284 0.57759696
vt 0.88255310 0.59946525
vt 0.88532031 0.55810636
vt 0.89301729 0.48913455
vt 0.89265263 0.49455893
vt 0.88983035 0.31355399
vt 0.89207757 0.30924141
vt 0.89050472 0.30855095
vt 0.89031786 0.51040000
vt 0.89072406 0.50022227
vt 0.88983852 0.48623335
vt 0.82539248 0.62215137
vt 0.83249897 0.44332868
vt 0.83114165 0.49071479
vt 0.83499932 0.51736873
vt 0.82635570 0.46957117
vt 0.83474439 0.53375626
vt 0.82450438 0.51859462
vt 0.82854438 0.53931612
vt 0.82466978 0.53869009
vt 0.82495588 0.50962883
vt 0.82305241 0.51184863
vt 0.82395089 0.49690318
vt 0.82329643 0.48288184
vt 0.82355100 0.55628377
vt 0.82374465 0.53504544
vt 0.82226366 0.49632365
vt 0.82172298 0.50015843
vt 0.83297062 0.36165375
vt 0.82504618 0.36600357
vt 0.82461506 0.37347901
vt 0.82294506 0.36752617
vt 0.83507109 0.37598872
vt 0.82174832 0.15019643
vt 0.82962430 0.58921248
vt 0.82922494 0.58449847
vt 0.83097595 0.56840312
vt 0.82461095 0.56130999
vt 0.82200688 0.57368964
vt 0.82355636 0.57421499
vt 0.82340658 0.51984978
vt 0.82274032 0.52737492
vt 0.82600456 0.38782930
vt 0.82912630 0.39827377
vt 0.82581085 0.41658163
vt 0.82809228 0.43615323
vt 0.82494038 0.39756668
vt 0.82347172 0.40742773
vt 0.82225746 0.40309870
vt 0.82196307 0.39629251
vt 0.82173604 0.40508699
vt 0.82203525 0.40747839
vt 0.82155216 0.41764075
vt 0.89222717 0.39298695
vt 0.82545418 0.44985068
vt 0.89007467 0.28984535
vt 0.82197857 0.36053669
vt 0.82271713 0.41971326
vt 0.82433307 0.42141426
vt 0.82263947 0.42279339
vt 0.82384497 0.42918372
vt 0.82543898 0.43144190
vt 0.82340813 0.43534344
vt 0.82470995 0.44095540
vt 0.82372350 0.45237744
vt 0.82421404 0.47345430
vt 0.82240009 0.48195577
vt 0.82344115 0.46316147
vt 0.82034260 0.15598565
vt 0.82445472 0.14856374
vt 0.89241803 0.42350310
vt 0.89347160 0.36872053
vt 0.89197856 0.36044955
vt 0.88971764 0.52249265
vt 0.82229626 0.37397671
vt 0.89261407 0.44522446
vt 0.82222992 0.51886123
vt 0.89162457 0.29512572
vt 0.81910568 0.15984082
vt 0.81919682 0.15598518
vt 0.88905007 0.57210475
vt 0.82262105 0.45836878
vt 0.88333887 0.61273092
vt 0.88242733 0.63500673
vt 0.82130343 0.25301385
vt 0.82065040 0.18276912
vt 0.82090718 0.17423773
vt 0.89073932 0.30084407
vt 0.82158905 0.32566404
vt 0.89321238 0.16203994
vt 0.89426357 0.17108887
vt 0.89511681 0.17310929
vt 0.89438832 0.18013090
vt 0.89514637 0.15886867
vt 0.89593148 0.16239792
vt 0.89634144 0.15667117
vt 0.89215416 0.46468037
vt 0.89410532 0.33756554
vt 0.88824928 0.58723193
vt 0.88787830 0.59787995
vt 0.89385021 0.36061764
vt 0.82207805 0.25681794
vt 0.88869005 0.54615813
vt 0.88887435 0.55554801
vt 0.82140666 0.56438392
vt 0.81993014 0.17373401
vt 0.88474935 0.15462351
vt 0.89312863 0.45196193
vt 0.89352608 0.23416215
vt 0.89304435 0.44124389
vt 0.89377820 0.37555623
vt 0.89462006 0.18149602
vt 0.89196819 0.50524378
vt 0.89401853 0.50265396
vt 0.89371300 0.50696844
vt 0.89403772 0.49482012
vt 0.87746614 0.15339589
vt 0.89323610 0.51255298
vt 0.89484078 0.51296508
vt 0.89309776 0.52089041
vt 0.89587897 0.52101362
vt 0.89334309 0.31516844
vt 0.89302295 0.25039005
vt 0.89430726 0.49020159
vt 0.82005560 0.21898448
vt 0.82157338 0.34458208
vt 0.82102966 0.40315378
vt 0.82072282 0.39950633
vt 0.82437682 0.38621557
vt 0.82323962 0.37539971
vt 0.82334107 0.39598292
vt 0.89423561 0.32210004
vt 0.82064760 0.23707807
vt 0.82457566 0.58139592
vt 0.82230717 0.42951751
vt 0.88751429 0.62807649
vt 0.88607734 0.63536710
vt 0.88981378 0.62849158
vt 0.89056665 0.61806691
vt 0.89452600 0.62666881
vt 0.89497757 0.61328101
vt 0.89446425 0.63235462
vt 0.88875514 0.61304122
vt 0.89223099 0.59893996
vt 0.89038938 0.63249427
vt 0.89343846 0.63435984
vt 0.82183707 0.28506565
vt 0.89077455 0.63434541
vt 0.89239311 0.29688275
vt 0.89133191 0.53737217
vt 0.89593148 0.53012931
vt 0.89544350 0.53814358
vt 0.89046812 0.59815562
vt 0.89178139 0.55794799
vt 0.89404136 0.35457182
vt 0.89305699 0.25023347
vt 0.82452172 0.61892015
vt 0.82646561 0.60948962
vt 0.89163291 0.54904366
vt 0.82660210 0.58729011
vt 0.89179105 0.30711049
vt 0.89235157 0.30457497
vt 0.89487004 0.33999068
vt 0.81982118 0.19733232
vt 0.88888270 0.63556576
vt 0.89322948 0.42614853
vt 0.89238954 0.54261070
vt 0.89422923 0.61069435
vt 0.89259857 0.60448295
vt 0.89476079 0.60420197
vt 0.89296824 0.60223895
vt 0.89411986 0.60220408
vt 0.89387035 0.59797466
vt 0.89283913 0.59365183
vt 0.89194196 0.59385377
vt 0.82117224 0.36883754
vt 0.82041967 0.57639605
vt 0.89407611 0.33038712
vt 0.82272118 0.57512158
vt 0.82367772 0.58218408
vt 0.82233250 0.58236730
vt 0.89308405 0.53909665
vt 0.89551616 0.54065490
vt 0.82178152 0.62884301
vt 0.89114463 0.58518404
vt 0.89302433 0.57824004
vt 0.89231485 0.28773212
vt 0.89284259 0.29339588
vt 0.89351708 0.28898883
vt 0.89292419 0.28590220
vt 0.89136738 0.28778607
vt 0.89112818 0.28299814
vt 0.89305621 0.27646983
vt 0.89178276 0.26642036
vt 0.89431202 0.25498372
vt 0.89342916 0.26657212
vt 0.89257127 0.25312364
vt 0.82082325 0.27871668
vt 0.89511490 0.50398189
vt 0.82332826 0.62783498
vt 0.82079142 0.49847543
vt 0.82154566 0.48308134
vt 0.89248276 0.56791955
vt 0.89433318 0.56715107
vt 0.89314181 0.56008184
vt 0.89365470 0.58261275
vt 0.89278615 0.58265090
vt 0.82122016 0.51755387
vt 0.89245832 0.15505898
vt 0.89359409 0.47578132
vt 0.89293152 0.29514217
vt 0.89357078 0.54103452
vt 0.89394152 0.54308784
vt 0.89569390 0.54468322
vt 0.89449453 0.54469913
vt 0.89398956 0.55079353
vt 0.89380658 0.45001411
vt 0.82036448 0.30568206
vt 0.82136059 0.30847293
vt 0.82400376 0.63047493
vt 0.89535409 0.15667647
vt 0.89354604 0.15559018
vt 0.89508039 0.36263812
vt 0.89315087 0.45733798
vt 0.89385015 0.30627233
vt 0.89267063 0.30053025
vt 0.89477062 0.55042499
vt 0.89353228 0.35485518
vt 0.89414299 0.44252920
vt 0.89464527 0.46281403
vt 0.89279330 0.36039650
vt 0.82268918 0.58400983
vt 0.89212358 0.63478154
vt 0.89001656 0.63580310
vt 0.89204437 0.63592225
vt 0.89340198 0.63689405
vt 0.89273262 0.58468139
vt 0.89264137 0.54678476
vt 0.69851643 0.74536711
vt 0.70171970 0.75559115
vt 0.70042330 0.74050289
vt 0.70072740 0.75721747
vt 0.68345785 0.76053017
vt 0.68369865 0.74766195
vt 0.70088655 0.73147947
vt 0.68336862 0.73400259
vt 0.68919927 0.72231561
vt 0.69367903 0.76675159
vt 0.70026183 0.77379429
vt 0.68354177 0.77327472
vt 0.68185639 0.75169331
vt 0.68384755 0.70661294
vt 0.70090479 0.71778727
vt 0.68376750 0.69801062
vt 0.69866478 0.70193207
vt 0.69991171 0.69837683
vt 0.70176971 0.70860279
vt 0.68216091 0.73417258
vt 0.68244696 0.71522242
vt 0.68842423 0.69739026
vt 0.68659180 0.77515227
vt 0.69721168 0.77916092
vt 0.68355078 0.78028315
vt 0.70131463 0.77659237
vt 0.69098854 0.78147876
vt 0.68235379 0.77058941
vt 0.68270493 0.70683807
vt 0.68350607 0.78172117
vt 0.68282384 0.69524235
vt 0.70203251 0.75670701
vt 0.70203251 0.73111713
vt 0.70188785 0.73996896
vt 0.68707794 0.69640267
vt 0.70197648 0.71666664
vt 0.68408996 0.69586641
vt 0.68209392 0.77581513
vt 0.68247163 0.78231597
vt 0.70167464 0.70207870
vt 0.68170732 0.73369175
vt 0.06728647 0.15019649
vt 0.06958517 0.13930541
vt 0.06397342 0.14102322
vt 0.06377380 0.15183538
vt 0.07342419 0.15550351
vt 0.07757419 0.13798141
vt 0.07722637 0.15757853
vt 0.07269038 0.12771225
vt 0.07907650 0.13031727
vt 0.06355520 0.16382974
vt 0.07269292 0.17385346
vt 0.06352448 0.17830771
vt 0.07827992 0.17539835
vt 0.07165591 0.17938930
vt 0.07630792 0.18052369
vt 0.06758717 0.12889016
vt 0.06471150 0.12902725
vt 0.07767443 0.12539017
vt 0.07243235 0.12108964
vt 0.07928149 0.11285454
vt 0.07815616 0.11003911
vt 0.07320751 0.10500258
vt 0.06777903 0.10489821
vt 0.06467839 0.12083268
vt 0.06616414 0.18188208
vt 0.06300452 0.12476504
vt 0.07089280 0.18190455
vt 0.06303554 0.18137586
vt 0.07910173 0.15142709
vt 0.06393334 0.11304188
vt 0.06381111 0.10461009
vt 0.06275178 0.14042610
vt 0.06170892 0.15355337
vt 0.07943916 0.12723601
vt 0.07964975 0.10392714
vt 0.06153858 0.18047881
vt 0.06265172 0.11369717
vt 0.06243566 0.12783921
vt 0.07998700 0.15285444
vt 0.06320789 0.18368149
vt 0.06140289 0.18447036
vt 0.06180791 0.16294837
vt 0.06410945 0.10234499
vt 0.08008130 0.17219186
vt 0.07436941 0.10333484
vt 0.08008130 0.11081004
vt 0.06599543 0.18373227
vt 0.07126071 0.18308538
vt 0.06205963 0.10188508
vt 0.07857082 0.17908657
vt 0.06138211 0.12681973
vt 0.07857032 0.18153012
vt 0.98504442 0.33929664
vt 0.98157233 0.33801329
vt 0.98117387 0.36219215
vt 0.98486984 0.35419345
vt 0.98391432 0.41071028
vt 0.98050946 0.39302540
vt 0.98172855 0.41445780
vt 0.98439234 0.29073822
vt 0.98245758 0.29724157
vt 0.98397923 0.41574222
vt 0.98170471 0.42186600
vt 0.98308808 0.44823313
vt 0.98136842 0.46728742
vt 0.98240948 0.47668433
vt 0.98148113 0.49233180
vt 0.98300183 0.48403621
vt 0.98384804 0.51181203
vt 0.98227561 0.51343012
vt 0.98606831 0.29410768
vt 0.98577166 0.27243841
vt 0.98398370 0.26431960
vt 0.98514134 0.20953292
vt 0.98672092 0.20928836
vt 0.98468781 0.20315349
vt 0.98721945 0.20230228
vt 0.98687220 0.19889295
vt 0.98340589 0.19573539
vt 0.98662299 0.19098675
vt 0.98147452 0.18952608
vt 0.96527904 0.19684541
vt 0.97288489 0.19652987
vt 0.95565343 0.19049025
vt 0.94854558 0.19789177
vt 0.95672458 0.18946451
vt 0.94061446 0.19087005
vt 0.93228841 0.19946963
vt 0.92695808 0.19312263
vt 0.91046965 0.19984102
vt 0.90718311 0.19626373
vt 0.90171850 0.19402176
vt 0.90454507 0.19995368
vt 0.90059608 0.20039409
vt 0.90380400 0.20872897
vt 0.90005368 0.22001058
vt 0.98528498 0.18939620
vt 0.98328531 0.18895870
vt 0.95289725 0.18907207
vt 0.97962564 0.46093482
vt 0.97984374 0.48120064
vt 0.98408532 0.51747590
vt 0.98042905 0.40949070
vt 0.89859021 0.20896471
vt 0.89849448 0.22270632
vt 0.89898086 0.25717050
vt 0.89738083 0.26352882
vt 0.90098965 0.25718403
vt 0.90105617 0.26790160
vt 0.89798963 0.27951038
vt 0.90034270 0.29527080
vt 0.90243542 0.21907490
vt 0.90179789 0.27017897
vt 0.90195429 0.29183650
vt 0.90292126 0.30742455
vt 0.90016705 0.31901544
vt 0.90178066 0.32310170
vt 0.90249670 0.34498358
vt 0.90081209 0.35860670
vt 0.90251791 0.36273652
vt 0.90094024 0.37718135
vt 0.89955854 0.36208057
vt 0.89942932 0.35524404
vt 0.89944929 0.39995849
vt 0.89981818 0.33609509
vt 0.90242183 0.39336556
vt 0.89992875 0.39926243
vt 0.89995515 0.41119385
vt 0.90279067 0.41248894
vt 0.90298623 0.42532516
vt 0.89989561 0.42528743
vt 0.89968270 0.44243634
vt 0.90414917 0.44172573
vt 0.89962327 0.45984364
vt 0.90362656 0.46347904
vt 0.90346748 0.49159831
vt 0.90031272 0.49178648
vt 0.90172082 0.50340283
vt 0.89985085 0.52901119
vt 0.90169531 0.54526734
vt 0.89987999 0.55165267
vt 0.90215033 0.56145668
vt 0.90039271 0.57866347
vt 0.90214157 0.57963699
vt 0.90272665 0.53365558
vt 0.90293801 0.55134314
vt 0.90380460 0.21220100
vt 0.90111077 0.58572710
vt 0.90281296 0.58530664
vt 0.98254949 0.24812865
vt 0.98169082 0.29324478
vt 0.98330963 0.20269895
vt 0.92043447 0.19250315
vt 0.90329432 0.19289130
vt 0.92984051 0.19120002
vt 0.93679678 0.19025505
vt 0.90303034 0.32995498
vt 0.89924377 0.31845224
vt 0.89988917 0.19389015
vt 0.90454268 0.42302126
vt 0.89955807 0.47609586
vt 0.89715445 0.24033767
vt 0.89891028 0.30020928
vt 0.97868907 0.45927644
vt 0.97959483 0.41522217
vt 0.98240143 0.52765024
vt 0.98450035 0.52301288
vt 0.98261750 0.53725433
vt 0.98376942 0.54090756
vt 0.98527920 0.53488481
vt 0.98391181 0.55414730
vt 0.98660433 0.55527580
vt 0.98395789 0.56707764
vt 0.98684025 0.56676537
vt 0.98691893 0.57319045
vt 0.98416400 0.58064282
vt 0.98712546 0.57875639
vt 0.90389377 0.40501595
vt 0.90341884 0.39112306
vt 0.90343612 0.36507773
vt 0.98739839 0.58086765
vt 0.90204424 0.26423067
vt 0.91517651 0.20038301
vt 0.98708707 0.24509877
vt 0.98657954 0.27559054
vt 0.89990604 0.49673283
vt 0.90381575 0.35180396
vt 0.90362757 0.21790516
vt 0.98248631 0.19700521
vt 0.98143452 0.51637989
vt 0.90323424 0.57552141
vt 0.89778548 0.22146136
vt 0.97983748 0.48974919
vt 0.98044574 0.49086607
vt 0.98093420 0.49774522
vt 0.98087066 0.51447487
vt 0.98739839 0.21021777
vt 0.98230159 0.54240716
vt 0.90074545 0.19298601
vt 0.98310280 0.47792083
vt 0.98360306 0.44745445
vt 0.98399967 0.42610025
vt 0.98132753 0.30131757
vt 0.98050803 0.33921838
vt 0.98011553 0.36992621
vt 0.98296714 0.56337315
vt 0.12176217 0.21344644
vt 0.12785318 0.21124059
vt 0.12648815 0.22887582
vt 0.12448047 0.20479274
vt 0.12821190 0.18711257
vt 0.12267076 0.18590516
vt 0.12426116 0.18177736
vt 0.12255873 0.24136043
vt 0.12886178 0.18297708
vt 0.12869385 0.25815451
vt 0.12154472 0.25765860
vt 0.12639529 0.26166964
vt 0.12886178 0.26072949
vt 0.18702219 0.48000932
vt 0.18607801 0.44984102
vt 0.18523920 0.47920024
vt 0.18483020 0.46337378
vt 0.18685928 0.49348348
vt 0.18499233 0.44874543
vt 0.18621126 0.44723141
vt 0.18565109 0.42589170
vt 0.18482190 0.42783618
vt 0.18556324 0.40801340
vt 0.18338530 0.40898025
vt 0.18569954 0.39969814
vt 0.18190108 0.37886322
vt 0.18551248 0.37403047
vt 0.18271206 0.42966425
vt 0.18336040 0.45482737
vt 0.18100294 0.36943817
vt 0.18193650 0.41735137
vt 0.18529151 0.35429263
vt 0.18074304 0.35855222
vt 0.18073511 0.35320508
vt 0.18325418 0.34612429
vt 0.18566838 0.49053013
vt 0.17997007 0.34655201
vt 0.18004210 0.32327503
vt 0.18375799 0.32601690
vt 0.18524861 0.31565642
vt 0.18061402 0.30647886
vt 0.18516995 0.30067396
vt 0.18520592 0.32812452
vt 0.18183777 0.28625727
vt 0.18521450 0.28497595
vt 0.18221855 0.27163684
vt 0.18547781 0.25664890
vt 0.18366709 0.24951971
vt 0.18410394 0.22646582
vt 0.18641192 0.50505048
vt 0.18800069 0.50616753
vt 0.18799910 0.49847519
vt 0.18520100 0.51103014
vt 0.18247311 0.25489259
vt 0.18607302 0.23229885
vt 0.18674874 0.19316614
vt 0.18570699 0.20323133
vt 0.18641764 0.21173960
vt 0.18259689 0.24271184
vt 0.18370096 0.46441901
vt 0.18453087 0.21015215
vt 0.18492484 0.19799161
vt 0.18637048 0.15906382
vt 0.18552847 0.14297801
vt 0.18751197 0.14654613
vt 0.18793210 0.13317615
vt 0.18724389 0.12190825
vt 0.18512675 0.12373078
vt 0.18512796 0.11930257
vt 0.18367356 0.21484107
vt 0.18441339 0.50788683
vt 0.18051232 0.29223335
vt 0.18409532 0.48466724
vt 0.18734705 0.51133007
vt 0.18160951 0.51387423
vt 0.17710131 0.51307601
vt 0.18396154 0.51013571
vt 0.16297112 0.51307589
vt 0.13833006 0.51807803
vt 0.14300992 0.51446307
vt 0.13338923 0.51410455
vt 0.12459686 0.51889622
vt 0.12821643 0.51329029
vt 0.12141061 0.51383132
vt 0.10906031 0.51960039
vt 0.11137366 0.51367110
vt 0.15588352 0.51306742
vt 0.10940643 0.50906301
vt 0.10533755 0.51553106
vt 0.10341799 0.48687971
vt 0.10293790 0.46399105
vt 0.10134315 0.46860719
vt 0.09930869 0.44609272
vt 0.10007124 0.44162732
vt 0.09784930 0.43290603
vt 0.10313667 0.49977362
vt 0.12394363 0.52032328
vt 0.11168092 0.52109516
vt 0.18100224 0.50896585
vt 0.14079180 0.51911736
vt 0.16152957 0.51725399
vt 0.10535236 0.51950490
vt 0.09995084 0.43601340
vt 0.09814472 0.42373598
vt 0.09454998 0.40503383
vt 0.16549313 0.51068312
vt 0.15720887 0.51187754
vt 0.09440604 0.39382112
vt 0.09351965 0.39390391
vt 0.09200315 0.37776959
vt 0.09095430 0.36461049
vt 0.09147594 0.36338234
vt 0.10753212 0.52092296
vt 0.08894663 0.34657824
vt 0.18800069 0.11804307
vt 0.10428452 0.51596010
vt 0.08821138 0.33766544
vt 0.18821138 0.12250334
vt 0.18669251 0.51425558
vt 0.12182949 0.51279205
vt 0.13163929 0.51210231
vt 0.17759967 0.51563555
vt 0.14546978 0.51203787
vt 0.94155025 0.86572850
vt 0.94345820 0.82408547
vt 0.94079876 0.83536720
vt 0.93943089 0.86251205
vt 0.94188005 0.80784237
vt 0.94430894 0.80026931
vt 0.94403207 0.87044454
vt 0.94320476 0.87022781
vt 0.94430894 0.87298024
vt 0.29088622 0.34950638
vt 0.29210216 0.35197079
vt 0.29273695 0.32888252
vt 0.29187670 0.32485104
vt 0.29181629 0.35971797
vt 0.29030278 0.32508397
vt 0.29013833 0.31665641
vt 0.29268712 0.30498523
vt 0.29176724 0.30238736
vt 0.29000476 0.30437589
vt 0.29074535 0.29612839
vt 0.29260612 0.28192669
vt 0.29177991 0.28023338
vt 0.29003271 0.28283501
vt 0.29092854 0.27122378
vt 0.28986967 0.26330984
vt 0.29113156 0.26176822
vt 0.28983739 0.24829853
vt 0.29403421 0.22429639
vt 0.29288706 0.22132504
vt 0.29081967 0.22876990
vt 0.29011852 0.21141899
vt 0.29363811 0.20295882
vt 0.29275936 0.20039082
vt 0.29012507 0.19850820
vt 0.29350507 0.18247688
vt 0.29248264 0.17849654
vt 0.29082966 0.18383235
vt 0.29298630 0.16694117
vt 0.29295743 0.35560572
vt 0.29265779 0.15814191
vt 0.29122350 0.15894079
vt 0.29424268 0.13104081
vt 0.29140472 0.13187814
vt 0.29099461 0.12989813
vt 0.29088670 0.15607315
vt 0.29126859 0.12512505
vt 0.29425249 0.12636179
vt 0.29191580 0.26968968
vt 0.29229349 0.26479518
vt 0.29087940 0.37426192
vt 0.29260471 0.37043470
vt 0.29163134 0.38475525
vt 0.29307470 0.38123751
vt 0.29283243 0.39004207
vt 0.29096046 0.39117587
vt 0.29103714 0.40377873
vt 0.29079387 0.41956782
vt 0.29381073 0.39181679
vt 0.29281136 0.41289794
vt 0.29020017 0.43915528
vt 0.29046485 0.45079112
vt 0.29194757 0.44706637
vt 0.29052004 0.46477658
vt 0.29279011 0.46276283
vt 0.29174119 0.47381139
vt 0.29373240 0.46399117
vt 0.29284450 0.48643333
vt 0.29142413 0.49208868
vt 0.29389337 0.48808712
vt 0.29149783 0.51107430
vt 0.29323754 0.50811684
vt 0.29230765 0.52127415
vt 0.29101935 0.52111185
vt 0.29081756 0.53095818
vt 0.29379615 0.41577661
vt 0.29342487 0.53093827
vt 0.29030320 0.47415197
vt 0.29352444 0.37160480
vt 0.29428953 0.50947809
vt 0.29046926 0.49420702
vt 0.29240611 0.53236431
vt 0.29080120 0.54892278
vt 0.29305616 0.44887424
vt 0.29471543 0.12432677
vt 0.29392120 0.15830255
vt 0.29042235 0.22456563
vt 0.29406291 0.17730916
vt 0.29471543 0.41154361
vt 0.29069230 0.50909668
vt 0.05839222 0.06952554
vt 0.06062214 0.06665015
vt 0.09611455 0.06646204
vt 0.04280562 0.06948698
vt 0.04545383 0.06523710
vt 0.04042774 0.06544697
vt 0.07307587 0.06905770
vt 0.09331907 0.06904507
vt 0.10528455 0.06956911
vt 0.03762165 0.06702507
vt 0.06317430 0.06508076
vt 0.03674563 0.06956911
vt 0.03617886 0.06519687
vt 0.07921948 0.06518751
vt 0.14601880 0.26763391
vt 0.14942636 0.25173420
vt 0.14791045 0.24591994
vt 0.14929236 0.23853660
vt 0.14894943 0.26185083
vt 0.14960369 0.26807249
vt 0.14692973 0.27301848
vt 0.14998691 0.28234416
vt 0.14654385 0.28461683
vt 0.15000001 0.28770196
vt 0.14703460 0.24545836
vt 0.14973912 0.21219659
vt 0.14910127 0.21174228
vt 0.14852412 0.20657897
vt 0.14959347 0.19552910
vt 0.15000001 0.22618622
vt 0.14826164 0.19344705
vt 0.14802288 0.28759187
vt 0.14799227 0.21242851
vt 0.14714958 0.23528171
vt 0.14593495 0.27372628
vt 0.84583986 0.00846016
vt 0.82062805 0.00846040
vt 0.84505111 0.00661379
vt 0.85466182 0.00681090
vt 0.85504794 0.00904739
vt 0.85954291 0.00803190
vt 0.86027038 0.00650662
vt 0.87070578 0.00756103
vt 0.82643318 0.00932735
vt 0.86617035 0.00942552
vt 0.87682927 0.00907600
vt 0.80880040 0.00942552
vt 0.80314606 0.00831890
vt 0.87493062 0.00734353
vt 0.81571245 0.00737184
vt 0.80012244 0.00719965
vt 0.79360139 0.00907499
vt 0.78658539 0.00839728
vt 0.83230627 0.00694054
vt 0.84421307 0.00583482
vt 0.84231126 0.76167297
vt 0.84025490 0.77902937
vt 0.84082419 0.79201978
vt 0.84122294 0.76174206
vt 0.84268212 0.74967277
vt 0.84167558 0.74371225
vt 0.84222144 0.73070186
vt 0.84036916 0.75186753
vt 0.84073925 0.72812563
vt 0.84024388 0.79626960
vt 0.84055918 0.80617565
vt 0.84132415 0.79565901
vt 0.84128475 0.71866536
vt 0.84207428 0.71179938
vt 0.84180474 0.69973069
vt 0.84268290 0.70041841
vt 0.84176821 0.81421006
vt 0.84064198 0.82650733
vt 0.84193152 0.82946318
vt 0.84063852 0.84684151
vt 0.84265834 0.83144408
vt 0.84210205 0.85241997
vt 0.84125775 0.85372925
vt 0.84164107 0.85682225
vt 0.84268290 0.85495317
vt 0.03455285 0.18071228
vt 0.03452860 0.16575038
vt 0.03292683 0.17348081
vt 0.03303479 0.20436519
vt 0.03418276 0.20785499
vt 0.03455285 0.22037703
vt 0.03418902 0.15215439
vt 0.92317075 0.03288764
vt 0.92667681 0.03458685
vt 0.92357099 0.04044127
vt 0.92475241 0.03118086
vt 0.92639190 0.03008342
vt 0.92634296 0.04181367
vt 0.92804879 0.03287393
vt 0.92804879 0.04622978
vt 0.92696464 0.02558351
vt 0.65572041 0.64991790
vt 0.66277969 0.64947647
vt 0.66315031 0.65103012
vt 0.66065532 0.64619851
vt 0.65468305 0.64627284
vt 0.65147322 0.64941871
vt 0.66981691 0.64994794
vt 0.67109185 0.65279889
vt 0.67451721 0.65101743
vt 0.67052037 0.65477192
vt 0.67804408 0.65397578
vt 0.67926830 0.65574509
vt 0.65366572 0.65290165
vt 0.65042931 0.65215939
vt 0.64511627 0.64979362
vt 0.65063834 0.64611316
vt 0.64731377 0.64592463
vt 0.64614558 0.64776212
vt 0.63861787 0.64831024
vt 0.65188682 0.65574509
vt 0.66042405 0.64466763
vt 0.65405297 0.64492995
vt 0.65201628 0.64442658
vt 0.65014458 0.64500481
vt 0.67258126 0.64750409
vt 0.67831391 0.64722598
vt 0.67420900 0.64317775
vt 0.66909319 0.64848715
vt 0.66590643 0.64646190
vt 0.67254949 0.64360559
vt 0.66325301 0.64471567
vt 0.66099179 0.64453030
vt 0.97239721 0.92518896
vt 0.97225589 0.91152650
vt 0.97140795 0.91471589
vt 0.97240376 0.90152997
vt 0.97093636 0.90363133
vt 0.97246760 0.89112639
vt 0.97126353 0.89269054
vt 0.97276425 0.87926394
vt 0.97088814 0.93634504
vt 0.97193378 0.93854034
vt 0.97276425 0.94915199
vt 0.97217530 0.95466787
vt 0.97032523 0.91333830
vt 0.90951902 0.17464530
vt 0.91269523 0.17021894
vt 0.90864474 0.17229819
vt 0.90827191 0.16963100
vt 0.91055125 0.16766948
vt 0.90758842 0.17222792
vt 0.91341466 0.17352390
vt 0.91340917 0.17624199
vt 0.91219693 0.17757410
vt 0.90967798 0.17849922
vt 0.91153586 0.17908436
vt 0.90609753 0.16741472
vt 0.91340917 0.16797936
vt 0.08983739 0.18719572
vt 0.08983739 0.19210017
vt 0.08553157 0.18869829
vt 0.08820812 0.19254935
vt 0.08495935 0.18626571
vt 0.93455285 0.55556548
vt 0.93462706 0.57893270
vt 0.93608338 0.57436806
vt 0.93617886 0.55410242
vt 0.93547243 0.54802513
vt 0.93617886 0.58732003
vt 0.93510503 0.60008979
vt 0.82275021 0.99156237
vt 0.81313813 0.99232894
vt 0.80928081 0.99154878
vt 0.79754102 0.99161410
vt 0.82589257 0.99297649
vt 0.83914703 0.99213159
vt 0.78527373 0.99205250
vt 0.79638541 0.99116272
vt 0.80877858 0.99000216
vt 0.76847130 0.99103147
vt 0.76606679 0.99232030
vt 0.76059002 0.99208492
vt 0.75824744 0.99144751
vt 0.74535674 0.99144775
vt 0.74235600 0.99211937
vt 0.51388282 0.78906304
vt 0.51602077 0.81709898
vt 0.51324141 0.78707308
vt 0.51409096 0.77545112
vt 0.51249307 0.76038039
vt 0.51357019 0.75850654
vt 0.51529121 0.79156917
vt 0.51185393 0.73705471
vt 0.50980365 0.72896558
vt 0.50953287 0.70768356
vt 0.50832540 0.69785213
vt 0.50953853 0.69265568
vt 0.50788480 0.68501937
vt 0.50944465 0.65582526
vt 0.51147789 0.70531648
vt 0.50735134 0.65462625
vt 0.50953388 0.63297033
vt 0.50741088 0.61939800
vt 0.51435155 0.65518010
vt 0.51202160 0.68422526
vt 0.51043373 0.61883360
vt 0.51254821 0.63221419
vt 0.51666385 0.68296957
vt 0.51524681 0.69697481
vt 0.50766158 0.61513996
vt 0.50683331 0.67933816
vt 0.50614065 0.65602696
vt 0.50609756 0.60883456
vt 0.50804496 0.60765129
vt 0.50659966 0.60368043
vt 0.50828481 0.60513401
vt 0.76013976 0.98174250
vt 0.74140835 0.98927927
vt 0.74513060 0.97741526
vt 0.75863194 0.96885335
vt 0.76373339 0.97383136
vt 0.75074255 0.96575159
vt 0.78181958 0.97928005
vt 0.77881342 0.97319984
vt 0.73120326 0.98139960
vt 0.72685260 0.99121642
vt 0.72372156 0.98959070
vt 0.72521716 0.97689694
vt 0.74340987 0.96703982
vt 0.71153629 0.97829527
vt 0.71036494 0.98976988
vt 0.70460391 0.99120831
vt 0.69628674 0.97750014
vt 0.68391114 0.99173820
vt 0.68462586 0.97294116
vt 0.68231899 0.99262255
vt 0.68211800 0.97029781
vt 0.66464418 0.99189097
vt 0.66407710 0.98068124
vt 0.65525001 0.99161547
vt 0.66773891 0.96688211
vt 0.65364015 0.97823566
vt 0.66021174 0.96697110
vt 0.64677840 0.98285276
vt 0.64137286 0.99122280
vt 0.68005615 0.96708947
vt 0.63663280 0.97759223
vt 0.64998871 0.96687871
vt 0.64251876 0.96699190
vt 0.79488796 0.97801417
vt 0.79106218 0.96769369
vt 0.79968321 0.96750343
vt 0.81163204 0.96763271
vt 0.81070358 0.97896403
vt 0.81739306 0.97551405
vt 0.82057065 0.98729044
vt 0.78633726 0.98990577
vt 0.63579631 0.98913813
vt 0.62743670 0.97527909
vt 0.82699817 0.96791160
vt 0.84312588 0.97843367
vt 0.82876766 0.98170853
vt 0.83888960 0.96768445
vt 0.84501141 0.97107667
vt 0.83926815 0.98630393
vt 0.85073996 0.97957659
vt 0.69791818 0.96622741
vt 0.71366251 0.96754891
vt 0.72336257 0.96700221
vt 0.61624086 0.98895931
vt 0.60403264 0.97468567
vt 0.63411629 0.96723521
vt 0.62667418 0.96755064
vt 0.60850751 0.99221337
vt 0.59270948 0.98825783
vt 0.58140790 0.98202890
vt 0.58366722 0.99182457
vt 0.57761341 0.98619467
vt 0.57811320 0.99295849
vt 0.57107854 0.99131942
vt 0.56194633 0.99222451
vt 0.56385690 0.98431814
vt 0.63686043 0.96574610
vt 0.66895819 0.96551818
vt 0.71671045 0.99167246
vt 0.69445270 0.96598667
vt 0.58390880 0.96978432
vt 0.60404938 0.96759737
vt 0.77803755 0.96605480
vt 0.56980574 0.97248673
vt 0.57727581 0.97033560
vt 0.55625176 0.97504175
vt 0.56637144 0.96661401
vt 0.55585587 0.96433091
vt 0.56134009 0.96334034
vt 0.56797260 0.96182674
vt 0.54838741 0.99178296
vt 0.54982507 0.97961318
vt 0.54342848 0.99207443
vt 0.53808713 0.97772348
vt 0.54434758 0.96358800
vt 0.54878217 0.96635026
vt 0.53106272 0.97976714
vt 0.53034109 0.98823225
vt 0.54965764 0.95772225
vt 0.54827744 0.95131958
vt 0.55153799 0.95972645
vt 0.55253810 0.96293980
vt 0.53079319 0.97342628
vt 0.85499734 0.98999923
vt 0.86039621 0.97983092
vt 0.85501200 0.97236639
vt 0.86361271 0.99043751
vt 0.87764823 0.98128128
vt 0.87768257 0.97267091
vt 0.88614869 0.97902793
vt 0.88399589 0.99038452
vt 0.87418294 0.99045420
vt 0.88633507 0.96811914
vt 0.86828959 0.96682525
vt 0.52528900 0.99218607
vt 0.86497229 0.96811563
vt 0.90297735 0.98113358
vt 0.89799845 0.98792416
vt 0.90156347 0.96969819
vt 0.90890312 0.98183286
vt 0.91958463 0.96917069
vt 0.92436779 0.97099787
vt 0.92266715 0.97972786
vt 0.92154777 0.99077713
vt 0.92721850 0.99068594
vt 0.92670202 0.97453922
vt 0.91207087 0.99088484
vt 0.89812547 0.99095958
vt 0.92973751 0.97428352
vt 0.93492115 0.98041397
vt 0.95771128 0.97951967
vt 0.94996607 0.99074459
vt 0.97076893 0.97854632
vt 0.97218603 0.98629898
vt 0.95897800 0.99166560
vt 0.96612060 0.97130221
vt 0.95688695 0.96829569
vt 0.96163040 0.96815246
vt 0.97469252 0.96858782
vt 0.98323309 0.98116642
vt 0.91271287 0.99222225
vt 0.59008771 0.96550065
vt 0.59882724 0.96416795
vt 0.54068005 0.95124060
vt 0.54797316 0.93962264
vt 0.53815126 0.96182925
vt 0.82467330 0.99033529
vt 0.83960092 0.99063939
vt 0.85444355 0.99210453
vt 0.87074143 0.99198896
vt 0.97716302 0.99109292
vt 0.56092137 0.95996433
vt 0.66330111 0.99279892
vt 0.88244253 0.99172598
vt 0.56546271 0.95599014
vt 0.57056034 0.96613503
vt 0.84845912 0.97476715
vt 0.53042698 0.95599627
vt 0.53282720 0.92928094
vt 0.53076637 0.93907231
vt 0.52264237 0.98007286
vt 0.52295172 0.98907912
vt 0.52350211 0.97045189
vt 0.90855622 0.99262875
vt 0.89826661 0.99205077
vt 0.89274865 0.99240160
vt 0.98646885 0.98807269
vt 0.99487185 0.97849852
vt 0.54514229 0.92212683
vt 0.54117751 0.89868319
vt 0.53245908 0.90547889
vt 0.98504686 0.96886015
vt 0.99448878 0.96360856
vt 0.99857527 0.98237652
vt 0.99674064 0.96062410
vt 0.99048030 0.94278324
vt 0.99669099 0.93897128
vt 0.98970032 0.93714452
vt 0.99832100 0.98852342
vt 0.98919213 0.92728519
vt 0.98878503 0.90758806
vt 0.99695629 0.90077209
vt 0.99023038 0.89422202
vt 0.99013275 0.95994800
vt 0.99150032 0.88458931
vt 0.99679285 0.87591696
vt 0.98866355 0.87704760
vt 0.99504060 0.85270703
vt 0.98877174 0.85572672
vt 0.99496812 0.83366889
vt 0.98984623 0.83143920
vt 0.98840749 0.88684142
vt 0.98719049 0.88375551
vt 0.99644786 0.82885897
vt 0.99533570 0.81240302
vt 0.98568183 0.83346993
vt 0.98938477 0.80687898
vt 0.98688966 0.85961705
vt 0.52253908 0.94448209
vt 0.52346593 0.95799381
vt 0.97996581 0.96888632
vt 0.56110078 0.95587814
vt 0.99707121 0.84760100
vt 0.53089052 0.88794744
vt 0.52368295 0.93220276
vt 0.54759157 0.89152288
vt 0.54790062 0.89824593
vt 0.54082370 0.87686658
vt 0.54823017 0.92424071
vt 0.52335489 0.88822001
vt 0.52337414 0.91341871
vt 0.96417177 0.96706915
vt 0.52559304 0.88262832
vt 0.52089995 0.88303101
vt 0.52054811 0.86675006
vt 0.52898753 0.87296909
vt 0.53354251 0.86850214
vt 0.53468770 0.84650022
vt 0.52450466 0.85010278
vt 0.52755171 0.83338928
vt 0.53409660 0.82165700
vt 0.52417588 0.81894732
vt 0.53195691 0.79870301
vt 0.52533621 0.79533386
vt 0.52757859 0.77773285
vt 0.53989047 0.83702910
vt 0.54096097 0.85432094
vt 0.54988289 0.94944161
vt 0.99500561 0.80066741
vt 0.73554718 0.96570152
vt 0.52257431 0.97148025
vt 0.93902558 0.96847439
vt 0.98628050 0.80844229
vt 0.98955393 0.79220533
vt 0.53915155 0.82039160
vt 0.51856035 0.82212353
vt 0.51699758 0.82507765
vt 0.51896507 0.84934920
vt 0.51921767 0.79752314
vt 0.51929498 0.78187245
vt 0.51710850 0.76067936
vt 0.52610046 0.76200426
vt 0.53249842 0.77366793
vt 0.53725636 0.79806942
vt 0.53560430 0.78639227
vt 0.53283131 0.76363659
vt 0.53079170 0.75133651
vt 0.52351463 0.75337994
vt 0.53213763 0.73895121
vt 0.54466927 0.87151539
vt 0.55818182 0.96190625
vt 0.55463564 0.96154171
vt 0.82129395 0.96586382
vt 0.80837399 0.96449530
vt 0.54970294 0.93777436
vt 0.61923164 0.99143052
vt 0.63622701 0.99203575
vt 0.90175009 0.96784300
vt 0.90631890 0.96635944
vt 0.84366226 0.96617335
vt 0.84996170 0.96752709
vt 0.51984757 0.73560548
vt 0.51840913 0.74773604
vt 0.53190100 0.72888201
vt 0.51935661 0.72097564
vt 0.77186698 0.96555579
vt 0.75833321 0.96376705
vt 0.95081645 0.99228328
vt 0.92465335 0.99287063
vt 0.92997253 0.99226159
vt 0.53342783 0.74982911
vt 0.57002568 0.95716244
vt 0.57623881 0.95832372
vt 0.98564374 0.84819657
vt 0.52241206 0.91720068
vt 0.98381507 0.99219650
vt 0.98030072 0.99326748
vt 0.96008998 0.99245912
vt 0.98973399 0.99048948
vt 0.98582816 0.99270141
vt 0.99564797 0.99182612
vt 0.99574322 0.99317676
vt 0.60964864 0.96380430
vt 0.78168958 0.96523207
vt 0.78625917 0.96436393
vt 0.54613996 0.99293250
vt 0.52867347 0.71738833
vt 0.98717368 0.96272480
vt 0.98470408 0.96388584
vt 0.98625052 0.95980543
vt 0.52125037 0.88985455
vt 0.65178263 0.96535397
vt 0.52669978 0.68494219
vt 0.52150744 0.67568803
vt 0.52497554 0.67775071
vt 0.52454907 0.64571309
vt 0.52462327 0.62135214
vt 0.51623946 0.60731888
vt 0.51000893 0.60759455
vt 0.52453208 0.61142141
vt 0.97689420 0.96710646
vt 0.58592069 0.96186936
vt 0.91748017 0.96788555
vt 0.92285770 0.96713173
vt 0.94264752 0.96720207
vt 0.54319459 0.84182101
vt 0.54404819 0.85802752
vt 0.54311967 0.83063060
vt 0.98835468 0.95828539
vt 0.98636544 0.94919103
vt 0.98823720 0.94006974
vt 0.98621714 0.92626429
vt 0.98808235 0.92736477
vt 0.98763120 0.90749884
vt 0.98619199 0.90501517
vt 0.98750037 0.88924265
vt 0.98614174 0.88900477
vt 0.98044145 0.96463335
vt 0.52382588 0.60625035
vt 0.99822265 0.95787501
vt 0.80251729 0.96529061
vt 0.99535793 0.78632885
vt 0.70285314 0.99204022
vt 0.98486227 0.78597337
vt 0.98446292 0.80076802
vt 0.83228481 0.96481162
vt 0.54697472 0.86949086
vt 0.53973746 0.80331463
vt 0.54180068 0.81745148
vt 0.57060361 0.96380782
vt 0.53425658 0.74194086
vt 0.89176530 0.96613491
vt 0.63375497 0.96498805
vt 0.58800131 0.95837843
vt 0.58964390 0.95950091
vt 0.71169251 0.96472824
vt 0.53786922 0.78800589
vt 0.53700495 0.76043743
vt 0.99237013 0.77215844
vt 0.65312254 0.99263918
vt 0.98359680 0.77149820
vt 0.56156051 0.99323648
vt 0.72357792 0.96489722
vt 0.99643964 0.77082407
vt 0.99558634 0.75760150
vt 0.98934865 0.76181990
vt 0.98266900 0.75429863
vt 0.99430418 0.74780709
vt 0.98444825 0.74080133
vt 0.99367756 0.73704523
vt 0.98298377 0.72668481
vt 0.99076962 0.72187650
vt 0.98468834 0.71994382
vt 0.98485535 0.70341915
vt 0.99342269 0.69602519
vt 0.98306370 0.68956405
vt 0.98596889 0.68186873
vt 0.99138880 0.67511624
vt 0.98341131 0.66961735
vt 0.99089879 0.66117698
vt 0.99477160 0.66462123
vt 0.99061686 0.65439105
vt 0.99495977 0.64949787
vt 0.99111187 0.62456739
vt 0.99492830 0.62547773
vt 0.98847437 0.63022560
vt 0.98857027 0.61445230
vt 0.99636370 0.61874670
vt 0.99580634 0.62433857
vt 0.99640971 0.60729444
vt 0.99538672 0.67049122
vt 0.99587172 0.67637873
vt 0.98903453 0.60791284
vt 0.98678076 0.60986102
vt 0.98424578 0.63895178
vt 0.98407578 0.64983511
vt 0.99441659 0.69063890
vt 0.98513740 0.62346566
vt 0.98209715 0.67996889
vt 0.99552506 0.71339595
vt 0.99426180 0.72612941
vt 0.52228630 0.96395922
vt 0.98611742 0.88628316
vt 0.74188900 0.96321762
vt 0.53961372 0.78509897
vt 0.53936684 0.76012760
vt 0.99505842 0.70161837
vt 0.52573651 0.62697256
vt 0.52594930 0.64780760
vt 0.52222168 0.93613398
vt 0.55083442 0.95077616
vt 0.55144072 0.95735723
vt 0.59349185 0.96351564
vt 0.98030472 0.96641052
vt 0.88332438 0.99214190
vt 0.53435785 0.73409307
vt 0.78162277 0.96314573
vt 0.52685010 0.67641032
vt 0.51858443 0.85713995
vt 0.68282682 0.96477014
vt 0.56055778 0.95435756
vt 0.75505787 0.96339488
vt 0.64295250 0.96377581
vt 0.98136431 0.63535678
vt 0.99668634 0.79688281
vt 0.55644244 0.95884687
vt 0.55384219 0.95813131
vt 0.55629426 0.95726818
vt 0.51858097 0.60548586
vt 0.52667892 0.66308367
vt 0.98243934 0.70037478
vt 0.99824792 0.89768177
vt 0.99677616 0.91712534
vt 0.99709731 0.61542112
vt 0.99564415 0.73582363
vt 0.53157902 0.72188580
vt 0.53022861 0.70569569
vt 0.98174274 0.74289280
vt 0.52737647 0.99326748
vt 0.98117477 0.60932738
vt 0.98028225 0.62098861
vt 0.66736472 0.96472126
vt 0.52846402 0.68644267
vt 0.73071921 0.99241322
vt 0.98404926 0.95963854
vt 0.98253769 0.60786462
vt 0.95592397 0.96628600
vt 0.73111671 0.96340454
vt 0.54091156 0.79149240
vt 0.84113216 0.96504241
vt 0.99776912 0.86942202
vt 0.53663117 0.74596399
vt 0.55588067 0.95533389
vt 0.55405605 0.95409924
vt 0.86251706 0.96564168
vt 0.88826108 0.96575081
vt 0.99669361 0.81080019
vt 0.58136696 0.99317569
vt 0.98395956 0.93248260
vt 0.67368257 0.99314940
vt 0.54588008 0.85489470
vt 0.98162204 0.66176838
vt 0.52542478 0.61247677
vt 0.98176986 0.71804637
vt 0.52809179 0.67693990
vt 0.99858934 0.99216110
vt 0.99835235 0.93999797
vt 0.54868656 0.89396167
vt 0.51793855 0.85313857
vt 0.53751540 0.75528759
vt 0.82556874 0.96427327
vt 0.68360931 0.99324012
vt 0.65053803 0.96441013
vt 0.59346539 0.96151650
vt 0.59252918 0.96014011
vt 0.99614298 0.69787699
vt 0.54987001 0.91737664
vt 0.97527927 0.96637499
vt 0.54794890 0.99324846
vt 0.66400868 0.99326259
vt 0.98133534 0.69692284
vt 0.97788620 0.60816544
vt 0.97809243 0.61578810
vt 0.99650282 0.62579167
vt 0.99628174 0.66350257
vt 0.98007566 0.63277268
vt 0.68374687 0.96363729
vt 0.79384071 0.96373731
vt 0.98316896 0.78135240
vt 0.73713011 0.96282870
vt 0.82053351 0.96353537
vt 0.99748760 0.60674179
vt 0.70075077 0.96316797
vt 0.83308810 0.96362340
vt 0.90387607 0.96558559
vt 0.80616337 0.96344858
vt 0.96365243 0.96605647
vt 0.92057788 0.96615440
vt 0.94025719 0.96615905
vt 0.72581261 0.96291673
vt 0.70506179 0.96417421
vt 0.75109196 0.96258926
vt 0.75329125 0.96261787
vt 0.63606977 0.96331918
vt 0.52346498 0.99196112
vt 0.53580630 0.73619741
vt 0.98078734 0.65817094
vt 0.54314560 0.82272530
vt 0.53187793 0.71737772
vt 0.70485312 0.99264771
vt 0.55555809 0.95356011
vt 0.54667968 0.85672373
vt 0.98151308 0.72857958
vt 0.98137426 0.68633980
vt 0.53277135 0.71743405
vt 0.54965562 0.89716947
vt 0.99959350 0.98654550
vt 0.98304355 0.79795742
vt 0.52777588 0.66531259
vt 0.53123903 0.70814538
vt 0.71924675 0.99236512
vt 0.74962890 0.22492599
vt 0.74824196 0.22779143
vt 0.74438018 0.23025131
vt 0.74775785 0.22486532
vt 0.74349594 0.22926658
vt 0.75049889 0.22685558
vt 0.75406504 0.22926658
vt 0.05977210 0.54345816
vt 0.05655924 0.54276013
vt 0.06450067 0.54061747
vt 0.06626016 0.54184699
vt 0.06489291 0.54443449
vt 0.05674494 0.54422420
vt 0.05197125 0.54440832
vt 0.05903979 0.53943759
vt 0.06378020 0.53758973
vt 0.06539524 0.53725314
vt 0.05181002 0.54133570
vt 0.05061384 0.54314870
vt 0.04123250 0.54353470
vt 0.05835754 0.53836989
vt 0.05292969 0.53830397
vt 0.04805014 0.53870630
vt 0.04155779 0.53939503
vt 0.03812026 0.54215324
vt 0.03903161 0.54443449
vt 0.02967480 0.54230005
vt 0.03166579 0.54309553
vt 0.79715449 0.30174804
vt 0.80917454 0.30119956
vt 0.80273527 0.30116695
vt 0.81812441 0.30206466
vt 0.81829268 0.30174804
vt 0.30934960 0.03186715
vt 0.33536586 0.03186715
vt 0.31981248 0.03096950
vt 0.86177057 0.65891725
vt 0.85031241 0.65870190
vt 0.86725169 0.65817600
vt 0.86867619 0.66029125
vt 0.84703904 0.66111755
vt 0.83494335 0.65992737
vt 0.83373982 0.66113108
vt 0.87955898 0.66002464
vt 0.87867707 0.65826970
vt 0.88821137 0.65970922
vt 0.88143909 0.66113108
vt 0.87659901 0.65754038
vt 0.94593495 0.13227993
vt 0.94674796 0.12073606
vt 0.94674796 0.14048475
vt 0.72154474 0.29257286
vt 0.72235775 0.27603233
vt 0.72235775 0.29667866
vt 0.96937710 0.07991999
vt 0.96643889 0.08175498
vt 0.96707082 0.07874990
vt 0.97052372 0.08299893
vt 0.97220695 0.07799351
vt 0.96705562 0.07675046
vt 0.96386796 0.07704443
vt 0.96592683 0.08842009
vt 0.97386932 0.08686501
vt 0.97439027 0.08842009
vt 0.96848553 0.08638346
vt 0.97371221 0.08268189
vt 0.97392303 0.07933795
vt 0.96438468 0.08694196
vt 0.96377957 0.08011454
vt 0.95894307 0.07692969
vt 0.06707449 0.29199743
vt 0.06782249 0.29488331
vt 0.06813118 0.28634697
vt 0.06836367 0.29095364
vt 0.06684733 0.24694771
vt 0.06736527 0.26662683
vt 0.06869919 0.25906575
vt 0.06829099 0.26911926
vt 0.06764538 0.24533159
vt 0.06860249 0.23927915
vt 0.06784598 0.23850906
vt 0.06851552 0.22528458
vt 0.06654905 0.27420497
vt 0.06663933 0.28288925
vt 0.06714182 0.21934056
vt 0.06869919 0.20901382
vt 0.06766801 0.19165170
vt 0.06626016 0.23449653
vt 0.57276422 0.93993497
vt 0.57357723 0.91786355
vt 0.57357723 0.95646322
vt 0.81249547 0.56956911
vt 0.81585366 0.56867146
vt 0.80853659 0.56867146
vt 0.10691057 0.53815079
vt 0.11341464 0.53815079
vt 0.11148096 0.53725314
vt 0.19878049 0.09739679
vt 0.22317073 0.09739679
vt 0.21407999 0.09649909
vt 0.79227644 0.30206466
vt 0.79552847 0.30206466
vt 0.79246229 0.30026931
vt 0.31814641 0.31167674
vt 0.31859553 0.30126166
vt 0.31860146 0.30650532
vt 0.31959736 0.30327189
vt 0.32041812 0.31047654
vt 0.33869594 0.24939644
vt 0.33496171 0.26901829
vt 0.33297196 0.24045014
vt 0.32716343 0.25430834
vt 0.34107983 0.24250227
vt 0.34352693 0.24428791
vt 0.34323084 0.25417304
vt 0.34402049 0.23197508
vt 0.34284177 0.27195698
vt 0.34394503 0.22298706
vt 0.33852771 0.22839117
vt 0.33108705 0.23057055
vt 0.32296985 0.25826275
vt 0.32624245 0.26599967
vt 0.33486992 0.27430826
vt 0.34396148 0.27523077
vt 0.33280924 0.28436172
vt 0.33942273 0.29676044
vt 0.33313572 0.30308825
vt 0.34289032 0.28010237
vt 0.33831739 0.30976146
vt 0.34266195 0.30067098
vt 0.33639896 0.31908035
vt 0.32828289 0.31448078
vt 0.32786787 0.32591081
vt 0.32225540 0.27672273
vt 0.32700849 0.33532822
vt 0.33741516 0.34220016
vt 0.32263994 0.34582996
vt 0.34363633 0.29122663
vt 0.34272644 0.28992999
vt 0.34203729 0.33100688
vt 0.34192991 0.34650743
vt 0.34259298 0.31037283
vt 0.32089347 0.35843492
vt 0.33633369 0.35948420
vt 0.33177263 0.36825931
vt 0.34177086 0.36222517
vt 0.32140937 0.36698604
vt 0.33012754 0.37367368
vt 0.31898269 0.37961614
vt 0.33098674 0.38866454
vt 0.33848763 0.37060726
vt 0.34256026 0.36839420
vt 0.32129803 0.39011276
vt 0.33154240 0.40474617
vt 0.33805051 0.39004433
vt 0.33835575 0.40528011
vt 0.33826301 0.41462624
vt 0.33132693 0.41556370
vt 0.33767104 0.43392980
vt 0.33051702 0.43148375
vt 0.33649215 0.44284683
vt 0.32868987 0.44816798
vt 0.33515909 0.45870471
vt 0.33021301 0.46201611
vt 0.33771870 0.47131169
vt 0.32218862 0.44521195
vt 0.32535598 0.43038130
vt 0.32639828 0.41007805
vt 0.31900361 0.39834195
vt 0.33146483 0.47144377
vt 0.33682552 0.47662693
vt 0.33211204 0.48204041
vt 0.33732301 0.48109388
vt 0.33797291 0.48824894
vt 0.34137833 0.48579133
vt 0.34200495 0.48761183
vt 0.32901973 0.49178851
vt 0.32324886 0.45421338
vt 0.31743518 0.37724185
vt 0.31894454 0.36146086
vt 0.33809128 0.49835485
vt 0.32731104 0.47823215
vt 0.32764098 0.30094731
vt 0.32201102 0.28561908
vt 0.33082196 0.22205889
vt 0.33892569 0.22165364
vt 0.33590037 0.21169418
vt 0.32914907 0.21481669
vt 0.33045247 0.20196187
vt 0.32812864 0.19076329
vt 0.33983541 0.19373918
vt 0.32816130 0.18844193
vt 0.34038949 0.18911994
vt 0.33141252 0.17874628
vt 0.33642644 0.17573231
vt 0.32458851 0.17308128
vt 0.34045893 0.21229488
vt 0.33125430 0.15296358
vt 0.33495513 0.15370542
vt 0.33368030 0.14218932
vt 0.34220862 0.14631557
vt 0.34144482 0.15682870
vt 0.34351003 0.17628151
vt 0.34495372 0.18290567
vt 0.34544709 0.17549509
vt 0.34335586 0.14254904
vt 0.33414227 0.13547647
vt 0.34166524 0.13230872
vt 0.32983854 0.13129002
vt 0.33692178 0.12276047
vt 0.34333906 0.12172580
vt 0.33584881 0.10216814
vt 0.34407249 0.10330296
vt 0.33343726 0.12190652
vt 0.34376496 0.09363490
vt 0.33960128 0.08548492
vt 0.33224338 0.08167374
vt 0.33247238 0.07486349
vt 0.33063933 0.11447215
vt 0.32930383 0.09247142
vt 0.33018050 0.06800604
vt 0.34066004 0.06323588
vt 0.32889551 0.05403090
vt 0.32325262 0.06060314
vt 0.32665396 0.04288280
vt 0.31203449 0.03948367
vt 0.30654368 0.05257386
vt 0.29405293 0.04816991
vt 0.28968051 0.03772628
vt 0.33624724 0.04301512
vt 0.34591046 0.05387813
vt 0.34630048 0.04278672
vt 0.33247766 0.04105943
vt 0.32307029 0.19798034
vt 0.32239139 0.21499562
vt 0.32453200 0.21803468
vt 0.32689005 0.13812011
vt 0.32466492 0.15691733
vt 0.34977686 0.06420910
vt 0.35058510 0.04577380
vt 0.34686613 0.08055806
vt 0.34969497 0.07757205
vt 0.34422600 0.15613461
vt 0.34602252 0.15657431
vt 0.34629023 0.14688134
vt 0.34592408 0.08581525
vt 0.34815228 0.09105396
vt 0.34107721 0.46320212
vt 0.34114984 0.44696444
vt 0.34573674 0.18952668
vt 0.28375468 0.05152541
vt 0.26939932 0.04405618
vt 0.32111251 0.19448602
vt 0.32759619 0.49990475
vt 0.34572160 0.18463248
vt 0.30648753 0.05875647
vt 0.29182392 0.05367589
vt 0.32375309 0.23832178
vt 0.32158011 0.25390089
vt 0.32170597 0.32378912
vt 0.34500903 0.22492766
vt 0.34964588 0.08632529
vt 0.34173170 0.37453747
vt 0.32597265 0.08777243
vt 0.32455036 0.10876656
vt 0.32139796 0.18663466
vt 0.31912681 0.18592340
vt 0.31943414 0.19510949
vt 0.31923422 0.17773163
vt 0.35017177 0.04370540
vt 0.34342322 0.31135178
vt 0.34074336 0.50748116
vt 0.33249125 0.50959057
vt 0.34089863 0.51446825
vt 0.32972229 0.51553535
vt 0.32506585 0.50585854
vt 0.31694230 0.51338619
vt 0.31697416 0.50285298
vt 0.31836984 0.49280518
vt 0.34090275 0.52700096
vt 0.33267173 0.53334808
vt 0.32116160 0.52496970
vt 0.33140695 0.56277227
vt 0.33218050 0.55515289
vt 0.34087643 0.55705631
vt 0.33976072 0.57291806
vt 0.34170094 0.54488361
vt 0.31297168 0.55983454
vt 0.32285330 0.54353070
vt 0.31622368 0.53860366
vt 0.31376642 0.55416036
vt 0.31953332 0.57082254
vt 0.30710506 0.57017922
vt 0.32590187 0.57258403
vt 0.31828529 0.46369427
vt 0.31787544 0.34153414
vt 0.31914711 0.42185724
vt 0.31740409 0.43684578
vt 0.32110471 0.27410811
vt 0.34132156 0.42660004
vt 0.30831608 0.56062120
vt 0.30456063 0.56301135
vt 0.34481090 0.19440532
vt 0.34240621 0.42884517
vt 0.34711796 0.13002300
vt 0.34656057 0.14003593
vt 0.34754020 0.14406198
vt 0.34465715 0.20078236
vt 0.34441692 0.21524775
vt 0.34566128 0.20180053
vt 0.27058309 0.03613949
vt 0.34082484 0.50059825
vt 0.34107041 0.49286962
vt 0.26442671 0.03432477
vt 0.22969648 0.04192728
vt 0.23147020 0.03188366
vt 0.24011548 0.03356290
vt 0.25584272 0.04322863
vt 0.25651661 0.03500313
vt 0.26146850 0.05556589
vt 0.24075049 0.05845529
vt 0.22815266 0.04942787
vt 0.20970437 0.04925764
vt 0.22074577 0.05879015
vt 0.25545415 0.06204075
vt 0.20843595 0.05695391
vt 0.20308471 0.04161471
vt 0.21311273 0.03732073
vt 0.19886343 0.05577338
vt 0.18403074 0.05243409
vt 0.17910537 0.03803211
vt 0.21366468 0.03202438
vt 0.19999641 0.03254634
vt 0.17983383 0.03133988
vt 0.18158631 0.02741355
vt 0.17138807 0.02626276
vt 0.15837754 0.02977926
vt 0.16451912 0.03927952
vt 0.16879745 0.04455197
vt 0.15653433 0.02508843
vt 0.14761890 0.03076977
vt 0.20235980 0.02983671
vt 0.15404677 0.04043025
vt 0.13748695 0.04225487
vt 0.12009335 0.04003000
vt 0.12201146 0.03441644
vt 0.15271467 0.04493672
vt 0.11567742 0.02861172
vt 0.10166065 0.03072220
vt 0.08705463 0.02483475
vt 0.08337019 0.03294641
vt 0.09789728 0.03629881
vt 0.11154718 0.03907239
vt 0.14005211 0.02365232
vt 0.12454070 0.02350491
vt 0.10714987 0.01894039
vt 0.11581268 0.01925230
vt 0.13365884 0.02100468
vt 0.09602983 0.01842612
vt 0.08172899 0.02092731
vt 0.08651251 0.01457053
vt 0.07843772 0.02798176
vt 0.07066863 0.02726769
vt 0.06970093 0.01965803
vt 0.04959957 0.02326298
vt 0.04057674 0.01730323
vt 0.03154641 0.02352822
vt 0.02909892 0.01501226
vt 0.02145194 0.02275419
vt 0.01353412 0.01447308
vt 0.05018679 0.02636898
vt 0.07831771 0.03158939
vt 0.07858877 0.01336330
vt 0.10555536 0.01605809
vt 0.00814569 0.02038777
vt 0.00541509 0.01163197
vt 0.06531157 0.01369977
vt 0.05582594 0.00919777
vt 0.04497756 0.01121569
vt 0.02550003 0.00828862
vt 0.04353104 0.00806367
vt 0.02418531 0.00604665
vt 0.01190003 0.00450945
vt 0.01274022 0.00771946
vt 0.00325099 0.00573194
vt 0.00306795 0.00234473
vt 0.07082231 0.03005987
vt 0.27005205 0.06028235
vt 0.29559475 0.56860232
vt 0.28514314 0.56257141
vt 0.28415424 0.56581259
vt 0.27614841 0.56254959
vt 0.27798450 0.56133878
vt 0.27724057 0.56589639
vt 0.28207693 0.56786942
vt 0.26599261 0.56552076
vt 0.26491901 0.56253278
vt 0.25995988 0.56742316
vt 0.25538686 0.56319058
vt 0.25240219 0.56765825
vt 0.22828346 0.06232214
vt 0.24061632 0.06586003
vt 0.17236932 0.05184501
vt 0.16183594 0.05110800
vt 0.14792198 0.04988015
vt 0.12620768 0.04407448
vt 0.24806900 0.06635290
vt 0.34735882 0.09832430
vt 0.34594366 0.12199646
vt 0.34815586 0.10683990
vt 0.34748137 0.11999065
vt 0.01252236 0.00235260
vt 0.32175395 0.31540406
vt 0.22856244 0.06583858
vt 0.34304923 0.33522892
vt 0.34307805 0.48019534
vt 0.34216616 0.46433461
vt 0.06923486 0.01053828
vt 0.32288355 0.42249906
vt 0.32162866 0.06796545
vt 0.31259185 0.06335127
vt 0.32227650 0.23073018
vt 0.00430234 0.01794469
vt 0.31999683 0.20329541
vt 0.32379210 0.12536049
vt 0.32521170 0.11661196
vt 0.31838608 0.45711368
vt 0.31517336 0.45056009
vt 0.31519613 0.46211141
vt 0.31824780 0.47652149
vt 0.31805649 0.48562717
vt 0.31682959 0.48293054
vt 0.31840128 0.35441256
vt 0.32042471 0.26651663
vt 0.34258911 0.40753895
vt 0.34265983 0.51031178
vt 0.34201074 0.50133002
vt 0.32403734 0.13567501
vt 0.21878394 0.06096733
vt 0.31784528 0.41102940
vt 0.32087788 0.24071735
vt 0.31857994 0.38921213
vt 0.31739578 0.39515185
vt 0.25765398 0.06869435
vt 0.26467022 0.06984228
vt 0.34344718 0.56401920
vt 0.02228237 0.00369823
vt 0.28379485 0.05883855
vt 0.32362044 0.10196531
vt 0.32365724 0.07265377
vt 0.32614127 0.07839233
vt 0.32180691 0.29458380
vt 0.32034865 0.29066020
vt 0.31345463 0.54353970
vt 0.34156364 0.40552914
vt 0.34177828 0.38299382
vt 0.34278497 0.38353252
vt 0.34838057 0.12257928
vt 0.34291151 0.45011616
vt 0.32211882 0.16332394
vt 0.32141033 0.14978135
vt 0.31952831 0.31636387
vt 0.28382868 0.56825012
vt 0.27226666 0.07095206
vt 0.18825950 0.05638885
vt 0.31545407 0.42828155
vt 0.27702162 0.06789249
vt 0.28722751 0.06545848
vt 0.29329801 0.06255007
vt 0.30668241 0.06903017
vt 0.28534153 0.07256889
vt 0.11505447 0.01680613
vt 0.24935302 0.56647134
vt 0.24802636 0.56339097
vt 0.23386143 0.56344694
vt 0.23450050 0.56664425
vt 0.23304453 0.56763655
vt 0.19347350 0.56715733
vt 0.20288070 0.55975664
vt 0.20488824 0.56723875
vt 0.22496095 0.56217998
vt 0.19226418 0.55812788
vt 0.17693387 0.56719828
vt 0.17830244 0.55799478
vt 0.16380861 0.55860740
vt 0.16273464 0.56752092
vt 0.14460956 0.55875480
vt 0.13835512 0.56813526
vt 0.32083657 0.14846158
vt 0.14069615 0.55712587
vt 0.12567128 0.56325382
vt 0.09281205 0.56940168
vt 0.09401092 0.56597376
vt 0.07836718 0.56552535
vt 0.07056464 0.57005036
vt 0.06619542 0.56410462
vt 0.04709786 0.57081336
vt 0.03982404 0.56609911
vt 0.00904343 0.57190812
vt 0.01128652 0.56839532
vt 0.00454969 0.57079476
vt 0.00471804 0.57405746
vt 0.29311123 0.07408917
vt 0.08505688 0.55781585
vt 0.20207724 0.05846381
vt 0.32070833 0.22622323
vt 0.31294394 0.07366621
vt 0.00145288 0.01294142
vt 0.34921047 0.10194862
vt 0.34843186 0.09673941
vt 0.32380226 0.08830190
vt 0.11269751 0.04237443
vt 0.31445506 0.53530359
vt 0.00586055 0.56629199
vt 0.00640998 0.55544668
vt 0.02688049 0.55742168
vt 0.04668818 0.55695969
vt 0.06604953 0.55800951
vt 0.00460196 0.55709040
vt 0.21563986 0.02974743
vt 0.20454720 0.02902508
vt 0.10897411 0.55747938
vt 0.09141609 0.55765218
vt 0.12230640 0.55667156
vt 0.12952657 0.55665821
vt 0.32081813 0.21229088
vt 0.34254903 0.52705288
vt 0.31864715 0.44589221
vt 0.15173875 0.05263847
vt 0.23940913 0.03180140
vt 0.17508969 0.05460638
vt 0.20700182 0.06049973
vt 0.32001254 0.22163963
vt 0.31507373 0.44068289
vt 0.22632855 0.06462985
vt 0.12989573 0.04834449
vt 0.13151014 0.04973102
vt 0.22616014 0.56002975
vt 0.23551869 0.56079632
vt 0.16271429 0.05498785
vt 0.31898293 0.17506886
vt 0.31638825 0.46689892
vt 0.31514522 0.46676010
vt 0.32051879 0.13284808
vt 0.32267138 0.07782739
vt 0.34445894 0.24866444
vt 0.32456821 0.08257365
vt 0.32313907 0.08257872
vt 0.30196050 0.56120241
vt 0.30687180 0.07554621
vt 0.16712023 0.02455378
vt 0.32181436 0.11721075
vt 0.32144231 0.11293972
vt 0.24665049 0.56097227
vt 0.12823638 0.57045710
vt 0.21392252 0.55963719
vt 0.31558144 0.49378181
vt 0.34326091 0.56958091
vt 0.19491272 0.02771425
vt 0.18218648 0.02607220
vt 0.31570831 0.42378986
vt 0.12310026 0.04650569
vt 0.11943161 0.04483742
vt 0.26713139 0.56810641
vt 0.26100507 0.56795603
vt 0.31711346 0.38689053
vt 0.19458324 0.56860429
vt 0.31686494 0.40214169
vt 0.15503280 0.56979507
vt 0.34135288 0.57385778
vt 0.34259948 0.49922371
vt 0.34367481 0.30076516
vt 0.31664285 0.42214537
vt 0.31563413 0.42042333
vt 0.34388602 0.30948192
vt 0.15922032 0.55726081
vt 0.17737345 0.55671018
vt 0.31368479 0.53647751
vt 0.34541014 0.22231036
vt 0.35162601 0.05018097
vt 0.12596360 0.01817608
vt 0.31482390 0.41678047
vt 0.31660166 0.41137302
vt 0.22593632 0.55959660
vt 0.09559880 0.03845757
vt 0.08819716 0.03712052
vt 0.34288314 0.42736256
vt 0.05748624 0.55553347
vt 0.32913804 0.04010987
vt 0.31962723 0.25932080
vt 0.14046219 0.02057284
vt 0.14624092 0.02253085
vt 0.26074362 0.56091708
vt 0.25549504 0.56116265
vt 0.21570951 0.06238306
vt 0.31924921 0.26472425
vt 0.30247614 0.57050037
vt 0.31331649 0.07670724
vt 0.31721288 0.36259484
vt 0.34336975 0.36656862
vt 0.31497142 0.51084554
vt 0.31589490 0.36241782
vt 0.00239924 0.02058792
vt 0.00410909 0.56915981
vt 0.03944555 0.55552274
vt 0.08300228 0.01181859
vt 0.17519517 0.56999797
vt 0.31956348 0.22741604
vt 0.32004488 0.24006832
vt 0.34492722 0.24464381
vt 0.01546785 0.55593884
vt 0.01284909 0.55545717
vt 0.13570215 0.01971644
vt 0.27963567 0.03531718
vt 0.26871869 0.03427655
vt 0.31637096 0.50465053
vt 0.06768413 0.55585575
vt 0.08731151 0.55635846
vt 0.09516066 0.57106155
vt 0.34436706 0.27158535
vt 0.32295620 0.08031547
vt 0.29388815 0.56973952
vt 0.31531781 0.48780638
vt 0.18530333 0.05710900
vt 0.23460723 0.56832135
vt 0.32012278 0.27550483
vt 0.25044641 0.06955355
vt 0.34294164 0.40576541
vt 0.00082822 0.00714862
vt 0.08813835 0.57124126
vt 0.32092375 0.12420666
vt 0.31772107 0.12258267
vt 0.31729710 0.12998450
vt 0.32051107 0.12154377
vt 0.34256506 0.54459524
vt 0.04063777 0.00568783
vt 0.04931616 0.00671488
vt 0.31918710 0.16552609
vt 0.31730625 0.17112881
vt 0.27118880 0.07323128
vt 0.31814131 0.32387424
vt 0.31978917 0.29337275
vt 0.01704698 0.00155050
vt 0.00378580 0.00044882
vt 0.34342724 0.50858539
vt 0.08323839 0.03523523
vt 0.20089976 0.55804747
vt 0.19419587 0.55680859
vt 0.31710479 0.37974316
vt 0.34308800 0.38214600
vt 0.28746971 0.07491821
vt 0.11815604 0.55591524
vt 0.31988540 0.21377271
vt 0.21352628 0.02846223
vt 0.22851868 0.03025222
vt 0.27594197 0.56087762
vt 0.31948256 0.15554464
vt 0.25460649 0.56079304
vt 0.32322204 0.10902613
vt 0.32134068 0.11087012
vt 0.32247820 0.10445118
vt 0.31474793 0.43131912
vt 0.34410283 0.28994524
vt 0.34601203 0.20001602
vt 0.09616015 0.03972673
vt 0.11763795 0.01599759
vt 0.00083405 0.00411922
vt 0.00094171 0.00204313
vt 0.03187955 0.02575195
vt 0.00590716 0.02297395
vt 0.26418871 0.07216012
vt 0.31459555 0.41267216
vt 0.02028218 0.02459246
vt 0.11435601 0.04370838
vt 0.34658659 0.18163234
vt 0.00969785 0.57367945
vt 0.32911283 0.57405746
vt 0.34805647 0.14100695
vt 0.04651466 0.02757621
vt 0.05414287 0.02970552
vt 0.07329465 0.03214002
vt 0.04905317 0.57229835
vt 0.08449653 0.03662878
vt 0.04707940 0.02884692
vt 0.07431816 0.03339183
vt 0.25412026 0.03216851
vt 0.31528324 0.50060272
vt 0.19898127 0.05937541
vt 0.00040650 0.01901078
vt 0.31759176 0.57225984
vt 0.31510115 0.41008681
vt 0.20042469 0.02700531
vt 0.34888861 0.11996907
vt 0.21652110 0.55851471
vt 0.31604388 0.40809512
vt 0.07205898 0.00932729
vt 0.31901574 0.25186419
vt 0.13695478 0.55597788
vt 0.31861341 0.13185936
vt 0.96463412 0.37567329
vt 0.96463412 0.37746859
vt 0.96219510 0.37653083
vt 0.05894309 0.34784561
vt 0.06056911 0.34931993
vt 0.05894309 0.35053861
vt 0.22073171 0.54222822
vt 0.22317073 0.54222822
vt 0.22149476 0.54084378
vt 0.22163111 0.54353678
vt 0.99552846 0.09380609
vt 0.99552846 0.09560144
vt 0.99390244 0.09514552
vt 0.55894309 0.78949732
vt 0.56339508 0.79039496
vt 0.56544715 0.78949732
vt 0.11504065 0.15754038
vt 0.11666667 0.15754038
vt 0.11530330 0.15574503
f 3217/3217/3217 3224/3224/3224 3222/3222/3222
f 3585/3585/3585 3581/3581/3581 3583/3583/3583
f 3218/3218/3218 3220/3220/3220 3219/3219/3219
f 3216/3216/3216 3224/3224/3224 3217/3217/3217
f 3224/3224/3224 3227/3227/3227 3226/3226/3226
f 3220/3220/3220 3218/3218/3218 3215/3215/3215
f 3216/3216/3216 3215/3215/3215 3218/3218/3218
f 3215/3215/3215 3217/3217/3217 3222/3222/3222
f 3225/3225/3225 3222/3222/3222 3224/3224/3224
f 2202/2202/2202 2200/2200/2200 2201/2201/2201
f 2201/2201/2201 2200/2200/2200 2178/2178/2178
f 3218/3218/3218 3219/3219/3219 3216/3216/3216
f 3581/3581/3581 3582/3582/3582 3583/3583/3583
f 3219/3219/3219 3221/3221/3221 3223/3223/3223
f 3215/3215/3215 3216/3216/3216 3217/3217/3217
f 3224/3224/3224 3226/3226/3226 3225/3225/3225
f 3219/3219/3219 3220/3220/3220 3221/3221/3221
f 3583/3583/3583 3582/3582/3582 3584/3584/3584
f 4192/4192/4192 4194/4194/4194 4187/4187/4187
f 3548/3548/3548 3547/3547/3547 3549/3549/3549
f 4199/4199/4199 4190/4190/4190 4198/4198/4198
f 4184/4184/4184 4187/4187/4187 4185/4185/4185
f 3547/3547/3547 3531/3531/3531 3529/3529/3529
f 4186/4186/4186 4185/4185/4185 4198/4198/4198
f 4198/4198/4198 4190/4190/4190 4186/4186/4186
f 4221/4221/4221 4222/4222/4222 4223/4223/4223
f 4187/4187/4187 4184/4184/4184 4195/4195/4195
f 4185/4185/4185 4194/4194/4194 4197/4197/4197
f 3531/3531/3531 3548/3548/3548 3533/3533/3533
f 4187/4187/4187 4195/4195/4195 4192/4192/4192
f 4185/4185/4185 4187/4187/4187 4194/4194/4194
f 4184/4184/4184 4185/4185/4185 4186/4186/4186
f 3552/3552/3552 3549/3549/3549 3547/3547/3547
f 4198/4198/4198 4185/4185/4185 4197/4197/4197
f 3550/3550/3550 3547/3547/3547 3529/3529/3529
f 3547/3547/3547 3550/3550/3550 3552/3552/3552
f 4/4/4 5/5/5 6/6/6
f 3553/3553/3553 3551/3551/3551 3526/3526/3526
f 3531/3531/3531 3547/3547/3547 3548/3548/3548
f 3526/3526/3526 3554/3554/3554 3553/3553/3553
f 3552/3552/3552 3550/3550/3550 3553/3553/3553
f 2924/2924/2924 2923/2923/2923 2925/2925/2925
f 2926/2926/2926 2923/2923/2923 2924/2924/2924
f 2920/2920/2920 2916/2916/2916 2919/2919/2919
f 2924/2924/2924 2852/2852/2852 2926/2926/2926
f 2922/2922/2922 2925/2925/2925 2923/2923/2923
f 2922/2922/2922 2923/2923/2923 2921/2921/2921
f 2921/2921/2921 2920/2920/2920 2919/2919/2919
f 2921/2921/2921 2919/2919/2919 2922/2922/2922
f 2880/2880/2880 2850/2850/2850 2879/2879/2879
f 2849/2849/2849 2848/2848/2848 2847/2847/2847
f 2942/2942/2942 2943/2943/2943 2912/2912/2912
f 2881/2881/2881 2879/2879/2879 2911/2911/2911
f 2943/2943/2943 2942/2942/2942 2944/2944/2944
f 2941/2941/2941 2942/2942/2942 2912/2912/2912
f 1/1/1 2/2/2 3/3/3
f 2911/2911/2911 2912/2912/2912 2881/2881/2881
f 2911/2911/2911 2941/2941/2941 2912/2912/2912
f 2847/2847/2847 2879/2879/2879 2850/2850/2850
f 2881/2881/2881 2880/2880/2880 2879/2879/2879
f 2849/2849/2849 2850/2850/2850 2848/2848/2848
f 2899/2899/2899 2898/2898/2898 2897/2897/2897
f 2871/2871/2871 2867/2867/2867 2874/2874/2874
f 2874/2874/2874 2877/2877/2877 2875/2875/2875
f 2877/2877/2877 2962/2962/2962 2875/2875/2875
f 2871/2871/2871 2869/2869/2869 2867/2867/2867
f 2874/2874/2874 2875/2875/2875 2871/2871/2871
f 2868/2868/2868 2867/2867/2867 2869/2869/2869
f 2868/2868/2868 2869/2869/2869 2870/2870/2870
f 2897/2897/2897 2898/2898/2898 2868/2868/2868
f 2900/2900/2900 2898/2898/2898 2899/2899/2899
f 2868/2868/2868 2870/2870/2870 2897/2897/2897
f 2899/2899/2899 2901/2901/2901 2900/2900/2900
f 2778/2778/2778 2780/2780/2780 2777/2777/2777
f 2787/2787/2787 2777/2777/2777 2782/2782/2782
f 2780/2780/2780 2781/2781/2781 2777/2777/2777
f 2778/2778/2778 2856/2856/2856 2780/2780/2780
f 2777/2777/2777 2781/2781/2781 2782/2782/2782
f 3502/3502/3502 3500/3500/3500 3501/3501/3501
f 3502/3502/3502 3501/3501/3501 3503/3503/3503
f 3501/3501/3501 3504/3504/3504 3503/3503/3503
f 764/764/764 768/768/768 854/854/854
f 3503/3503/3503 3504/3504/3504 3505/3505/3505
f 854/854/854 768/768/768 876/876/876
f 3498/3498/3498 3499/3499/3499 3500/3500/3500
f 756/756/756 757/757/757 853/853/853
f 3499/3499/3499 3501/3501/3501 3500/3500/3500
f 853/853/853 757/757/757 764/764/764
f 3484/3484/3484 3492/3492/3492 3493/3493/3493
f 3493/3493/3493 3492/3492/3492 3498/3498/3498
f 755/755/755 756/756/756 851/851/851
f 3498/3498/3498 3492/3492/3492 3499/3499/3499
f 853/853/853 851/851/851 756/756/756
f 3482/3482/3482 3485/3485/3485 3483/3483/3483
f 3482/3482/3482 3483/3483/3483 3484/3484/3484
f 3483/3483/3483 3491/3491/3491 3484/3484/3484
f 843/843/843 746/746/746 840/840/840
f 746/746/746 755/755/755 840/840/840
f 3484/3484/3484 3491/3491/3491 3492/3492/3492
f 3487/3487/3487 3488/3488/3488 3489/3489/3489
f 3487/3487/3487 3489/3489/3489 3485/3485/3485
f 3485/3485/3485 3489/3489/3489 3483/3483/3483
f 771/771/771 745/745/745 843/843/843
f 745/745/745 746/746/746 843/843/843
f 3781/3781/3781 3660/3660/3660 4088/4088/4088
f 3497/3497/3497 3496/3496/3496 3495/3495/3495
f 3496/3496/3496 3494/3494/3494 3495/3495/3495
f 769/769/769 770/770/770 865/865/865
f 3495/3495/3495 3494/3494/3494 3488/3488/3488
f 3488/3488/3488 3494/3494/3494 3490/3490/3490
f 3488/3488/3488 3490/3490/3490 3489/3489/3489
f 3658/3658/3658 3656/3656/3656 4080/4080/4080
f 3567/3567/3567 3557/3557/3557 3559/3559/3559
f 3557/3557/3557 3558/3558/3558 3559/3559/3559
f 3558/3558/3558 3560/3560/3560 3559/3559/3559
f 722/722/722 758/758/758 798/798/798
f 3559/3559/3559 3560/3560/3560 3561/3561/3561
f 758/758/758 714/714/714 798/798/798
f 714/714/714 769/769/769 798/798/798
f 3561/3561/3561 3560/3560/3560 3562/3562/3562
f 866/866/866 769/769/769 865/865/865
f 3563/3563/3563 3564/3564/3564 3555/3555/3555
f 3563/3563/3563 3555/3555/3555 3557/3557/3557
f 3555/3555/3555 3556/3556/3556 3557/3557/3557
f 832/832/832 702/702/702 833/833/833
f 702/702/702 722/722/722 833/833/833
f 3557/3557/3557 3556/3556/3556 3558/3558/3558
f 3566/3566/3566 3565/3565/3565 3564/3564/3564
f 3565/3565/3565 3555/3555/3555 3564/3564/3564
f 850/850/850 698/698/698 832/832/832
f 698/698/698 702/702/702 832/832/832
f 3588/3588/3588 3587/3587/3587 3591/3591/3591
f 3587/3587/3587 3592/3592/3592 3591/3591/3591
f 804/804/804 759/759/759 852/852/852
f 852/852/852 759/759/759 850/850/850
f 759/759/759 698/698/698 850/850/850
f 3589/3589/3589 3586/3586/3586 3588/3588/3588
f 3586/3586/3586 3587/3587/3587 3588/3588/3588
f 823/823/823 206/206/206 804/804/804
f 3509/3509/3509 3508/3508/3508 3513/3513/3513
f 819/819/819 823/823/823 874/874/874
f 3590/3590/3590 3586/3586/3586 3589/3589/3589
f 3510/3510/3510 3507/3507/3507 3509/3509/3509
f 3507/3507/3507 3508/3508/3508 3509/3509/3509
f 3477/3477/3477 3474/3474/3474 3478/3478/3478
f 3477/3477/3477 3478/3478/3478 3479/3479/3479
f 831/831/831 802/802/802 875/875/875
f 3512/3512/3512 3511/3511/3511 3510/3510/3510
f 875/875/875 802/802/802 880/880/880
f 3474/3474/3474 3463/3463/3463 3473/3473/3473
f 3474/3474/3474 3476/3476/3476 3463/3463/3463
f 3474/3474/3474 3473/3473/3473 3478/3478/3478
f 807/807/807 806/806/806 831/831/831
f 636/636/636 807/807/807 856/856/856
f 3463/3463/3463 3470/3470/3470 3473/3473/3473
f 3465/3465/3465 3466/3466/3466 3462/3462/3462
f 3463/3463/3463 3462/3462/3462 3470/3470/3470
f 885/885/885 814/814/814 856/856/856
f 814/814/814 636/636/636 856/856/856
f 3469/3469/3469 3472/3472/3472 3471/3471/3471
f 3469/3469/3469 3471/3471/3471 3467/3467/3467
f 3467/3467/3467 3471/3471/3471 3466/3466/3466
f 824/824/824 810/810/810 835/835/835
f 878/878/878 685/685/685 824/824/824
f 3451/3451/3451 3444/3444/3444 3452/3452/3452
f 3451/3451/3451 3452/3452/3452 3453/3453/3453
f 616/616/616 614/614/614 855/855/855
f 3453/3453/3453 3452/3452/3452 3454/3454/3454
f 614/614/614 685/685/685 855/855/855
f 3454/3454/3454 3452/3452/3452 3455/3455/3455
f 3441/3441/3441 3445/3445/3445 3442/3442/3442
f 3441/3441/3441 3442/3442/3442 3443/3443/3443
f 3443/3443/3443 3442/3442/3442 3444/3444/3444
f 879/879/879 615/615/615 616/616/616
f 3444/3444/3444 3456/3456/3456 3452/3452/3452
f 3449/3449/3449 3448/3448/3448 3447/3447/3447
f 3448/3448/3448 3446/3446/3446 3447/3447/3447
f 3447/3447/3447 3446/3446/3446 3441/3441/3441
f 3441/3441/3441 3446/3446/3446 3445/3445/3445
f 808/808/808 457/457/457 862/862/862
f 457/457/457 844/844/844 862/862/862
f 3449/3449/3449 3458/3458/3458 3450/3450/3450
f 3449/3449/3449 3450/3450/3450 3448/3448/3448
f 860/860/860 785/785/785 809/809/809
f 768/768/768 848/848/848 876/876/876
f 757/757/757 753/753/753 764/764/764
f 771/771/771 744/744/744 745/745/745
f 715/715/715 721/721/721 770/770/770
f 769/769/769 715/715/715 770/770/770
f 721/721/721 744/744/744 770/770/770
f 770/770/770 744/744/744 771/771/771
f 769/769/769 714/714/714 715/715/715
f 702/702/702 711/711/711 722/722/722
f 722/722/722 711/711/711 758/758/758
f 696/696/696 759/759/759 804/804/804
f 206/206/206 207/207/207 696/696/696
f 206/206/206 696/696/696 804/804/804
f 3596/3596/3596 3599/3599/3599 3600/3600/3600
f 819/819/819 205/205/205 823/823/823
f 205/205/205 206/206/206 823/823/823
f 3593/3593/3593 3594/3594/3594 3595/3595/3595
f 818/818/818 588/588/588 204/204/204
f 818/818/818 204/204/204 819/819/819
f 802/802/802 638/638/638 803/803/803
f 638/638/638 208/208/208 803/803/803
f 3510/3510/3510 3511/3511/3511 3507/3507/3507
f 803/803/803 588/588/588 818/818/818
f 803/803/803 208/208/208 588/588/588
f 806/806/806 639/639/639 831/831/831
f 831/831/831 639/639/639 802/802/802
f 3782/3782/3782 3739/3739/3739 4023/4023/4023
f 3464/3464/3464 3463/3463/3463 3480/3480/3480
f 3481/3481/3481 3464/3464/3464 3480/3480/3480
f 636/636/636 637/637/637 807/807/807
f 807/807/807 637/637/637 806/806/806
f 3468/3468/3468 3467/3467/3467 3465/3465/3465
f 3467/3467/3467 3466/3466/3466 3465/3465/3465
f 814/814/814 646/646/646 636/636/636
f 810/810/810 761/761/761 835/835/835
f 761/761/761 645/645/645 835/835/835
f 835/835/835 814/814/814 885/885/885
f 835/835/835 645/645/645 814/814/814
f 3753/3753/3753 3898/3898/3898 3897/3897/3897
f 685/685/685 684/684/684 824/824/824
f 824/824/824 684/684/684 810/810/810
f 3763/3763/3763 3906/3906/3906 3896/3896/3896
f 685/685/685 614/614/614 613/613/613
f 3904/3904/3904 3908/3908/3908 3905/3905/3905
f 615/615/615 609/609/609 616/616/616
f 616/616/616 609/609/609 614/614/614
f 457/457/457 608/608/608 844/844/844
f 879/879/879 844/844/844 615/615/615
f 844/844/844 608/608/608 615/615/615
f 809/809/809 765/765/765 808/808/808
f 808/808/808 765/765/765 457/457/457
f 3157/3157/3157 3152/3152/3152 3156/3156/3156
f 785/785/785 765/765/765 809/809/809
f 3743/3743/3743 4113/4113/4113 3790/3790/3790
f 755/755/755 749/749/749 756/756/756
f 754/754/754 757/757/757 756/756/756
f 698/698/698 697/697/697 702/702/702
f 696/696/696 695/695/695 759/759/759
f 759/759/759 695/695/695 698/698/698
f 698/698/698 695/695/695 697/697/697
f 819/819/819 204/204/204 205/205/205
f 208/208/208 203/203/203 588/588/588
f 806/806/806 637/637/637 639/639/639
f 685/685/685 610/610/610 684/684/684
f 613/613/613 610/610/610 685/685/685
f 609/609/609 611/611/611 614/614/614
f 608/608/608 609/609/609 615/615/615
f 3152/3152/3152 3151/3151/3151 3156/3156/3156
f 860/860/860 786/786/786 785/785/785
f 3411/3411/3411 3409/3409/3409 3410/3410/3410
f 4166/4166/4166 4167/4167/4167 4168/4168/4168
f 4166/4166/4166 4170/4170/4170 4167/4167/4167
f 4170/4170/4170 4172/4172/4172 4171/4171/4171
f 4167/4167/4167 4170/4170/4170 4171/4171/4171
f 3419/3419/3419 3418/3418/3418 3411/3411/3411
f 4177/4177/4177 4174/4174/4174 4168/4168/4168
f 4168/4168/4168 4169/4169/4169 4166/4166/4166
f 4545/4545/4545 4305/4305/4305 4304/4304/4304
f 3427/3427/3427 3429/3429/3429 3433/3433/3433
f 3433/3433/3433 3429/3429/3429 3434/3434/3434
f 4175/4175/4175 4173/4173/4173 4174/4174/4174
f 3438/3438/3438 3439/3439/3439 3436/3436/3436
f 3436/3436/3436 3432/3432/3432 3430/3430/3430
f 3432/3432/3432 3431/3431/3431 3430/3430/3430
f 3430/3430/3430 3431/3431/3431 3428/3428/3428
f 3430/3430/3430 3428/3428/3428 3427/3427/3427
f 3431/3431/3431 3437/3437/3437 3428/3428/3428
f 3437/3437/3437 3440/3440/3440 3428/3428/3428
f 3427/3427/3427 3428/3428/3428 3429/3429/3429
f 3428/3428/3428 3440/3440/3440 3429/3429/3429
f 4774/4774/4774 4656/4656/4656 4565/4565/4565
f 3434/3434/3434 3429/3429/3429 3435/3435/3435
f 3721/3721/3721 3720/3720/3720 3719/3719/3719
f 757/757/757 752/752/752 753/753/753
f 753/753/753 766/766/766 764/764/764
f 745/745/745 744/744/744 743/743/743
f 745/745/745 743/743/743 746/746/746
f 746/746/746 743/743/743 748/748/748
f 758/758/758 711/711/711 714/714/714
f 697/697/697 699/699/699 702/702/702
f 205/205/205 198/198/198 206/206/206
f 206/206/206 198/198/198 199/199/199
f 199/199/199 207/207/207 206/206/206
f 588/588/588 203/203/203 204/204/204
f 204/204/204 198/198/198 205/205/205
f 802/802/802 639/639/639 638/638/638
f 636/636/636 635/635/635 637/637/637
f 646/646/646 635/635/635 636/636/636
f 814/814/814 645/645/645 646/646/646
f 684/684/684 761/761/761 810/810/810
f 614/614/614 611/611/611 613/613/613
f 3907/3907/3907 3795/3795/3795 3807/3807/3807
f 3378/3378/3378 3380/3380/3380 3382/3382/3382
f 3380/3380/3380 3379/3379/3379 3381/3381/3381
f 3379/3379/3379 3384/3384/3384 3383/3383/3383
f 3381/3381/3381 3379/3379/3379 3383/3383/3383
f 3384/3384/3384 3421/3421/3421 3383/3383/3383
f 3374/3374/3374 3377/3377/3377 3378/3378/3378
f 3377/3377/3377 3379/3379/3379 3378/3378/3378
f 4371/4371/4371 4368/4368/4368 4709/4709/4709
f 3377/3377/3377 3422/3422/3422 3379/3379/3379
f 3378/3378/3378 3379/3379/3379 3380/3380/3380
f 4368/4368/4368 4369/4369/4369 4709/4709/4709
f 4842/4842/4842 4843/4843/4843 4844/4844/4844
f 4224/4224/4224 4225/4225/4225 4226/4226/4226
f 3371/3371/3371 3373/3373/3373 3374/3374/3374
f 3372/3372/3372 3424/3424/3424 3373/3373/3373
f 3374/3374/3374 3373/3373/3373 3375/3375/3375
f 3374/3374/3374 3375/3375/3375 3377/3377/3377
f 3373/3373/3373 3424/3424/3424 3375/3375/3375
f 4639/4639/4639 4376/4376/4376 4391/4391/4391
f 3375/3375/3375 3422/3422/3422 3377/3377/3377
f 3423/3423/3423 3367/3367/3367 3368/3368/3368
f 3368/3368/3368 3370/3370/3370 3371/3371/3371
f 4587/4587/4587 4540/4540/4540 4822/4822/4822
f 3371/3371/3371 3370/3370/3370 3372/3372/3372
f 3371/3371/3371 3372/3372/3372 3373/3373/3373
f 4822/4822/4822 4540/4540/4540 4638/4638/4638
f 4540/4540/4540 4539/4539/4539 4638/4638/4638
f 3367/3367/3367 3364/3364/3364 3366/3366/3366
f 4436/4436/4436 4435/4435/4435 4807/4807/4807
f 3367/3367/3367 3366/3366/3366 3368/3368/3368
f 3368/3368/3368 3366/3366/3366 3369/3369/3369
f 4435/4435/4435 4434/4434/4434 4587/4587/4587
f 4807/4807/4807 4435/4435/4435 4587/4587/4587
f 4434/4434/4434 4540/4540/4540 4587/4587/4587
f 3368/3368/3368 3369/3369/3369 3370/3370/3370
f 3360/3360/3360 3361/3361/3361 3362/3362/3362
f 3361/3361/3361 3363/3363/3363 3362/3362/3362
f 4384/4384/4384 4333/4333/4333 4804/4804/4804
f 4333/4333/4333 4334/4334/4334 4804/4804/4804
f 3362/3362/3362 3363/3363/3363 3364/3364/3364
f 4334/4334/4334 4373/4373/4373 4804/4804/4804
f 3364/3364/3364 3363/3363/3363 3365/3365/3365
f 4804/4804/4804 4373/4373/4373 4436/4436/4436
f 4373/4373/4373 4374/4374/4374 4436/4436/4436
f 3364/3364/3364 3365/3365/3365 3366/3366/3366
f 4374/4374/4374 4435/4435/4435 4436/4436/4436
f 3356/3356/3356 3357/3357/3357 3360/3360/3360
f 3357/3357/3357 3359/3359/3359 3360/3360/3360
f 3360/3360/3360 3359/3359/3359 3361/3361/3361
f 4437/4437/4437 4432/4432/4432 4793/4793/4793
f 3361/3361/3361 3359/3359/3359 3385/3385/3385
f 4793/4793/4793 4432/4432/4432 4379/4379/4379
f 3385/3385/3385 3386/3386/3386 3361/3361/3361
f 4379/4379/4379 4333/4333/4333 4384/4384/4384
f 3361/3361/3361 3386/3386/3386 3363/3363/3363
f 3353/3353/3353 3355/3355/3355 3356/3356/3356
f 3356/3356/3356 3355/3355/3355 3357/3357/3357
f 4390/4390/4390 4247/4247/4247 4708/4708/4708
f 4247/4247/4247 4438/4438/4438 4708/4708/4708
f 3357/3357/3357 3355/3355/3355 3358/3358/3358
f 4708/4708/4708 4438/4438/4438 4439/4439/4439
f 3357/3357/3357 3358/3358/3358 3359/3359/3359
f 4438/4438/4438 4437/4437/4437 4439/4439/4439
f 3347/3347/3347 3350/3350/3350 3352/3352/3352
f 4675/4675/4675 4243/4243/4243 4739/4739/4739
f 3352/3352/3352 3350/3350/3350 3353/3353/3353
f 4243/4243/4243 4245/4245/4245 4739/4739/4739
f 3353/3353/3353 3350/3350/3350 3354/3354/3354
f 4739/4739/4739 4245/4245/4245 4390/4390/4390
f 3353/3353/3353 3354/3354/3354 3355/3355/3355
f 4245/4245/4245 4247/4247/4247 4390/4390/4390
f 3387/3387/3387 3351/3351/3351 3347/3347/3347
f 3347/3347/3347 3351/3351/3351 3348/3348/3348
f 4246/4246/4246 4244/4244/4244 4749/4749/4749
f 3347/3347/3347 3348/3348/3348 3349/3349/3349
f 4749/4749/4749 4244/4244/4244 4675/4675/4675
f 3347/3347/3347 3349/3349/3349 3350/3350/3350
f 4244/4244/4244 4243/4243/4243 4675/4675/4675
f 3392/3392/3392 3389/3389/3389 3387/3387/3387
f 3389/3389/3389 3388/3388/3388 3387/3387/3387
f 3388/3388/3388 3376/3376/3376 3351/3351/3351
f 3387/3387/3387 3388/3388/3388 3351/3351/3351
f 4268/4268/4268 4257/4257/4257 4253/4253/4253
f 4792/4792/4792 4268/4268/4268 4253/4253/4253
f 3351/3351/3351 3376/3376/3376 3348/3348/3348
f 3394/3394/3394 3391/3391/3391 3393/3393/3393
f 3393/3393/3393 3391/3391/3391 3392/3392/3392
f 3392/3392/3392 3391/3391/3391 3389/3389/3389
f 4271/4271/4271 4259/4259/4259 4704/4704/4704
f 3391/3391/3391 3390/3390/3390 3389/3389/3389
f 4704/4704/4704 4259/4259/4259 4701/4701/4701
f 3389/3389/3389 3390/3390/3390 3388/3388/3388
f 4259/4259/4259 4267/4267/4267 4701/4701/4701
f 3388/3388/3388 3390/3390/3390 3415/3415/3415
f 1194/1194/1194 1749/1749/1749 1195/1195/1195
f 3397/3397/3397 3398/3398/3398 3396/3396/3396
f 3397/3397/3397 3396/3396/3396 3394/3394/3394
f 3412/3412/3412 3425/3425/3425 3396/3396/3396
f 3394/3394/3394 3396/3396/3396 3395/3395/3395
f 3394/3394/3394 3395/3395/3395 3391/3391/3391
f 3396/3396/3396 3425/3425/3425 3395/3395/3395
f 4269/4269/4269 4271/4271/4271 4400/4400/4400
f 3400/3400/3400 3399/3399/3399 3398/3398/3398
f 4281/4281/4281 4275/4275/4275 4729/4729/4729
f 4275/4275/4275 4270/4270/4270 4729/4729/4729
f 3398/3398/3398 3399/3399/3399 3396/3396/3396
f 3396/3396/3396 3399/3399/3399 3412/3412/3412
f 4729/4729/4729 4270/4270/4270 4544/4544/4544
f 3417/3417/3417 3405/3405/3405 3414/3414/3414
f 3405/3405/3405 3402/3402/3402 3414/3414/3414
f 3414/3414/3414 3402/3402/3402 3400/3400/3400
f 3402/3402/3402 3401/3401/3401 3400/3400/3400
f 3400/3400/3400 3401/3401/3401 3399/3399/3399
f 4585/4585/4585 4392/4392/4392 4779/4779/4779
f 3399/3399/3399 3401/3401/3401 3420/3420/3420
f 4779/4779/4779 4392/4392/4392 4281/4281/4281
f 1416/1416/1416 1737/1737/1737 1739/1739/1739
f 1416/1416/1416 1739/1739/1739 1596/1596/1596
f 3426/3426/3426 3407/3407/3407 3417/3417/3417
f 3407/3407/3407 3405/3405/3405 3417/3417/3417
f 3405/3405/3405 3404/3404/3404 3402/3402/3402
f 3402/3402/3402 3404/3404/3404 3403/3403/3403
f 4757/4757/4757 4584/4584/4584 4586/4586/4586
f 4584/4584/4584 4585/4585/4585 4586/4586/4586
f 3402/3402/3402 3403/3403/3403 3401/3401/3401
f 3410/3410/3410 3409/3409/3409 3407/3407/3407
f 3409/3409/3409 3408/3408/3408 3407/3407/3407
f 3407/3407/3407 3408/3408/3408 3406/3406/3406
f 3407/3407/3407 3406/3406/3406 3405/3405/3405
f 4716/4716/4716 4429/4429/4429 4564/4564/4564
f 3405/3405/3405 3406/3406/3406 3404/3404/3404
f 4546/4546/4546 4377/4377/4377 4588/4588/4588
f 4377/4377/4377 4378/4378/4378 4588/4588/4588
f 3411/3411/3411 3413/3413/3413 3409/3409/3409
f 3409/3409/3409 3413/3413/3413 3416/3416/3416
f 4588/4588/4588 4378/4378/4378 4433/4433/4433
f 3409/3409/3409 3416/3416/3416 3408/3408/3408
f 1419/1419/1419 1748/1748/1748 1408/1408/1408
f 4545/4545/4545 4294/4294/4294 4546/4546/4546
f 4441/4441/4441 4442/4442/4442 4700/4700/4700
f 4174/4174/4174 4173/4173/4173 4168/4168/4168
f 4168/4168/4168 4173/4173/4173 4169/4169/4169
f 4700/4700/4700 4442/4442/4442 4305/4305/4305
f 3189/3189/3189 3185/3185/3185 3184/3184/3184
f 4416/4416/4416 4409/4409/4409 4656/4656/4656
f 4764/4764/4764 4416/4416/4416 4656/4656/4656
f 4409/4409/4409 4403/4403/4403 4656/4656/4656
f 4656/4656/4656 4403/4403/4403 4565/4565/4565
f 4403/4403/4403 4401/4401/4401 4565/4565/4565
f 4774/4774/4774 4565/4565/4565 4566/4566/4566
f 4565/4565/4565 4401/4401/4401 4566/4566/4566
f 4175/4175/4175 4176/4176/4176 4173/4173/4173
f 4401/4401/4401 4441/4441/4441 4566/4566/4566
f 3436/3436/3436 3439/3439/3439 3432/3432/3432
f 4699/4699/4699 4415/4415/4415 4687/4687/4687
f 4687/4687/4687 4415/4415/4415 4575/4575/4575
f 4415/4415/4415 4414/4414/4414 4575/4575/4575
f 4575/4575/4575 4414/4414/4414 4416/4416/4416
f 4575/4575/4575 4416/4416/4416 4764/4764/4764
f 756/756/756 749/749/749 754/754/754
f 715/715/715 716/716/716 721/721/721
f 721/721/721 742/742/742 744/744/744
f 3658/3658/3658 3657/3657/3657 3656/3656/3656
f 714/714/714 713/713/713 715/715/715
f 715/715/715 713/713/713 716/716/716
f 702/702/702 701/701/701 711/711/711
f 207/207/207 691/691/691 696/696/696
f 203/203/203 198/198/198 204/204/204
f 643/643/643 635/635/635 646/646/646
f 761/761/761 644/644/644 645/645/645
f 645/645/645 643/643/643 646/646/646
f 765/765/765 456/456/456 457/457/457
f 785/785/785 786/786/786 777/777/777
f 785/785/785 776/776/776 765/765/765
f 4371/4371/4371 4370/4370/4370 4368/4368/4368
f 4537/4537/4537 4376/4376/4376 4639/4639/4639
f 4376/4376/4376 4375/4375/4375 4391/4391/4391
f 4391/4391/4391 4375/4375/4375 4370/4370/4370
f 4391/4391/4391 4370/4370/4370 4371/4371/4371
f 4540/4540/4540 4538/4538/4538 4539/4539/4539
f 4538/4538/4538 4537/4537/4537 4539/4539/4539
f 4638/4638/4638 4539/4539/4539 4537/4537/4537
f 4638/4638/4638 4537/4537/4537 4639/4639/4639
f 1595/1595/1595 1733/1733/1733 1592/1592/1592
f 4435/4435/4435 4335/4335/4335 4434/4434/4434
f 4540/4540/4540 4434/4434/4434 4538/4538/4538
f 4333/4333/4333 4332/4332/4332 4334/4334/4334
f 4332/4332/4332 4372/4372/4372 4334/4334/4334
f 4334/4334/4334 4372/4372/4372 4373/4373/4373
f 4373/4373/4373 4372/4372/4372 4374/4374/4374
f 4374/4374/4374 4330/4330/4330 4435/4435/4435
f 4432/4432/4432 4322/4322/4322 4379/4379/4379
f 4379/4379/4379 4322/4322/4322 4333/4333/4333
f 4243/4243/4243 4242/4242/4242 4245/4245/4245
f 4242/4242/4242 4247/4247/4247 4245/4245/4245
f 4268/4268/4268 4255/4255/4255 4257/4257/4257
f 4258/4258/4258 4259/4259/4259 4271/4271/4271
f 4259/4259/4259 4255/4255/4255 4267/4267/4267
f 4267/4267/4267 4255/4255/4255 4268/4268/4268
f 4281/4281/4281 4280/4280/4280 4275/4275/4275
f 4544/4544/4544 4270/4270/4270 4269/4269/4269
f 4284/4284/4284 4280/4280/4280 4392/4392/4392
f 4585/4585/4585 4284/4284/4284 4392/4392/4392
f 4392/4392/4392 4280/4280/4280 4281/4281/4281
f 4584/4584/4584 4285/4285/4285 4284/4284/4284
f 4584/4584/4584 4284/4284/4284 4585/4585/4585
f 4429/4429/4429 4288/4288/4288 4286/4286/4286
f 4429/4429/4429 4286/4286/4286 4564/4564/4564
f 4564/4564/4564 4286/4286/4286 4584/4584/4584
f 4377/4377/4377 4292/4292/4292 4378/4378/4378
f 4292/4292/4292 4290/4290/4290 4378/4378/4378
f 4378/4378/4378 4290/4290/4290 4288/4288/4288
f 4378/4378/4378 4288/4288/4288 4433/4433/4433
f 4304/4304/4304 4303/4303/4303 4302/4302/4302
f 4304/4304/4304 4302/4302/4302 4545/4545/4545
f 4545/4545/4545 4302/4302/4302 4300/4300/4300
f 4545/4545/4545 4300/4300/4300 4294/4294/4294
f 4441/4441/4441 4310/4310/4310 4442/4442/4442
f 4442/4442/4442 4310/4310/4310 4303/4303/4303
f 4442/4442/4442 4303/4303/4303 4305/4305/4305
f 749/749/749 752/752/752 754/754/754
f 754/754/754 752/752/752 757/757/757
f 744/744/744 742/742/742 743/743/743
f 711/711/711 713/713/713 714/714/714
f 696/696/696 691/691/691 695/695/695
f 691/691/691 692/692/692 695/695/695
f 695/695/695 692/692/692 697/697/697
f 199/199/199 691/691/691 207/207/207
f 203/203/203 200/200/200 198/198/198
f 208/208/208 202/202/202 203/203/203
f 637/637/637 175/175/175 639/639/639
f 639/639/639 175/175/175 638/638/638
f 684/684/684 644/644/644 761/761/761
f 457/457/457 455/455/455 608/608/608
f 608/608/608 455/455/455 609/609/609
f 457/457/457 456/456/456 455/455/455
f 777/777/777 776/776/776 785/785/785
f 4368/4368/4368 4360/4360/4360 4369/4369/4369
f 4360/4360/4360 4361/4361/4361 4369/4369/4369
f 4369/4369/4369 4361/4361/4361 4399/4399/4399
f 4342/4342/4342 4344/4344/4344 4537/4537/4537
f 4537/4537/4537 4344/4344/4344 4376/4376/4376
f 4538/4538/4538 4340/4340/4340 4342/4342/4342
f 4538/4538/4538 4342/4342/4342 4537/4537/4537
f 4335/4335/4335 4337/4337/4337 4434/4434/4434
f 4434/4434/4434 4337/4337/4337 4340/4340/4340
f 4434/4434/4434 4340/4340/4340 4538/4538/4538
f 4322/4322/4322 4332/4332/4332 4333/4333/4333
f 4332/4332/4332 4331/4331/4331 4372/4372/4372
f 4372/4372/4372 4331/4331/4331 4330/4330/4330
f 4372/4372/4372 4330/4330/4330 4374/4374/4374
f 4437/4437/4437 4326/4326/4326 4320/4320/4320
f 4437/4437/4437 4320/4320/4320 4432/4432/4432
f 4432/4432/4432 4320/4320/4320 4322/4322/4322
f 4248/4248/4248 4315/4315/4315 4247/4247/4247
f 4247/4247/4247 4315/4315/4315 4438/4438/4438
f 4438/4438/4438 4315/4315/4315 4326/4326/4326
f 4438/4438/4438 4326/4326/4326 4437/4437/4437
f 4247/4247/4247 4242/4242/4242 4248/4248/4248
f 4246/4246/4246 4239/4239/4239 4244/4244/4244
f 4244/4244/4244 4239/4239/4239 4238/4238/4238
f 4244/4244/4244 4238/4238/4238 4243/4243/4243
f 4255/4255/4255 4252/4252/4252 4257/4257/4257
f 4257/4257/4257 4252/4252/4252 4253/4253/4253
f 4253/4253/4253 4252/4252/4252 4239/4239/4239
f 4253/4253/4253 4239/4239/4239 4246/4246/4246
f 4259/4259/4259 4258/4258/4258 4255/4255/4255
f 4269/4269/4269 4265/4265/4265 4260/4260/4260
f 4269/4269/4269 4260/4260/4260 4271/4271/4271
f 4271/4271/4271 4260/4260/4260 4258/4258/4258
f 4280/4280/4280 4274/4274/4274 4275/4275/4275
f 4275/4275/4275 4274/4274/4274 4273/4273/4273
f 4275/4275/4275 4273/4273/4273 4270/4270/4270
f 4270/4270/4270 4273/4273/4273 4265/4265/4265
f 4270/4270/4270 4265/4265/4265 4269/4269/4269
f 4294/4294/4294 4292/4292/4292 4377/4377/4377
f 4441/4441/4441 4401/4401/4401 4310/4310/4310
f 3185/3185/3185 3183/3183/3183 3184/3184/3184
f 4416/4416/4416 4410/4410/4410 4409/4409/4409
f 4409/4409/4409 4404/4404/4404 4403/4403/4403
f 4403/4403/4403 4402/4402/4402 4401/4401/4401
f 4415/4415/4415 4412/4412/4412 4414/4414/4414
f 4416/4416/4416 4414/4414/4414 4410/4410/4410
f 764/764/764 766/766/766 768/768/768
f 766/766/766 767/767/767 768/768/768
f 768/768/768 767/767/767 848/848/848
f 752/752/752 751/751/751 753/753/753
f 748/748/748 749/749/749 746/746/746
f 746/746/746 749/749/749 755/755/755
f 721/721/721 716/716/716 742/742/742
f 702/702/702 699/699/699 701/701/701
f 203/203/203 202/202/202 200/200/200
f 175/175/175 178/178/178 638/638/638
f 638/638/638 202/202/202 208/208/208
f 637/637/637 635/635/635 175/175/175
f 644/644/644 643/643/643 645/645/645
f 611/611/611 526/526/526 613/613/613
f 609/609/609 612/612/612 611/611/611
f 776/776/776 456/456/456 765/765/765
f 4368/4368/4368 4370/4370/4370 4351/4351/4351
f 4368/4368/4368 4351/4351/4351 4360/4360/4360
f 4376/4376/4376 4344/4344/4344 4345/4345/4345
f 4376/4376/4376 4345/4345/4345 4375/4375/4375
f 4375/4375/4375 4345/4345/4345 4370/4370/4370
f 4340/4340/4340 4341/4341/4341 4342/4342/4342
f 4322/4322/4322 4324/4324/4324 4332/4332/4332
f 4332/4332/4332 4324/4324/4324 4331/4331/4331
f 4331/4331/4331 4328/4328/4328 4330/4330/4330
f 4326/4326/4326 4316/4316/4316 4320/4320/4320
f 4326/4326/4326 4315/4315/4315 4316/4316/4316
f 4238/4238/4238 4240/4240/4240 4242/4242/4242
f 4255/4255/4255 4254/4254/4254 4252/4252/4252
f 4258/4258/4258 4256/4256/4256 4255/4255/4255
f 4260/4260/4260 4256/4256/4256 4258/4258/4258
f 4284/4284/4284 4279/4279/4279 4280/4280/4280
f 4286/4286/4286 4283/4283/4283 4285/4285/4285
f 4285/4285/4285 4283/4283/4283 4284/4284/4284
f 4288/4288/4288 4287/4287/4287 4286/4286/4286
f 4303/4303/4303 4301/4301/4301 4302/4302/4302
f 4310/4310/4310 4306/4306/4306 4303/4303/4303
f 4403/4403/4403 4404/4404/4404 4402/4402/4402
f 3183/3183/3183 3181/3181/3181 3184/3184/3184
f 4699/4699/4699 4806/4806/4806 4415/4415/4415
f 4412/4412/4412 4413/4413/4413 4414/4414/4414
f 4414/4414/4414 4413/4413/4413 4410/4410/4410
f 751/751/751 766/766/766 753/753/753
f 749/749/749 750/750/750 752/752/752
f 638/638/638 178/178/178 202/202/202
f 635/635/635 174/174/174 175/175/175
f 644/644/644 530/530/530 643/643/643
f 684/684/684 530/530/530 644/644/644
f 613/613/613 526/526/526 610/610/610
f 3152/3152/3152 3150/3150/3150 3151/3151/3151
f 786/786/786 787/787/787 777/777/777
f 4345/4345/4345 4351/4351/4351 4370/4370/4370
f 4342/4342/4342 4341/4341/4341 4344/4344/4344
f 4337/4337/4337 4339/4339/4339 4340/4340/4340
f 4340/4340/4340 4339/4339/4339 4341/4341/4341
f 4329/4329/4329 4336/4336/4336 4335/4335/4335
f 4335/4335/4335 4336/4336/4336 4337/4337/4337
f 4242/4242/4242 4240/4240/4240 4248/4248/4248
f 4256/4256/4256 4254/4254/4254 4255/4255/4255
f 4265/4265/4265 4264/4264/4264 4260/4260/4260
f 4280/4280/4280 4279/4279/4279 4277/4277/4277
f 4283/4283/4283 4279/4279/4279 4284/4284/4284
f 4294/4294/4294 4293/4293/4293 4292/4292/4292
f 4302/4302/4302 4301/4301/4301 4300/4300/4300
f 4300/4300/4300 4299/4299/4299 4294/4294/4294
f 4294/4294/4294 4299/4299/4299 4293/4293/4293
f 4401/4401/4401 4383/4383/4383 4310/4310/4310
f 4306/4306/4306 4301/4301/4301 4303/4303/4303
f 4409/4409/4409 4410/4410/4410 4404/4404/4404
f 4402/4402/4402 4383/4383/4383 4401/4401/4401
f 4806/4806/4806 4423/4423/4423 4415/4415/4415
f 767/767/767 873/873/873 872/872/872
f 848/848/848 767/767/767 872/872/872
f 711/711/711 712/712/712 713/713/713
f 692/692/692 694/694/694 697/697/697
f 697/697/697 694/694/694 699/699/699
f 691/691/691 693/693/693 692/692/692
f 198/198/198 195/195/195 199/199/199
f 684/684/684 610/610/610 530/530/530
f 611/611/611 612/612/612 526/526/526
f 4360/4360/4360 4359/4359/4359 4361/4361/4361
f 4341/4341/4341 4345/4345/4345 4344/4344/4344
f 4324/4324/4324 4328/4328/4328 4331/4331/4331
f 4328/4328/4328 4329/4329/4329 4330/4330/4330
f 4318/4318/4318 4319/4319/4319 4316/4316/4316
f 4316/4316/4316 4319/4319/4319 4320/4320/4320
f 4320/4320/4320 4321/4321/4321 4322/4322/4322
f 4248/4248/4248 4314/4314/4314 4315/4315/4315
f 4314/4314/4314 4316/4316/4316 4315/4315/4315
f 4240/4240/4240 4249/4249/4249 4248/4248/4248
f 4249/4249/4249 4314/4314/4314 4248/4248/4248
f 4238/4238/4238 4239/4239/4239 4240/4240/4240
f 4264/4264/4264 4262/4262/4262 4260/4260/4260
f 4260/4260/4260 4261/4261/4261 4256/4256/4256
f 4273/4273/4273 4272/4272/4272 4265/4265/4265
f 4288/4288/4288 4289/4289/4289 4287/4287/4287
f 4292/4292/4292 4293/4293/4293 4291/4291/4291
f 4292/4292/4292 4291/4291/4291 4290/4290/4290
f 4291/4291/4291 4289/4289/4289 4290/4290/4290
f 4290/4290/4290 4289/4289/4289 4288/4288/4288
f 4301/4301/4301 4299/4299/4299 4300/4300/4300
f 4310/4310/4310 4383/4383/4383 4306/4306/4306
f 752/752/752 750/750/750 751/751/751
f 743/743/743 741/741/741 748/748/748
f 713/713/713 717/717/717 716/716/716
f 643/643/643 179/179/179 635/635/635
f 3282/3282/3282 3278/3278/3278 3281/3281/3281
f 4359/4359/4359 4362/4362/4362 4361/4361/4361
f 4339/4339/4339 4343/4343/4343 4341/4341/4341
f 4337/4337/4337 4336/4336/4336 4339/4339/4339
f 1593/1593/1593 1332/1332/1332 1594/1594/1594
f 4322/4322/4322 4321/4321/4321 4323/4323/4323
f 4322/4322/4322 4323/4323/4323 4324/4324/4324
f 4320/4320/4320 4319/4319/4319 4321/4321/4321
f 4314/4314/4314 4317/4317/4317 4316/4316/4316
f 4316/4316/4316 4317/4317/4317 4318/4318/4318
f 4239/4239/4239 4241/4241/4241 4240/4240/4240
f 4252/4252/4252 4251/4251/4251 4239/4239/4239
f 4262/4262/4262 4261/4261/4261 4260/4260/4260
f 1197/1197/1197 1201/1201/1201 1200/1200/1200
f 4273/4273/4273 4274/4274/4274 4272/4272/4272
f 4265/4265/4265 4266/4266/4266 4264/4264/4264
f 4289/4289/4289 4296/4296/4296 4287/4287/4287
f 4301/4301/4301 4311/4311/4311 4299/4299/4299
f 4306/4306/4306 4311/4311/4311 4301/4301/4301
f 3183/3183/3183 3182/3182/3182 3181/3181/3181
f 4423/4423/4423 4421/4421/4421 4415/4415/4415
f 4415/4415/4415 4421/4421/4421 4412/4412/4412
f 742/742/742 741/741/741 743/743/743
f 716/716/716 717/717/717 719/719/719
f 3652/3652/3652 3691/3691/3691 3650/3650/3650
f 712/712/712 717/717/717 713/713/713
f 3650/3650/3650 3858/3858/3858 3651/3651/3651
f 3672/3672/3672 3673/3673/3673 3674/3674/3674
f 202/202/202 201/201/201 200/200/200
f 178/178/178 201/201/201 202/202/202
f 643/643/643 180/180/180 179/179/179
f 643/643/643 530/530/530 180/180/180
f 3765/3765/3765 3766/3766/3766 3759/3759/3759
f 455/455/455 453/453/453 609/609/609
f 609/609/609 453/453/453 612/612/612
f 4360/4360/4360 4351/4351/4351 4352/4352/4352
f 4352/4352/4352 4359/4359/4359 4360/4360/4360
f 4345/4345/4345 4341/4341/4341 4346/4346/4346
f 4346/4346/4346 4347/4347/4347 4345/4345/4345
f 4336/4336/4336 4338/4338/4338 4339/4339/4339
f 4338/4338/4338 4343/4343/4343 4339/4339/4339
f 4323/4323/4323 4327/4327/4327 4324/4324/4324
f 4324/4324/4324 4327/4327/4327 4328/4328/4328
f 4328/4328/4328 4327/4327/4327 4329/4329/4329
f 4254/4254/4254 4251/4251/4251 4252/4252/4252
f 4312/4312/4312 4313/4313/4313 4256/4256/4256
f 4256/4256/4256 4313/4313/4313 4254/4254/4254
f 4287/4287/4287 4296/4296/4296 4297/4297/4297
f 4291/4291/4291 4295/4295/4295 4289/4289/4289
f 4289/4289/4289 4295/4295/4295 4296/4296/4296
f 4402/4402/4402 4404/4404/4404 4405/4405/4405
f 4402/4402/4402 4405/4405/4405 4383/4383/4383
f 4413/4413/4413 4418/4418/4418 4410/4410/4410
f 4410/4410/4410 4418/4418/4418 4411/4411/4411
f 4410/4410/4410 4411/4411/4411 4404/4404/4404
f 751/751/751 729/729/729 766/766/766
f 766/766/766 729/729/729 767/767/767
f 749/749/749 747/747/747 750/750/750
f 716/716/716 719/719/719 742/742/742
f 711/711/711 701/701/701 712/712/712
f 699/699/699 700/700/700 701/701/701
f 692/692/692 693/693/693 694/694/694
f 691/691/691 196/196/196 693/693/693
f 195/195/195 196/196/196 199/199/199
f 199/199/199 196/196/196 691/691/691
f 635/635/635 179/179/179 174/174/174
f 528/528/528 530/530/530 610/610/610
f 526/526/526 528/528/528 610/610/610
f 453/453/453 526/526/526 612/612/612
f 776/776/776 461/461/461 456/456/456
f 3150/3150/3150 3149/3149/3149 3151/3151/3151
f 777/777/777 775/775/775 776/776/776
f 787/787/787 775/775/775 777/777/777
f 4345/4345/4345 4347/4347/4347 4350/4350/4350
f 4345/4345/4345 4350/4350/4350 4351/4351/4351
f 4341/4341/4341 4349/4349/4349 4346/4346/4346
f 4343/4343/4343 4348/4348/4348 4341/4341/4341
f 4329/4329/4329 4338/4338/4338 4336/4336/4336
f 4387/4387/4387 4551/4551/4551 4249/4249/4249
f 4240/4240/4240 4387/4387/4387 4249/4249/4249
f 4239/4239/4239 4251/4251/4251 4250/4250/4250
f 4239/4239/4239 4250/4250/4250 4241/4241/4241
f 4241/4241/4241 4387/4387/4387 4240/4240/4240
f 4254/4254/4254 4263/4263/4263 4251/4251/4251
f 4272/4272/4272 4266/4266/4266 4265/4265/4265
f 4279/4279/4279 4278/4278/4278 4277/4277/4277
f 4283/4283/4283 4282/4282/4282 4279/4279/4279
f 4296/4296/4296 4548/4548/4548 4297/4297/4297
f 4293/4293/4293 4307/4307/4307 4291/4291/4291
f 4307/4307/4307 4295/4295/4295 4291/4291/4291
f 4311/4311/4311 4424/4424/4424 4299/4299/4299
f 4299/4299/4299 4307/4307/4307 4293/4293/4293
f 3182/3182/3182 3180/3180/3180 3181/3181/3181
f 4412/4412/4412 4417/4417/4417 4413/4413/4413
f 3670/3670/3670 4081/4081/4081 3920/3920/3920
f 3663/3663/3663 4050/4050/4050 3706/3706/3706
f 742/742/742 719/719/719 741/741/741
f 3689/3689/3689 3659/3659/3659 3708/3708/3708
f 694/694/694 700/700/700 699/699/699
f 200/200/200 197/197/197 198/198/198
f 198/198/198 197/197/197 195/195/195
f 201/201/201 197/197/197 200/200/200
f 3741/3741/3741 4064/4064/4064 3960/3960/3960
f 3932/3932/3932 3749/3749/3749 3931/3931/3931
f 3767/3767/3767 4086/4086/4086 3929/3929/3929
f 455/455/455 454/454/454 453/453/453
f 775/775/775 461/461/461 776/776/776
f 4351/4351/4351 4350/4350/4350 4352/4352/4352
f 4352/4352/4352 4354/4354/4354 4359/4359/4359
f 4348/4348/4348 4349/4349/4349 4341/4341/4341
f 4338/4338/4338 4555/4555/4555 4343/4343/4343
f 4343/4343/4343 4555/4555/4555 4348/4348/4348
f 4321/4321/4321 4325/4325/4325 4323/4323/4323
f 4323/4323/4323 4325/4325/4325 4327/4327/4327
f 4327/4327/4327 4325/4325/4325 4367/4367/4367
f 4327/4327/4327 4367/4367/4367 4366/4366/4366
f 4327/4327/4327 4366/4366/4366 4329/4329/4329
f 4329/4329/4329 4366/4366/4366 4338/4338/4338
f 4318/4318/4318 4363/4363/4363 4319/4319/4319
f 4317/4317/4317 4364/4364/4364 4318/4318/4318
f 4249/4249/4249 4551/4551/4551 4314/4314/4314
f 4551/4551/4551 4365/4365/4365 4314/4314/4314
f 4312/4312/4312 4581/4581/4581 4313/4313/4313
f 4261/4261/4261 4262/4262/4262 4542/4542/4542
f 4542/4542/4542 4237/4237/4237 4261/4261/4261
f 4237/4237/4237 4581/4581/4581 4312/4312/4312
f 4261/4261/4261 4237/4237/4237 4312/4312/4312
f 4277/4277/4277 4278/4278/4278 4276/4276/4276
f 4277/4277/4277 4276/4276/4276 4274/4274/4274
f 4274/4274/4274 4276/4276/4276 4272/4272/4272
f 4297/4297/4297 4298/4298/4298 4283/4283/4283
f 4283/4283/4283 4298/4298/4298 4282/4282/4282
f 4282/4282/4282 4278/4278/4278 4279/4279/4279
f 2563/2563/2563 2562/2562/2562 2564/2564/2564
f 2561/2561/2561 2562/2562/2562 2563/2563/2563
f 4408/4408/4408 4560/4560/4560 4311/4311/4311
f 4306/4306/4306 4408/4408/4408 4311/4311/4311
f 4311/4311/4311 4560/4560/4560 4559/4559/4559
f 2564/2564/2564 2572/2572/2572 2573/2573/2573
f 2573/2573/2573 2572/2572/2572 2723/2723/2723
f 4404/4404/4404 4406/4406/4406 4405/4405/4405
f 4405/4405/4405 4408/4408/4408 4383/4383/4383
f 4383/4383/4383 4408/4408/4408 4306/4306/4306
f 2534/2534/2534 2536/2536/2536 2561/2561/2561
f 2561/2561/2561 2536/2536/2536 2559/2559/2559
f 2561/2561/2561 2559/2559/2559 2562/2562/2562
f 2562/2562/2562 2566/2566/2566 2564/2564/2564
f 2566/2566/2566 2567/2567/2567 2564/2564/2564
f 2559/2559/2559 2566/2566/2566 2562/2562/2562
f 2567/2567/2567 2572/2572/2572 2564/2564/2564
f 2515/2515/2515 2531/2531/2531 2533/2533/2533
f 2533/2533/2533 2531/2531/2531 2534/2534/2534
f 2534/2534/2534 2535/2535/2535 2536/2536/2536
f 2559/2559/2559 2560/2560/2560 2566/2566/2566
f 2567/2567/2567 2566/2566/2566 2570/2570/2570
f 2567/2567/2567 2570/2570/2570 2571/2571/2571
f 2531/2531/2531 2535/2535/2535 2534/2534/2534
f 2536/2536/2536 2535/2535/2535 2558/2558/2558
f 2536/2536/2536 2558/2558/2558 2559/2559/2559
f 2559/2559/2559 2558/2558/2558 2560/2560/2560
f 2560/2560/2560 2570/2570/2570 2566/2566/2566
f 2567/2567/2567 2571/2571/2571 2572/2572/2572
f 2530/2530/2530 2531/2531/2531 2516/2516/2516
f 2531/2531/2531 2539/2539/2539 2535/2535/2535
f 2535/2535/2535 2568/2568/2568 2569/2569/2569
f 2535/2535/2535 2569/2569/2569 2558/2558/2558
f 2569/2569/2569 2560/2560/2560 2558/2558/2558
f 2516/2516/2516 2514/2514/2514 2530/2530/2530
f 2531/2531/2531 2530/2530/2530 2539/2539/2539
f 2539/2539/2539 2568/2568/2568 2535/2535/2535
f 2569/2569/2569 2598/2598/2598 2570/2570/2570
f 2569/2569/2569 2570/2570/2570 2560/2560/2560
f 2570/2570/2570 2599/2599/2599 2571/2571/2571
f 2530/2530/2530 2538/2538/2538 2539/2539/2539
f 2598/2598/2598 2599/2599/2599 2570/2570/2570
f 2571/2571/2571 2600/2600/2600 2572/2572/2572
f 2600/2600/2600 2603/2603/2603 2572/2572/2572
f 2572/2572/2572 2603/2603/2603 2723/2723/2723
f 2505/2505/2505 2532/2532/2532 2511/2511/2511
f 2510/2510/2510 2505/2505/2505 2511/2511/2511
f 2511/2511/2511 2532/2532/2532 2514/2514/2514
f 2538/2538/2538 2580/2580/2580 2539/2539/2539
f 2568/2568/2568 2601/2601/2601 2569/2569/2569
f 2569/2569/2569 2601/2601/2601 2598/2598/2598
f 2599/2599/2599 2600/2600/2600 2571/2571/2571
f 2509/2509/2509 2505/2505/2505 2510/2510/2510
f 2514/2514/2514 2532/2532/2532 2530/2530/2530
f 2537/2537/2537 2538/2538/2538 2530/2530/2530
f 2539/2539/2539 2589/2589/2589 2568/2568/2568
f 2589/2589/2589 2602/2602/2602 2568/2568/2568
f 2602/2602/2602 2601/2601/2601 2568/2568/2568
f 2508/2508/2508 2503/2503/2503 2509/2509/2509
f 2509/2509/2509 2503/2503/2503 2505/2505/2505
f 2530/2530/2530 2532/2532/2532 2537/2537/2537
f 2539/2539/2539 2580/2580/2580 2589/2589/2589
f 2601/2601/2601 2605/2605/2605 2598/2598/2598
f 2598/2598/2598 2605/2605/2605 2604/2604/2604
f 2598/2598/2598 2604/2604/2604 2599/2599/2599
f 2599/2599/2599 2604/2604/2604 2600/2600/2600
f 2600/2600/2600 2622/2622/2622 2603/2603/2603
f 2622/2622/2622 2724/2724/2724 2603/2603/2603
f 2537/2537/2537 2580/2580/2580 2538/2538/2538
f 2604/2604/2604 2725/2725/2725 2600/2600/2600
f 2520/2520/2520 2507/2507/2507 2506/2506/2506
f 2506/2506/2506 2504/2504/2504 2503/2503/2503
f 2505/2505/2505 2555/2555/2555 2532/2532/2532
f 2532/2532/2532 2556/2556/2556 2537/2537/2537
f 2537/2537/2537 2621/2621/2621 2580/2580/2580
f 2589/2589/2589 2744/2744/2744 2602/2602/2602
f 2602/2602/2602 2744/2744/2744 2601/2601/2601
f 2601/2601/2601 2744/2744/2744 2746/2746/2746
f 2725/2725/2725 2622/2622/2622 2600/2600/2600
f 2507/2507/2507 2504/2504/2504 2506/2506/2506
f 2503/2503/2503 2504/2504/2504 2505/2505/2505
f 2505/2505/2505 2504/2504/2504 2555/2555/2555
f 2555/2555/2555 2556/2556/2556 2532/2532/2532
f 2537/2537/2537 2620/2620/2620 2621/2621/2621
f 2605/2605/2605 2766/2766/2766 2604/2604/2604
f 2766/2766/2766 2765/2765/2765 2604/2604/2604
f 2765/2765/2765 2764/2764/2764 2604/2604/2604
f 2604/2604/2604 2764/2764/2764 2725/2725/2725
f 2537/2537/2537 2556/2556/2556 2620/2620/2620
f 2621/2621/2621 2743/2743/2743 2580/2580/2580
f 2580/2580/2580 2743/2743/2743 2589/2589/2589
f 2601/2601/2601 2746/2746/2746 2605/2605/2605
f 2725/2725/2725 2741/2741/2741 2622/2622/2622
f 2524/2524/2524 2547/2547/2547 2507/2507/2507
f 2504/2504/2504 2615/2615/2615 2555/2555/2555
f 2589/2589/2589 2743/2743/2743 2744/2744/2744
f 2746/2746/2746 2744/2744/2744 2748/2748/2748
f 2746/2746/2746 2754/2754/2754 2605/2605/2605
f 2605/2605/2605 2754/2754/2754 2767/2767/2767
f 2605/2605/2605 2767/2767/2767 2766/2766/2766
f 2507/2507/2507 2548/2548/2548 2504/2504/2504
f 2615/2615/2615 2726/2726/2726 2555/2555/2555
f 2555/2555/2555 2726/2726/2726 2556/2556/2556
f 2746/2746/2746 2748/2748/2748 2754/2754/2754
f 2547/2547/2547 2548/2548/2548 2507/2507/2507
f 2504/2504/2504 2548/2548/2548 2614/2614/2614
f 2504/2504/2504 2614/2614/2614 2615/2615/2615
f 2615/2615/2615 2625/2625/2625 2626/2626/2626
f 2615/2615/2615 2626/2626/2626 2726/2726/2726
f 2556/2556/2556 2726/2726/2726 2727/2727/2727
f 2556/2556/2556 2727/2727/2727 2620/2620/2620
f 2620/2620/2620 2745/2745/2745 2621/2621/2621
f 2621/2621/2621 2745/2745/2745 2743/2743/2743
f 2743/2743/2743 2747/2747/2747 2744/2744/2744
f 2744/2744/2744 2747/2747/2747 2748/2748/2748
f 2544/2544/2544 2547/2547/2547 2524/2524/2524
f 2614/2614/2614 2625/2625/2625 2615/2615/2615
f 2620/2620/2620 2727/2727/2727 2742/2742/2742
f 2742/2742/2742 2745/2745/2745 2620/2620/2620
f 2747/2747/2747 2743/2743/2743 2750/2750/2750
f 2747/2747/2747 2749/2749/2749 2748/2748/2748
f 2747/2747/2747 2770/2770/2770 2749/2749/2749
f 729/729/729 728/728/728 767/767/767
f 728/728/728 820/820/820 767/767/767
f 2542/2542/2542 2544/2544/2544 2528/2528/2528
f 2547/2547/2547 2577/2577/2577 2548/2548/2548
f 2625/2625/2625 2762/2762/2762 2626/2626/2626
f 2752/2752/2752 2750/2750/2750 2743/2743/2743
f 750/750/750 730/730/730 751/751/751
f 730/730/730 729/729/729 751/751/751
f 2542/2542/2542 2545/2545/2545 2544/2544/2544
f 2548/2548/2548 2623/2623/2623 2614/2614/2614
f 2625/2625/2625 2758/2758/2758 2762/2762/2762
f 2626/2626/2626 2773/2773/2773 2726/2726/2726
f 2727/2727/2727 2775/2775/2775 2742/2742/2742
f 2745/2745/2745 2795/2795/2795 2753/2753/2753
f 2745/2745/2745 2753/2753/2753 2743/2743/2743
f 2743/2743/2743 2753/2753/2753 2752/2752/2752
f 2752/2752/2752 2751/2751/2751 2750/2750/2750
f 2750/2750/2750 2751/2751/2751 2747/2747/2747
f 2747/2747/2747 2751/2751/2751 2806/2806/2806
f 2544/2544/2544 2576/2576/2576 2547/2547/2547
f 2576/2576/2576 2577/2577/2577 2547/2547/2547
f 2577/2577/2577 2610/2610/2610 2548/2548/2548
f 2548/2548/2548 2610/2610/2610 2623/2623/2623
f 2614/2614/2614 2624/2624/2624 2625/2625/2625
f 2762/2762/2762 2772/2772/2772 2626/2626/2626
f 2773/2773/2773 2774/2774/2774 2726/2726/2726
f 2726/2726/2726 2774/2774/2774 2727/2727/2727
f 2727/2727/2727 2774/2774/2774 2775/2775/2775
f 2775/2775/2775 2784/2784/2784 2742/2742/2742
f 2742/2742/2742 2784/2784/2784 2745/2745/2745
f 2784/2784/2784 2795/2795/2795 2745/2745/2745
f 2753/2753/2753 2756/2756/2756 2752/2752/2752
f 2756/2756/2756 2757/2757/2757 2752/2752/2752
f 2752/2752/2752 2757/2757/2757 2751/2751/2751
f 2751/2751/2751 2757/2757/2757 2937/2937/2937
f 2751/2751/2751 2937/2937/2937 2806/2806/2806
f 741/741/741 747/747/747 748/748/748
f 2545/2545/2545 2575/2575/2575 2544/2544/2544
f 2575/2575/2575 2576/2576/2576 2544/2544/2544
f 2614/2614/2614 2623/2623/2623 2624/2624/2624
f 2625/2625/2625 2624/2624/2624 2758/2758/2758
f 2753/2753/2753 2796/2796/2796 2931/2931/2931
f 2753/2753/2753 2931/2931/2931 2930/2930/2930
f 2753/2753/2753 2930/2930/2930 2756/2756/2756
f 2756/2756/2756 2930/2930/2930 2757/2757/2757
f 719/719/719 740/740/740 741/741/741
f 2577/2577/2577 2608/2608/2608 2610/2610/2610
f 4109/4109/4109 3964/3964/3964 3689/3689/3689
f 2577/2577/2577 2576/2576/2576 2608/2608/2608
f 2610/2610/2610 2613/2613/2613 2623/2623/2623
f 3971/3971/3971 4108/4108/4108 4056/4056/4056
f 2690/2690/2690 2551/2551/2551 2554/2554/2554
f 2554/2554/2554 2551/2551/2551 2550/2550/2550
f 2550/2550/2550 2551/2551/2551 2549/2549/2549
f 2542/2542/2542 2543/2543/2543 2545/2545/2545
f 2623/2623/2623 2613/2613/2613 2708/2708/2708
f 2543/2543/2543 2546/2546/2546 2545/2545/2545
f 4030/4030/4030 3895/3895/3895 3644/3644/3644
f 2549/2549/2549 2553/2553/2553 2543/2543/2543
f 2575/2575/2575 2594/2594/2594 2576/2576/2576
f 2576/2576/2576 2607/2607/2607 2608/2608/2608
f 2608/2608/2608 2607/2607/2607 2609/2609/2609
f 2551/2551/2551 2553/2553/2553 2549/2549/2549
f 2545/2545/2545 2592/2592/2592 2575/2575/2575
f 2575/2575/2575 2592/2592/2592 2593/2593/2593
f 2594/2594/2594 2606/2606/2606 2576/2576/2576
f 2576/2576/2576 2606/2606/2606 2607/2607/2607
f 3882/3882/3882 3674/3674/3674 3949/3949/3949
f 2575/2575/2575 2593/2593/2593 2594/2594/2594
f 2607/2607/2607 2713/2713/2713 2609/2609/2609
f 4079/4079/4079 3954/3954/3954 3881/3881/3881
f 2551/2551/2551 2552/2552/2552 2553/2553/2553
f 2543/2543/2543 2553/2553/2553 2546/2546/2546
f 2546/2546/2546 2587/2587/2587 2545/2545/2545
f 2587/2587/2587 2592/2592/2592 2545/2545/2545
f 2606/2606/2606 2720/2720/2720 2607/2607/2607
f 2607/2607/2607 2720/2720/2720 2713/2713/2713
f 2713/2713/2713 2720/2720/2720 2876/2876/2876
f 2713/2713/2713 2876/2876/2876 2612/2612/2612
f 2612/2612/2612 2876/2876/2876 2947/2947/2947
f 2612/2612/2612 2947/2947/2947 2948/2948/2948
f 2553/2553/2553 2586/2586/2586 2546/2546/2546
f 2594/2594/2594 2831/2831/2831 2606/2606/2606
f 2606/2606/2606 2831/2831/2831 2720/2720/2720
f 2720/2720/2720 2831/2831/2831 2927/2927/2927
f 2690/2690/2690 2799/2799/2799 2551/2551/2551
f 2193/2193/2193 2145/2145/2145 2146/2146/2146
f 2553/2553/2553 2552/2552/2552 2578/2578/2578
f 2578/2578/2578 2597/2597/2597 2553/2553/2553
f 2553/2553/2553 2597/2597/2597 2586/2586/2586
f 2586/2586/2586 2587/2587/2587 2546/2546/2546
f 2592/2592/2592 2587/2587/2587 2595/2595/2595
f 2595/2595/2595 2596/2596/2596 2592/2592/2592
f 2592/2592/2592 2596/2596/2596 2593/2593/2593
f 2593/2593/2593 2596/2596/2596 2814/2814/2814
f 2593/2593/2593 2814/2814/2814 2594/2594/2594
f 2594/2594/2594 2814/2814/2814 2831/2831/2831
f 2799/2799/2799 2552/2552/2552 2551/2551/2551
f 2552/2552/2552 2579/2579/2579 2578/2578/2578
f 2586/2586/2586 2588/2588/2588 2587/2587/2587
f 2588/2588/2588 2672/2672/2672 2587/2587/2587
f 2587/2587/2587 2672/2672/2672 2595/2595/2595
f 2672/2672/2672 2862/2862/2862 2595/2595/2595
f 2595/2595/2595 2862/2862/2862 2596/2596/2596
f 2578/2578/2578 2616/2616/2616 2597/2597/2597
f 2597/2597/2597 2619/2619/2619 2586/2586/2586
f 2586/2586/2586 2619/2619/2619 2657/2657/2657
f 2586/2586/2586 2657/2657/2657 2588/2588/2588
f 2588/2588/2588 2657/2657/2657 2854/2854/2854
f 2588/2588/2588 2854/2854/2854 2672/2672/2672
f 2799/2799/2799 2763/2763/2763 2552/2552/2552
f 2146/2146/2146 2199/2199/2199 2221/2221/2221
f 2763/2763/2763 2579/2579/2579 2552/2552/2552
f 2579/2579/2579 2617/2617/2617 2578/2578/2578
f 2578/2578/2578 2617/2617/2617 2616/2616/2616
f 2616/2616/2616 2816/2816/2816 2597/2597/2597
f 2816/2816/2816 2815/2815/2815 2597/2597/2597
f 2597/2597/2597 2815/2815/2815 2619/2619/2619
f 2619/2619/2619 2815/2815/2815 2893/2893/2893
f 2619/2619/2619 2893/2893/2893 2657/2657/2657
f 2763/2763/2763 2798/2798/2798 2579/2579/2579
f 4133/4133/4133 4130/4130/4130 4132/4132/4132
f 4133/4133/4133 4132/4132/4132 4134/4134/4134
f 2579/2579/2579 2798/2798/2798 2617/2617/2617
f 2617/2617/2617 2722/2722/2722 2616/2616/2616
f 2616/2616/2616 2722/2722/2722 2835/2835/2835
f 2616/2616/2616 2835/2835/2835 2816/2816/2816
f 2798/2798/2798 2809/2809/2809 2808/2808/2808
f 2798/2798/2798 2808/2808/2808 2617/2617/2617
f 4835/4835/4835 4838/4838/4838 4836/4836/4836
f 4835/4835/4835 4836/4836/4836 4837/4837/4837
f 2617/2617/2617 2808/2808/2808 2722/2722/2722
f 458/458/458 454/454/454 456/456/456
f 456/456/456 454/454/454 455/455/455
f 4359/4359/4359 4354/4354/4354 4362/4362/4362
f 4349/4349/4349 4393/4393/4393 4346/4346/4346
f 4393/4393/4393 4580/4580/4580 4346/4346/4346
f 4346/4346/4346 4580/4580/4580 4350/4350/4350
f 4346/4346/4346 4350/4350/4350 4347/4347/4347
f 4366/4366/4366 4554/4554/4554 4338/4338/4338
f 4319/4319/4319 4395/4395/4395 4321/4321/4321
f 4321/4321/4321 4395/4395/4395 4325/4325/4325
f 4365/4365/4365 4364/4364/4364 4317/4317/4317
f 4250/4250/4250 4388/4388/4388 4241/4241/4241
f 4388/4388/4388 4387/4387/4387 4241/4241/4241
f 4263/4263/4263 4428/4428/4428 4251/4251/4251
f 4428/4428/4428 4563/4563/4563 4251/4251/4251
f 4563/4563/4563 4250/4250/4250 4251/4251/4251
f 4581/4581/4581 4582/4582/4582 4313/4313/4313
f 4264/4264/4264 4266/4266/4266 4389/4389/4389
f 4264/4264/4264 4389/4389/4389 4262/4262/4262
f 4262/4262/4262 4389/4389/4389 4542/4542/4542
f 2668/2668/2668 2658/2658/2658 2581/2581/2581
f 2581/2581/2581 2565/2565/2565 2668/2668/2668
f 2668/2668/2668 2565/2565/2565 2667/2667/2667
f 2667/2667/2667 2565/2565/2565 2574/2574/2574
f 2574/2574/2574 2573/2573/2573 2667/2667/2667
f 2658/2658/2658 2582/2582/2582 2581/2581/2581
f 2581/2581/2581 2563/2563/2563 2565/2565/2565
f 2563/2563/2563 2564/2564/2564 2565/2565/2565
f 2565/2565/2565 2573/2573/2573 2574/2574/2574
f 4548/4548/4548 4569/4569/4569 4297/4297/4297
f 4297/4297/4297 4569/4569/4569 4298/4298/4298
f 2583/2583/2583 2534/2534/2534 2561/2561/2561
f 2583/2583/2583 2561/2561/2561 2582/2582/2582
f 2582/2582/2582 2561/2561/2561 2581/2581/2581
f 2565/2565/2565 2564/2564/2564 2573/2573/2573
f 4296/4296/4296 4295/4295/4295 4426/4426/4426
f 4296/4296/4296 4426/4426/4426 4548/4548/4548
f 2561/2561/2561 2563/2563/2563 2581/2581/2581
f 4299/4299/4299 4424/4424/4424 4307/4307/4307
f 4424/4424/4424 4556/4556/4556 4307/4307/4307
f 4307/4307/4307 4557/4557/4557 4295/4295/4295
f 2583/2583/2583 2533/2533/2533 2534/2534/2534
f 2584/2584/2584 2533/2533/2533 2583/2583/2583
f 4406/4406/4406 4407/4407/4407 4405/4405/4405
f 4405/4405/4405 4407/4407/4407 4408/4408/4408
f 2584/2584/2584 2585/2585/2585 2533/2533/2533
f 4413/4413/4413 4420/4420/4420 4418/4418/4418
f 4411/4411/4411 4406/4406/4406 4404/4404/4404
f 2585/2585/2585 2515/2515/2515 2533/2533/2533
f 2515/2515/2515 2514/2514/2514 2516/2516/2516
f 2516/2516/2516 2531/2531/2531 2515/2515/2515
f 2512/2512/2512 2511/2511/2511 2513/2513/2513
f 2511/2511/2511 2514/2514/2514 2513/2513/2513
f 2517/2517/2517 2510/2510/2510 2512/2512/2512
f 2518/2518/2518 2509/2509/2509 2517/2517/2517
f 2519/2519/2519 2508/2508/2508 2518/2518/2518
f 2518/2518/2518 2508/2508/2508 2509/2509/2509
f 2510/2510/2510 2511/2511/2511 2512/2512/2512
f 2509/2509/2509 2510/2510/2510 2517/2517/2517
f 2519/2519/2519 2506/2506/2506 2508/2508/2508
f 2522/2522/2522 2520/2520/2520 2521/2521/2521
f 2526/2526/2526 2522/2522/2522 2523/2523/2523
f 2527/2527/2527 2525/2525/2525 2526/2526/2526
f 2526/2526/2526 2525/2525/2525 2522/2522/2522
f 2522/2522/2522 2507/2507/2507 2520/2520/2520
f 2527/2527/2527 2528/2528/2528 2525/2525/2525
f 2522/2522/2522 2525/2525/2525 2524/2524/2524
f 2540/2540/2540 2529/2529/2529 2527/2527/2527
f 2527/2527/2527 2529/2529/2529 2528/2528/2528
f 2764/2764/2764 2887/2887/2887 2725/2725/2725
f 2464/2464/2464 2318/2318/2318 2317/2317/2317
f 2765/2765/2765 2889/2889/2889 2764/2764/2764
f 3542/3542/3542 3536/3536/3536 3535/3535/3535
f 3536/3536/3536 3528/3528/3528 3535/3535/3535
f 3535/3535/3535 3528/3528/3528 3523/3523/3523
f 3535/3535/3535 3523/3523/3523 3525/3525/3525
f 3542/3542/3542 3535/3535/3535 3532/3532/3532
f 3535/3535/3535 3525/3525/3525 3532/3532/3532
f 3525/3525/3525 3530/3530/3530 3532/3532/3532
f 2887/2887/2887 2886/2886/2886 2725/2725/2725
f 3532/3532/3532 3530/3530/3530 3533/3533/3533
f 3532/3532/3532 3533/3533/3533 3534/3534/3534
f 2725/2725/2725 2886/2886/2886 2741/2741/2741
f 4191/4191/4191 4197/4197/4197 4194/4194/4194
f 4194/4194/4194 4192/4192/4192 4191/4191/4191
f 2886/2886/2886 2929/2929/2929 2622/2622/2622
f 2741/2741/2741 2886/2886/2886 2622/2622/2622
f 4191/4191/4191 4192/4192/4192 4193/4193/4193
f 2622/2622/2622 2929/2929/2929 2913/2913/2913
f 2622/2622/2622 2913/2913/2913 2724/2724/2724
f 2724/2724/2724 2913/2913/2913 2949/2949/2949
f 2528/2528/2528 2544/2544/2544 2525/2525/2525
f 2766/2766/2766 2769/2769/2769 2765/2765/2765
f 2765/2765/2765 2863/2863/2863 2889/2889/2889
f 3537/3537/3537 3528/3528/3528 3536/3536/3536
f 3578/3578/3578 3576/3576/3576 3577/3577/3577
f 2590/2590/2590 2541/2541/2541 2540/2540/2540
f 2541/2541/2541 2529/2529/2529 2540/2540/2540
f 2529/2529/2529 2542/2542/2542 2528/2528/2528
f 2766/2766/2766 2767/2767/2767 2769/2769/2769
f 2769/2769/2769 2863/2863/2863 2765/2765/2765
f 2769/2769/2769 2908/2908/2908 2909/2909/2909
f 3541/3541/3541 3540/3540/3540 3537/3537/3537
f 2748/2748/2748 2749/2749/2749 2754/2754/2754
f 2754/2754/2754 2768/2768/2768 2767/2767/2767
f 2767/2767/2767 2768/2768/2768 2769/2769/2769
f 2771/2771/2771 2755/2755/2755 2770/2770/2770
f 2770/2770/2770 2755/2755/2755 2749/2749/2749
f 2749/2749/2749 2755/2755/2755 2754/2754/2754
f 2755/2755/2755 2834/2834/2834 2754/2754/2754
f 2754/2754/2754 2834/2834/2834 2768/2768/2768
f 2768/2768/2768 2834/2834/2834 2906/2906/2906
f 2557/2557/2557 2554/2554/2554 2550/2550/2550
f 2541/2541/2541 2543/2543/2543 2529/2529/2529
f 748/748/748 747/747/747 749/749/749
f 747/747/747 739/739/739 750/750/750
f 2541/2541/2541 2549/2549/2549 2543/2543/2543
f 2758/2758/2758 2772/2772/2772 2762/2762/2762
f 2626/2626/2626 2772/2772/2772 2773/2773/2773
f 2774/2774/2774 2791/2791/2791 2775/2775/2775
f 2775/2775/2775 2791/2791/2791 2793/2793/2793
f 2775/2775/2775 2793/2793/2793 2784/2784/2784
f 2793/2793/2793 2794/2794/2794 2784/2784/2784
f 2794/2794/2794 2797/2797/2797 2795/2795/2795
f 2784/2784/2784 2794/2794/2794 2795/2795/2795
f 2797/2797/2797 2796/2796/2796 2795/2795/2795
f 2795/2795/2795 2796/2796/2796 2753/2753/2753
f 2557/2557/2557 2690/2690/2690 2554/2554/2554
f 2033/2033/2033 2144/2144/2144 2193/2193/2193
f 2206/2206/2206 2033/2033/2033 2193/2193/2193
f 2758/2758/2758 2760/2760/2760 2772/2772/2772
f 2772/2772/2772 2776/2776/2776 2773/2773/2773
f 2773/2773/2773 2776/2776/2776 2774/2774/2774
f 2788/2788/2788 2790/2790/2790 2774/2774/2774
f 2774/2774/2774 2790/2790/2790 2791/2791/2791
f 2791/2791/2791 2790/2790/2790 2792/2792/2792
f 2791/2791/2791 2792/2792/2792 2793/2793/2793
f 2793/2793/2793 2792/2792/2792 2794/2794/2794
f 2792/2792/2792 2811/2811/2811 2794/2794/2794
f 717/717/717 232/232/232 719/719/719
f 2624/2624/2624 2711/2711/2711 2758/2758/2758
f 2758/2758/2758 2711/2711/2711 2759/2759/2759
f 2758/2758/2758 2759/2759/2759 2760/2760/2760
f 2760/2760/2760 2858/2858/2858 2772/2772/2772
f 2772/2772/2772 2858/2858/2858 2860/2860/2860
f 2772/2772/2772 2860/2860/2860 2776/2776/2776
f 2776/2776/2776 2777/2777/2777 2774/2774/2774
f 2774/2774/2774 2777/2777/2777 2787/2787/2787
f 2774/2774/2774 2787/2787/2787 2788/2788/2788
f 2787/2787/2787 2789/2789/2789 2788/2788/2788
f 2788/2788/2788 2789/2789/2789 2790/2790/2790
f 2789/2789/2789 2864/2864/2864 2790/2790/2790
f 2790/2790/2790 2864/2864/2864 2792/2792/2792
f 718/718/718 712/712/712 701/701/701
f 712/712/712 232/232/232 717/717/717
f 2193/2193/2193 2144/2144/2144 2145/2145/2145
f 2623/2623/2623 2710/2710/2710 2624/2624/2624
f 2624/2624/2624 2710/2710/2710 2711/2711/2711
f 2779/2779/2779 2778/2778/2778 2776/2776/2776
f 2776/2776/2776 2860/2860/2860 2779/2779/2779
f 2776/2776/2776 2778/2778/2778 2777/2777/2777
f 700/700/700 718/718/718 701/701/701
f 2623/2623/2623 2708/2708/2708 2709/2709/2709
f 2623/2623/2623 2709/2709/2709 2710/2710/2710
f 2711/2711/2711 2761/2761/2761 2759/2759/2759
f 2759/2759/2759 2761/2761/2761 2760/2760/2760
f 2761/2761/2761 2804/2804/2804 2760/2760/2760
f 2859/2859/2859 2804/2804/2804 2857/2857/2857
f 2859/2859/2859 2857/2857/2857 2779/2779/2779
f 2779/2779/2779 2857/2857/2857 2778/2778/2778
f 2778/2778/2778 2857/2857/2857 2856/2856/2856
f 2608/2608/2608 2611/2611/2611 2610/2610/2610
f 2610/2610/2610 2611/2611/2611 2613/2613/2613
f 2613/2613/2613 2618/2618/2618 2708/2708/2708
f 2709/2709/2709 2712/2712/2712 2710/2710/2710
f 2710/2710/2710 2712/2712/2712 2711/2711/2711
f 2711/2711/2711 2712/2712/2712 2786/2786/2786
f 2711/2711/2711 2786/2786/2786 2761/2761/2761
f 2786/2786/2786 2905/2905/2905 2761/2761/2761
f 2761/2761/2761 2905/2905/2905 2804/2804/2804
f 2608/2608/2608 2609/2609/2609 2611/2611/2611
f 2613/2613/2613 2611/2611/2611 2612/2612/2612
f 2613/2613/2613 2612/2612/2612 2618/2618/2618
f 2618/2618/2618 2707/2707/2707 2708/2708/2708
f 2708/2708/2708 2707/2707/2707 2709/2709/2709
f 2707/2707/2707 2721/2721/2721 2709/2709/2709
f 2709/2709/2709 2721/2721/2721 2855/2855/2855
f 2709/2709/2709 2855/2855/2855 2712/2712/2712
f 195/195/195 193/193/193 196/196/196
f 2611/2611/2611 2609/2609/2609 2612/2612/2612
f 2612/2612/2612 2706/2706/2706 2618/2618/2618
f 2618/2618/2618 2706/2706/2706 2707/2707/2707
f 2707/2707/2707 2706/2706/2706 2818/2818/2818
f 178/178/178 177/177/177 201/201/201
f 175/175/175 176/176/176 178/178/178
f 530/530/530 528/528/528 181/181/181
f 4130/4130/4130 4135/4135/4135 4131/4131/4131
f 4130/4130/4130 4131/4131/4131 4132/4132/4132
f 526/526/526 451/451/451 527/527/527
f 461/461/461 458/458/458 456/456/456
f 4348/4348/4348 4394/4394/4394 4349/4349/4349
f 4394/4394/4394 4393/4393/4393 4349/4349/4349
f 4338/4338/4338 4554/4554/4554 4555/4555/4555
f 4348/4348/4348 4555/4555/4555 4394/4394/4394
f 4325/4325/4325 4589/4589/4589 4367/4367/4367
f 4367/4367/4367 4567/4567/4567 4366/4366/4366
f 4363/4363/4363 4382/4382/4382 4319/4319/4319
f 4319/4319/4319 4382/4382/4382 4395/4395/4395
f 4395/4395/4395 4398/4398/4398 4325/4325/4325
f 4655/4655/4655 4363/4363/4363 4364/4364/4364
f 4551/4551/4551 4635/4635/4635 4365/4365/4365
f 4635/4635/4635 4662/4662/4662 4365/4365/4365
f 4365/4365/4365 4662/4662/4662 4364/4364/4364
f 4388/4388/4388 4570/4570/4570 4387/4387/4387
f 4570/4570/4570 4551/4551/4551 4387/4387/4387
f 4563/4563/4563 4719/4719/4719 4250/4250/4250
f 4250/4250/4250 4719/4719/4719 4388/4388/4388
f 2812/2812/2812 2731/2731/2731 2667/2667/2667
f 2812/2812/2812 2667/2667/2667 2813/2813/2813
f 4582/4582/4582 4755/4755/4755 4263/4263/4263
f 4313/4313/4313 4582/4582/4582 4263/4263/4263
f 4263/4263/4263 4755/4755/4755 4428/4428/4428
f 2730/2730/2730 2718/2718/2718 2668/2668/2668
f 2730/2730/2730 2668/2668/2668 2731/2731/2731
f 2731/2731/2731 2668/2668/2668 2667/2667/2667
f 4237/4237/4237 4236/4236/4236 4581/4581/4581
f 4236/4236/4236 4771/4771/4771 4581/4581/4581
f 4581/4581/4581 4771/4771/4771 4582/4582/4582
f 2718/2718/2718 2658/2658/2658 2668/2668/2668
f 4272/4272/4272 4425/4425/4425 4266/4266/4266
f 4266/4266/4266 4425/4425/4425 4389/4389/4389
f 4389/4389/4389 4425/4425/4425 4591/4591/4591
f 4389/4389/4389 4591/4591/4591 4542/4542/4542
f 4542/4542/4542 4591/4591/4591 4237/4237/4237
f 2637/2637/2637 2583/2583/2583 2689/2689/2689
f 2689/2689/2689 2583/2583/2583 2582/2582/2582
f 2689/2689/2689 2582/2582/2582 2717/2717/2717
f 2717/2717/2717 2582/2582/2582 2658/2658/2658
f 2717/2717/2717 2658/2658/2658 2718/2718/2718
f 4278/4278/4278 4308/4308/4308 4276/4276/4276
f 4276/4276/4276 4308/4308/4308 4309/4309/4309
f 4276/4276/4276 4309/4309/4309 4272/4272/4272
f 4298/4298/4298 4572/4572/4572 4282/4282/4282
f 4282/4282/4282 4572/4572/4572 4571/4571/4571
f 4282/4282/4282 4571/4571/4571 4278/4278/4278
f 2633/2633/2633 2584/2584/2584 2637/2637/2637
f 2637/2637/2637 2584/2584/2584 2583/2583/2583
f 4295/4295/4295 4657/4657/4657 4427/4427/4427
f 4295/4295/4295 4427/4427/4427 4426/4426/4426
f 4548/4548/4548 4426/4426/4426 4569/4569/4569
f 2633/2633/2633 2585/2585/2585 2584/2584/2584
f 4556/4556/4556 4557/4557/4557 4307/4307/4307
f 4557/4557/4557 4657/4657/4657 4295/4295/4295
f 2632/2632/2632 2513/2513/2513 2585/2585/2585
f 2632/2632/2632 2585/2585/2585 2633/2633/2633
f 4560/4560/4560 4561/4561/4561 4559/4559/4559
f 3180/3180/3180 3179/3179/3179 3181/3181/3181
f 3181/3181/3181 3179/3179/3179 3214/3214/3214
f 4423/4423/4423 4819/4819/4819 4421/4421/4421
f 4417/4417/4417 4420/4420/4420 4413/4413/4413
f 4420/4420/4420 4419/4419/4419 4418/4418/4418
f 4418/4418/4418 4419/4419/4419 4411/4411/4411
f 2640/2640/2640 2512/2512/2512 2630/2630/2630
f 2512/2512/2512 2513/2513/2513 2630/2630/2630
f 2513/2513/2513 2515/2515/2515 2585/2585/2585
f 2640/2640/2640 2639/2639/2639 2512/2512/2512
f 2659/2659/2659 2518/2518/2518 2663/2663/2663
f 2663/2663/2663 2518/2518/2518 2638/2638/2638
f 2518/2518/2518 2517/2517/2517 2638/2638/2638
f 2638/2638/2638 2517/2517/2517 2639/2639/2639
f 2639/2639/2639 2517/2517/2517 2512/2512/2512
f 2660/2660/2660 2521/2521/2521 2659/2659/2659
f 2521/2521/2521 2519/2519/2519 2659/2659/2659
f 2659/2659/2659 2519/2519/2519 2518/2518/2518
f 2662/2662/2662 2521/2521/2521 2661/2661/2661
f 2628/2628/2628 2526/2526/2526 2523/2523/2523
f 2628/2628/2628 2523/2523/2523 2662/2662/2662
f 2662/2662/2662 2523/2523/2523 2521/2521/2521
f 2523/2523/2523 2522/2522/2522 2521/2521/2521
f 2627/2627/2627 2527/2527/2527 2628/2628/2628
f 2628/2628/2628 2527/2527/2527 2526/2526/2526
f 2629/2629/2629 2540/2540/2540 2627/2627/2627
f 2627/2627/2627 2540/2540/2540 2527/2527/2527
f 2557/2557/2557 2591/2591/2591 2681/2681/2681
f 3525/3525/3525 3529/3529/3529 3530/3530/3530
f 3530/3530/3530 3529/3529/3529 3531/3531/3531
f 3530/3530/3530 3531/3531/3531 3533/3533/3533
f 3575/3575/3575 3574/3574/3574 3568/3568/3568
f 3575/3575/3575 3568/3568/3568 3576/3576/3576
f 2629/2629/2629 2590/2590/2590 2540/2540/2540
f 3523/3523/3523 3524/3524/3524 3525/3525/3525
f 3576/3576/3576 3568/3568/3568 3577/3577/3577
f 2207/2207/2207 2057/2057/2057 2206/2206/2206
f 3537/3537/3537 3540/3540/3540 3528/3528/3528
f 3539/3539/3539 3538/3538/3538 3528/3528/3528
f 3540/3540/3540 3539/3539/3539 3528/3528/3528
f 2557/2557/2557 2550/2550/2550 2591/2591/2591
f 2591/2591/2591 2550/2550/2550 2541/2541/2541
f 2591/2591/2591 2541/2541/2541 2590/2590/2590
f 2908/2908/2908 2910/2910/2910 2909/2909/2909
f 3730/3730/3730 3729/3729/3729 4035/4035/4035
f 3730/3730/3730 4035/4035/4035 3880/3880/3880
f 2206/2206/2206 2057/2057/2057 2033/2033/2033
f 719/719/719 689/689/689 740/740/740
f 2859/2859/2859 2858/2858/2858 2760/2760/2760
f 562/562/562 694/694/694 693/693/693
f 196/196/196 210/210/210 693/693/693
f 197/197/197 194/194/194 195/195/195
f 201/201/201 209/209/209 197/197/197
f 2144/2144/2144 2035/2035/2035 2145/2145/2145
f 176/176/176 177/177/177 178/178/178
f 2145/2145/2145 2035/2035/2035 2146/2146/2146
f 530/530/530 181/181/181 180/180/180
f 2146/2146/2146 2157/2157/2157 2199/2199/2199
f 4130/4130/4130 4136/4136/4136 4135/4135/4135
f 454/454/454 450/450/450 453/453/453
f 3150/3150/3150 3148/3148/3148 3149/3149/3149
f 4350/4350/4350 4353/4353/4353 4352/4352/4352
f 4580/4580/4580 4579/4579/4579 4350/4350/4350
f 4350/4350/4350 4549/4549/4549 4353/4353/4353
f 4394/4394/4394 4578/4578/4578 4393/4393/4393
f 4393/4393/4393 4578/4578/4578 4640/4640/4640
f 4393/4393/4393 4640/4640/4640 4676/4676/4676
f 4676/4676/4676 4750/4750/4750 4580/4580/4580
f 4393/4393/4393 4676/4676/4676 4580/4580/4580
f 4554/4554/4554 4681/4681/4681 4555/4555/4555
f 4681/4681/4681 4682/4682/4682 4555/4555/4555
f 4682/4682/4682 4788/4788/4788 4394/4394/4394
f 4555/4555/4555 4682/4682/4682 4394/4394/4394
f 4589/4589/4589 4590/4590/4590 4367/4367/4367
f 4367/4367/4367 4590/4590/4590 4567/4567/4567
f 4567/4567/4567 4673/4673/4673 4554/4554/4554
f 4673/4673/4673 4760/4760/4760 4554/4554/4554
f 4398/4398/4398 4670/4670/4670 4325/4325/4325
f 4325/4325/4325 4670/4670/4670 4589/4589/4589
f 4655/4655/4655 4553/4553/4553 4363/4363/4363
f 4363/4363/4363 4553/4553/4553 4382/4382/4382
f 4553/4553/4553 4397/4397/4397 4382/4382/4382
f 2865/2865/2865 2813/2813/2813 2866/2866/2866
f 4662/4662/4662 4782/4782/4782 4364/4364/4364
f 4364/4364/4364 4782/4782/4782 4655/4655/4655
f 2829/2829/2829 2812/2812/2812 2872/2872/2872
f 2872/2872/2872 2812/2812/2812 2865/2865/2865
f 2812/2812/2812 2813/2813/2813 2865/2865/2865
f 2496/2496/2496 2499/2499/2499 2338/2338/2338
f 4570/4570/4570 4738/4738/4738 4737/4737/4737
f 4570/4570/4570 4737/4737/4737 4551/4551/4551
f 4551/4551/4551 4737/4737/4737 4635/4635/4635
f 2833/2833/2833 2732/2732/2732 2810/2810/2810
f 2810/2810/2810 2732/2732/2732 2730/2730/2730
f 2810/2810/2810 2730/2730/2730 2828/2828/2828
f 2828/2828/2828 2730/2730/2730 2829/2829/2829
f 2829/2829/2829 2730/2730/2730 2731/2731/2731
f 2829/2829/2829 2731/2731/2731 2812/2812/2812
f 2499/2499/2499 2339/2339/2339 2338/2338/2338
f 4563/4563/4563 4725/4725/4725 4719/4719/4719
f 4719/4719/4719 4826/4826/4826 4388/4388/4388
f 2959/2959/2959 2705/2705/2705 2939/2939/2939
f 2959/2959/2959 2826/2826/2826 2705/2705/2705
f 2939/2939/2939 2705/2705/2705 2704/2704/2704
f 2803/2803/2803 2717/2717/2717 2832/2832/2832
f 2832/2832/2832 2717/2717/2717 2833/2833/2833
f 2833/2833/2833 2717/2717/2717 2732/2732/2732
f 2732/2732/2732 2718/2718/2718 2730/2730/2730
f 2958/2958/2958 2839/2839/2839 2805/2805/2805
f 2958/2958/2958 2805/2805/2805 2946/2946/2946
f 2946/2946/2946 2805/2805/2805 2634/2634/2634
f 2705/2705/2705 2826/2826/2826 2635/2635/2635
f 2705/2705/2705 2635/2635/2635 2704/2704/2704
f 2635/2635/2635 2636/2636/2636 2704/2704/2704
f 2739/2739/2739 2637/2637/2637 2738/2738/2738
f 2738/2738/2738 2637/2637/2637 2689/2689/2689
f 2738/2738/2738 2689/2689/2689 2803/2803/2803
f 2803/2803/2803 2689/2689/2689 2717/2717/2717
f 4236/4236/4236 4234/4234/4234 4771/4771/4771
f 2666/2666/2666 2631/2631/2631 2800/2800/2800
f 2800/2800/2800 2643/2643/2643 2895/2895/2895
f 2895/2895/2895 2643/2643/2643 2839/2839/2839
f 2839/2839/2839 2643/2643/2643 2642/2642/2642
f 2839/2839/2839 2642/2642/2642 2805/2805/2805
f 2642/2642/2642 2634/2634/2634 2805/2805/2805
f 2636/2636/2636 2637/2637/2637 2740/2740/2740
f 2740/2740/2740 2637/2637/2637 2739/2739/2739
f 4425/4425/4425 4770/4770/4770 4591/4591/4591
f 4770/4770/4770 4233/4233/4233 4591/4591/4591
f 4591/4591/4591 4233/4233/4233 4237/4237/4237
f 4237/4237/4237 4233/4233/4233 4235/4235/4235
f 4237/4237/4237 4235/4235/4235 4236/4236/4236
f 4233/4233/4233 4234/4234/4234 4235/4235/4235
f 2631/2631/2631 2644/2644/2644 2800/2800/2800
f 2800/2800/2800 2644/2644/2644 2643/2643/2643
f 4308/4308/4308 4728/4728/4728 4309/4309/4309
f 4728/4728/4728 4731/4731/4731 4309/4309/4309
f 4272/4272/4272 4309/4309/4309 4562/4562/4562
f 2957/2957/2957 2830/2830/2830 2952/2952/2952
f 4309/4309/4309 4731/4731/4731 4562/4562/4562
f 2952/2952/2952 2830/2830/2830 2801/2801/2801
f 4272/4272/4272 4562/4562/4562 4425/4425/4425
f 2644/2644/2644 2632/2632/2632 2643/2643/2643
f 2643/2643/2643 2632/2632/2632 2642/2642/2642
f 2642/2642/2642 2632/2632/2632 2634/2634/2634
f 2634/2634/2634 2633/2633/2633 2635/2635/2635
f 2636/2636/2636 2633/2633/2633 2637/2637/2637
f 4572/4572/4572 4695/4695/4695 4571/4571/4571
f 4695/4695/4695 4778/4778/4778 4278/4278/4278
f 4571/4571/4571 4695/4695/4695 4278/4278/4278
f 2641/2641/2641 2630/2630/2630 2666/2666/2666
f 2666/2666/2666 2630/2630/2630 2631/2631/2631
f 2644/2644/2644 2631/2631/2631 2632/2632/2632
f 2635/2635/2635 2633/2633/2633 2636/2636/2636
f 4569/4569/4569 4697/4697/4697 4298/4298/4298
f 4697/4697/4697 4572/4572/4572 4298/4298/4298
f 2645/2645/2645 2640/2640/2640 2641/2641/2641
f 2641/2641/2641 2640/2640/2640 2630/2630/2630
f 2634/2634/2634 2632/2632/2632 2633/2633/2633
f 4427/4427/4427 4595/4595/4595 4426/4426/4426
f 4595/4595/4595 4690/4690/4690 4426/4426/4426
f 4426/4426/4426 4690/4690/4690 4702/4702/4702
f 4426/4426/4426 4712/4712/4712 4569/4569/4569
f 2630/2630/2630 2513/2513/2513 2631/2631/2631
f 2631/2631/2631 2513/2513/2513 2632/2632/2632
f 4657/4657/4657 4663/4663/4663 4427/4427/4427
f 2645/2645/2645 2639/2639/2639 2640/2640/2640
f 4561/4561/4561 4671/4671/4671 4559/4559/4559
f 4559/4559/4559 4671/4671/4671 4424/4424/4424
f 4407/4407/4407 4686/4686/4686 4408/4408/4408
f 4408/4408/4408 4686/4686/4686 4560/4560/4560
f 4686/4686/4686 4752/4752/4752 4560/4560/4560
f 4752/4752/4752 4561/4561/4561 4560/4560/4560
f 2646/2646/2646 2639/2639/2639 2645/2645/2645
f 4412/4412/4412 4421/4421/4421 4417/4417/4417
f 4411/4411/4411 4419/4419/4419 4406/4406/4406
f 4406/4406/4406 4745/4745/4745 4407/4407/4407
f 2687/2687/2687 2688/2688/2688 2660/2660/2660
f 2687/2687/2687 2660/2660/2660 2686/2686/2686
f 2665/2665/2665 2638/2638/2638 2646/2646/2646
f 2646/2646/2646 2638/2638/2638 2639/2639/2639
f 2688/2688/2688 2702/2702/2702 2660/2660/2660
f 2664/2664/2664 2663/2663/2663 2665/2665/2665
f 2663/2663/2663 2638/2638/2638 2665/2665/2665
f 2686/2686/2686 2660/2660/2660 2659/2659/2659
f 2686/2686/2686 2659/2659/2659 2664/2664/2664
f 2664/2664/2664 2659/2659/2659 2663/2663/2663
f 2695/2695/2695 2662/2662/2662 2696/2696/2696
f 2702/2702/2702 2661/2661/2661 2660/2660/2660
f 2675/2675/2675 2628/2628/2628 2679/2679/2679
f 2696/2696/2696 2662/2662/2662 2661/2661/2661
f 2696/2696/2696 2661/2661/2661 2697/2697/2697
f 2697/2697/2697 2661/2661/2661 2702/2702/2702
f 2679/2679/2679 2628/2628/2628 2662/2662/2662
f 2673/2673/2673 2627/2627/2627 2675/2675/2675
f 2675/2675/2675 2627/2627/2627 2628/2628/2628
f 2629/2629/2629 2627/2627/2627 2673/2673/2673
f 2678/2678/2678 2591/2591/2591 2674/2674/2674
f 2673/2673/2673 2674/2674/2674 2629/2629/2629
f 2219/2219/2219 2153/2153/2153 2207/2207/2207
f 2681/2681/2681 2591/2591/2591 2680/2680/2680
f 2153/2153/2153 2057/2057/2057 2207/2207/2207
f 2591/2591/2591 2590/2590/2590 2674/2674/2674
f 2318/2318/2318 2304/2304/2304 2311/2311/2311
f 3574/3574/3574 3569/3569/3569 3568/3568/3568
f 3528/3528/3528 3527/3527/3527 3523/3523/3523
f 3527/3527/3527 3526/3526/3526 3523/3523/3523
f 3523/3523/3523 3526/3526/3526 3524/3524/3524
f 3525/3525/3525 3524/3524/3524 3529/3529/3529
f 3524/3524/3524 3526/3526/3526 3551/3551/3551
f 3524/3524/3524 3550/3550/3550 3529/3529/3529
f 3524/3524/3524 3551/3551/3551 3550/3550/3550
f 3568/3568/3568 3569/3569/3569 3570/3570/3570
f 3538/3538/3538 3527/3527/3527 3528/3528/3528
f 3538/3538/3538 3545/3545/3545 3544/3544/3544
f 3538/3538/3538 3544/3544/3544 3527/3527/3527
f 3539/3539/3539 3546/3546/3546 3538/3538/3538
f 3729/3729/3729 4020/4020/4020 4035/4035/4035
f 741/741/741 740/740/740 734/734/734
f 734/734/734 747/747/747 741/741/741
f 232/232/232 231/231/231 719/719/719
f 231/231/231 689/689/689 719/719/719
f 712/712/712 718/718/718 232/232/232
f 562/562/562 223/223/223 694/694/694
f 201/201/201 177/177/177 209/209/209
f 2035/2035/2035 2157/2157/2157 2146/2146/2146
f 526/526/526 527/527/527 528/528/528
f 4579/4579/4579 4549/4549/4549 4350/4350/4350
f 4640/4640/4640 4677/4677/4677 4676/4676/4676
f 4676/4676/4676 4677/4677/4677 4750/4750/4750
f 4750/4750/4750 4674/4674/4674 4580/4580/4580
f 4580/4580/4580 4674/4674/4674 4579/4579/4579
f 4682/4682/4682 4789/4789/4789 4788/4788/4788
f 4789/4789/4789 4790/4790/4790 4788/4788/4788
f 4394/4394/4394 4788/4788/4788 4790/4790/4790
f 4394/4394/4394 4790/4790/4790 4578/4578/4578
f 4590/4590/4590 4618/4618/4618 4567/4567/4567
f 4567/4567/4567 4618/4618/4618 4673/4673/4673
f 4554/4554/4554 4760/4760/4760 4681/4681/4681
f 4760/4760/4760 4763/4763/4763 4681/4681/4681
f 4382/4382/4382 4397/4397/4397 4396/4396/4396
f 4382/4382/4382 4396/4396/4396 4395/4395/4395
f 4395/4395/4395 4396/4396/4396 4398/4398/4398
f 4670/4670/4670 4767/4767/4767 4589/4589/4589
f 4589/4589/4589 4767/4767/4767 4786/4786/4786
f 4589/4589/4589 4786/4786/4786 4590/4590/4590
f 4786/4786/4786 4618/4618/4618 4590/4590/4590
f 2873/2873/2873 2904/2904/2904 2882/2882/2882
f 2873/2873/2873 2882/2882/2882 2872/2872/2872
f 2873/2873/2873 2872/2872/2872 2868/2868/2868
f 2872/2872/2872 2865/2865/2865 2868/2868/2868
f 2868/2868/2868 2865/2865/2865 2867/2867/2867
f 2867/2867/2867 2865/2865/2865 2866/2866/2866
f 2867/2867/2867 2866/2866/2866 2894/2894/2894
f 2932/2932/2932 2810/2810/2810 2915/2915/2915
f 2915/2915/2915 2810/2810/2810 2914/2914/2914
f 2914/2914/2914 2828/2828/2828 2882/2882/2882
f 2882/2882/2882 2828/2828/2828 2829/2829/2829
f 2882/2882/2882 2829/2829/2829 2872/2872/2872
f 2928/2928/2928 2843/2843/2843 2844/2844/2844
f 2928/2928/2928 2844/2844/2844 2848/2848/2848
f 2844/2844/2844 2847/2847/2847 2848/2848/2848
f 2911/2911/2911 2879/2879/2879 2896/2896/2896
f 2888/2888/2888 2833/2833/2833 2883/2883/2883
f 2833/2833/2833 2810/2810/2810 2883/2883/2883
f 2883/2883/2883 2810/2810/2810 2932/2932/2932
f 2853/2853/2853 2733/2733/2733 2734/2734/2734
f 2853/2853/2853 2734/2734/2734 2845/2845/2845
f 2845/2845/2845 2734/2734/2734 2843/2843/2843
f 2734/2734/2734 2842/2842/2842 2843/2843/2843
f 2843/2843/2843 2842/2842/2842 2844/2844/2844
f 2842/2842/2842 2738/2738/2738 2844/2844/2844
f 2844/2844/2844 2738/2738/2738 2847/2847/2847
f 2847/2847/2847 2738/2738/2738 2803/2803/2803
f 2847/2847/2847 2803/2803/2803 2879/2879/2879
f 2879/2879/2879 2832/2832/2832 2896/2896/2896
f 2896/2896/2896 2832/2832/2832 2888/2888/2888
f 2888/2888/2888 2832/2832/2832 2833/2833/2833
f 1160/1160/1160 1132/1132/1132 1184/1184/1184
f 2729/2729/2729 2704/2704/2704 2728/2728/2728
f 2729/2729/2729 2728/2728/2728 2733/2733/2733
f 2728/2728/2728 2734/2734/2734 2733/2733/2733
f 2734/2734/2734 2739/2739/2739 2842/2842/2842
f 2837/2837/2837 2826/2826/2826 2953/2953/2953
f 2957/2957/2957 2960/2960/2960 2830/2830/2830
f 2801/2801/2801 2649/2649/2649 2840/2840/2840
f 2952/2952/2952 2801/2801/2801 2840/2840/2840
f 2649/2649/2649 2647/2647/2647 2840/2840/2840
f 2840/2840/2840 2647/2647/2647 2783/2783/2783
f 2647/2647/2647 2641/2641/2641 2783/2783/2783
f 2892/2892/2892 2827/2827/2827 2653/2653/2653
f 2892/2892/2892 2653/2653/2653 2884/2884/2884
f 2884/2884/2884 2653/2653/2653 2652/2652/2652
f 4839/4839/4839 4840/4840/4840 4841/4841/4841
f 2830/2830/2830 2802/2802/2802 2801/2801/2801
f 2802/2802/2802 2650/2650/2650 2801/2801/2801
f 2650/2650/2650 2648/2648/2648 2649/2649/2649
f 2801/2801/2801 2650/2650/2650 2649/2649/2649
f 2649/2649/2649 2648/2648/2648 2647/2647/2647
f 2648/2648/2648 2645/2645/2645 2647/2647/2647
f 2647/2647/2647 2645/2645/2645 2641/2641/2641
f 2861/2861/2861 2656/2656/2656 2907/2907/2907
f 2907/2907/2907 2656/2656/2656 2827/2827/2827
f 2827/2827/2827 2656/2656/2656 2654/2654/2654
f 2827/2827/2827 2654/2654/2654 2653/2653/2653
f 2802/2802/2802 2652/2652/2652 2650/2650/2650
f 2650/2650/2650 2646/2646/2646 2648/2648/2648
f 4702/4702/4702 4703/4703/4703 4426/4426/4426
f 4426/4426/4426 4703/4703/4703 4711/4711/4711
f 4426/4426/4426 4711/4711/4711 4712/4712/4712
f 4712/4712/4712 4711/4711/4711 4801/4801/4801
f 4801/4801/4801 4820/4820/4820 4712/4712/4712
f 4569/4569/4569 4712/4712/4712 4824/4824/4824
f 4712/4712/4712 4820/4820/4820 4824/4824/4824
f 2954/2954/2954 2736/2736/2736 2851/2851/2851
f 2851/2851/2851 2736/2736/2736 2670/2670/2670
f 2851/2851/2851 2670/2670/2670 2861/2861/2861
f 2861/2861/2861 2670/2670/2670 2656/2656/2656
f 2670/2670/2670 2655/2655/2655 2656/2656/2656
f 2656/2656/2656 2655/2655/2655 2654/2654/2654
f 2654/2654/2654 2655/2655/2655 2651/2651/2651
f 2654/2654/2654 2651/2651/2651 2653/2653/2653
f 2653/2653/2653 2651/2651/2651 2652/2652/2652
f 2652/2652/2652 2651/2651/2651 2650/2650/2650
f 2650/2650/2650 2651/2651/2651 2646/2646/2646
f 2648/2648/2648 2646/2646/2646 2645/2645/2645
f 4424/4424/4424 4558/4558/4558 4556/4556/4556
f 4556/4556/4556 4558/4558/4558 4557/4557/4557
f 4657/4657/4657 4557/4557/4557 4663/4663/4663
f 4427/4427/4427 4663/4663/4663 4791/4791/4791
f 4427/4427/4427 4791/4791/4791 4595/4595/4595
f 2940/2940/2940 2917/2917/2917 2807/2807/2807
f 2737/2737/2737 2735/2735/2735 2736/2736/2736
f 2736/2736/2736 2890/2890/2890 2737/2737/2737
f 2736/2736/2736 2735/2735/2735 2670/2670/2670
f 2655/2655/2655 2670/2670/2670 2669/2669/2669
f 2655/2655/2655 2669/2669/2669 2651/2651/2651
f 2651/2651/2651 2669/2669/2669 2671/2671/2671
f 2651/2651/2651 2671/2671/2671 2646/2646/2646
f 4671/4671/4671 4672/4672/4672 4558/4558/4558
f 4671/4671/4671 4558/4558/4558 4424/4424/4424
f 2785/2785/2785 2687/2687/2687 2807/2807/2807
f 2807/2807/2807 2687/2687/2687 2817/2817/2817
f 2817/2817/2817 2687/2687/2687 2686/2686/2686
f 2817/2817/2817 2686/2686/2686 2737/2737/2737
f 2737/2737/2737 2686/2686/2686 2735/2735/2735
f 2735/2735/2735 2686/2686/2686 2664/2664/2664
f 2735/2735/2735 2664/2664/2664 2670/2670/2670
f 2670/2670/2670 2664/2664/2664 2669/2669/2669
f 2838/2838/2838 2700/2700/2700 2885/2885/2885
f 2700/2700/2700 2701/2701/2701 2885/2885/2885
f 2699/2699/2699 2688/2688/2688 2785/2785/2785
f 2785/2785/2785 2688/2688/2688 2687/2687/2687
f 4421/4421/4421 4422/4422/4422 4417/4417/4417
f 4420/4420/4420 4583/4583/4583 4419/4419/4419
f 4419/4419/4419 4583/4583/4583 4642/4642/4642
f 4419/4419/4419 4642/4642/4642 4406/4406/4406
f 4406/4406/4406 4642/4642/4642 4730/4730/4730
f 4406/4406/4406 4730/4730/4730 4745/4745/4745
f 4730/4730/4730 4816/4816/4816 4745/4745/4745
f 4407/4407/4407 4745/4745/4745 4816/4816/4816
f 4407/4407/4407 4816/4816/4816 4686/4686/4686
f 2691/2691/2691 2694/2694/2694 2838/2838/2838
f 2838/2838/2838 2694/2694/2694 2700/2700/2700
f 2694/2694/2694 2695/2695/2695 2700/2700/2700
f 2700/2700/2700 2695/2695/2695 2701/2701/2701
f 2701/2701/2701 2695/2695/2695 2703/2703/2703
f 2699/2699/2699 2702/2702/2702 2688/2688/2688
f 2694/2694/2694 2691/2691/2691 2679/2679/2679
f 2694/2694/2694 2679/2679/2679 2695/2695/2695
f 2695/2695/2695 2696/2696/2696 2703/2703/2703
f 2703/2703/2703 2696/2696/2696 2698/2698/2698
f 2698/2698/2698 2697/2697/2697 2699/2699/2699
f 2685/2685/2685 2677/2677/2677 2679/2679/2679
f 2685/2685/2685 2679/2679/2679 2691/2691/2691
f 2698/2698/2698 2696/2696/2696 2697/2697/2697
f 2677/2677/2677 2675/2675/2675 2679/2679/2679
f 2676/2676/2676 2675/2675/2675 2677/2677/2677
f 2684/2684/2684 2673/2673/2673 2676/2676/2676
f 2676/2676/2676 2673/2673/2673 2675/2675/2675
f 2684/2684/2684 2674/2674/2674 2673/2673/2673
f 2836/2836/2836 2846/2846/2846 2678/2678/2678
f 2846/2846/2846 2680/2680/2680 2678/2678/2678
f 4184/4184/4184 4196/4196/4196 4195/4195/4195
f 3569/3569/3569 3571/3571/3571 3570/3570/3570
f 3544/3544/3544 3543/3543/3543 3527/3527/3527
f 3527/3527/3527 3543/3543/3543 3526/3526/3526
f 3570/3570/3570 3571/3571/3571 3573/3573/3573
f 4157/4157/4157 4156/4156/4156 4154/4154/4154
f 4156/4156/4156 4153/4153/4153 4154/4154/4154
f 4154/4154/4154 4153/4153/4153 4149/4149/4149
f 3573/3573/3573 3571/3571/3571 3579/3579/3579
f 4020/4020/4020 4062/4062/4062 4035/4035/4035
f 689/689/689 578/578/578 740/740/740
f 2033/2033/2033 2035/2035/2035 2144/2144/2144
f 700/700/700 720/720/720 718/718/718
f 694/694/694 223/223/223 700/700/700
f 210/210/210 562/562/562 693/693/693
f 193/193/193 192/192/192 196/196/196
f 192/192/192 210/210/210 196/196/196
f 179/179/179 161/161/161 174/174/174
f 528/528/528 529/529/529 181/181/181
f 527/527/527 529/529/529 528/528/528
f 4352/4352/4352 4353/4353/4353 4354/4354/4354
f 2875/2875/2875 2962/2962/2962 2964/2964/2964
f 2875/2875/2875 2964/2964/2964 2965/2965/2965
f 4673/4673/4673 4828/4828/4828 4762/4762/4762
f 4673/4673/4673 4762/4762/4762 4761/4761/4761
f 4673/4673/4673 4761/4761/4761 4760/4760/4760
f 4760/4760/4760 4761/4761/4761 4763/4763/4763
f 2903/2903/2903 2873/2873/2873 2902/2902/2902
f 2873/2873/2873 2900/2900/2900 2901/2901/2901
f 2902/2902/2902 2873/2873/2873 2901/2901/2901
f 2962/2962/2962 2877/2877/2877 2963/2963/2963
f 2962/2962/2962 2963/2963/2963 2964/2964/2964
f 4670/4670/4670 4768/4768/4768 4767/4767/4767
f 2943/2943/2943 2945/2945/2945 2956/2956/2956
f 2933/2933/2933 2932/2932/2932 2915/2915/2915
f 2933/2933/2933 2915/2915/2915 2935/2935/2935
f 2935/2935/2935 2915/2915/2915 2936/2936/2936
f 4230/4230/4230 4231/4231/4231 4232/4232/4232
f 2903/2903/2903 2904/2904/2904 2873/2873/2873
f 2945/2945/2945 2934/2934/2934 2956/2956/2956
f 2934/2934/2934 2932/2932/2932 2933/2933/2933
f 2919/2919/2919 2916/2916/2916 2918/2918/2918
f 2918/2918/2918 2916/2916/2916 2917/2917/2917
f 2920/2920/2920 2785/2785/2785 2916/2916/2916
f 2926/2926/2926 2852/2852/2852 2703/2703/2703
f 2703/2703/2703 2698/2698/2698 2926/2926/2926
f 2926/2926/2926 2698/2698/2698 2923/2923/2923
f 4583/4583/4583 4707/4707/4707 4642/4642/4642
f 2841/2841/2841 2822/2822/2822 2719/2719/2719
f 2841/2841/2841 2719/2719/2719 2716/2716/2716
f 2841/2841/2841 2716/2716/2716 2715/2715/2715
f 2716/2716/2716 2714/2714/2714 2715/2715/2715
f 2715/2715/2715 2714/2714/2714 2693/2693/2693
f 2714/2714/2714 2685/2685/2685 2693/2693/2693
f 2719/2719/2719 2676/2676/2676 2716/2716/2716
f 2683/2683/2683 2951/2951/2951 2938/2938/2938
f 2682/2682/2682 2684/2684/2684 2719/2719/2719
f 2719/2719/2719 2684/2684/2684 2676/2676/2676
f 2683/2683/2683 2678/2678/2678 2682/2682/2682
f 2678/2678/2678 2674/2674/2674 2682/2682/2682
f 2682/2682/2682 2674/2674/2674 2684/2684/2684
f 2836/2836/2836 2678/2678/2678 2683/2683/2683
f 2938/2938/2938 2836/2836/2836 2683/2683/2683
f 2134/2134/2134 2032/2032/2032 2190/2190/2190
f 2190/2190/2190 2032/2032/2032 2153/2153/2153
f 4190/4190/4190 4189/4189/4189 4186/4186/4186
f 4184/4184/4184 4186/4186/4186 4188/4188/4188
f 4186/4186/4186 4189/4189/4189 4188/4188/4188
f 4184/4184/4184 4188/4188/4188 4196/4196/4196
f 4141/4141/4141 4137/4137/4137 4140/4140/4140
f 3580/3580/3580 3572/3572/3572 3569/3569/3569
f 2450/2450/2450 2313/2313/2313 2304/2304/2304
f 3569/3569/3569 3572/3572/3572 3571/3571/3571
f 4155/4155/4155 4154/4154/4154 4149/4149/4149
f 4149/4149/4149 4147/4147/4147 4148/4148/4148
f 3572/3572/3572 3579/3579/3579 3571/3571/3571
f 3783/3783/3783 3830/3830/3830 4029/4029/4029
f 729/729/729 726/726/726 728/728/728
f 730/730/730 724/724/724 729/729/729
f 729/729/729 724/724/724 726/726/726
f 739/739/739 724/724/724 730/730/730
f 700/700/700 223/223/223 720/720/720
f 197/197/197 209/209/209 194/194/194
f 180/180/180 161/161/161 179/179/179
f 2035/2035/2035 2156/2156/2156 2157/2157/2157
f 450/450/450 451/451/451 453/453/453
f 462/462/462 461/461/461 775/775/775
f 4549/4549/4549 4550/4550/4550 4353/4353/4353
f 4674/4674/4674 4636/4636/4636 4579/4579/4579
f 4579/4579/4579 4636/4636/4636 4549/4549/4549
f 2943/2943/2943 2944/2944/2944 2945/2945/2945
f 3180/3180/3180 3178/3178/3178 3179/3179/3179
f 4819/4819/4819 4422/4422/4422 4421/4421/4421
f 2950/2950/2950 2823/2823/2823 2825/2825/2825
f 2825/2825/2825 2823/2823/2823 2824/2824/2824
f 2823/2823/2823 2820/2820/2820 2824/2824/2824
f 2824/2824/2824 2820/2820/2820 2821/2821/2821
f 2821/2821/2821 2820/2820/2820 2719/2719/2719
f 2821/2821/2821 2719/2719/2719 2822/2822/2822
f 2951/2951/2951 2683/2683/2683 2823/2823/2823
f 2950/2950/2950 2951/2951/2951 2823/2823/2823
f 2823/2823/2823 2683/2683/2683 2819/2819/2819
f 2823/2823/2823 2819/2819/2819 2820/2820/2820
f 2820/2820/2820 2819/2819/2819 2719/2719/2719
f 2153/2153/2153 2032/2032/2032 2057/2057/2057
f 2032/2032/2032 2033/2033/2033 2057/2057/2057
f 4143/4143/4143 4148/4148/4148 4147/4147/4147
f 4143/4143/4143 4147/4147/4147 4138/4138/4138
f 4143/4143/4143 4138/4138/4138 4142/4142/4142
f 4142/4142/4142 4138/4138/4138 4137/4137/4137
f 4137/4137/4137 4138/4138/4138 4139/4139/4139
f 4137/4137/4137 4139/4139/4139 4140/4140/4140
f 4138/4138/4138 4147/4147/4147 4144/4144/4144
f 4138/4138/4138 4144/4144/4144 4139/4139/4139
f 4139/4139/4139 4144/4144/4144 4145/4145/4145
f 4139/4139/4139 4145/4145/4145 4146/4146/4146
f 4139/4139/4139 4146/4146/4146 4140/4140/4140
f 4144/4144/4144 4150/4150/4150 4145/4145/4145
f 740/740/740 733/733/733 734/734/734
f 734/734/734 739/739/739 747/747/747
f 740/740/740 578/578/578 733/733/733
f 718/718/718 225/225/225 232/232/232
f 2033/2033/2033 2034/2034/2034 2035/2035/2035
f 195/195/195 194/194/194 193/193/193
f 174/174/174 173/173/173 175/175/175
f 175/175/175 173/173/173 176/176/176
f 2035/2035/2035 2037/2037/2037 2156/2156/2156
f 454/454/454 459/459/459 450/450/450
f 458/458/458 459/459/459 454/454/454
f 787/787/787 763/763/763 775/775/775
f 4354/4354/4354 4355/4355/4355 4362/4362/4362
f 4362/4362/4362 4355/4355/4355 4718/4718/4718
f 2333/2333/2333 2490/2490/2490 2489/2489/2489
f 2213/2213/2213 2209/2209/2209 2212/2212/2212
f 2212/2212/2212 2209/2209/2209 2208/2208/2208
f 2134/2134/2134 2031/2031/2031 2032/2032/2032
f 728/728/728 821/821/821 820/820/820
f 231/231/231 578/578/578 689/689/689
f 223/223/223 221/221/221 720/720/720
f 720/720/720 221/221/221 225/225/225
f 720/720/720 225/225/225 718/718/718
f 194/194/194 191/191/191 193/193/193
f 209/209/209 177/177/177 194/194/194
f 2035/2035/2035 2036/2036/2036 2037/2037/2037
f 173/173/173 177/177/177 176/176/176
f 181/181/181 158/158/158 180/180/180
f 461/461/461 460/460/460 458/458/458
f 4549/4549/4549 4636/4636/4636 4550/4550/4550
f 1328/1328/1328 1162/1162/1162 1163/1163/1163
f 3178/3178/3178 3177/3177/3177 3179/3179/3179
f 3179/3179/3179 3177/3177/3177 3206/3206/3206
f 4422/4422/4422 4430/4430/4430 4417/4417/4417
f 2451/2451/2451 2483/2483/2483 2313/2313/2313
f 174/174/174 161/161/161 173/173/173
f 529/529/529 158/158/158 181/181/181
f 158/158/158 161/161/161 180/180/180
f 451/451/451 450/450/450 448/448/448
f 460/460/460 459/459/459 458/458/458
f 3149/3149/3149 3148/3148/3148 3147/3147/3147
f 4353/4353/4353 4355/4355/4355 4354/4354/4354
f 4550/4550/4550 4385/4385/4385 4353/4353/4353
f 3177/3177/3177 3176/3176/3176 3206/3206/3206
f 4422/4422/4422 4431/4431/4431 4430/4430/4430
f 4431/4431/4431 4678/4678/4678 4430/4430/4430
f 2209/2209/2209 2135/2135/2135 2208/2208/2208
f 2134/2134/2134 2135/2135/2135 2031/2031/2031
f 726/726/726 727/727/727 728/728/728
f 728/728/728 727/727/727 821/821/821
f 739/739/739 736/736/736 738/738/738
f 734/734/734 736/736/736 739/739/739
f 225/225/225 226/226/226 232/232/232
f 191/191/191 192/192/192 193/193/193
f 2034/2034/2034 2036/2036/2036 2035/2035/2035
f 177/177/177 184/184/184 194/194/194
f 4385/4385/4385 4356/4356/4356 4353/4353/4353
f 4636/4636/4636 4599/4599/4599 4550/4550/4550
f 4727/4727/4727 4679/4679/4679 4636/4636/4636
f 4726/4726/4726 4518/4518/4518 4422/4422/4422
f 4422/4422/4422 4518/4518/4518 4431/4431/4431
f 2205/2205/2205 2135/2135/2135 2209/2209/2209
f 230/230/230 578/578/578 231/231/231
f 232/232/232 226/226/226 231/231/231
f 562/562/562 222/222/222 223/223/223
f 177/177/177 173/173/173 183/183/183
f 529/529/529 538/538/538 158/158/158
f 4355/4355/4355 4743/4743/4743 4718/4718/4718
f 4679/4679/4679 4599/4599/4599 4636/4636/4636
f 2333/2333/2333 2316/2316/2316 2492/2492/2492
f 733/733/733 732/732/732 734/734/734
f 732/732/732 736/736/736 734/734/734
f 578/578/578 732/732/732 733/733/733
f 225/225/225 224/224/224 226/226/226
f 226/226/226 230/230/230 231/231/231
f 221/221/221 224/224/224 225/225/225
f 192/192/192 214/214/214 210/210/210
f 191/191/191 190/190/190 192/192/192
f 184/184/184 187/187/187 194/194/194
f 177/177/177 183/183/183 184/184/184
f 158/158/158 157/157/157 161/161/161
f 538/538/538 156/156/156 158/158/158
f 462/462/462 460/460/460 461/461/461
f 775/775/775 763/763/763 462/462/462
f 4353/4353/4353 4356/4356/4356 4355/4355/4355
f 4726/4726/4726 4751/4751/4751 4518/4518/4518
f 2032/2032/2032 2029/2029/2029 2033/2033/2033
f 738/738/738 725/725/725 739/739/739
f 739/739/739 725/725/725 724/724/724
f 224/224/224 227/227/227 226/226/226
f 222/222/222 220/220/220 221/221/221
f 223/223/223 222/222/222 221/221/221
f 194/194/194 187/187/187 191/191/191
f 172/172/172 173/173/173 161/161/161
f 156/156/156 157/157/157 158/158/158
f 451/451/451 452/452/452 527/527/527
f 2029/2029/2029 2034/2034/2034 2033/2033/2033
f 725/725/725 723/723/723 724/724/724
f 578/578/578 235/235/235 732/732/732
f 230/230/230 229/229/229 578/578/578
f 220/220/220 219/219/219 221/221/221
f 191/191/191 187/187/187 188/188/188
f 173/173/173 182/182/182 183/183/183
f 538/538/538 153/153/153 156/156/156
f 527/527/527 537/537/537 529/529/529
f 529/529/529 537/537/537 538/538/538
f 451/451/451 448/448/448 452/452/452
f 463/463/463 450/450/450 459/459/459
f 763/763/763 762/762/762 462/462/462
f 4599/4599/4599 4598/4598/4598 4550/4550/4550
f 3178/3178/3178 3175/3175/3175 3177/3177/3177
f 3177/3177/3177 3175/3175/3175 3176/3176/3176
f 2030/2030/2030 2029/2029/2029 2031/2031/2031
f 2031/2031/2031 2029/2029/2029 2032/2032/2032
f 221/221/221 219/219/219 224/224/224
f 562/562/562 215/215/215 222/222/222
f 214/214/214 215/215/215 210/210/210
f 191/191/191 188/188/188 190/190/190
f 190/190/190 214/214/214 192/192/192
f 161/161/161 157/157/157 160/160/160
f 172/172/172 182/182/182 173/173/173
f 2156/2156/2156 2037/2037/2037 2154/2154/2154
f 463/463/463 449/449/449 450/450/450
f 460/460/460 463/463/463 459/459/459
f 4356/4356/4356 4358/4358/4358 4355/4355/4355
f 4679/4679/4679 4632/4632/4632 4599/4599/4599
f 4431/4431/4431 4522/4522/4522 4678/4678/4678
f 2205/2205/2205 2169/2169/2169 2135/2135/2135
f 2135/2135/2135 2030/2030/2030 2031/2031/2031
f 726/726/726 688/688/688 727/727/727
f 727/727/727 688/688/688 799/799/799
f 724/724/724 681/681/681 688/688/688
f 230/230/230 226/226/226 229/229/229
f 183/183/183 182/182/182 184/184/184
f 156/156/156 155/155/155 157/157/157
f 450/450/450 449/449/449 448/448/448
f 3148/3148/3148 3146/3146/3146 3147/3147/3147
f 4355/4355/4355 4358/4358/4358 4743/4743/4743
f 3176/3176/3176 3175/3175/3175 3174/3174/3174
f 2169/2169/2169 2030/2030/2030 2135/2135/2135
f 2034/2034/2034 2029/2029/2029 2036/2036/2036
f 222/222/222 215/215/215 217/217/217
f 187/187/187 186/186/186 188/188/188
f 537/537/537 154/154/154 538/538/538
f 154/154/154 153/153/153 538/538/538
f 460/460/460 464/464/464 463/463/463
f 4356/4356/4356 4357/4357/4357 4358/4358/4358
f 4385/4385/4385 4386/4386/4386 4356/4356/4356
f 4518/4518/4518 4519/4519/4519 4431/4431/4431
f 4431/4431/4431 4519/4519/4519 4522/4522/4522
f 2026/2026/2026 2029/2029/2029 2030/2030/2030
f 732/732/732 735/735/735 736/736/736
f 736/736/736 735/735/735 738/738/738
f 235/235/235 234/234/234 732/732/732
f 234/234/234 735/735/735 732/732/732
f 229/229/229 234/234/234 235/235/235
f 222/222/222 217/217/217 220/220/220
f 184/184/184 186/186/186 187/187/187
f 182/182/182 185/185/185 184/184/184
f 160/160/160 171/171/171 161/161/161
f 161/161/161 171/171/171 172/172/172
f 172/172/172 185/185/185 182/182/182
f 156/156/156 153/153/153 155/155/155
f 452/452/452 537/537/537 527/527/527
f 3175/3175/3175 3110/3110/3110 3174/3174/3174
f 4751/4751/4751 4592/4592/4592 4518/4518/4518
f 4518/4518/4518 4592/4592/4592 4520/4520/4520
f 4518/4518/4518 4520/4520/4520 4519/4519/4519
f 188/188/188 189/189/189 190/190/190
f 186/186/186 189/189/189 188/188/188
f 2036/2036/2036 2038/2038/2038 2037/2037/2037
f 185/185/185 186/186/186 184/184/184
f 2037/2037/2037 2038/2038/2038 2039/2039/2039
f 3153/3153/3153 3146/3146/3146 3148/3148/3148
f 4385/4385/4385 4550/4550/4550 4386/4386/4386
f 4632/4632/4632 4597/4597/4597 4599/4599/4599
f 1423/1423/1423 1428/1428/1428 1449/1449/1449
f 3110/3110/3110 3078/3078/3078 3174/3174/3174
f 3174/3174/3174 3078/3078/3078 3198/3198/3198
f 723/723/723 681/681/681 724/724/724
f 229/229/229 233/233/233 234/234/234
f 226/226/226 228/228/228 229/229/229
f 219/219/219 430/430/430 224/224/224
f 220/220/220 217/217/217 219/219/219
f 214/214/214 213/213/213 215/215/215
f 762/762/762 471/471/471 462/462/462
f 4598/4598/4598 4577/4577/4577 4550/4550/4550
f 4632/4632/4632 4600/4600/4600 4597/4597/4597
f 2030/2030/2030 2047/2047/2047 2026/2026/2026
f 2026/2026/2026 2028/2028/2028 2029/2029/2029
f 735/735/735 737/737/737 738/738/738
f 227/227/227 228/228/228 226/226/226
f 2036/2036/2036 2029/2029/2029 2038/2038/2038
f 186/186/186 434/434/434 189/189/189
f 157/157/157 159/159/159 160/160/160
f 160/160/160 159/159/159 171/171/171
f 4386/4386/4386 4380/4380/4380 4357/4357/4357
f 4780/4780/4780 4600/4600/4600 4632/4632/4632
f 4592/4592/4592 4524/4524/4524 4520/4520/4520
f 731/731/731 737/737/737 735/735/735
f 190/190/190 213/213/213 214/214/214
f 436/436/436 434/434/434 186/186/186
f 185/185/185 436/436/436 186/186/186
f 172/172/172 436/436/436 185/185/185
f 155/155/155 159/159/159 157/157/157
f 449/449/449 447/447/447 448/448/448
f 3941/3941/3941 3942/3942/3942 3808/3808/3808
f 3153/3153/3153 3144/3144/3144 3146/3146/3146
f 763/763/763 472/472/472 762/762/762
f 471/471/471 464/464/464 462/462/462
f 4380/4380/4380 4358/4358/4358 4357/4357/4357
f 4577/4577/4577 4386/4386/4386 4550/4550/4550
f 3110/3110/3110 3077/3077/3077 3078/3078/3078
f 4520/4520/4520 4521/4521/4521 4519/4519/4519
f 4519/4519/4519 4521/4521/4521 4522/4522/4522
f 229/229/229 228/228/228 233/233/233
f 172/172/172 170/170/170 436/436/436
f 154/154/154 152/152/152 153/153/153
f 3942/3942/3942 3809/3809/3809 3808/3808/3808
f 463/463/463 465/465/465 449/449/449
f 465/465/465 468/468/468 449/449/449
f 449/449/449 468/468/468 447/447/447
f 4597/4597/4597 4577/4577/4577 4598/4598/4598
f 1334/1334/1334 1333/1333/1333 1204/1204/1204
f 731/731/731 634/634/634 737/737/737
f 234/234/234 237/237/237 735/735/735
f 227/227/227 242/242/242 228/228/228
f 224/224/224 430/430/430 429/429/429
f 215/215/215 216/216/216 217/217/217
f 190/190/190 212/212/212 213/213/213
f 452/452/452 536/536/536 537/537/537
f 464/464/464 465/465/465 463/463/463
f 471/471/471 466/466/466 464/464/464
f 3078/3078/3078 3075/3075/3075 3198/3198/3198
f 3198/3198/3198 3075/3075/3075 3204/3204/3204
f 4520/4520/4520 4523/4523/4523 4521/4521/4521
f 2169/2169/2169 2047/2047/2047 2030/2030/2030
f 688/688/688 682/682/682 687/687/687
f 688/688/688 687/687/687 799/799/799
f 236/236/236 237/237/237 234/234/234
f 217/217/217 218/218/218 219/219/219
f 219/219/219 417/417/417 430/430/430
f 216/216/216 218/218/218 217/217/217
f 215/215/215 213/213/213 216/216/216
f 189/189/189 211/211/211 190/190/190
f 211/211/211 212/212/212 190/190/190
f 434/434/434 168/168/168 189/189/189
f 436/436/436 168/168/168 434/434/434
f 171/171/171 170/170/170 172/172/172
f 170/170/170 167/167/167 436/436/436
f 2039/2039/2039 2143/2143/2143 2037/2037/2037
f 153/153/153 151/151/151 155/155/155
f 2143/2143/2143 2155/2155/2155 2154/2154/2154
f 2037/2037/2037 2143/2143/2143 2154/2154/2154
f 537/537/537 536/536/536 154/154/154
f 448/448/448 531/531/531 452/452/452
f 464/464/464 466/466/466 465/465/465
f 4521/4521/4521 4785/4785/4785 4522/4522/4522
f 2029/2029/2029 2028/2028/2028 2038/2038/2038
f 233/233/233 236/236/236 234/234/234
f 228/228/228 240/240/240 233/233/233
f 429/429/429 430/430/430 428/428/428
f 429/429/429 428/428/428 227/227/227
f 227/227/227 428/428/428 242/242/242
f 2038/2038/2038 2040/2040/2040 2039/2039/2039
f 167/167/167 168/168/168 436/436/436
f 171/171/171 162/162/162 170/170/170
f 152/152/152 151/151/151 153/153/153
f 154/154/154 535/535/535 152/152/152
f 447/447/447 446/446/446 448/448/448
f 448/448/448 446/446/446 531/531/531
f 3146/3146/3146 3145/3145/3145 3147/3147/3147
f 3147/3147/3147 3145/3145/3145 3194/3194/3194
f 762/762/762 472/472/472 471/471/471
f 4600/4600/4600 4596/4596/4596 4597/4597/4597
f 4780/4780/4780 4769/4769/4769 4600/4600/4600
f 1059/1059/1059 1058/1058/1058 1170/1170/1170
f 3078/3078/3078 3077/3077/3077 3075/3075/3075
f 681/681/681 682/682/682 688/688/688
f 240/240/240 236/236/236 233/233/233
f 242/242/242 240/240/240 228/228/228
f 154/154/154 536/536/536 535/535/535
f 452/452/452 531/531/531 536/536/536
f 4380/4380/4380 4381/4381/4381 4358/4358/4358
f 4381/4381/4381 4440/4440/4440 4358/4358/4358
f 4577/4577/4577 4517/4517/4517 4380/4380/4380
f 4596/4596/4596 4577/4577/4577 4597/4597/4597
f 3075/3075/3075 3203/3203/3203 3204/3204/3204
f 4524/4524/4524 4693/4693/4693 4525/4525/4525
f 4524/4524/4524 4525/4525/4525 4523/4523/4523
f 4523/4523/4523 4525/4525/4525 4521/4521/4521
f 737/737/737 260/260/260 725/725/725
f 237/237/237 731/731/731 735/735/735
f 2038/2038/2038 2028/2028/2028 2040/2040/2040
f 155/155/155 142/142/142 159/159/159
f 159/159/159 162/162/162 171/171/171
f 445/445/445 446/446/446 447/447/447
f 471/471/471 470/470/470 466/466/466
f 4358/4358/4358 4440/4440/4440 4743/4743/4743
f 4596/4596/4596 4517/4517/4517 4577/4577/4577
f 4769/4769/4769 4593/4593/4593 4600/4600/4600
f 4600/4600/4600 4593/4593/4593 4596/4596/4596
f 4525/4525/4525 4526/4526/4526 4521/4521/4521
f 4521/4521/4521 4526/4526/4526 4785/4785/4785
f 725/725/725 260/260/260 723/723/723
f 213/213/213 431/431/431 216/216/216
f 167/167/167 166/166/166 168/168/168
f 151/151/151 142/142/142 155/155/155
f 468/468/468 445/445/445 447/447/447
f 3077/3077/3077 3076/3076/3076 3075/3075/3075
f 4526/4526/4526 4722/4722/4722 4785/4785/4785
f 2026/2026/2026 2027/2027/2027 2028/2028/2028
f 682/682/682 686/686/686 687/687/687
f 681/681/681 680/680/680 682/682/682
f 634/634/634 260/260/260 737/737/737
f 218/218/218 417/417/417 219/219/219
f 2028/2028/2028 2041/2041/2041 2040/2040/2040
f 189/189/189 435/435/435 211/211/211
f 167/167/167 165/165/165 166/166/166
f 4440/4440/4440 4744/4744/4744 4743/4743/4743
f 3276/3276/3276 3275/3275/3275 3271/3271/3271
f 3075/3075/3075 3202/3202/3202 3203/3203/3203
f 4693/4693/4693 4694/4694/4694 4525/4525/4525
f 723/723/723 260/260/260 681/681/681
f 731/731/731 237/237/237 261/261/261
f 731/731/731 261/261/261 634/634/634
f 240/240/240 239/239/239 236/236/236
f 417/417/417 413/413/413 430/430/430
f 216/216/216 417/417/417 218/218/218
f 431/431/431 418/418/418 216/216/216
f 189/189/189 168/168/168 435/435/435
f 2040/2040/2040 2046/2046/2046 2039/2039/2039
f 163/163/163 165/165/165 170/170/170
f 170/170/170 165/165/165 167/167/167
f 159/159/159 142/142/142 162/162/162
f 2039/2039/2039 2046/2046/2046 2143/2143/2143
f 531/531/531 532/532/532 536/536/536
f 531/531/531 446/446/446 532/532/532
f 472/472/472 470/470/470 471/471/471
f 4517/4517/4517 4449/4449/4449 4380/4380/4380
f 4449/4449/4449 4381/4381/4381 4380/4380/4380
f 4593/4593/4593 4517/4517/4517 4596/4596/4596
f 2142/2142/2142 2042/2042/2042 2047/2047/2047
f 2042/2042/2042 2027/2027/2027 2026/2026/2026
f 2047/2047/2047 2042/2042/2042 2026/2026/2026
f 216/216/216 418/418/418 417/417/417
f 212/212/212 433/433/433 213/213/213
f 435/435/435 561/561/561 211/211/211
f 535/535/535 150/150/150 152/152/152
f 3942/3942/3942 3944/3944/3944 3809/3809/3809
f 468/468/468 467/467/467 445/445/445
f 465/465/465 467/467/467 468/468/468
f 4593/4593/4593 4574/4574/4574 4517/4517/4517
f 4769/4769/4769 4574/4574/4574 4593/4593/4593
f 4694/4694/4694 4527/4527/4527 4525/4525/4525
f 4525/4525/4525 4527/4527/4527 4526/4526/4526
f 682/682/682 683/683/683 686/686/686
f 430/430/430 427/427/427 428/428/428
f 428/428/428 427/427/427 242/242/242
f 211/211/211 326/326/326 212/212/212
f 22/22/22 435/435/435 168/168/168
f 151/151/151 141/141/141 142/142/142
f 2143/2143/2143 2158/2158/2158 2155/2155/2155
f 532/532/532 534/534/534 536/536/536
f 1373/1373/1373 1374/1374/1374 1369/1369/1369
f 1364/1364/1364 1365/1365/1365 1344/1344/1344
f 4769/4769/4769 4800/4800/4800 4574/4574/4574
f 4527/4527/4527 4528/4528/4528 4526/4526/4526
f 4526/4526/4526 4528/4528/4528 4722/4722/4722
f 3202/3202/3202 3075/3075/3075 3201/3201/3201
f 686/686/686 863/863/863 687/687/687
f 682/682/682 680/680/680 683/683/683
f 634/634/634 259/259/259 260/260/260
f 237/237/237 238/238/238 261/261/261
f 426/426/426 433/433/433 212/212/212
f 561/561/561 326/326/326 211/211/211
f 2046/2046/2046 2159/2159/2159 2143/2143/2143
f 2143/2143/2143 2159/2159/2159 2158/2158/2158
f 536/536/536 534/534/534 535/535/535
f 446/446/446 443/443/443 532/532/532
f 3944/3944/3944 3820/3820/3820 3809/3809/3809
f 3145/3145/3145 3169/3169/3169 3194/3194/3194
f 4440/4440/4440 4443/4443/4443 4744/4744/4744
f 4381/4381/4381 4443/4443/4443 4440/4440/4440
f 4528/4528/4528 4723/4723/4723 4722/4722/4722
f 3075/3075/3075 3109/3109/3109 3201/3201/3201
f 4529/4529/4529 4528/4528/4528 4527/4527/4527
f 2028/2028/2028 2027/2027/2027 2041/2041/2041
f 634/634/634 261/261/261 259/259/259
f 242/242/242 241/241/241 240/240/240
f 166/166/166 169/169/169 168/168/168
f 168/168/168 169/169/169 22/22/22
f 165/165/165 164/164/164 166/166/166
f 535/535/535 439/439/439 150/150/150
f 445/445/445 443/443/443 446/446/446
f 472/472/472 525/525/525 470/470/470
f 4381/4381/4381 4448/4448/4448 4443/4443/4443
f 4574/4574/4574 4573/4573/4573 4517/4517/4517
f 4800/4800/4800 4573/4573/4573 4574/4574/4574
f 1441/1441/1441 1440/1440/1440 1442/1442/1442
f 3076/3076/3076 3074/3074/3074 3075/3075/3075
f 2197/2197/2197 2184/2184/2184 2142/2142/2142
f 2142/2142/2142 2184/2184/2184 2042/2042/2042
f 430/430/430 413/413/413 427/427/427
f 326/326/326 426/426/426 212/212/212
f 150/150/150 147/147/147 151/151/151
f 534/534/534 439/439/439 535/535/535
f 466/466/466 469/469/469 467/467/467
f 4517/4517/4517 4454/4454/4454 4449/4449/4449
f 1431/1431/1431 1448/1448/1448 1428/1428/1428
f 4529/4529/4529 4602/4602/4602 4528/4528/4528
f 4528/4528/4528 4787/4787/4787 4723/4723/4723
f 4158/4158/4158 4159/4159/4159 4160/4160/4160
f 236/236/236 238/238/238 237/237/237
f 417/417/417 416/416/416 413/413/413
f 213/213/213 433/433/433 431/431/431
f 3345/3345/3345 3346/3346/3346 3344/3344/3344
f 534/534/534 533/533/533 439/439/439
f 466/466/466 467/467/467 465/465/465
f 470/470/470 469/469/469 466/466/466
f 3275/3275/3275 3263/3263/3263 3271/3271/3271
f 4381/4381/4381 4447/4447/4447 4448/4448/4448
f 4449/4449/4449 4447/4447/4447 4381/4381/4381
f 4573/4573/4573 4454/4454/4454 4517/4517/4517
f 3074/3074/3074 3073/3073/3073 3075/3075/3075
f 3075/3075/3075 3073/3073/3073 3109/3109/3109
f 4602/4602/4602 4603/4603/4603 4528/4528/4528
f 4528/4528/4528 4603/4603/4603 4683/4683/4683
f 4528/4528/4528 4683/4683/4683 4787/4787/4787
f 2184/2184/2184 2182/2182/2182 2042/2042/2042
f 239/239/239 238/238/238 236/236/236
f 413/413/413 411/411/411 427/427/427
f 416/416/416 412/412/412 413/413/413
f 166/166/166 164/164/164 169/169/169
f 2046/2046/2046 2174/2174/2174 2195/2195/2195
f 151/151/151 147/147/147 141/141/141
f 2195/2195/2195 2174/2174/2174 2200/2200/2200
f 2200/2200/2200 2174/2174/2174 2178/2178/2178
f 534/534/534 532/532/532 533/533/533
f 2178/2178/2178 2189/2189/2189 2201/2201/2201
f 2042/2042/2042 2024/2024/2024 2027/2027/2027
f 261/261/261 249/249/249 259/259/259
f 413/413/413 412/412/412 411/411/411
f 431/431/431 432/432/432 418/418/418
f 419/419/419 416/416/416 418/418/418
f 433/433/433 432/432/432 431/431/431
f 435/435/435 9/9/9 561/561/561
f 165/165/165 163/163/163 164/164/164
f 443/443/443 533/533/533 532/532/532
f 467/467/467 444/444/444 445/445/445
f 4573/4573/4573 4536/4536/4536 4454/4454/4454
f 2182/2182/2182 2050/2050/2050 2042/2042/2042
f 2042/2042/2042 2050/2050/2050 2024/2024/2024
f 683/683/683 678/678/678 686/686/686
f 259/259/259 257/257/257 260/260/260
f 241/241/241 239/239/239 240/240/240
f 411/411/411 409/409/409 427/427/427
f 409/409/409 241/241/241 427/427/427
f 2041/2041/2041 2044/2044/2044 2040/2040/2040
f 22/22/22 9/9/9 435/435/435
f 2040/2040/2040 2044/2044/2044 2046/2046/2046
f 142/142/142 140/140/140 162/162/162
f 162/162/162 140/140/140 163/163/163
f 469/469/469 476/476/476 467/467/467
f 3144/3144/3144 3142/3142/3142 3145/3145/3145
f 3145/3145/3145 3142/3142/3142 3169/3169/3169
f 4447/4447/4447 4446/4446/4446 4448/4448/4448
f 4800/4800/4800 4756/4756/4756 4573/4573/4573
f 4573/4573/4573 4756/4756/4756 4536/4536/4536
f 1066/1066/1066 1064/1064/1064 1134/1134/1134
f 3073/3073/3073 3108/3108/3108 3109/3109/3109
f 4529/4529/4529 4754/4754/4754 4602/4602/4602
f 2024/2024/2024 2041/2041/2041 2027/2027/2027
f 680/680/680 676/676/676 683/683/683
f 561/561/561 9/9/9 326/326/326
f 2046/2046/2046 2044/2044/2044 2174/2174/2174
f 141/141/141 140/140/140 142/142/142
f 439/439/439 148/148/148 150/150/150
f 2174/2174/2174 2173/2173/2173 2178/2178/2178
f 2178/2178/2178 2173/2173/2173 2189/2189/2189
f 445/445/445 444/444/444 443/443/443
f 525/525/525 473/473/473 470/470/470
f 525/525/525 801/801/801 524/524/524
f 2024/2024/2024 2023/2023/2023 2041/2041/2041
f 260/260/260 675/675/675 679/679/679
f 416/416/416 415/415/415 412/412/412
f 140/140/140 139/139/139 163/163/163
f 150/150/150 148/148/148 147/147/147
f 467/467/467 476/476/476 477/477/477
f 477/477/477 444/444/444 467/467/467
f 3144/3144/3144 3143/3143/3143 3142/3142/3142
f 4602/4602/4602 4604/4604/4604 4603/4603/4603
f 4603/4603/4603 4604/4604/4604 4683/4683/4683
f 2182/2182/2182 2125/2125/2125 2050/2050/2050
f 676/676/676 678/678/678 683/683/683
f 257/257/257 675/675/675 260/260/260
f 249/249/249 258/258/258 259/259/259
f 409/409/409 243/243/243 241/241/241
f 432/432/432 419/419/419 418/418/418
f 326/326/326 325/325/325 426/426/426
f 169/169/169 21/21/21 22/22/22
f 139/139/139 164/164/164 163/163/163
f 2044/2044/2044 2166/2166/2166 2174/2174/2174
f 2173/2173/2173 2210/2210/2210 2189/2189/2189
f 470/470/470 473/473/473 469/469/469
f 525/525/525 524/524/524 473/473/473
f 4448/4448/4448 4659/4659/4659 4443/4443/4443
f 4443/4443/4443 4659/4659/4659 4815/4815/4815
f 4454/4454/4454 4450/4450/4450 4449/4449/4449
f 1134/1134/1134 1063/1063/1063 1056/1056/1056
f 4604/4604/4604 4668/4668/4668 4683/4683/4683
f 2182/2182/2182 2218/2218/2218 2125/2125/2125
f 2050/2050/2050 2025/2025/2025 2024/2024/2024
f 679/679/679 676/676/676 680/680/680
f 259/259/259 258/258/258 257/257/257
f 326/326/326 9/9/9 325/325/325
f 164/164/164 136/136/136 169/169/169
f 147/147/147 138/138/138 141/141/141
f 141/141/141 138/138/138 140/140/140
f 2174/2174/2174 2166/2166/2166 2173/2173/2173
f 442/442/442 440/440/440 443/443/443
f 443/443/443 440/440/440 533/533/533
f 444/444/444 442/442/442 443/443/443
f 4447/4447/4447 4444/4444/4444 4446/4446/4446
f 4754/4754/4754 4605/4605/4605 4602/4602/4602
f 4602/4602/4602 4605/4605/4605 4604/4604/4604
f 2050/2050/2050 2125/2125/2125 2025/2025/2025
f 412/412/412 410/410/410 411/411/411
f 419/419/419 423/423/423 416/416/416
f 426/426/426 425/425/425 433/433/433
f 426/426/426 325/325/325 425/425/425
f 22/22/22 7/7/7 9/9/9
f 147/147/147 148/148/148 146/146/146
f 2173/2173/2173 2172/2172/2172 2210/2210/2210
f 4448/4448/4448 4446/4446/4446 4659/4659/4659
f 4536/4536/4536 4450/4450/4450 4454/4454/4454
f 4450/4450/4450 4444/4444/4444 4449/4449/4449
f 4543/4543/4543 4531/4531/4531 4536/4536/4536
f 4756/4756/4756 4543/4543/4543 4536/4536/4536
f 3074/3074/3074 3072/3072/3072 3073/3073/3073
f 2023/2023/2023 2024/2024/2024 2022/2022/2022
f 238/238/238 248/248/248 249/249/249
f 241/241/241 243/243/243 239/239/239
f 425/425/425 419/419/419 432/432/432
f 433/433/433 425/425/425 432/432/432
f 169/169/169 136/136/136 21/21/21
f 22/22/22 21/21/21 7/7/7
f 139/139/139 133/133/133 164/164/164
f 533/533/533 440/440/440 439/439/439
f 439/439/439 149/149/149 148/148/148
f 2173/2173/2173 2166/2166/2166 2172/2172/2172
f 2125/2125/2125 2124/2124/2124 2025/2025/2025
f 2024/2024/2024 2025/2025/2025 2021/2021/2021
f 676/676/676 677/677/677 678/678/678
f 678/678/678 677/677/677 774/774/774
f 249/249/249 248/248/248 258/258/258
f 2023/2023/2023 2022/2022/2022 2041/2041/2041
f 244/244/244 238/238/238 239/239/239
f 2041/2041/2041 2043/2043/2043 2044/2044/2044
f 2044/2044/2044 2043/2043/2043 2049/2049/2049
f 164/164/164 134/134/134 136/136/136
f 444/444/444 479/479/479 442/442/442
f 4605/4605/4605 4606/4606/4606 4604/4604/4604
f 4754/4754/4754 4606/4606/4606 4605/4605/4605
f 2021/2021/2021 2022/2022/2022 2024/2024/2024
f 258/258/258 256/256/256 257/257/257
f 238/238/238 244/244/244 248/248/248
f 410/410/410 409/409/409 411/411/411
f 2041/2041/2041 2022/2022/2022 2043/2043/2043
f 9/9/9 8/8/8 325/325/325
f 7/7/7 10/10/10 8/8/8
f 7/7/7 8/8/8 9/9/9
f 2044/2044/2044 2049/2049/2049 2166/2166/2166
f 440/440/440 438/438/438 439/439/439
f 439/439/439 438/438/438 149/149/149
f 4604/4604/4604 4667/4667/4667 4668/4668/4668
f 2218/2218/2218 2183/2183/2183 2125/2125/2125
f 2125/2125/2125 2183/2183/2183 2124/2124/2124
f 2025/2025/2025 2124/2124/2124 2021/2021/2021
f 677/677/677 773/773/773 774/774/774
f 675/675/675 676/676/676 679/679/679
f 258/258/258 247/247/247 256/256/256
f 147/147/147 144/144/144 138/138/138
f 476/476/476 478/478/478 477/477/477
f 477/477/477 479/479/479 444/444/444
f 524/524/524 507/507/507 473/473/473
f 4531/4531/4531 4530/4530/4530 4450/4450/4450
f 4606/4606/4606 4610/4610/4610 4604/4604/4604
f 4604/4604/4604 4610/4610/4610 4667/4667/4667
f 2260/2260/2260 2259/2259/2259 2255/2255/2255
f 676/676/676 606/606/606 677/677/677
f 248/248/248 247/247/247 258/258/258
f 423/423/423 421/421/421 415/415/415
f 3143/3143/3143 3141/3141/3141 3142/3142/3142
f 477/477/477 478/478/478 479/479/479
f 3273/3273/3273 3262/3262/3262 3263/3263/3263
f 4444/4444/4444 4445/4445/4445 4446/4446/4446
f 4450/4450/4450 4451/4451/4451 4444/4444/4444
f 4543/4543/4543 4664/4664/4664 4531/4531/4531
f 4531/4531/4531 4664/4664/4664 4530/4530/4530
f 2259/2259/2259 2273/2273/2273 2321/2321/2321
f 243/243/243 244/244/244 239/239/239
f 21/21/21 10/10/10 7/7/7
f 146/146/146 144/144/144 147/147/147
f 2166/2166/2166 2171/2171/2171 2172/2172/2172
f 2172/2172/2172 2211/2211/2211 2210/2210/2210
f 473/473/473 474/474/474 469/469/469
f 469/469/469 475/475/475 476/476/476
f 801/801/801 507/507/507 524/524/524
f 3273/3273/3273 3268/3268/3268 3262/3262/3262
f 4446/4446/4446 4445/4445/4445 4659/4659/4659
f 4450/4450/4450 4453/4453/4453 4451/4451/4451
f 677/677/677 606/606/606 773/773/773
f 256/256/256 255/255/255 257/257/257
f 257/257/257 255/255/255 675/675/675
f 243/243/243 245/245/245 244/244/244
f 410/410/410 412/412/412 414/414/414
f 425/425/425 424/424/424 419/419/419
f 2043/2043/2043 2048/2048/2048 2049/2049/2049
f 140/140/140 138/138/138 139/139/139
f 441/441/441 438/438/438 440/440/440
f 442/442/442 441/441/441 440/440/440
f 474/474/474 475/475/475 469/469/469
f 507/507/507 474/474/474 473/473/473
f 1296/1296/1296 1298/1298/1298 1303/1303/1303
f 4610/4610/4610 4713/4713/4713 4667/4667/4667
f 2273/2273/2273 2448/2448/2448 2321/2321/2321
f 675/675/675 255/255/255 676/676/676
f 415/415/415 414/414/414 412/412/412
f 419/419/419 424/424/424 423/423/423
f 8/8/8 20/20/20 325/325/325
f 479/479/479 441/441/441 442/442/442
f 3141/3141/3141 3140/3140/3140 3142/3142/3142
f 475/475/475 478/478/478 476/476/476
f 801/801/801 861/861/861 507/507/507
f 1342/1342/1342 1302/1302/1302 1301/1301/1301
f 2183/2183/2183 2139/2139/2139 2055/2055/2055
f 2124/2124/2124 2055/2055/2055 2021/2021/2021
f 676/676/676 255/255/255 606/606/606
f 248/248/248 244/244/244 247/247/247
f 425/425/425 324/324/324 424/424/424
f 134/134/134 135/135/135 136/136/136
f 2049/2049/2049 2170/2170/2170 2166/2166/2166
f 2166/2166/2166 2170/2170/2170 2171/2171/2171
f 4664/4664/4664 4568/4568/4568 4530/4530/4530
f 4610/4610/4610 4685/4685/4685 4713/4713/4713
f 4713/4713/4713 4685/4685/4685 4823/4823/4823
f 2021/2021/2021 2055/2055/2055 2020/2020/2020
f 2021/2021/2021 2020/2020/2020 2019/2019/2019
f 410/410/410 408/408/408 409/409/409
f 420/420/420 414/414/414 415/415/415
f 2049/2049/2049 2048/2048/2048 2170/2170/2170
f 139/139/139 138/138/138 133/133/133
f 478/478/478 480/480/480 479/479/479
f 4606/4606/4606 4609/4609/4609 4610/4610/4610
f 2021/2021/2021 2019/2019/2019 2022/2022/2022
f 606/606/606 772/772/772 773/773/773
f 243/243/243 303/303/303 245/245/245
f 423/423/423 422/422/422 421/421/421
f 424/424/424 422/422/422 423/423/423
f 2043/2043/2043 2045/2045/2045 2048/2048/2048
f 8/8/8 10/10/10 20/20/20
f 136/136/136 135/135/135 21/21/21
f 441/441/441 483/483/483 438/438/438
f 438/438/438 483/483/483 484/484/484
f 502/502/502 480/480/480 478/478/478
f 479/479/479 480/480/480 441/441/441
f 3268/3268/3268 3260/3260/3260 3262/3262/3262
f 4444/4444/4444 4457/4457/4457 4445/4445/4445
f 4568/4568/4568 4453/4453/4453 4530/4530/4530
f 2019/2019/2019 2018/2018/2018 2022/2022/2022
f 2022/2022/2022 2018/2018/2018 2043/2043/2043
f 255/255/255 591/591/591 606/606/606
f 135/135/135 11/11/11 21/21/21
f 133/133/133 132/132/132 134/134/134
f 146/146/146 145/145/145 144/144/144
f 149/149/149 438/438/438 437/437/437
f 475/475/475 502/502/502 478/478/478
f 4445/4445/4445 4457/4457/4457 4461/4461/4461
f 4445/4445/4445 4461/4461/4461 4649/4649/4649
f 4664/4664/4664 4724/4724/4724 4568/4568/4568
f 773/773/773 772/772/772 605/605/605
f 606/606/606 605/605/605 772/772/772
f 256/256/256 251/251/251 255/255/255
f 244/244/244 246/246/246 247/247/247
f 409/409/409 408/408/408 243/243/243
f 414/414/414 408/408/408 410/410/410
f 2043/2043/2043 2018/2018/2018 2045/2045/2045
f 325/325/325 324/324/324 425/425/425
f 138/138/138 131/131/131 133/133/133
f 438/438/438 484/484/484 437/437/437
f 149/149/149 145/145/145 146/146/146
f 4453/4453/4453 4452/4452/4452 4451/4451/4451
f 3072/3072/3072 3071/3071/3071 3073/3073/3073
f 3073/3073/3073 3071/3071/3071 3108/3108/3108
f 2139/2139/2139 2056/2056/2056 2055/2055/2055
f 2055/2055/2055 2056/2056/2056 2020/2020/2020
f 254/254/254 591/591/591 255/255/255
f 408/408/408 303/303/303 243/243/243
f 422/422/422 420/420/420 421/421/421
f 21/21/21 19/19/19 10/10/10
f 134/134/134 132/132/132 135/135/135
f 144/144/144 137/137/137 138/138/138
f 149/149/149 437/437/437 145/145/145
f 861/861/861 509/509/509 507/507/507
f 4451/4451/4451 4452/4452/4452 4444/4444/4444
f 3071/3071/3071 3173/3173/3173 3172/3172/3172
f 3108/3108/3108 3071/3071/3071 3172/3172/3172
f 4606/4606/4606 4696/4696/4696 4609/4609/4609
f 4609/4609/4609 4608/4608/4608 4610/4610/4610
f 4610/4610/4610 4608/4608/4608 4685/4685/4685
f 247/247/247 251/251/251 256/256/256
f 251/251/251 254/254/254 255/255/255
f 246/246/246 250/250/250 247/247/247
f 10/10/10 18/18/18 20/20/20
f 2045/2045/2045 2053/2053/2053 2048/2048/2048
f 138/138/138 137/137/137 131/131/131
f 2048/2048/2048 2053/2053/2053 2170/2170/2170
f 2053/2053/2053 2175/2175/2175 2170/2170/2170
f 2170/2170/2170 2175/2175/2175 2171/2171/2171
f 2171/2171/2171 2214/2214/2214 2211/2211/2211
f 3138/3138/3138 3139/3139/3139 3140/3140/3140
f 3141/3141/3141 3138/3138/3138 3140/3140/3140
f 475/475/475 503/503/503 502/502/502
f 507/507/507 506/506/506 474/474/474
f 3072/3072/3072 3070/3070/3070 3071/3071/3071
f 2322/2322/2322 2257/2257/2257 2256/2256/2256
f 591/591/591 605/605/605 606/606/606
f 245/245/245 246/246/246 244/244/244
f 325/325/325 20/20/20 324/324/324
f 861/861/861 882/882/882 509/509/509
f 509/509/509 506/506/506 507/507/507
f 474/474/474 503/503/503 475/475/475
f 4568/4568/4568 4455/4455/4455 4453/4453/4453
f 4453/4453/4453 4455/4455/4455 4452/4452/4452
f 4685/4685/4685 4776/4776/4776 4823/4823/4823
f 2139/2139/2139 2140/2140/2140 2056/2056/2056
f 2322/2322/2322 2440/2440/2440 2257/2257/2257
f 414/414/414 309/309/309 408/408/408
f 133/133/133 131/131/131 132/132/132
f 437/437/437 487/487/487 145/145/145
f 2175/2175/2175 2176/2176/2176 2171/2171/2171
f 2171/2171/2171 2176/2176/2176 2214/2214/2214
f 474/474/474 506/506/506 503/503/503
f 4452/4452/4452 4456/4456/4456 4444/4444/4444
f 4444/4444/4444 4456/4456/4456 4457/4457/4457
f 4724/4724/4724 4661/4661/4661 4568/4568/4568
f 4568/4568/4568 4661/4661/4661 4455/4455/4455
f 4685/4685/4685 4608/4608/4608 4776/4776/4776
f 571/571/571 414/414/414 420/420/420
f 422/422/422 315/315/315 420/420/420
f 424/424/424 572/572/572 422/422/422
f 21/21/21 11/11/11 19/19/19
f 19/19/19 18/18/18 10/10/10
f 129/129/129 38/38/38 132/132/132
f 132/132/132 38/38/38 135/135/135
f 485/485/485 437/437/437 484/484/484
f 483/483/483 485/485/485 484/484/484
f 502/502/502 501/501/501 480/480/480
f 480/480/480 501/501/501 481/481/481
f 480/480/480 481/481/481 441/441/441
f 4461/4461/4461 4650/4650/4650 4649/4649/4649
f 4649/4649/4649 4650/4650/4650 4783/4783/4783
f 2056/2056/2056 2133/2133/2133 2020/2020/2020
f 2133/2133/2133 2051/2051/2051 2020/2020/2020
f 309/309/309 300/300/300 408/408/408
f 408/408/408 301/301/301 303/303/303
f 324/324/324 318/318/318 424/424/424
f 318/318/318 572/572/572 424/424/424
f 145/145/145 143/143/143 144/144/144
f 481/481/481 482/482/482 441/441/441
f 441/441/441 482/482/482 483/483/483
f 4455/4455/4455 4458/4458/4458 4452/4452/4452
f 2140/2140/2140 2165/2165/2165 2056/2056/2056
f 2051/2051/2051 2017/2017/2017 2020/2020/2020
f 2020/2020/2020 2017/2017/2017 2019/2019/2019
f 2019/2019/2019 2017/2017/2017 2018/2018/2018
f 2018/2018/2018 2014/2014/2014 2045/2045/2045
f 572/572/572 316/316/316 422/422/422
f 20/20/20 323/323/323 324/324/324
f 2014/2014/2014 2053/2053/2053 2045/2045/2045
f 38/38/38 36/36/36 135/135/135
f 135/135/135 36/36/36 11/11/11
f 2052/2052/2052 2177/2177/2177 2175/2175/2175
f 2053/2053/2053 2052/2052/2052 2175/2175/2175
f 483/483/483 482/482/482 485/485/485
f 4461/4461/4461 4462/4462/4462 4471/4471/4471
f 4461/4461/4461 4471/4471/4471 4650/4650/4650
f 4661/4661/4661 4634/4634/4634 4455/4455/4455
f 4607/4607/4607 4608/4608/4608 4609/4609/4609
f 2056/2056/2056 2165/2165/2165 2133/2133/2133
f 605/605/605 591/591/591 604/604/604
f 605/605/605 604/604/604 607/607/607
f 245/245/245 304/304/304 246/246/246
f 246/246/246 306/306/306 250/250/250
f 245/245/245 303/303/303 304/304/304
f 300/300/300 301/301/301 408/408/408
f 571/571/571 309/309/309 414/414/414
f 420/420/420 315/315/315 571/571/571
f 422/422/422 316/316/316 315/315/315
f 131/131/131 129/129/129 132/132/132
f 3138/3138/3138 3137/3137/3137 3136/3136/3136
f 3138/3138/3138 3136/3136/3136 3139/3139/3139
f 503/503/503 501/501/501 502/502/502
f 882/882/882 881/881/881 509/509/509
f 4456/4456/4456 4462/4462/4462 4457/4457/4457
f 4634/4634/4634 4458/4458/4458 4455/4455/4455
f 3070/3070/3070 3067/3067/3067 3071/3071/3071
f 4696/4696/4696 4607/4607/4607 4609/4609/4609
f 4608/4608/4608 4611/4611/4611 4776/4776/4776
f 4776/4776/4776 4611/4611/4611 4777/4777/4777
f 2140/2140/2140 2141/2141/2141 2165/2165/2165
f 2267/2267/2267 2254/2254/2254 2248/2248/2248
f 20/20/20 18/18/18 323/323/323
f 485/485/485 482/482/482 488/488/488
f 481/481/481 500/500/500 482/482/482
f 506/506/506 505/505/505 503/503/503
f 4650/4650/4650 4821/4821/4821 4783/4783/4783
f 2423/2423/2423 2441/2441/2441 2421/2421/2421
f 2258/2258/2258 2251/2251/2251 2254/2254/2254
f 318/318/318 316/316/316 572/572/572
f 324/324/324 323/323/323 318/318/318
f 2014/2014/2014 2016/2016/2016 2052/2052/2052
f 2014/2014/2014 2052/2052/2052 2053/2053/2053
f 144/144/144 143/143/143 137/137/137
f 437/437/437 485/485/485 486/486/486
f 437/437/437 486/486/486 487/487/487
f 145/145/145 487/487/487 143/143/143
f 2176/2176/2176 2187/2187/2187 2214/2214/2214
f 505/505/505 504/504/504 503/503/503
f 504/504/504 501/501/501 503/503/503
f 4650/4650/4650 4688/4688/4688 4821/4821/4821
f 2423/2423/2423 2298/2298/2298 2441/2441/2441
f 3070/3070/3070 3065/3065/3065 3067/3067/3067
f 3067/3067/3067 3111/3111/3111 3071/3071/3071
f 3071/3071/3071 3111/3111/3111 3173/3173/3173
f 4607/4607/4607 4611/4611/4611 4608/4608/4608
f 2141/2141/2141 2133/2133/2133 2165/2165/2165
f 2052/2052/2052 2152/2152/2152 2177/2177/2177
f 2177/2177/2177 2152/2152/2152 2187/2187/2187
f 489/489/489 488/488/488 482/482/482
f 2187/2187/2187 2215/2215/2215 2214/2214/2214
f 4634/4634/4634 4594/4594/4594 4458/4458/4458
f 4458/4458/4458 4460/4460/4460 4452/4452/4452
f 2017/2017/2017 2015/2015/2015 2018/2018/2018
f 251/251/251 253/253/253 254/254/254
f 2018/2018/2018 2015/2015/2015 2014/2014/2014
f 304/304/304 302/302/302 246/246/246
f 2014/2014/2014 2015/2015/2015 2016/2016/2016
f 18/18/18 16/16/16 323/323/323
f 36/36/36 12/12/12 11/11/11
f 509/509/509 508/508/508 506/506/506
f 506/506/506 508/508/508 505/505/505
f 2017/2017/2017 2051/2051/2051 2015/2015/2015
f 254/254/254 262/262/262 591/591/591
f 315/315/315 309/309/309 571/571/571
f 19/19/19 17/17/17 18/18/18
f 498/498/498 489/489/489 482/482/482
f 881/881/881 510/510/510 509/509/509
f 4452/4452/4452 4460/4460/4460 4456/4456/4456
f 4456/4456/4456 4460/4460/4460 4462/4462/4462
f 253/253/253 262/262/262 254/254/254
f 251/251/251 250/250/250 252/252/252
f 18/18/18 17/17/17 16/16/16
f 498/498/498 496/496/496 489/489/489
f 504/504/504 515/515/515 501/501/501
f 3136/3136/3136 3135/3135/3135 3132/3132/3132
f 510/510/510 508/508/508 509/509/509
f 4462/4462/4462 4464/4464/4464 4471/4471/4471
f 4594/4594/4594 4459/4459/4459 4458/4458/4458
f 2141/2141/2141 2132/2132/2132 2133/2133/2133
f 2051/2051/2051 2133/2133/2133 2131/2131/2131
f 604/604/604 603/603/603 607/607/607
f 301/301/301 302/302/302 303/303/303
f 303/303/303 302/302/302 304/304/304
f 300/300/300 309/309/309 298/298/298
f 316/316/316 314/314/314 315/315/315
f 143/143/143 130/130/130 137/137/137
f 131/131/131 130/130/130 129/129/129
f 487/487/487 539/539/539 143/143/143
f 143/143/143 539/539/539 130/130/130
f 3137/3137/3137 3134/3134/3134 3136/3136/3136
f 3136/3136/3136 3134/3134/3134 3135/3135/3135
f 4696/4696/4696 4612/4612/4612 4607/4607/4607
f 4611/4611/4611 4613/4613/4613 4706/4706/4706
f 4611/4611/4611 4706/4706/4706 4777/4777/4777
f 2141/2141/2141 2162/2162/2162 2161/2161/2161
f 2161/2161/2161 2132/2132/2132 2141/2141/2141
f 2131/2131/2131 2108/2108/2108 2051/2051/2051
f 607/607/607 603/603/603 837/837/837
f 300/300/300 299/299/299 301/301/301
f 11/11/11 13/13/13 19/19/19
f 137/137/137 130/130/130 131/131/131
f 501/501/501 618/618/618 481/481/481
f 515/515/515 577/577/577 501/501/501
f 508/508/508 511/511/511 505/505/505
f 4458/4458/4458 4459/4459/4459 4460/4460/4460
f 4607/4607/4607 4612/4612/4612 4611/4611/4611
f 2132/2132/2132 2131/2131/2131 2133/2133/2133
f 2051/2051/2051 2108/2108/2108 2015/2015/2015
f 604/604/604 591/591/591 603/603/603
f 250/250/250 267/267/267 252/252/252
f 252/252/252 253/253/253 251/251/251
f 306/306/306 267/267/267 250/250/250
f 323/323/323 322/322/322 318/318/318
f 11/11/11 12/12/12 13/13/13
f 38/38/38 37/37/37 36/36/36
f 129/129/129 37/37/37 38/38/38
f 2052/2052/2052 2054/2054/2054 2152/2152/2152
f 130/130/130 46/46/46 129/129/129
f 2152/2152/2152 2186/2186/2186 2187/2187/2187
f 486/486/486 539/539/539 487/487/487
f 511/511/511 504/504/504 505/505/505
f 3286/3286/3286 3255/3255/3255 3258/3258/3258
f 4462/4462/4462 4463/4463/4463 4464/4464/4464
f 3111/3111/3111 3066/3066/3066 3173/3173/3173
f 4696/4696/4696 4736/4736/4736 4612/4612/4612
f 4612/4612/4612 4613/4613/4613 4611/4611/4611
f 129/129/129 42/42/42 37/37/37
f 488/488/488 490/490/490 486/486/486
f 4462/4462/4462 4460/4460/4460 4463/4463/4463
f 3065/3065/3065 3066/3066/3066 3067/3067/3067
f 3067/3067/3067 3066/3066/3066 3111/3111/3111
f 315/315/315 314/314/314 309/309/309
f 316/316/316 317/317/317 314/314/314
f 13/13/13 17/17/17 19/19/19
f 2052/2052/2052 2016/2016/2016 2054/2054/2054
f 46/46/46 42/42/42 129/129/129
f 501/501/501 577/577/577 618/618/618
f 4594/4594/4594 4532/4532/4532 4459/4459/4459
f 4753/4753/4753 4660/4660/4660 4594/4594/4594
f 301/301/301 299/299/299 302/302/302
f 481/481/481 618/618/618 500/500/500
f 510/510/510 511/511/511 508/508/508
f 4459/4459/4459 4468/4468/4468 4460/4460/4460
f 2132/2132/2132 2129/2129/2129 2131/2131/2131
f 591/591/591 602/602/602 603/603/603
f 603/603/603 800/800/800 837/837/837
f 300/300/300 298/298/298 299/299/299
f 2015/2015/2015 2059/2059/2059 2016/2016/2016
f 314/314/314 310/310/310 309/309/309
f 318/318/318 317/317/317 316/316/316
f 322/322/322 321/321/321 318/318/318
f 2016/2016/2016 2058/2058/2058 2054/2054/2054
f 36/36/36 35/35/35 12/12/12
f 489/489/489 491/491/491 490/490/490
f 489/489/489 490/490/490 488/488/488
f 498/498/498 497/497/497 496/496/496
f 618/618/618 617/617/617 500/500/500
f 500/500/500 497/497/497 498/498/498
f 4532/4532/4532 4468/4468/4468 4459/4459/4459
f 2108/2108/2108 2107/2107/2107 2015/2015/2015
f 262/262/262 598/598/598 591/591/591
f 598/598/598 602/602/602 591/591/591
f 246/246/246 305/305/305 306/306/306
f 302/302/302 305/305/305 246/246/246
f 2107/2107/2107 2059/2059/2059 2015/2015/2015
f 299/299/299 297/297/297 302/302/302
f 318/318/318 321/321/321 317/317/317
f 16/16/16 322/322/322 323/323/323
f 37/37/37 35/35/35 36/36/36
f 486/486/486 493/493/493 539/539/539
f 490/490/490 493/493/493 486/486/486
f 617/617/617 497/497/497 500/500/500
f 504/504/504 514/514/514 515/515/515
f 504/504/504 511/511/511 512/512/512
f 4464/4464/4464 4680/4680/4680 4689/4689/4689
f 4594/4594/4594 4660/4660/4660 4532/4532/4532
f 4613/4613/4613 4614/4614/4614 4706/4706/4706
f 2131/2131/2131 2129/2129/2129 2108/2108/2108
f 253/253/253 263/263/263 262/262/262
f 252/252/252 264/264/264 253/253/253
f 299/299/299 298/298/298 297/297/297
f 322/322/322 16/16/16 327/327/327
f 2016/2016/2016 2059/2059/2059 2058/2058/2058
f 12/12/12 23/23/23 13/13/13
f 42/42/42 41/41/41 37/37/37
f 2058/2058/2058 2151/2151/2151 2152/2152/2152
f 2054/2054/2054 2058/2058/2058 2152/2152/2152
f 510/510/510 521/521/521 511/511/511
f 511/511/511 521/521/521 512/512/512
f 4753/4753/4753 4669/4669/4669 4660/4660/4660
f 3065/3065/3065 3063/3063/3063 3066/3066/3066
f 4736/4736/4736 4615/4615/4615 4612/4612/4612
f 4612/4612/4612 4615/4615/4615 4614/4614/4614
f 4612/4612/4612 4614/4614/4614 4613/4613/4613
f 4614/4614/4614 4705/4705/4705 4706/4706/4706
f 2162/2162/2162 2163/2163/2163 2161/2161/2161
f 2132/2132/2132 2130/2130/2130 2129/2129/2129
f 253/253/253 264/264/264 263/263/263
f 305/305/305 267/267/267 306/306/306
f 309/309/309 310/310/310 298/298/298
f 17/17/17 14/14/14 16/16/16
f 13/13/13 14/14/14 17/17/17
f 35/35/35 23/23/23 12/12/12
f 2152/2152/2152 2151/2151/2151 2186/2186/2186
f 3953/3953/3953 4097/4097/4097 3952/3952/3952
f 497/497/497 495/495/495 496/496/496
f 514/514/514 617/617/617 577/577/577
f 515/515/515 514/514/514 577/577/577
f 4463/4463/4463 4465/4465/4465 4464/4464/4464
f 4464/4464/4464 4465/4465/4465 4680/4680/4680
f 3065/3065/3065 3064/3064/3064 3063/3063/3063
f 4736/4736/4736 4698/4698/4698 4615/4615/4615
f 602/602/602 703/703/703 603/603/603
f 603/603/603 703/703/703 800/800/800
f 252/252/252 269/269/269 264/264/264
f 14/14/14 15/15/15 16/16/16
f 37/37/37 39/39/39 35/35/35
f 539/539/539 540/540/540 130/130/130
f 2151/2151/2151 2181/2181/2181 2186/2186/2186
f 504/504/504 513/513/513 514/514/514
f 3134/3134/3134 3129/3129/3129 3135/3135/3135
f 3135/3135/3135 3129/3129/3129 3132/3132/3132
f 4468/4468/4468 4467/4467/4467 4460/4460/4460
f 298/298/298 310/310/310 296/296/296
f 298/298/298 296/296/296 297/297/297
f 314/314/314 313/313/313 310/310/310
f 560/560/560 46/46/46 130/130/130
f 130/130/130 540/540/540 560/560/560
f 1316/1316/1316 1317/1317/1317 1313/1313/1313
f 4467/4467/4467 4466/4466/4466 4460/4460/4460
f 4460/4460/4460 4466/4466/4466 4463/4463/4463
f 4660/4660/4660 4669/4669/4669 4532/4532/4532
f 1552/1552/1552 1544/1544/1544 1555/1555/1555
f 2161/2161/2161 2130/2130/2130 2132/2132/2132
f 2108/2108/2108 2109/2109/2109 2107/2107/2107
f 267/267/267 268/268/268 252/252/252
f 327/327/327 321/321/321 322/322/322
f 16/16/16 15/15/15 327/327/327
f 13/13/13 23/23/23 24/24/24
f 13/13/13 25/25/25 14/14/14
f 496/496/496 495/495/495 491/491/491
f 514/514/514 518/518/518 617/617/617
f 504/504/504 512/512/512 513/513/513
f 3129/3129/3129 3130/3130/3130 3132/3132/3132
f 510/510/510 849/849/849 521/521/521
f 4463/4463/4463 4466/4466/4466 4465/4465/4465
f 4669/4669/4669 4533/4533/4533 4532/4532/4532
f 4532/4532/4532 4533/4533/4533 4468/4468/4468
f 2163/2163/2163 2128/2128/2128 2161/2161/2161
f 2161/2161/2161 2128/2128/2128 2130/2130/2130
f 297/297/297 308/308/308 302/302/302
f 317/317/317 313/313/313 314/314/314
f 37/37/37 40/40/40 39/39/39
f 37/37/37 41/41/41 40/40/40
f 617/617/617 620/620/620 497/497/497
f 513/513/513 518/518/518 514/514/514
f 4466/4466/4466 4469/4469/4469 4465/4465/4465
f 4465/4465/4465 4469/4469/4469 4680/4680/4680
f 4476/4476/4476 4472/4472/4472 4468/4468/4468
f 4468/4468/4468 4472/4472/4472 4467/4467/4467
f 3066/3066/3066 3063/3063/3063 3213/3213/3213
f 2129/2129/2129 2109/2109/2109 2108/2108/2108
f 2107/2107/2107 2110/2110/2110 2111/2111/2111
f 263/263/263 266/266/266 262/262/262
f 2107/2107/2107 2111/2111/2111 2059/2059/2059
f 296/296/296 294/294/294 297/297/297
f 319/319/319 313/313/313 317/317/317
f 15/15/15 329/329/329 327/327/327
f 4097/4097/4097 3969/3969/3969 3952/3952/3952
f 4615/4615/4615 4616/4616/4616 4614/4614/4614
f 268/268/268 269/269/269 252/252/252
f 302/302/302 307/307/307 305/305/305
f 310/310/310 311/311/311 296/296/296
f 321/321/321 320/320/320 317/317/317
f 327/327/327 328/328/328 321/321/321
f 492/492/492 494/494/494 493/493/493
f 490/490/490 492/492/492 493/493/493
f 495/495/495 492/492/492 491/491/491
f 617/617/617 619/619/619 620/620/620
f 3187/3187/3187 3128/3128/3128 3134/3134/3134
f 518/518/518 619/619/619 617/617/617
f 3129/3129/3129 3127/3127/3127 3130/3130/3130
f 2236/2236/2236 2419/2419/2419 2422/2422/2422
f 262/262/262 597/597/597 598/598/598
f 598/598/598 597/597/597 602/602/602
f 264/264/264 265/265/265 263/263/263
f 320/320/320 319/319/319 317/317/317
f 2111/2111/2111 2060/2060/2060 2059/2059/2059
f 321/321/321 573/573/573 320/320/320
f 2059/2059/2059 2060/2060/2060 2058/2058/2058
f 14/14/14 27/27/27 15/15/15
f 42/42/42 43/43/43 41/41/41
f 41/41/41 43/43/43 40/40/40
f 491/491/491 492/492/492 490/490/490
f 493/493/493 540/540/540 539/539/539
f 3187/3187/3187 3188/3188/3188 3128/3128/3128
f 512/512/512 516/516/516 513/513/513
f 2236/2236/2236 2230/2230/2230 2419/2419/2419
f 2130/2130/2130 2128/2128/2128 2129/2129/2129
f 297/297/297 294/294/294 308/308/308
f 311/311/311 295/295/295 296/296/296
f 296/296/296 295/295/295 294/294/294
f 312/312/312 311/311/311 310/310/310
f 313/313/313 312/312/312 310/310/310
f 327/327/327 329/329/329 328/328/328
f 24/24/24 25/25/25 13/13/13
f 14/14/14 25/25/25 27/27/27
f 2058/2058/2058 2061/2061/2061 2151/2151/2151
f 620/620/620 499/499/499 497/497/497
f 513/513/513 517/517/517 518/518/518
f 1313/1313/1313 1314/1314/1314 1286/1286/1286
f 4467/4467/4467 4470/4470/4470 4466/4466/4466
f 4658/4658/4658 4534/4534/4534 4533/4533/4533
f 4669/4669/4669 4658/4658/4658 4533/4533/4533
f 4534/4534/4534 4476/4476/4476 4533/4533/4533
f 4614/4614/4614 4616/4616/4616 4705/4705/4705
f 2129/2129/2129 2128/2128/2128 2109/2109/2109
f 2107/2107/2107 2109/2109/2109 2110/2110/2110
f 269/269/269 265/265/265 264/264/264
f 263/263/263 265/265/265 266/266/266
f 302/302/302 308/308/308 307/307/307
f 321/321/321 328/328/328 573/573/573
f 2060/2060/2060 2061/2061/2061 2058/2058/2058
f 23/23/23 35/35/35 24/24/24
f 513/513/513 516/516/516 517/517/517
f 512/512/512 521/521/521 516/516/516
f 4698/4698/4698 4617/4617/4617 4615/4615/4615
f 602/602/602 704/704/704 703/703/703
f 267/267/267 305/305/305 307/307/307
f 267/267/267 307/307/307 268/268/268
f 15/15/15 27/27/27 329/329/329
f 46/46/46 43/43/43 42/42/42
f 2151/2151/2151 2168/2168/2168 2181/2181/2181
f 499/499/499 492/492/492 495/495/495
f 4470/4470/4470 4469/4469/4469 4466/4466/4466
f 4472/4472/4472 4470/4470/4470 4467/4467/4467
f 266/266/266 597/597/597 262/262/262
f 597/597/597 704/704/704 602/602/602
f 268/268/268 270/270/270 269/269/269
f 395/395/395 312/312/312 313/313/313
f 39/39/39 34/34/34 35/35/35
f 2061/2061/2061 2168/2168/2168 2151/2151/2151
f 494/494/494 541/541/541 493/493/493
f 493/493/493 541/541/541 540/540/540
f 517/517/517 519/519/519 518/518/518
f 518/518/518 519/519/519 619/619/619
f 521/521/521 522/522/522 516/516/516
f 4469/4469/4469 4721/4721/4721 4680/4680/4680
f 4616/4616/4616 4619/4619/4619 4705/4705/4705
f 2163/2163/2163 2164/2164/2164 2128/2128/2128
f 308/308/308 287/287/287 307/307/307
f 319/319/319 395/395/395 313/313/313
f 573/573/573 587/587/587 320/320/320
f 24/24/24 26/26/26 25/25/25
f 2060/2060/2060 2062/2062/2062 2061/2061/2061
f 40/40/40 34/34/34 39/39/39
f 540/540/540 542/542/542 560/560/560
f 560/560/560 542/542/542 46/46/46
f 620/620/620 621/621/621 499/499/499
f 1546/1546/1546 1547/1547/1547 1544/1544/1544
f 2164/2164/2164 2136/2136/2136 2128/2128/2128
f 703/703/703 704/704/704 822/822/822
f 27/27/27 28/28/28 329/329/329
f 25/25/25 26/26/26 27/27/27
f 541/541/541 542/542/542 540/540/540
f 619/619/619 622/622/622 620/620/620
f 620/620/620 622/622/622 621/621/621
f 621/621/621 559/559/559 499/499/499
f 519/519/519 622/622/622 619/619/619
f 3127/3127/3127 3131/3131/3131 3130/3130/3130
f 849/849/849 674/674/674 521/521/521
f 521/521/521 674/674/674 522/522/522
f 4470/4470/4470 4483/4483/4483 4469/4469/4469
f 4469/4469/4469 4483/4483/4483 4721/4721/4721
f 4658/4658/4658 4666/4666/4666 4534/4534/4534
f 4615/4615/4615 4617/4617/4617 4616/4616/4616
f 2128/2128/2128 2127/2127/2127 2109/2109/2109
f 2109/2109/2109 2127/2127/2127 2074/2074/2074
f 295/295/295 293/293/293 294/294/294
f 35/35/35 34/34/34 24/24/24
f 542/542/542 47/47/47 46/46/46
f 499/499/499 559/559/559 492/492/492
f 516/516/516 520/520/520 517/517/517
f 3064/3064/3064 3061/3061/3061 3063/3063/3063
f 2136/2136/2136 2127/2127/2127 2128/2128/2128
f 2109/2109/2109 2075/2075/2075 2110/2110/2110
f 266/266/266 593/593/593 597/597/597
f 265/265/265 580/580/580 266/266/266
f 2064/2064/2064 2060/2060/2060 2111/2111/2111
f 34/34/34 31/31/31 24/24/24
f 2061/2061/2061 2150/2150/2150 2168/2168/2168
f 2168/2168/2168 2203/2203/2203 2204/2204/2204
f 3128/3128/3128 3126/3126/3126 3127/3127/3127
f 522/522/522 523/523/523 516/516/516
f 4483/4483/4483 4720/4720/4720 4721/4721/4721
f 4476/4476/4476 4473/4473/4473 4472/4472/4472
f 4472/4472/4472 4473/4473/4473 4470/4470/4470
f 4534/4534/4534 4473/4473/4473 4476/4476/4476
f 3063/3063/3063 3062/3062/3062 3213/3213/3213
f 4617/4617/4617 4619/4619/4619 4616/4616/4616
f 2164/2164/2164 2160/2160/2160 2136/2136/2136
f 2160/2160/2160 2148/2148/2148 2136/2136/2136
f 2110/2110/2110 2064/2064/2064 2111/2111/2111
f 294/294/294 292/292/292 308/308/308
f 2060/2060/2060 2063/2063/2063 2062/2062/2062
f 24/24/24 31/31/31 26/26/26
f 2062/2062/2062 2067/2067/2067 2061/2061/2061
f 43/43/43 34/34/34 40/40/40
f 2061/2061/2061 2067/2067/2067 2150/2150/2150
f 46/46/46 48/48/48 43/43/43
f 2168/2168/2168 2150/2150/2150 2203/2203/2203
f 559/559/559 494/494/494 492/492/492
f 520/520/520 626/626/626 517/517/517
f 672/672/672 522/522/522 674/674/674
f 3251/3251/3251 3248/3248/3248 3249/3249/3249
f 3062/3062/3062 3212/3212/3212 3213/3213/3213
f 4698/4698/4698 4684/4684/4684 4617/4617/4617
f 2136/2136/2136 2137/2137/2137 2127/2127/2127
f 2127/2127/2127 2079/2079/2079 2074/2074/2074
f 2074/2074/2074 2075/2075/2075 2109/2109/2109
f 580/580/580 592/592/592 266/266/266
f 2064/2064/2064 2063/2063/2063 2060/2060/2060
f 292/292/292 287/287/287 308/308/308
f 320/320/320 399/399/399 319/319/319
f 43/43/43 44/44/44 34/34/34
f 48/48/48 44/44/44 43/43/43
f 623/623/623 621/621/621 622/622/622
f 3127/3127/3127 3133/3133/3133 3131/3131/3131
f 3061/3061/3061 3062/3062/3062 3063/3063/3063
f 593/593/593 596/596/596 597/597/597
f 269/269/269 580/580/580 265/265/265
f 266/266/266 592/592/592 593/593/593
f 270/270/270 271/271/271 269/269/269
f 294/294/294 293/293/293 292/292/292
f 311/311/311 396/396/396 295/295/295
f 585/585/585 399/399/399 320/320/320
f 328/328/328 574/574/574 573/573/573
f 329/329/329 28/28/28 328/328/328
f 26/26/26 28/28/28 27/27/27
f 46/46/46 47/47/47 48/48/48
f 494/494/494 543/543/543 541/541/541
f 541/541/541 543/543/543 542/542/542
f 519/519/519 626/626/626 622/622/622
f 622/622/622 626/626/626 623/623/623
f 4483/4483/4483 4487/4487/4487 4720/4720/4720
f 4720/4720/4720 4487/4487/4487 4742/4742/4742
f 4473/4473/4473 4475/4475/4475 4470/4470/4470
f 4666/4666/4666 4665/4665/4665 4534/4534/4534
f 4619/4619/4619 4654/4654/4654 4827/4827/4827
f 2127/2127/2127 2137/2137/2137 2079/2079/2079
f 269/269/269 271/271/271 580/580/580
f 319/319/319 399/399/399 395/395/395
f 587/587/587 585/585/585 320/320/320
f 2062/2062/2062 2063/2063/2063 2067/2067/2067
f 626/626/626 519/519/519 517/517/517
f 523/523/523 520/520/520 516/516/516
f 4617/4617/4617 4620/4620/4620 4619/4619/4619
f 4620/4620/4620 4654/4654/4654 4619/4619/4619
f 2225/2225/2225 2327/2327/2327 2226/2226/2226
f 704/704/704 797/797/797 822/822/822
f 2075/2075/2075 2064/2064/2064 2110/2110/2110
f 292/292/292 286/286/286 287/287/287
f 295/295/295 397/397/397 293/293/293
f 311/311/311 312/312/312 396/396/396
f 573/573/573 586/586/586 587/587/587
f 34/34/34 33/33/33 31/31/31
f 44/44/44 45/45/45 34/34/34
f 4470/4470/4470 4484/4484/4484 4483/4483/4483
f 4473/4473/4473 4474/4474/4474 4475/4475/4475
f 4654/4654/4654 4781/4781/4781 4827/4827/4827
f 2160/2160/2160 2149/2149/2149 2148/2148/2148
f 597/597/597 596/596/596 704/704/704
f 287/287/287 286/286/286 285/285/285
f 287/287/287 285/285/285 268/268/268
f 396/396/396 397/397/397 295/295/295
f 399/399/399 398/398/398 395/395/395
f 395/395/395 398/398/398 312/312/312
f 574/574/574 586/586/586 573/573/573
f 28/28/28 330/330/330 328/328/328
f 2150/2150/2150 2179/2179/2179 2203/2203/2203
f 494/494/494 546/546/546 543/543/543
f 3975/3975/3975 3977/3977/3977 3976/3976/3976
f 623/623/623 559/559/559 621/621/621
f 4484/4484/4484 4487/4487/4487 4483/4483/4483
f 4665/4665/4665 4535/4535/4535 4534/4534/4534
f 4534/4534/4534 4535/4535/4535 4473/4473/4473
f 4473/4473/4473 4535/4535/4535 4474/4474/4474
f 2336/2336/2336 2226/2226/2226 2328/2328/2328
f 704/704/704 710/710/710 797/797/797
f 285/285/285 272/272/272 268/268/268
f 587/587/587 586/586/586 585/585/585
f 34/34/34 45/45/45 33/33/33
f 2149/2149/2149 2147/2147/2147 2148/2148/2148
f 2148/2148/2148 2147/2147/2147 2137/2137/2137
f 704/704/704 596/596/596 710/710/710
f 268/268/268 272/272/272 270/270/270
f 580/580/580 271/271/271 592/592/592
f 328/328/328 332/332/332 574/574/574
f 26/26/26 29/29/29 28/28/28
f 31/31/31 32/32/32 26/26/26
f 542/542/542 50/50/50 47/47/47
f 494/494/494 559/559/559 546/546/546
f 559/559/559 623/623/623 624/624/624
f 626/626/626 627/627/627 623/623/623
f 627/627/627 628/628/628 623/623/623
f 3126/3126/3126 3124/3124/3124 3127/3127/3127
f 3127/3127/3127 3124/3124/3124 3133/3133/3133
f 522/522/522 671/671/671 666/666/666
f 522/522/522 666/666/666 523/523/523
f 3244/3244/3244 3241/3241/3241 3246/3246/3246
f 4487/4487/4487 4710/4710/4710 4742/4742/4742
f 4475/4475/4475 4477/4477/4477 4470/4470/4470
f 4665/4665/4665 4691/4691/4691 4535/4535/4535
f 2334/2334/2334 2335/2335/2335 2416/2416/2416
f 4620/4620/4620 4653/4653/4653 4654/4654/4654
f 4654/4654/4654 4653/4653/4653 4781/4781/4781
f 592/592/592 594/594/594 593/593/593
f 292/292/292 284/284/284 286/286/286
f 398/398/398 344/344/344 396/396/396
f 312/312/312 398/398/398 396/396/396
f 33/33/33 32/32/32 31/31/31
f 2067/2067/2067 2138/2138/2138 2150/2150/2150
f 542/542/542 544/544/544 50/50/50
f 2150/2150/2150 2138/2138/2138 2179/2179/2179
f 543/543/543 546/546/546 545/545/545
f 3133/3133/3133 3166/3166/3166 3131/3131/3131
f 674/674/674 836/836/836 672/672/672
f 4470/4470/4470 4477/4477/4477 4484/4484/4484
f 593/593/593 594/594/594 596/596/596
f 397/397/397 291/291/291 293/293/293
f 29/29/29 373/373/373 28/28/28
f 330/330/330 331/331/331 328/328/328
f 32/32/32 30/30/30 26/26/26
f 30/30/30 29/29/29 26/26/26
f 2066/2066/2066 2138/2138/2138 2067/2067/2067
f 47/47/47 50/50/50 48/48/48
f 545/545/545 544/544/544 543/543/543
f 543/543/543 544/544/544 542/542/542
f 672/672/672 671/671/671 522/522/522
f 4684/4684/4684 4621/4621/4621 4617/4617/4617
f 4621/4621/4621 4620/4620/4620 4617/4617/4617
f 2064/2064/2064 2065/2065/2065 2063/2063/2063
f 332/332/332 586/586/586 574/574/574
f 2065/2065/2065 2066/2066/2066 2063/2063/2063
f 373/373/373 330/330/330 28/28/28
f 2063/2063/2063 2066/2066/2066 2067/2067/2067
f 625/625/625 624/624/624 623/623/623
f 668/668/668 628/628/628 627/627/627
f 626/626/626 629/629/629 627/627/627
f 3244/3244/3244 3240/3240/3240 3241/3241/3241
f 4484/4484/4484 4486/4486/4486 4487/4487/4487
f 4487/4487/4487 4486/4486/4486 4710/4710/4710
f 4692/4692/4692 4641/4641/4641 4535/4535/4535
f 4691/4691/4691 4692/4692/4692 4535/4535/4535
f 4535/4535/4535 4641/4641/4641 4474/4474/4474
f 1533/1533/1533 1549/1549/1549 1495/1495/1495
f 596/596/596 707/707/707 710/710/710
f 270/270/270 272/272/272 271/271/271
f 286/286/286 284/284/284 285/285/285
f 292/292/292 291/291/291 284/284/284
f 399/399/399 579/579/579 398/398/398
f 373/373/373 331/331/331 330/330/330
f 44/44/44 49/49/49 45/45/45
f 559/559/559 624/624/624 546/546/546
f 628/628/628 625/625/625 623/623/623
f 520/520/520 523/523/523 626/626/626
f 2074/2074/2074 2073/2073/2073 2075/2075/2075
f 2075/2075/2075 2073/2073/2073 2064/2064/2064
f 397/397/397 400/400/400 291/291/291
f 344/344/344 397/397/397 396/396/396
f 585/585/585 584/584/584 399/399/399
f 399/399/399 584/584/584 579/579/579
f 29/29/29 374/374/374 373/373/373
f 33/33/33 59/59/59 32/32/32
f 50/50/50 51/51/51 48/48/48
f 666/666/666 631/631/631 523/523/523
f 671/671/671 665/665/665 666/666/666
f 3133/3133/3133 3124/3124/3124 3166/3166/3166
f 4486/4486/4486 4601/4601/4601 4710/4710/4710
f 4474/4474/4474 4482/4482/4482 4475/4475/4475
f 4692/4692/4692 4803/4803/4803 4641/4641/4641
f 3069/3069/3069 3211/3211/3211 3212/3212/3212
f 3062/3062/3062 3069/3069/3069 3212/3212/3212
f 4684/4684/4684 4748/4748/4748 4621/4621/4621
f 2147/2147/2147 2078/2078/2078 2137/2137/2137
f 2137/2137/2137 2078/2078/2078 2079/2079/2079
f 2345/2345/2345 2442/2442/2442 2344/2344/2344
f 398/398/398 579/579/579 344/344/344
f 29/29/29 30/30/30 374/374/374
f 33/33/33 45/45/45 59/59/59
f 2066/2066/2066 2126/2126/2126 2138/2138/2138
f 48/48/48 49/49/49 44/44/44
f 50/50/50 52/52/52 51/51/51
f 523/523/523 631/631/631 626/626/626
f 631/631/631 629/629/629 626/626/626
f 4484/4484/4484 4485/4485/4485 4486/4486/4486
f 4482/4482/4482 4478/4478/4478 4475/4475/4475
f 2326/2326/2326 2394/2394/2394 2406/2406/2406
f 4620/4620/4620 4651/4651/4651 4653/4653/4653
f 4653/4653/4653 4651/4651/4651 4781/4781/4781
f 2064/2064/2064 2073/2073/2073 2065/2065/2065
f 284/284/284 283/283/283 285/285/285
f 283/283/283 272/272/272 285/285/285
f 48/48/48 51/51/51 49/49/49
f 557/557/557 547/547/547 546/546/546
f 668/668/668 630/630/630 628/628/628
f 629/629/629 630/630/630 627/627/627
f 627/627/627 630/630/630 668/668/668
f 666/666/666 665/665/665 631/631/631
f 836/836/836 670/670/670 672/672/672
f 670/670/670 671/671/671 672/672/672
f 4478/4478/4478 4477/4477/4477 4475/4475/4475
f 4641/4641/4641 4482/4482/4482 4474/4474/4474
f 4620/4620/4620 4622/4622/4622 4651/4651/4651
f 271/271/271 274/274/274 592/592/592
f 344/344/344 400/400/400 397/397/397
f 545/545/545 548/548/548 544/544/544
f 544/544/544 563/563/563 50/50/50
f 546/546/546 547/547/547 545/545/545
f 3165/3165/3165 3123/3123/3123 3125/3125/3125
f 2407/2407/2407 2399/2399/2399 2444/2444/2444
f 2079/2079/2079 2076/2076/2076 2074/2074/2074
f 2074/2074/2074 2076/2076/2076 2072/2072/2072
f 2074/2074/2074 2072/2072/2072 2073/2073/2073
f 596/596/596 594/594/594 707/707/707
f 291/291/291 400/400/400 290/290/290
f 45/45/45 49/49/49 59/59/59
f 624/624/624 557/557/557 546/546/546
f 4486/4486/4486 4485/4485/4485 4601/4601/4601
f 544/544/544 548/548/548 563/563/563
f 625/625/625 558/558/558 624/624/624
f 671/671/671 670/670/670 665/665/665
f 4485/4485/4485 4503/4503/4503 4601/4601/4601
f 4601/4601/4601 4503/4503/4503 4795/4795/4795
f 4641/4641/4641 4714/4714/4714 4482/4482/4482
f 1549/1549/1549 1586/1586/1586 1550/1550/1550
f 4651/4651/4651 4747/4747/4747 4781/4781/4781
f 2149/2149/2149 2123/2123/2123 2147/2147/2147
f 592/592/592 595/595/595 594/594/594
f 272/272/272 273/273/273 271/271/271
f 291/291/291 290/290/290 284/284/284
f 586/586/586 334/334/334 585/585/585
f 585/585/585 334/334/334 584/584/584
f 331/331/331 333/333/333 332/332/332
f 545/545/545 547/547/547 548/548/548
f 3125/3125/3125 3123/3123/3123 3124/3124/3124
f 4482/4482/4482 4481/4481/4481 4478/4478/4478
f 4641/4641/4641 4794/4794/4794 4714/4714/4714
f 4714/4714/4714 4481/4481/4481 4482/4482/4482
f 2078/2078/2078 2076/2076/2076 2079/2079/2079
f 2343/2343/2343 2414/2414/2414 2346/2346/2346
f 2065/2065/2065 2068/2068/2068 2066/2066/2066
f 374/374/374 375/375/375 373/373/373
f 373/373/373 372/372/372 331/331/331
f 30/30/30 376/376/376 374/374/374
f 563/563/563 52/52/52 50/50/50
f 628/628/628 558/558/558 625/625/625
f 4477/4477/4477 4479/4479/4479 4485/4485/4485
f 4620/4620/4620 4621/4621/4621 4622/4622/4622
f 2072/2072/2072 2071/2071/2071 2073/2073/2073
f 273/273/273 274/274/274 271/271/271
f 284/284/284 282/282/282 283/283/283
f 2069/2069/2069 2068/2068/2068 2065/2065/2065
f 334/334/334 336/336/336 584/584/584
f 333/333/333 334/334/334 332/332/332
f 332/332/332 334/334/334 586/586/586
f 2066/2066/2066 2068/2068/2068 2126/2126/2126
f 32/32/32 59/59/59 30/30/30
f 2126/2126/2126 2087/2087/2087 2138/2138/2138
f 4072/4072/4072 4039/4039/4039 3979/3979/3979
f 667/667/667 628/628/628 630/630/630
f 3123/3123/3123 3119/3119/3119 3124/3124/3124
f 665/665/665 664/664/664 631/631/631
f 3124/3124/3124 3119/3119/3119 3171/3171/3171
f 3124/3124/3124 3171/3171/3171 3166/3166/3166
f 836/836/836 793/793/793 670/670/670
f 670/670/670 669/669/669 665/665/665
f 4477/4477/4477 4478/4478/4478 4479/4479/4479
f 3079/3079/3079 3068/3068/3068 3061/3061/3061
f 3061/3061/3061 3068/3068/3068 3062/3062/3062
f 705/705/705 706/706/706 707/707/707
f 274/274/274 595/595/595 592/592/592
f 283/283/283 276/276/276 272/272/272
f 284/284/284 290/290/290 282/282/282
f 584/584/584 336/336/336 579/579/579
f 579/579/579 336/336/336 337/337/337
f 579/579/579 341/341/341 344/344/344
f 49/49/49 54/54/54 59/59/59
f 2086/2086/2086 2087/2087/2087 2126/2126/2126
f 52/52/52 128/128/128 51/51/51
f 558/558/558 557/557/557 624/624/624
f 793/793/793 690/690/690 670/670/670
f 3068/3068/3068 3069/3069/3069 3062/3062/3062
f 594/594/594 647/647/647 705/705/705
f 272/272/272 276/276/276 273/273/273
f 341/341/341 343/343/343 344/344/344
f 344/344/344 343/343/343 400/400/400
f 579/579/579 337/337/337 341/341/341
f 372/372/372 333/333/333 331/331/331
f 376/376/376 375/375/375 374/374/374
f 2068/2068/2068 2086/2086/2086 2126/2126/2126
f 548/548/548 550/550/550 570/570/570
f 548/548/548 570/570/570 563/563/563
f 557/557/557 556/556/556 547/547/547
f 629/629/629 631/631/631 630/630/630
f 4485/4485/4485 4488/4488/4488 4503/4503/4503
f 4479/4479/4479 4488/4488/4488 4485/4485/4485
f 273/273/273 275/275/275 274/274/274
f 375/375/375 372/372/372 373/373/373
f 59/59/59 58/58/58 30/30/30
f 58/58/58 376/376/376 30/30/30
f 628/628/628 667/667/667 640/640/640
f 628/628/628 632/632/632 558/558/558
f 3983/3983/3983 4015/4015/4015 4008/4008/4008
f 3123/3123/3123 3122/3122/3122 3119/3119/3119
f 665/665/665 104/104/104 664/664/664
f 690/690/690 669/669/669 670/670/670
f 669/669/669 583/583/583 665/665/665
f 4503/4503/4503 4735/4735/4735 4795/4795/4795
f 4481/4481/4481 4480/4480/4480 4478/4478/4478
f 4622/4622/4622 4652/4652/4652 4651/4651/4651
f 4651/4651/4651 4652/4652/4652 4747/4747/4747
f 2071/2071/2071 2069/2069/2069 2065/2065/2065
f 2073/2073/2073 2071/2071/2071 2065/2065/2065
f 290/290/290 289/289/289 282/282/282
f 51/51/51 53/53/53 49/49/49
f 547/547/547 549/549/549 548/548/548
f 558/558/558 556/556/556 557/557/557
f 631/631/631 667/667/667 630/630/630
f 2443/2443/2443 2424/2424/2424 2457/2457/2457
f 2123/2123/2123 2077/2077/2077 2147/2147/2147
f 2147/2147/2147 2077/2077/2077 2078/2078/2078
f 595/595/595 647/647/647 594/594/594
f 283/283/283 279/279/279 276/276/276
f 49/49/49 53/53/53 54/54/54
f 563/563/563 570/570/570 128/128/128
f 563/563/563 128/128/128 52/52/52
f 640/640/640 632/632/632 628/628/628
f 4714/4714/4714 4715/4715/4715 4481/4481/4481
f 1156/1156/1156 1154/1154/1154 1165/1165/1165
f 3069/3069/3069 3159/3159/3159 3211/3211/3211
f 4748/4748/4748 4759/4759/4759 4621/4621/4621
f 2077/2077/2077 2076/2076/2076 2078/2078/2078
f 274/274/274 275/275/275 566/566/566
f 59/59/59 54/54/54 58/58/58
f 556/556/556 549/549/549 547/547/547
f 549/549/549 550/550/550 548/548/548
f 558/558/558 632/632/632 556/556/556
f 664/664/664 667/667/667 631/631/631
f 665/665/665 583/583/583 104/104/104
f 4488/4488/4488 4490/4490/4490 4503/4503/4503
f 4503/4503/4503 4490/4490/4490 4735/4735/4735
f 4481/4481/4481 4715/4715/4715 4480/4480/4480
f 2077/2077/2077 2072/2072/2072 2076/2076/2076
f 400/400/400 288/288/288 290/290/290
f 290/290/290 288/288/288 289/289/289
f 334/334/334 333/333/333 335/335/335
f 376/376/376 377/377/377 375/375/375
f 377/377/377 378/378/378 375/375/375
f 128/128/128 127/127/127 51/51/51
f 3119/3119/3119 3118/3118/3118 3171/3171/3171
f 793/793/793 673/673/673 690/690/690
f 4480/4480/4480 4479/4479/4479 4478/4478/4478
f 4479/4479/4479 4489/4489/4489 4488/4488/4488
f 3069/3069/3069 3068/3068/3068 3159/3159/3159
f 4622/4622/4622 4633/4633/4633 4652/4652/4652
f 4652/4652/4652 4633/4633/4633 4747/4747/4747
f 706/706/706 784/784/784 707/707/707
f 274/274/274 566/566/566 595/595/595
f 343/343/343 288/288/288 400/400/400
f 334/334/334 335/335/335 336/336/336
f 336/336/336 335/335/335 337/337/337
f 375/375/375 381/381/381 372/372/372
f 58/58/58 377/377/377 376/376/376
f 550/550/550 79/79/79 570/570/570
f 667/667/667 664/664/664 103/103/103
f 673/673/673 669/669/669 690/690/690
f 4489/4489/4489 4490/4490/4490 4488/4488/4488
f 971/971/971 970/970/970 967/967/967
f 4621/4621/4621 4623/4623/4623 4622/4622/4622
f 4622/4622/4622 4623/4623/4623 4633/4633/4633
f 2072/2072/2072 2081/2081/2081 2071/2071/2071
f 647/647/647 709/709/709 705/705/705
f 333/333/333 372/372/372 371/371/371
f 640/640/640 641/641/641 632/632/632
f 3983/3983/3983 4005/4005/4005 4015/4015/4015
f 103/103/103 640/640/640 667/667/667
f 669/669/669 673/673/673 583/583/583
f 3238/3238/3238 3236/3236/3236 3237/3237/3237
f 4812/4812/4812 4775/4775/4775 4715/4715/4715
f 4715/4715/4715 4775/4775/4775 4480/4480/4480
f 2123/2123/2123 2080/2080/2080 2077/2077/2077
f 289/289/289 288/288/288 282/282/282
f 337/337/337 338/338/338 341/341/341
f 341/341/341 342/342/342 343/343/343
f 333/333/333 371/371/371 335/335/335
f 127/127/127 53/53/53 51/51/51
f 3238/3238/3238 3242/3242/3242 3236/3236/3236
f 2426/2426/2426 2401/2401/2401 2436/2436/2436
f 2077/2077/2077 2080/2080/2080 2072/2072/2072
f 2071/2071/2071 2081/2081/2081 2082/2082/2082
f 343/343/343 401/401/401 288/288/288
f 375/375/375 378/378/378 381/381/381
f 53/53/53 55/55/55 54/54/54
f 550/550/550 551/551/551 79/79/79
f 550/550/550 549/549/549 551/551/551
f 632/632/632 633/633/633 556/556/556
f 556/556/556 552/552/552 549/549/549
f 641/641/641 633/633/633 632/632/632
f 3122/3122/3122 3121/3121/3121 3119/3119/3119
f 664/664/664 104/104/104 103/103/103
f 793/793/793 792/792/792 673/673/673
f 4490/4490/4490 4502/4502/4502 4735/4735/4735
f 4501/4501/4501 4491/4491/4491 4479/4479/4479
f 4480/4480/4480 4501/4501/4501 4479/4479/4479
f 4479/4479/4479 4491/4491/4491 4489/4489/4489
f 4775/4775/4775 4501/4501/4501 4480/4480/4480
f 4759/4759/4759 4624/4624/4624 4621/4621/4621
f 4621/4621/4621 4624/4624/4624 4623/4623/4623
f 2082/2082/2082 2069/2069/2069 2071/2071/2071
f 381/381/381 371/371/371 372/372/372
f 56/56/56 57/57/57 54/54/54
f 54/54/54 57/57/57 58/58/58
f 2086/2086/2086 2085/2085/2085 2087/2087/2087
f 570/570/570 79/79/79 128/128/128
f 2087/2087/2087 2085/2085/2085 2118/2118/2118
f 640/640/640 101/101/101 641/641/641
f 103/103/103 101/101/101 640/640/640
f 3121/3121/3121 3117/3117/3117 3119/3119/3119
f 104/104/104 102/102/102 103/103/103
f 3119/3119/3119 3117/3117/3117 3118/3118/3118
f 4489/4489/4489 4502/4502/4502 4490/4490/4490
f 3068/3068/3068 3081/3081/3081 3159/3159/3159
f 2080/2080/2080 2081/2081/2081 2072/2072/2072
f 709/709/709 708/708/708 705/705/705
f 2069/2069/2069 2070/2070/2070 2068/2068/2068
f 371/371/371 383/383/383 335/335/335
f 381/381/381 378/378/378 371/371/371
f 2070/2070/2070 2085/2085/2085 2086/2086/2086
f 2068/2068/2068 2070/2070/2070 2086/2086/2086
f 127/127/127 55/55/55 53/53/53
f 128/128/128 79/79/79 78/78/78
f 554/554/554 552/552/552 556/556/556
f 583/583/583 581/581/581 104/104/104
f 4501/4501/4501 4516/4516/4516 4491/4491/4491
f 4775/4775/4775 4814/4814/4814 4501/4501/4501
f 3079/3079/3079 3080/3080/3080 3068/3068/3068
f 3068/3068/3068 3080/3080/3080 3081/3081/3081
f 4633/4633/4633 4647/4647/4647 4747/4747/4747
f 708/708/708 783/783/783 706/706/706
f 706/706/706 783/783/783 784/784/784
f 2082/2082/2082 2070/2070/2070 2069/2069/2069
f 566/566/566 648/648/648 595/595/595
f 595/595/595 648/648/648 647/647/647
f 338/338/338 340/340/340 341/341/341
f 341/341/341 340/340/340 342/342/342
f 335/335/335 338/338/338 337/337/337
f 78/78/78 127/127/127 128/128/128
f 792/792/792 791/791/791 673/673/673
f 4516/4516/4516 4492/4492/4492 4491/4491/4491
f 4492/4492/4492 4493/4493/4493 4489/4489/4489
f 4491/4491/4491 4492/4492/4492 4489/4489/4489
f 4814/4814/4814 4810/4810/4810 4501/4501/4501
f 3079/3079/3079 3193/3193/3193 3080/3080/3080
f 4623/4623/4623 4625/4625/4625 4633/4633/4633
f 339/339/339 338/338/338 335/335/335
f 371/371/371 380/380/380 383/383/383
f 378/378/378 380/380/380 371/371/371
f 377/377/377 57/57/57 378/378/378
f 549/549/549 552/552/552 551/551/551
f 633/633/633 554/554/554 556/556/556
f 101/101/101 642/642/642 641/641/641
f 3117/3117/3117 3114/3114/3114 3118/3118/3118
f 673/673/673 581/581/581 583/583/583
f 4502/4502/4502 4547/4547/4547 4735/4735/4735
f 4735/4735/4735 4547/4547/4547 4825/4825/4825
f 4489/4489/4489 4493/4493/4493 4502/4502/4502
f 4810/4810/4810 4516/4516/4516 4501/4501/4501
f 4633/4633/4633 4625/4625/4625 4647/4647/4647
f 648/648/648 709/709/709 647/647/647
f 276/276/276 279/279/279 278/278/278
f 288/288/288 281/281/281 282/282/282
f 641/641/641 642/642/642 633/633/633
f 642/642/642 554/554/554 633/633/633
f 103/103/103 102/102/102 101/101/101
f 673/673/673 791/791/791 581/581/581
f 4493/4493/4493 4506/4506/4506 4502/4502/4502
f 4647/4647/4647 4746/4746/4746 4747/4747/4747
f 2123/2123/2123 2115/2115/2115 2080/2080/2080
f 2115/2115/2115 2081/2081/2081 2080/2080/2080
f 288/288/288 401/401/401 402/402/402
f 57/57/57 379/379/379 378/378/378
f 55/55/55 56/56/56 54/54/54
f 127/127/127 126/126/126 55/55/55
f 102/102/102 100/100/100 101/101/101
f 3114/3114/3114 3115/3115/3115 3118/3118/3118
f 792/792/792 790/790/790 791/791/791
f 2081/2081/2081 2088/2088/2088 2082/2082/2082
f 708/708/708 782/782/782 783/783/783
f 282/282/282 281/281/281 279/279/279
f 281/281/281 280/280/280 279/279/279
f 343/343/343 345/345/345 401/401/401
f 343/343/343 342/342/342 345/345/345
f 64/64/64 379/379/379 57/57/57
f 2070/2070/2070 2084/2084/2084 2085/2085/2085
f 100/100/100 98/98/98 101/101/101
f 104/104/104 105/105/105 102/102/102
f 581/581/581 106/106/106 104/104/104
f 4502/4502/4502 4507/4507/4507 4547/4547/4547
f 4516/4516/4516 4500/4500/4500 4492/4492/4492
f 4624/4624/4624 4625/4625/4625 4623/4623/4623
f 709/709/709 663/663/663 708/708/708
f 566/566/566 649/649/649 648/648/648
f 276/276/276 277/277/277 273/273/273
f 288/288/288 402/402/402 281/281/281
f 383/383/383 339/339/339 335/335/335
f 56/56/56 64/64/64 57/57/57
f 126/126/126 60/60/60 55/55/55
f 55/55/55 60/60/60 56/56/56
f 551/551/551 601/601/601 79/79/79
f 79/79/79 601/601/601 75/75/75
f 554/554/554 553/553/553 552/552/552
f 101/101/101 98/98/98 642/642/642
f 642/642/642 565/565/565 554/554/554
f 4810/4810/4810 4809/4809/4809 4516/4516/4516
f 2083/2083/2083 2084/2084/2084 2070/2070/2070
f 2085/2085/2085 2084/2084/2084 2112/2112/2112
f 2085/2085/2085 2112/2112/2112 2118/2118/2118
f 3985/3985/3985 3987/3987/3987 3986/3986/3986
f 105/105/105 100/100/100 102/102/102
f 104/104/104 106/106/106 105/105/105
f 4492/4492/4492 4494/4494/4494 4493/4493/4493
f 280/280/280 278/278/278 279/279/279
f 2070/2070/2070 2082/2082/2082 2083/2083/2083
f 79/79/79 75/75/75 78/78/78
f 78/78/78 77/77/77 127/127/127
f 565/565/565 553/553/553 554/554/554
f 553/553/553 112/112/112 552/552/552
f 2118/2118/2118 2112/2112/2112 2188/2188/2188
f 642/642/642 98/98/98 565/565/565
f 4507/4507/4507 4766/4766/4766 4825/4825/4825
f 4547/4547/4547 4507/4507/4507 4825/4825/4825
f 4647/4647/4647 4625/4625/4625 4646/4646/4646
f 4647/4647/4647 4646/4646/4646 4717/4717/4717
f 4647/4647/4647 4717/4717/4717 4746/4746/4746
f 663/663/663 782/782/782 708/708/708
f 648/648/648 650/650/650 709/709/709
f 278/278/278 277/277/277 276/276/276
f 273/273/273 277/277/277 275/275/275
f 338/338/338 339/339/339 340/340/340
f 378/378/378 379/379/379 380/380/380
f 379/379/379 382/382/382 380/380/380
f 75/75/75 77/77/77 78/78/78
f 2112/2112/2112 2194/2194/2194 2188/2188/2188
f 3117/3117/3117 3116/3116/3116 3114/3114/3114
f 581/581/581 120/120/120 106/106/106
f 4492/4492/4492 4500/4500/4500 4494/4494/4494
f 4809/4809/4809 4500/4500/4500 4516/4516/4516
f 2115/2115/2115 2116/2116/2116 2114/2114/2114
f 2115/2115/2115 2114/2114/2114 2081/2081/2081
f 2082/2082/2082 2088/2088/2088 2083/2083/2083
f 648/648/648 649/649/649 650/650/650
f 383/383/383 384/384/384 339/339/339
f 56/56/56 60/60/60 64/64/64
f 127/127/127 77/77/77 126/126/126
f 105/105/105 108/108/108 100/100/100
f 790/790/790 582/582/582 791/791/791
f 791/791/791 582/582/582 581/581/581
f 581/581/581 582/582/582 120/120/120
f 3081/3081/3081 3158/3158/3158 3159/3159/3159
f 4759/4759/4759 4811/4811/4811 4624/4624/4624
f 2081/2081/2081 2089/2089/2089 2088/2088/2088
f 2088/2088/2088 2089/2089/2089 2083/2083/2083
f 401/401/401 404/404/404 402/402/402
f 346/346/346 342/342/342 340/340/340
f 342/342/342 346/346/346 345/345/345
f 380/380/380 382/382/382 383/383/383
f 64/64/64 63/63/63 392/392/392
f 790/790/790 789/789/789 582/582/582
f 920/920/920 930/930/930 922/922/922
f 4624/4624/4624 4626/4626/4626 4625/4625/4625
f 2089/2089/2089 2090/2090/2090 2083/2083/2083
f 278/278/278 406/406/406 277/277/277
f 382/382/382 384/384/384 383/383/383
f 2083/2083/2083 2090/2090/2090 2084/2084/2084
f 64/64/64 392/392/392 379/379/379
f 60/60/60 63/63/63 64/64/64
f 2112/2112/2112 2093/2093/2093 2194/2194/2194
f 100/100/100 99/99/99 98/98/98
f 3234/3234/3234 3233/3233/3233 3229/3229/3229
f 4494/4494/4494 4495/4495/4495 4493/4493/4493
f 4493/4493/4493 4508/4508/4508 4506/4506/4506
f 3193/3193/3193 3192/3192/3192 3080/3080/3080
f 275/275/275 277/277/277 566/566/566
f 407/407/407 406/406/406 278/278/278
f 404/404/404 403/403/403 402/402/402
f 345/345/345 404/404/404 401/401/401
f 2084/2084/2084 2093/2093/2093 2112/2112/2112
f 108/108/108 99/99/99 100/100/100
f 106/106/106 107/107/107 105/105/105
f 4813/4813/4813 4808/4808/4808 4500/4500/4500
f 4809/4809/4809 4813/4813/4813 4500/4500/4500
f 4646/4646/4646 4734/4734/4734 4717/4717/4717
f 782/782/782 781/781/781 783/783/783
f 663/663/663 781/781/781 782/782/782
f 280/280/280 407/407/407 278/278/278
f 402/402/402 403/403/403 281/281/281
f 281/281/281 403/403/403 280/280/280
f 345/345/345 346/346/346 347/347/347
f 345/345/345 347/347/347 404/404/404
f 339/339/339 368/368/368 340/340/340
f 2090/2090/2090 2093/2093/2093 2084/2084/2084
f 77/77/77 80/80/80 126/126/126
f 126/126/126 61/61/61 60/60/60
f 553/553/553 555/555/555 112/112/112
f 98/98/98 564/564/564 565/565/565
f 565/565/565 564/564/564 553/553/553
f 3987/3987/3987 4004/4004/4004 3990/3990/3990
f 4493/4493/4493 4495/4495/4495 4508/4508/4508
f 1183/1183/1183 1479/1479/1479 1481/1481/1481
f 4811/4811/4811 4626/4626/4626 4624/4624/4624
f 4626/4626/4626 4627/4627/4627 4625/4625/4625
f 4625/4625/4625 4627/4627/4627 4646/4646/4646
f 2116/2116/2116 2117/2117/2117 2114/2114/2114
f 709/709/709 650/650/650 663/663/663
f 384/384/384 368/368/368 339/339/339
f 63/63/63 66/66/66 392/392/392
f 2090/2090/2090 2092/2092/2092 2093/2093/2093
f 105/105/105 107/107/107 108/108/108
f 3114/3114/3114 3113/3113/3113 3115/3115/3115
f 3115/3115/3115 3113/3113/3113 3170/3170/3170
f 4508/4508/4508 4510/4510/4510 4507/4507/4507
f 4507/4507/4507 4510/4510/4510 4766/4766/4766
f 3080/3080/3080 3082/3082/3082 3081/3081/3081
f 3081/3081/3081 3082/3082/3082 3158/3158/3158
f 663/663/663 662/662/662 781/781/781
f 566/566/566 277/277/277 567/567/567
f 566/566/566 567/567/567 649/649/649
f 407/407/407 568/568/568 406/406/406
f 403/403/403 407/407/407 280/280/280
f 340/340/340 368/368/368 346/346/346
f 382/382/382 390/390/390 384/384/384
f 379/379/379 390/390/390 382/382/382
f 392/392/392 391/391/391 379/379/379
f 60/60/60 62/62/62 63/63/63
f 112/112/112 76/76/76 551/551/551
f 551/551/551 76/76/76 601/601/601
f 564/564/564 555/555/555 553/553/553
f 99/99/99 97/97/97 98/98/98
f 98/98/98 97/97/97 96/96/96
f 108/108/108 107/107/107 99/99/99
f 3233/3233/3233 3231/3231/3231 3229/3229/3229
f 403/403/403 405/405/405 407/407/407
f 346/346/346 348/348/348 347/347/347
f 347/347/347 354/354/354 404/404/404
f 368/368/368 349/349/349 346/346/346
f 60/60/60 61/61/61 62/62/62
f 98/98/98 96/96/96 564/564/564
f 107/107/107 124/124/124 99/99/99
f 120/120/120 117/117/117 106/106/106
f 4500/4500/4500 4496/4496/4496 4494/4494/4494
f 2117/2117/2117 2102/2102/2102 2114/2114/2114
f 2089/2089/2089 2091/2091/2091 2090/2090/2090
f 649/649/649 651/651/651 650/650/650
f 404/404/404 354/354/354 403/403/403
f 403/403/403 354/354/354 355/355/355
f 2090/2090/2090 2091/2091/2091 2092/2092/2092
f 384/384/384 390/390/390 394/394/394
f 66/66/66 391/391/391 392/392/392
f 126/126/126 80/80/80 61/61/61
f 75/75/75 76/76/76 77/77/77
f 77/77/77 76/76/76 80/80/80
f 601/601/601 76/76/76 75/75/75
f 109/109/109 555/555/555 564/564/564
f 99/99/99 124/124/124 97/97/97
f 3116/3116/3116 3104/3104/3104 3114/3114/3114
f 3114/3114/3114 3104/3104/3104 3113/3113/3113
f 4510/4510/4510 4765/4765/4765 4766/4766/4766
f 4798/4798/4798 4496/4496/4496 4500/4500/4500
f 4808/4808/4808 4798/4798/4798 4500/4500/4500
f 2114/2114/2114 2102/2102/2102 2089/2089/2089
f 652/652/652 662/662/662 663/663/663
f 650/650/650 652/652/652 663/663/663
f 405/405/405 568/568/568 407/407/407
f 355/355/355 405/405/405 403/403/403
f 346/346/346 349/349/349 348/348/348
f 384/384/384 394/394/394 385/385/385
f 384/384/384 385/385/385 368/368/368
f 391/391/391 390/390/390 379/379/379
f 4508/4508/4508 4509/4509/4509 4510/4510/4510
f 3192/3192/3192 3083/3083/3083 3080/3080/3080
f 3080/3080/3080 3083/3083/3083 3082/3082/3082
f 662/662/662 661/661/661 781/781/781
f 650/650/650 651/651/651 652/652/652
f 277/277/277 406/406/406 567/567/567
f 390/390/390 387/387/387 394/394/394
f 62/62/62 65/65/65 63/63/63
f 80/80/80 82/82/82 61/61/61
f 564/564/564 95/95/95 109/109/109
f 96/96/96 95/95/95 564/564/564
f 120/120/120 119/119/119 117/117/117
f 106/106/106 117/117/117 107/107/107
f 789/789/789 589/589/589 582/582/582
f 582/582/582 119/119/119 120/120/120
f 1277/1277/1277 1324/1324/1324 1325/1325/1325
f 3192/3192/3192 3205/3205/3205 3083/3083/3083
f 63/63/63 65/65/65 66/66/66
f 2092/2092/2092 2094/2094/2094 2093/2093/2093
f 582/582/582 589/589/589 119/119/119
f 3274/3274/3274 3230/3230/3230 3231/3231/3231
f 568/568/568 569/569/569 406/406/406
f 348/348/348 351/351/351 347/347/347
f 347/347/347 351/351/351 354/354/354
f 388/388/388 387/387/387 390/390/390
f 76/76/76 81/81/81 80/80/80
f 2094/2094/2094 2113/2113/2113 2093/2093/2093
f 109/109/109 111/111/111 555/555/555
f 555/555/555 111/111/111 112/112/112
f 112/112/112 111/111/111 76/76/76
f 2093/2093/2093 2113/2113/2113 2198/2198/2198
f 3990/3990/3990 3994/3994/3994 3992/3992/3992
f 107/107/107 113/113/113 124/124/124
f 3116/3116/3116 3120/3120/3120 3104/3104/3104
f 107/107/107 117/117/117 113/113/113
f 4496/4496/4496 4495/4495/4495 4494/4494/4494
f 4495/4495/4495 4497/4497/4497 4508/4508/4508
f 4497/4497/4497 4509/4509/4509 4508/4508/4508
f 661/661/661 660/660/660 781/781/781
f 354/354/354 353/353/353 355/355/355
f 368/368/368 369/369/369 349/349/349
f 65/65/65 67/67/67 66/66/66
f 61/61/61 73/73/73 62/62/62
f 3113/3113/3113 3200/3200/3200 3170/3170/3170
f 4510/4510/4510 4576/4576/4576 4765/4765/4765
f 3274/3274/3274 3287/3287/3287 3230/3230/3230
f 4496/4496/4496 4497/4497/4497 4495/4495/4495
f 3082/3082/3082 3160/3160/3160 3158/3158/3158
f 4811/4811/4811 4805/4805/4805 4626/4626/4626
f 4627/4627/4627 4645/4645/4645 4646/4646/4646
f 2102/2102/2102 2098/2098/2098 2089/2089/2089
f 406/406/406 569/569/569 567/567/567
f 649/649/649 567/567/567 653/653/653
f 568/568/568 360/360/360 569/569/569
f 405/405/405 357/357/357 568/568/568
f 351/351/351 353/353/353 354/354/354
f 385/385/385 369/369/369 368/368/368
f 387/387/387 385/385/385 394/394/394
f 391/391/391 70/70/70 390/390/390
f 66/66/66 70/70/70 391/391/391
f 62/62/62 67/67/67 65/65/65
f 97/97/97 94/94/94 96/96/96
f 96/96/96 94/94/94 95/95/95
f 97/97/97 124/124/124 94/94/94
f 789/789/789 590/590/590 589/589/589
f 649/649/649 653/653/653 651/651/651
f 390/390/390 70/70/70 388/388/388
f 67/67/67 70/70/70 66/66/66
f 62/62/62 73/73/73 68/68/68
f 62/62/62 68/68/68 67/67/67
f 80/80/80 81/81/81 82/82/82
f 76/76/76 88/88/88 83/83/83
f 83/83/83 81/81/81 76/76/76
f 119/119/119 118/118/118 117/117/117
f 789/789/789 788/788/788 590/590/590
f 589/589/589 590/590/590 119/119/119
f 4646/4646/4646 4645/4645/4645 4740/4740/4740
f 4646/4646/4646 4740/4740/4740 4734/4734/4734
f 2117/2117/2117 2185/2185/2185 2106/2106/2106
f 2106/2106/2106 2103/2103/2103 2117/2117/2117
f 2117/2117/2117 2103/2103/2103 2102/2102/2102
f 651/651/651 658/658/658 652/652/652
f 357/357/357 360/360/360 568/568/568
f 353/353/353 356/356/356 355/355/355
f 82/82/82 81/81/81 61/61/61
f 95/95/95 93/93/93 109/109/109
f 94/94/94 93/93/93 95/95/95
f 4509/4509/4509 4511/4511/4511 4510/4510/4510
f 4510/4510/4510 4511/4511/4511 4576/4576/4576
f 4798/4798/4798 4498/4498/4498 4496/4496/4496
f 4805/4805/4805 4628/4628/4628 4626/4626/4626
f 4626/4626/4626 4628/4628/4628 4627/4627/4627
f 405/405/405 355/355/355 357/357/357
f 349/349/349 350/350/350 348/348/348
f 113/113/113 94/94/94 124/124/124
f 118/118/118 116/116/116 117/117/117
f 4498/4498/4498 4499/4499/4499 4497/4497/4497
f 4496/4496/4496 4498/4498/4498 4497/4497/4497
f 4798/4798/4798 4802/4802/4802 4498/4498/4498
f 1007/1007/1007 1008/1008/1008 918/918/918
f 653/653/653 654/654/654 651/651/651
f 651/651/651 654/654/654 655/655/655
f 2091/2091/2091 2098/2098/2098 2095/2095/2095
f 369/369/369 366/366/366 349/349/349
f 385/385/385 387/387/387 386/386/386
f 71/71/71 388/388/388 70/70/70
f 67/67/67 69/69/69 70/70/70
f 93/93/93 92/92/92 109/109/109
f 3113/3113/3113 3112/3112/3112 3200/3200/3200
f 4497/4497/4497 4499/4499/4499 4509/4509/4509
f 4499/4499/4499 4513/4513/4513 4509/4509/4509
f 4628/4628/4628 4629/4629/4629 4627/4627/4627
f 2102/2102/2102 2101/2101/2101 2098/2098/2098
f 569/569/569 653/653/653 567/567/567
f 385/385/385 370/370/370 369/369/369
f 111/111/111 110/110/110 76/76/76
f 109/109/109 110/110/110 111/111/111
f 94/94/94 113/113/113 90/90/90
f 3113/3113/3113 3104/3104/3104 3112/3112/3112
f 3287/3287/3287 3250/3250/3250 3230/3230/3230
f 652/652/652 658/658/658 661/661/661
f 569/569/569 656/656/656 653/653/653
f 656/656/656 654/654/654 653/653/653
f 356/356/356 357/357/357 355/355/355
f 348/348/348 350/350/350 351/351/351
f 349/349/349 366/366/366 350/350/350
f 385/385/385 386/386/386 370/370/370
f 387/387/387 388/388/388 386/386/386
f 69/69/69 71/71/71 70/70/70
f 67/67/67 68/68/68 69/69/69
f 2094/2094/2094 2092/2092/2092 2113/2113/2113
f 110/110/110 88/88/88 76/76/76
f 94/94/94 90/90/90 93/93/93
f 3997/3997/3997 4092/4092/4092 3993/3993/3993
f 3196/3196/3196 3155/3155/3155 3120/3120/3120
f 3120/3120/3120 3155/3155/3155 3104/3104/3104
f 4509/4509/4509 4512/4512/4512 4511/4511/4511
f 4511/4511/4511 4512/4512/4512 4576/4576/4576
f 4645/4645/4645 4644/4644/4644 4740/4740/4740
f 360/360/360 361/361/361 569/569/569
f 353/353/353 352/352/352 356/356/356
f 351/351/351 352/352/352 353/353/353
f 81/81/81 84/84/84 61/61/61
f 117/117/117 116/116/116 113/113/113
f 4509/4509/4509 4513/4513/4513 4512/4512/4512
f 4512/4512/4512 4541/4541/4541 4576/4576/4576
f 4576/4576/4576 4541/4541/4541 4772/4772/4772
f 4802/4802/4802 4504/4504/4504 4498/4498/4498
f 3628/3628/3628 3625/3625/3625 3632/3632/3632
f 658/658/658 660/660/660 661/661/661
f 360/360/360 359/359/359 361/361/361
f 361/361/361 656/656/656 569/569/569
f 357/357/357 359/359/359 360/360/360
f 2091/2091/2091 2095/2095/2095 2092/2092/2092
f 2092/2092/2092 2095/2095/2095 2096/2096/2096
f 2092/2092/2092 2096/2096/2096 2113/2113/2113
f 61/61/61 74/74/74 73/73/73
f 2113/2113/2113 2119/2119/2119 2180/2180/2180
f 109/109/109 92/92/92 110/110/110
f 3104/3104/3104 3103/3103/3103 3102/3102/3102
f 3104/3104/3104 3102/3102/3102 3112/3112/3112
f 4629/4629/4629 4644/4644/4644 4645/4645/4645
f 4627/4627/4627 4629/4629/4629 4645/4645/4645
f 2103/2103/2103 2101/2101/2101 2102/2102/2102
f 3632/3632/3632 3636/3636/3636 3628/3628/3628
f 351/351/351 350/350/350 352/352/352
f 369/369/369 367/367/367 366/366/366
f 369/369/369 370/370/370 367/367/367
f 73/73/73 72/72/72 68/68/68
f 2113/2113/2113 2096/2096/2096 2119/2119/2119
f 88/88/88 87/87/87 83/83/83
f 113/113/113 114/114/114 90/90/90
f 788/788/788 778/778/778 590/590/590
f 4498/4498/4498 4504/4504/4504 4499/4499/4499
f 4802/4802/4802 4799/4799/4799 4504/4504/4504
f 2185/2185/2185 2121/2121/2121 2106/2106/2106
f 2101/2101/2101 2100/2100/2100 2098/2098/2098
f 2095/2095/2095 2098/2098/2098 2097/2097/2097
f 71/71/71 389/389/389 388/388/388
f 2095/2095/2095 2097/2097/2097 2096/2096/2096
f 72/72/72 69/69/69 68/68/68
f 84/84/84 85/85/85 61/61/61
f 61/61/61 85/85/85 74/74/74
f 73/73/73 74/74/74 72/72/72
f 81/81/81 83/83/83 84/84/84
f 110/110/110 89/89/89 88/88/88
f 93/93/93 90/90/90 92/92/92
f 122/122/122 123/123/123 118/118/118
f 118/118/118 123/123/123 116/116/116
f 788/788/788 812/812/812 778/778/778
f 119/119/119 590/590/590 121/121/121
f 119/119/119 121/121/121 118/118/118
f 4644/4644/4644 4741/4741/4741 4740/4740/4740
f 2121/2121/2121 2105/2105/2105 2106/2106/2106
f 2106/2106/2106 2105/2105/2105 2103/2103/2103
f 2103/2103/2103 2104/2104/2104 2101/2101/2101
f 3636/3636/3636 3927/3927/3927 3628/3628/3628
f 658/658/658 659/659/659 660/660/660
f 357/357/357 358/358/358 359/359/359
f 356/356/356 358/358/358 357/357/357
f 350/350/350 363/363/363 352/352/352
f 388/388/388 389/389/389 386/386/386
f 393/393/393 389/389/389 71/71/71
f 69/69/69 393/393/393 71/71/71
f 83/83/83 86/86/86 84/84/84
f 87/87/87 86/86/86 83/83/83
f 2119/2119/2119 2192/2192/2192 2180/2180/2180
f 116/116/116 115/115/115 113/113/113
f 113/113/113 115/115/115 114/114/114
f 4513/4513/4513 4514/4514/4514 4512/4512/4512
f 4541/4541/4541 4773/4773/4773 4772/4772/4772
f 3205/3205/3205 3085/3085/3085 3083/3083/3083
f 3083/3083/3083 3084/3084/3084 3082/3082/3082
f 3082/3082/3082 3084/3084/3084 3160/3160/3160
f 2105/2105/2105 2104/2104/2104 2103/2103/2103
f 2098/2098/2098 2100/2100/2100 2099/2099/2099
f 660/660/660 659/659/659 811/811/811
f 2097/2097/2097 2119/2119/2119 2096/2096/2096
f 72/72/72 575/575/575 69/69/69
f 575/575/575 576/576/576 69/69/69
f 90/90/90 91/91/91 92/92/92
f 3103/3103/3103 3101/3101/3101 3102/3102/3102
f 116/116/116 123/123/123 115/115/115
f 3102/3102/3102 3167/3167/3167 3112/3112/3112
f 812/812/812 813/813/813 778/778/778
f 590/590/590 778/778/778 121/121/121
f 121/121/121 122/122/122 118/118/118
f 4512/4512/4512 4515/4515/4515 4541/4541/4541
f 4541/4541/4541 4515/4515/4515 4773/4773/4773
f 4504/4504/4504 4505/4505/4505 4499/4499/4499
f 4499/4499/4499 4505/4505/4505 4513/4513/4513
f 4799/4799/4799 4732/4732/4732 4504/4504/4504
f 3083/3083/3083 3085/3085/3085 3084/3084/3084
f 2098/2098/2098 2099/2099/2099 2097/2097/2097
f 2097/2097/2097 2099/2099/2099 2120/2120/2120
f 358/358/358 362/362/362 359/359/359
f 362/362/362 361/361/361 359/359/359
f 366/366/366 365/365/365 350/350/350
f 350/350/350 364/364/364 363/363/363
f 367/367/367 365/365/365 366/366/366
f 576/576/576 393/393/393 69/69/69
f 2097/2097/2097 2120/2120/2120 2119/2119/2119
f 2120/2120/2120 2192/2192/2192 2119/2119/2119
f 84/84/84 86/86/86 85/85/85
f 89/89/89 87/87/87 88/88/88
f 92/92/92 125/125/125 110/110/110
f 125/125/125 89/89/89 110/110/110
f 857/857/857 813/813/813 812/812/812
f 4514/4514/4514 4515/4515/4515 4512/4512/4512
f 4504/4504/4504 4552/4552/4552 4505/4505/4505
f 4732/4732/4732 4552/4552/4552 4504/4504/4504
f 4628/4628/4628 4630/4630/4630 4629/4629/4629
f 4630/4630/4630 4643/4643/4643 4629/4629/4629
f 4629/4629/4629 4643/4643/4643 4644/4644/4644
f 2121/2121/2121 2122/2122/2122 2105/2105/2105
f 3031/3031/3031 3039/3039/3039 3038/3038/3038
f 3054/3054/3054 3043/3043/3043 3029/3029/3029
f 3029/3029/3029 3043/3043/3043 3030/3030/3030
f 3043/3043/3043 3053/3053/3053 3030/3030/3030
f 3030/3030/3030 3053/3053/3053 3051/3051/3051
f 3030/3030/3030 3051/3051/3051 3031/3031/3031
f 3031/3031/3031 3051/3051/3051 3039/3039/3039
f 658/658/658 655/655/655 659/659/659
f 2099/2099/2099 2167/2167/2167 2120/2120/2120
f 361/361/361 657/657/657 656/656/656
f 656/656/656 657/657/657 654/654/654
f 2120/2120/2120 2167/2167/2167 2196/2196/2196
f 2980/2980/2980 2972/2972/2972 2973/2973/2973
f 365/365/365 364/364/364 350/350/350
f 2972/2972/2972 2977/2977/2977 2971/2971/2971
f 3098/3098/3098 3191/3191/3191 3096/3096/3096
f 2980/2980/2980 2995/2995/2995 2972/2972/2972
f 2972/2972/2972 2979/2979/2979 2977/2977/2977
f 2979/2979/2979 2978/2978/2978 2977/2977/2977
f 576/576/576 760/760/760 393/393/393
f 2995/2995/2995 2979/2979/2979 2972/2972/2972
f 2977/2977/2977 2978/2978/2978 2971/2971/2971
f 2971/2971/2971 2978/2978/2978 2999/2999/2999
f 2979/2979/2979 2990/2990/2990 2978/2978/2978
f 2978/2978/2978 2993/2993/2993 2999/2999/2999
f 2995/2995/2995 3005/3005/3005 2979/2979/2979
f 2990/2990/2990 2991/2991/2991 2978/2978/2978
f 2978/2978/2978 2991/2991/2991 2993/2993/2993
f 3005/3005/3005 2992/2992/2992 2979/2979/2979
f 2979/2979/2979 2992/2992/2992 2990/2990/2990
f 2990/2990/2990 2992/2992/2992 2991/2991/2991
f 3005/3005/3005 3006/3006/3006 2992/2992/2992
f 2992/2992/2992 2994/2994/2994 2991/2991/2991
f 3006/3006/3006 2997/2997/2997 2992/2992/2992
f 3101/3101/3101 3098/3098/3098 3099/3099/3099
f 2992/2992/2992 2997/2997/2997 2994/2994/2994
f 91/91/91 125/125/125 92/92/92
f 3101/3101/3101 3099/3099/3099 3102/3102/3102
f 4552/4552/4552 4637/4637/4637 4505/4505/4505
f 4505/4505/4505 4637/4637/4637 4514/4514/4514
f 4732/4732/4732 4637/4637/4637 4552/4552/4552
f 3086/3086/3086 3087/3087/3087 3084/3084/3084
f 3085/3085/3085 3086/3086/3086 3084/3084/3084
f 3084/3084/3084 3087/3087/3087 3197/3197/3197
f 3084/3084/3084 3197/3197/3197 3160/3160/3160
f 4631/4631/4631 4630/4630/4630 4628/4628/4628
f 4805/4805/4805 4631/4631/4631 4628/4628/4628
f 4643/4643/4643 4648/4648/4648 4644/4644/4644
f 2122/2122/2122 2217/2217/2217 2105/2105/2105
f 3026/3026/3026 3027/3027/3027 3016/3016/3016
f 3016/3016/3016 3032/3032/3032 3024/3024/3024
f 3024/3024/3024 3032/3032/3032 3025/3025/3025
f 3016/3016/3016 3027/3027/3027 3032/3032/3032
f 3025/3025/3025 3032/3032/3032 3034/3034/3034
f 3042/3042/3042 3028/3028/3028 3026/3026/3026
f 3335/3335/3335 3298/3298/3298 3297/3297/3297
f 3026/3026/3026 3028/3028/3028 3027/3027/3027
f 3032/3032/3032 3045/3045/3045 3034/3034/3034
f 3335/3335/3335 3334/3334/3334 3298/3298/3298
f 3027/3027/3027 3031/3031/3031 3032/3032/3032
f 3032/3032/3032 3031/3031/3031 3038/3038/3038
f 3032/3032/3032 3038/3038/3038 3045/3045/3045
f 3028/3028/3028 3029/3029/3029 3027/3027/3027
f 3029/3029/3029 3030/3030/3030 3027/3027/3027
f 3027/3027/3027 3030/3030/3030 3031/3031/3031
f 3334/3334/3334 3300/3300/3300 3298/3298/3298
f 2100/2100/2100 2167/2167/2167 2099/2099/2099
f 2975/2975/2975 2973/2973/2973 2974/2974/2974
f 2974/2974/2974 2968/2968/2968 2970/2970/2970
f 2987/2987/2987 2973/2973/2973 2975/2975/2975
f 2973/2973/2973 2968/2968/2968 2974/2974/2974
f 2973/2973/2973 2972/2972/2972 2968/2968/2968
f 3008/3008/3008 2980/2980/2980 2987/2987/2987
f 2987/2987/2987 2980/2980/2980 2973/2973/2973
f 2972/2972/2972 2971/2971/2971 2968/2968/2968
f 2968/2968/2968 2969/2969/2969 2970/2970/2970
f 2970/2970/2970 2969/2969/2969 3001/3001/3001
f 362/362/362 657/657/657 361/361/361
f 3096/3096/3096 3095/3095/3095 3097/3097/3097
f 2968/2968/2968 2971/2971/2971 2969/2969/2969
f 780/780/780 358/358/358 356/356/356
f 352/352/352 363/363/363 356/356/356
f 363/363/363 780/780/780 356/356/356
f 779/779/779 365/365/365 367/367/367
f 370/370/370 779/779/779 367/367/367
f 3096/3096/3096 3097/3097/3097 3098/3098/3098
f 599/599/599 386/386/386 389/389/389
f 600/600/600 599/599/599 393/393/393
f 393/393/393 599/599/599 389/389/389
f 3097/3097/3097 3099/3099/3099 3098/3098/3098
f 393/393/393 760/760/760 600/600/600
f 90/90/90 795/795/795 91/91/91
f 114/114/114 795/795/795 90/90/90
f 3099/3099/3099 3100/3100/3100 3102/3102/3102
f 3102/3102/3102 3100/3100/3100 3167/3167/3167
f 778/778/778 813/813/813 121/121/121
f 3285/3285/3285 3267/3267/3267 3264/3264/3264
f 4515/4515/4515 4797/4797/4797 4773/4773/4773
f 4637/4637/4637 4758/4758/4758 4514/4514/4514
f 4514/4514/4514 4758/4758/4758 4796/4796/4796
f 4514/4514/4514 4796/4796/4796 4515/4515/4515
f 4796/4796/4796 4797/4797/4797 4515/4515/4515
f 4732/4732/4732 4818/4818/4818 4637/4637/4637
f 3023/3023/3023 3035/3035/3035 3056/3056/3056
f 1027/1027/1027 1028/1028/1028 1026/1026/1026
f 3060/3060/3060 3058/3058/3058 3023/3023/3023
f 3058/3058/3058 3021/3021/3021 3023/3023/3023
f 3052/3052/3052 3021/3021/3021 3058/3058/3058
f 2411/2411/2411 2403/2403/2403 2488/2488/2488
f 3052/3052/3052 3047/3047/3047 3021/3021/3021
f 3047/3047/3047 3037/3037/3037 3021/3021/3021
f 3021/3021/3021 3037/3037/3037 3015/3015/3015
f 3037/3037/3037 3014/3014/3014 3015/3015/3015
f 3015/3015/3015 3014/3014/3014 3013/3013/3013
f 1645/1645/1645 1646/1646/1646 1653/1653/1653
f 3037/3037/3037 3017/3017/3017 3014/3014/3014
f 3014/3014/3014 3010/3010/3010 3013/3013/3013
f 3013/3013/3013 3010/3010/3010 3009/3009/3009
f 3009/3009/3009 3010/3010/3010 3011/3011/3011
f 3086/3086/3086 3088/3088/3088 3087/3087/3087
f 4630/4630/4630 4733/4733/4733 4643/4643/4643
f 4643/4643/4643 4733/4733/4733 4648/4648/4648
f 3025/3025/3025 3046/3046/3046 3040/3040/3040
f 3011/3011/3011 3025/3025/3025 3040/3040/3040
f 3014/3014/3014 3016/3016/3016 3010/3010/3010
f 3010/3010/3010 3016/3016/3016 3024/3024/3024
f 3010/3010/3010 3024/3024/3024 3011/3011/3011
f 3011/3011/3011 3024/3024/3024 3025/3025/3025
f 2985/2985/2985 2986/2986/2986 3007/3007/3007
f 3017/3017/3017 3016/3016/3016 3014/3014/3014
f 2996/2996/2996 2988/2988/2988 2981/2981/2981
f 2981/2981/2981 2976/2976/2976 2982/2982/2982
f 2988/2988/2988 2975/2975/2975 2981/2981/2981
f 2981/2981/2981 2975/2975/2975 2976/2976/2976
f 3008/3008/3008 2987/2987/2987 2988/2988/2988
f 2988/2988/2988 2987/2987/2987 2975/2975/2975
f 2976/2976/2976 2974/2974/2974 2982/2982/2982
f 2982/2982/2982 2974/2974/2974 3000/3000/3000
f 2982/2982/2982 3000/3000/3000 3003/3003/3003
f 2976/2976/2976 2975/2975/2975 2974/2974/2974
f 2974/2974/2974 2970/2970/2970 3001/3001/3001
f 2974/2974/2974 3001/3001/3001 3000/3000/3000
f 655/655/655 834/834/834 659/659/659
f 659/659/659 858/858/858 811/811/811
f 3093/3093/3093 3095/3095/3095 3096/3096/3096
f 654/654/654 815/815/815 655/655/655
f 655/655/655 815/815/815 834/834/834
f 657/657/657 826/826/826 838/838/838
f 657/657/657 838/838/838 815/815/815
f 657/657/657 815/815/815 654/654/654
f 358/358/358 825/825/825 362/362/362
f 362/362/362 825/825/825 826/826/826
f 362/362/362 826/826/826 657/657/657
f 358/358/358 780/780/780 825/825/825
f 363/363/363 829/829/829 780/780/780
f 365/365/365 827/827/827 828/828/828
f 365/365/365 828/828/828 364/364/364
f 828/828/828 829/829/829 364/364/364
f 364/364/364 829/829/829 363/363/363
f 365/365/365 779/779/779 827/827/827
f 386/386/386 796/796/796 370/370/370
f 599/599/599 796/796/796 386/386/386
f 600/600/600 830/830/830 599/599/599
f 576/576/576 805/805/805 760/760/760
f 72/72/72 794/794/794 575/575/575
f 575/575/575 805/805/805 576/576/576
f 85/85/85 817/817/817 74/74/74
f 74/74/74 817/817/817 794/794/794
f 74/74/74 794/794/794 72/72/72
f 3099/3099/3099 3097/3097/3097 3100/3100/3100
f 86/86/86 816/816/816 817/817/817
f 86/86/86 817/817/817 85/85/85
f 87/87/87 841/841/841 816/816/816
f 87/87/87 816/816/816 86/86/86
f 89/89/89 842/842/842 87/87/87
f 87/87/87 842/842/842 841/841/841
f 89/89/89 125/125/125 842/842/842
f 795/795/795 839/839/839 91/91/91
f 91/91/91 839/839/839 125/125/125
f 115/115/115 845/845/845 795/795/795
f 115/115/115 795/795/795 114/114/114
f 122/122/122 846/846/846 845/845/845
f 122/122/122 845/845/845 123/123/123
f 123/123/123 845/845/845 115/115/115
f 813/813/813 857/857/857 847/847/847
f 813/813/813 847/847/847 121/121/121
f 121/121/121 847/847/847 122/122/122
f 122/122/122 847/847/847 846/846/846
f 3056/3056/3056 3035/3035/3035 3033/3033/3033
f 3056/3056/3056 3033/3033/3033 3055/3055/3055
f 3033/3033/3033 3036/3036/3036 3048/3048/3048
f 3055/3055/3055 3033/3033/3033 3048/3048/3048
f 3048/3048/3048 3036/3036/3036 3044/3044/3044
f 3048/3048/3048 3044/3044/3044 3049/3049/3049
f 3023/3023/3023 3022/3022/3022 3035/3035/3035
f 3022/3022/3022 3020/3020/3020 3033/3033/3033
f 3035/3035/3035 3022/3022/3022 3033/3033/3033
f 3033/3033/3033 3020/3020/3020 3036/3036/3036
f 3023/3023/3023 3021/3021/3021 3022/3022/3022
f 3036/3036/3036 3020/3020/3020 3044/3044/3044
f 3021/3021/3021 3019/3019/3019 3022/3022/3022
f 3022/3022/3022 3019/3019/3019 3020/3020/3020
f 3020/3020/3020 3018/3018/3018 3044/3044/3044
f 3021/3021/3021 3015/3015/3015 3019/3019/3019
f 3018/3018/3018 3050/3050/3050 3044/3044/3044
f 3019/3019/3019 3018/3018/3018 3020/3020/3020
f 3019/3019/3019 3013/3013/3013 3018/3018/3018
f 3018/3018/3018 3041/3041/3041 3050/3050/3050
f 3013/3013/3013 3009/3009/3009 3018/3018/3018
f 3009/3009/3009 3012/3012/3012 3018/3018/3018
f 3018/3018/3018 3012/3012/3012 3041/3041/3041
f 3321/3321/3321 3294/3294/3294 3301/3301/3301
f 3012/3012/3012 3011/3011/3011 3041/3041/3041
f 3012/3012/3012 3009/3009/3009 3011/3011/3011
f 3011/3011/3011 3040/3040/3040 3041/3041/3041
f 3321/3321/3321 3337/3337/3337 3294/3294/3294
f 3088/3088/3088 3089/3089/3089 3087/3087/3087
f 2998/2998/2998 2983/2983/2983 3004/3004/3004
f 3004/3004/3004 2983/2983/2983 3002/3002/3002
f 3002/3002/3002 2983/2983/2983 2989/2989/2989
f 3087/3087/3087 3089/3089/3089 3091/3091/3091
f 2989/2989/2989 2983/2983/2983 2985/2985/2985
f 3337/3337/3337 3295/3295/3295 3294/3294/3294
f 2983/2983/2983 2984/2984/2984 2985/2985/2985
f 2983/2983/2983 2982/2982/2982 2984/2984/2984
f 2984/2984/2984 2986/2986/2986 2985/2985/2985
f 2998/2998/2998 2996/2996/2996 2981/2981/2981
f 2998/2998/2998 2981/2981/2981 2983/2983/2983
f 2981/2981/2981 2982/2982/2982 2983/2983/2983
f 2984/2984/2984 2982/2982/2982 2986/2986/2986
f 2982/2982/2982 3003/3003/3003 2986/2986/2986
f 3093/3093/3093 3090/3090/3090 3092/3092/3092
f 3093/3093/3093 3092/3092/3092 3095/3095/3095
f 869/869/869 868/868/868 834/834/834
f 834/834/834 868/868/868 659/659/659
f 659/659/659 868/868/868 858/858/858
f 2003/2003/2003 1968/1968/1968 2004/2004/2004
f 2004/2004/2004 1968/1968/1968 1988/1988/1988
f 815/815/815 870/870/870 834/834/834
f 834/834/834 870/870/870 869/869/869
f 826/826/826 871/871/871 838/838/838
f 2006/2006/2006 1956/1956/1956 1957/1957/1957
f 825/825/825 871/871/871 826/826/826
f 780/780/780 867/867/867 825/825/825
f 829/829/829 828/828/828 867/867/867
f 829/829/829 867/867/867 780/780/780
f 1953/1953/1953 1917/1917/1917 1935/1935/1935
f 370/370/370 796/796/796 779/779/779
f 600/600/600 760/760/760 830/830/830
f 805/805/805 859/859/859 760/760/760
f 3097/3097/3097 3161/3161/3161 3100/3100/3100
f 816/816/816 864/864/864 817/817/817
f 3100/3100/3100 3161/3161/3161 3162/3162/3162
f 2010/2010/2010 1978/1978/1978 1912/1912/1912
f 841/841/841 864/864/864 816/816/816
f 2009/2009/2009 1942/1942/1942 1978/1978/1978
f 2009/2009/2009 1978/1978/1978 2010/2010/2010
f 1993/1993/1993 1960/1960/1960 2001/2001/2001
f 2001/2001/2001 1960/1960/1960 1942/1942/1942
f 125/125/125 884/884/884 842/842/842
f 795/795/795 877/877/877 839/839/839
f 845/845/845 883/883/883 877/877/877
f 845/845/845 877/877/877 795/795/795
f 3100/3100/3100 3162/3162/3162 3207/3207/3207
f 2007/2007/2007 1983/1983/1983 2011/2011/2011
f 2011/2011/2011 1983/1983/1983 1971/1971/1971
f 846/846/846 883/883/883 845/845/845
f 3100/3100/3100 3207/3207/3207 3167/3167/3167
f 2007/2007/2007 2000/2000/2000 1983/1983/1983
f 3090/3090/3090 3089/3089/3089 3092/3092/3092
f 1880/1880/1880 1799/1799/1799 1888/1888/1888
f 3164/3164/3164 3163/3163/3163 3097/3097/3097
f 3095/3095/3095 3164/3164/3164 3097/3097/3097
f 3097/3097/3097 3163/3163/3163 3161/3161/3161
f 1996/1996/1996 1892/1892/1892 1891/1891/1891
f 3267/3267/3267 3290/3290/3290 3289/3289/3289
f 3089/3089/3089 3094/3094/3094 3092/3092/3092
f 1788/1788/1788 1754/1754/1754 1757/1757/1757
f 1758/1758/1758 1766/1766/1766 1804/1804/1804
f 1793/1793/1793 1792/1792/1792 1791/1791/1791
f 3094/3094/3094 3107/3107/3107 3092/3092/3092
f 3092/3092/3092 3107/3107/3107 3095/3095/3095
f 1796/1796/1796 1794/1794/1794 1797/1797/1797
f 3107/3107/3107 3164/3164/3164 3095/3095/3095
f 1874/1874/1874 1868/1868/1868 1856/1856/1856
f 1874/1874/1874 1856/1856/1856 1798/1798/1798
f 1730/1730/1730 1751/1751/1751 1670/1670/1670
f 3088/3088/3088 3105/3105/3105 3089/3089/3089
f 3089/3089/3089 3105/3105/3105 3106/3106/3106
f 1781/1781/1781 1774/1774/1774 1822/1822/1822
f 1757/1757/1757 1756/1756/1756 1758/1758/1758
f 1758/1758/1758 1756/1756/1756 1766/1766/1766
f 3106/3106/3106 3107/3107/3107 3089/3089/3089
f 3089/3089/3089 3107/3107/3107 3094/3094/3094
f 1832/1832/1832 1918/1918/1918 1827/1827/1827
f 1850/1850/1850 1764/1764/1764 1760/1760/1760
f 1846/1846/1846 1921/1921/1921 1848/1848/1848
f 3914/3914/3914 4047/4047/4047 3721/3721/3721
f 3721/3721/3721 4047/4047/4047 3743/3743/3743
f 3506/3506/3506 3503/3503/3503 3505/3505/3505
f 3970/3970/3970 4087/4087/4087 3719/3719/3719
f 3703/3703/3703 3970/3970/3970 3719/3719/3719
f 3719/3719/3719 4087/4087/4087 3914/3914/3914
f 3702/3702/3702 3701/3701/3701 3703/3703/3703
f 3701/3701/3701 3970/3970/3970 3703/3703/3703
f 3696/3696/3696 4066/4066/4066 3699/3699/3699
f 3699/3699/3699 4066/4066/4066 3701/3701/3701
f 3488/3488/3488 3487/3487/3487 3486/3486/3486
f 3487/3487/3487 3485/3485/3485 3486/3486/3486
f 3486/3486/3486 3485/3485/3485 3482/3482/3482
f 755/755/755 851/851/851 840/840/840
f 3660/3660/3660 3781/3781/3781 3662/3662/3662
f 3781/3781/3781 3968/3968/3968 3662/3662/3662
f 3662/3662/3662 3968/3968/3968 3667/3667/3667
f 3667/3667/3667 3968/3968/3968 3885/3885/3885
f 3658/3658/3658 4068/4068/4068 3660/3660/3660
f 4068/4068/4068 4088/4088/4088 3660/3660/3660
f 3951/3951/3951 4080/4080/4080 3656/3656/3656
f 4129/4129/4129 4118/4118/4118 3707/3707/3707
f 3707/3707/3707 4118/4118/4118 3654/3654/3654
f 3654/3654/3654 4118/4118/4118 3951/3951/3951
f 3607/3607/3607 4052/4052/4052 3648/3648/3648
f 3648/3648/3648 4052/4052/4052 3707/3707/3707
f 4052/4052/4052 4129/4129/4129 3707/3707/3707
f 3604/3604/3604 3607/3607/3607 3606/3606/3606
f 3605/3605/3605 3604/3604/3604 3606/3606/3606
f 3599/3599/3599 3603/3603/3603 3602/3602/3602
f 3600/3600/3600 3599/3599/3599 3602/3602/3602
f 3603/3603/3603 3604/3604/3604 3602/3602/3602
f 3595/3595/3595 3594/3594/3594 3596/3596/3596
f 3594/3594/3594 3599/3599/3599 3596/3596/3596
f 3598/3598/3598 3597/3597/3597 3593/3593/3593
f 3593/3593/3593 3597/3597/3597 3594/3594/3594
f 3476/3476/3476 3474/3474/3474 3477/3477/3477
f 3480/3480/3480 3463/3463/3463 3476/3476/3476
f 3465/3465/3465 3462/3462/3462 3464/3464/3464
f 3462/3462/3462 3463/3463/3463 3464/3464/3464
f 3469/3469/3469 3467/3467/3467 3468/3468/3468
f 3454/3454/3454 3455/3455/3455 3457/3457/3457
f 3475/3475/3475 3472/3472/3472 3469/3469/3469
f 3451/3451/3451 3453/3453/3453 3460/3460/3460
f 3460/3460/3460 3453/3453/3453 3459/3459/3459
f 3459/3459/3459 3453/3453/3453 3454/3454/3454
f 3441/3441/3441 3443/3443/3443 3451/3451/3451
f 3443/3443/3443 3444/3444/3444 3451/3451/3451
f 878/878/878 855/855/855 685/685/685
f 3449/3449/3449 3447/3447/3447 3461/3461/3461
f 3461/3461/3461 3447/3447/3447 3441/3441/3441
f 3719/3719/3719 3914/3914/3914 3721/3721/3721
f 3726/3726/3726 3721/3721/3721 3743/3743/3743
f 3704/3704/3704 3703/3703/3703 3719/3719/3719
f 3697/3697/3697 3696/3696/3696 3699/3699/3699
f 3699/3699/3699 3701/3701/3701 3700/3700/3700
f 3680/3680/3680 3667/3667/3667 3885/3885/3885
f 3680/3680/3680 3885/3885/3885 3884/3884/3884
f 3680/3680/3680 3884/3884/3884 3692/3692/3692
f 3692/3692/3692 3884/3884/3884 3696/3696/3696
f 3654/3654/3654 3951/3951/3951 3656/3656/3656
f 3648/3648/3648 3707/3707/3707 3649/3649/3649
f 3649/3649/3649 3707/3707/3707 3653/3653/3653
f 3653/3653/3653 3707/3707/3707 3654/3654/3654
f 3640/3640/3640 3606/3606/3606 3607/3607/3607
f 3640/3640/3640 3607/3607/3607 3648/3648/3648
f 3600/3600/3600 3602/3602/3602 3679/3679/3679
f 3602/3602/3602 3604/3604/3604 3605/3605/3605
f 3678/3678/3678 3593/3593/3593 3601/3601/3601
f 3593/3593/3593 3595/3595/3595 3601/3601/3601
f 3601/3601/3601 3595/3595/3595 3596/3596/3596
f 3601/3601/3601 3596/3596/3596 3600/3600/3600
f 3776/3776/3776 3598/3598/3598 3775/3775/3775
f 3598/3598/3598 3593/3593/3593 3775/3775/3775
f 3732/3732/3732 3777/3777/3777 3776/3776/3776
f 3776/3776/3776 3777/3777/3777 3598/3598/3598
f 3782/3782/3782 3778/3778/3778 3740/3740/3740
f 3740/3740/3740 3778/3778/3778 3735/3735/3735
f 3778/3778/3778 3777/3777/3777 3735/3735/3735
f 3735/3735/3735 3777/3777/3777 3732/3732/3732
f 3756/3756/3756 3793/3793/3793 3794/3794/3794
f 3756/3756/3756 3794/3794/3794 3739/3739/3739
f 3794/3794/3794 4023/4023/4023 3739/3739/3739
f 3769/3769/3769 3792/3792/3792 3755/3755/3755
f 3755/3755/3755 3792/3792/3792 3756/3756/3756
f 3792/3792/3792 3793/3793/3793 3756/3756/3756
f 3753/3753/3753 3897/3897/3897 3752/3752/3752
f 3752/3752/3752 3897/3897/3897 3769/3769/3769
f 3752/3752/3752 3769/3769/3769 3755/3755/3755
f 3763/3763/3763 3896/3896/3896 3760/3760/3760
f 3760/3760/3760 3896/3896/3896 3753/3753/3753
f 3896/3896/3896 3898/3898/3898 3753/3753/3753
f 3904/3904/3904 3905/3905/3905 3779/3779/3779
f 3779/3779/3779 3905/3905/3905 3906/3906/3906
f 3779/3779/3779 3906/3906/3906 3763/3763/3763
f 3909/3909/3909 3910/3910/3910 3908/3908/3908
f 3909/3909/3909 3908/3908/3908 3907/3907/3907
f 3907/3907/3907 3908/3908/3908 3904/3904/3904
f 4074/4074/4074 3910/3910/3910 3909/3909/3909
f 3807/3807/3807 4074/4074/4074 3909/3909/3909
f 4200/4200/4200 4201/4201/4201 4202/4202/4202
f 4202/4202/4202 4201/4201/4201 4203/4203/4203
f 3700/3700/3700 3701/3701/3701 3702/3702/3702
f 3702/3702/3702 3703/3703/3703 3704/3704/3704
f 3697/3697/3697 3699/3699/3699 3698/3698/3698
f 3698/3698/3698 3699/3699/3699 3700/3700/3700
f 3666/3666/3666 3662/3662/3662 3667/3667/3667
f 3655/3655/3655 3654/3654/3654 3656/3656/3656
f 3687/3687/3687 3776/3776/3776 3775/3775/3775
f 3687/3687/3687 3775/3775/3775 3678/3678/3678
f 3775/3775/3775 3593/3593/3593 3678/3678/3678
f 3732/3732/3732 3776/3776/3776 3687/3687/3687
f 3739/3739/3739 3782/3782/3782 3740/3740/3740
f 3746/3746/3746 3756/3756/3756 3739/3739/3739
f 3755/3755/3755 3756/3756/3756 3746/3746/3746
f 3762/3762/3762 3779/3779/3779 3763/3763/3763
f 3795/3795/3795 3907/3907/3907 3904/3904/3904
f 3795/3795/3795 3904/3904/3904 3779/3779/3779
f 3807/3807/3807 3909/3909/3909 3907/3907/3907
f 4125/4125/4125 4074/4074/4074 3807/3807/3807
f 1740/1740/1740 1741/1741/1741 1407/1407/1407
f 1407/1407/1407 1741/1741/1741 1413/1413/1413
f 1413/1413/1413 1741/1741/1741 1704/1704/1704
f 1408/1408/1408 1740/1740/1740 1407/1407/1407
f 3411/3411/3411 3418/3418/3418 3413/3413/3413
f 1681/1681/1681 1748/1748/1748 1419/1419/1419
f 3438/3438/3438 3436/3436/3436 3430/3430/3430
f 3726/3726/3726 3743/3743/3743 3725/3725/3725
f 3725/3725/3725 3743/3743/3743 3789/3789/3789
f 3789/3789/3789 3743/3743/3743 3790/3790/3790
f 3721/3721/3721 3726/3726/3726 3725/3725/3725
f 3704/3704/3704 3719/3719/3719 3720/3720/3720
f 3693/3693/3693 3696/3696/3696 3697/3697/3697
f 3669/3669/3669 3667/3667/3667 3680/3680/3680
f 3652/3652/3652 3654/3654/3654 3655/3655/3655
f 3649/3649/3649 3653/3653/3653 3652/3652/3652
f 3652/3652/3652 3653/3653/3653 3654/3654/3654
f 3647/3647/3647 3640/3640/3640 3648/3648/3648
f 3639/3639/3639 3605/3605/3605 3606/3606/3606
f 3643/3643/3643 3602/3602/3602 3605/3605/3605
f 3678/3678/3678 3601/3601/3601 3676/3676/3676
f 3676/3676/3676 3601/3601/3601 3672/3672/3672
f 3672/3672/3672 3601/3601/3601 3600/3600/3600
f 3687/3687/3687 3678/3678/3678 3684/3684/3684
f 3688/3688/3688 3732/3732/3732 3687/3687/3687
f 3736/3736/3736 3739/3739/3739 3740/3740/3740
f 3748/3748/3748 3755/3755/3755 3746/3746/3746
f 3752/3752/3752 3755/3755/3755 3748/3748/3748
f 3795/3795/3795 3779/3779/3779 3768/3768/3768
f 3768/3768/3768 3779/3779/3779 3762/3762/3762
f 4125/4125/4125 3807/3807/3807 3802/3802/3802
f 1701/1701/1701 1742/1742/1742 1392/1392/1392
f 1392/1392/1392 1742/1742/1742 1395/1395/1395
f 1386/1386/1386 1711/1711/1711 1385/1385/1385
f 1711/1711/1711 1736/1736/1736 1385/1385/1385
f 1385/1385/1385 1736/1736/1736 1384/1384/1384
f 1384/1384/1384 1736/1736/1736 1701/1701/1701
f 1598/1598/1598 1724/1724/1724 1394/1394/1394
f 1394/1394/1394 1711/1711/1711 1386/1386/1386
f 1692/1692/1692 1724/1724/1724 1598/1598/1598
f 1733/1733/1733 1705/1705/1705 1592/1592/1592
f 1592/1592/1592 1705/1705/1705 1691/1691/1691
f 1705/1705/1705 1738/1738/1738 1691/1691/1691
f 1691/1691/1691 1738/1738/1738 1692/1692/1692
f 1732/1732/1732 1733/1733/1733 1677/1677/1677
f 1677/1677/1677 1733/1733/1733 1595/1595/1595
f 1690/1690/1690 1732/1732/1732 1594/1594/1594
f 1594/1594/1594 1732/1732/1732 1677/1677/1677
f 1699/1699/1699 1676/1676/1676 1397/1397/1397
f 4437/4437/4437 4793/4793/4793 4439/4439/4439
f 1187/1187/1187 1698/1698/1698 1188/1188/1188
f 1698/1698/1698 1699/1699/1699 1188/1188/1188
f 1188/1188/1188 1699/1699/1699 1397/1397/1397
f 1399/1399/1399 1710/1710/1710 1187/1187/1187
f 1710/1710/1710 1698/1698/1698 1187/1187/1187
f 1603/1603/1603 1710/1710/1710 1399/1399/1399
f 4246/4246/4246 4749/4749/4749 4253/4253/4253
f 4268/4268/4268 4792/4792/4792 4267/4267/4267
f 1200/1200/1200 1657/1657/1657 1197/1197/1197
f 1657/1657/1657 1749/1749/1749 1194/1194/1194
f 1197/1197/1197 1657/1657/1657 1194/1194/1194
f 4271/4271/4271 4704/4704/4704 4400/4400/4400
f 1410/1410/1410 1697/1697/1697 1199/1199/1199
f 1697/1697/1697 1200/1200/1200 1199/1199/1199
f 1596/1596/1596 1697/1697/1697 1410/1410/1410
f 1413/1413/1413 1704/1704/1704 1414/1414/1414
f 1704/1704/1704 1737/1737/1737 1416/1416/1416
f 1414/1414/1414 1704/1704/1704 1416/1416/1416
f 4585/4585/4585 4779/4779/4779 4586/4586/4586
f 4584/4584/4584 4757/4757/4757 4564/4564/4564
f 4429/4429/4429 4716/4716/4716 4433/4433/4433
f 1666/1666/1666 1669/1669/1669 1668/1668/1668
f 1651/1651/1651 1681/1681/1681 1421/1421/1421
f 1681/1681/1681 1419/1419/1419 1421/1421/1421
f 4441/4441/4441 4700/4700/4700 4566/4566/4566
f 4213/4213/4213 4200/4200/4200 4202/4202/4202
f 3714/3714/3714 3704/3704/3704 3720/3720/3720
f 3692/3692/3692 3696/3696/3696 3693/3693/3693
f 3680/3680/3680 3692/3692/3692 3681/3681/3681
f 3660/3660/3660 3662/3662/3662 3661/3661/3661
f 3661/3661/3661 3662/3662/3662 3664/3664/3664
f 3664/3664/3664 3662/3662/3662 3666/3666/3666
f 3658/3658/3658 3660/3660/3660 3659/3659/3659
f 3641/3641/3641 3640/3640/3640 3647/3647/3647
f 3639/3639/3639 3606/3606/3606 3640/3640/3640
f 3639/3639/3639 3640/3640/3640 3641/3641/3641
f 3672/3672/3672 3600/3600/3600 3645/3645/3645
f 3645/3645/3645 3600/3600/3600 3679/3679/3679
f 3643/3643/3643 3605/3605/3605 3639/3639/3639
f 3738/3738/3738 3739/3739/3739 3736/3736/3736
f 3736/3736/3736 3740/3740/3740 3735/3735/3735
f 3733/3733/3733 3735/3735/3735 3732/3732/3732
f 3733/3733/3733 3732/3732/3732 3688/3688/3688
f 3745/3745/3745 3746/3746/3746 3739/3739/3739
f 3748/3748/3748 3746/3746/3746 3745/3745/3745
f 3753/3753/3753 3752/3752/3752 3751/3751/3751
f 3751/3751/3751 3752/3752/3752 3748/3748/3748
f 3759/3759/3759 3763/3763/3763 3760/3760/3760
f 3759/3759/3759 3760/3760/3760 3758/3758/3758
f 3758/3758/3758 3760/3760/3760 3753/3753/3753
f 3762/3762/3762 3763/3763/3763 3759/3759/3759
f 3796/3796/3796 3807/3807/3807 3795/3795/3795
f 1384/1384/1384 1701/1701/1701 1392/1392/1392
f 3332/3332/3332 3329/3329/3329 3281/3281/3281
f 3281/3281/3281 3329/3329/3329 3283/3283/3283
f 1602/1602/1602 1691/1691/1691 1692/1692/1692
f 1592/1592/1592 1691/1691/1691 1602/1602/1602
f 1593/1593/1593 1677/1677/1677 1595/1595/1595
f 1591/1591/1591 1690/1690/1690 1594/1594/1594
f 1590/1590/1590 1676/1676/1676 1675/1675/1675
f 1675/1675/1675 1690/1690/1690 1591/1591/1591
f 1397/1397/1397 1676/1676/1676 1590/1590/1590
f 1192/1192/1192 1195/1195/1195 1400/1400/1400
f 1416/1416/1416 1596/1596/1596 1415/1415/1415
f 1415/1415/1415 1596/1596/1596 1410/1410/1410
f 1407/1407/1407 1413/1413/1413 1405/1405/1405
f 4429/4429/4429 4433/4433/4433 4288/4288/4288
f 1666/1666/1666 1668/1668/1668 1664/1664/1664
f 1668/1668/1668 1651/1651/1651 1664/1664/1664
f 4294/4294/4294 4377/4377/4377 4546/4546/4546
f 4303/4303/4303 4304/4304/4304 4305/4305/4305
f 3720/3720/3720 3721/3721/3721 3722/3722/3722
f 3721/3721/3721 3725/3725/3725 3722/3722/3722
f 3698/3698/3698 3700/3700/3700 3713/3713/3713
f 3700/3700/3700 3702/3702/3702 3704/3704/3704
f 3681/3681/3681 3692/3692/3692 3693/3693/3693
f 3693/3693/3693 3697/3697/3697 3698/3698/3698
f 3666/3666/3666 3667/3667/3667 3669/3669/3669
f 3657/3657/3657 3658/3658/3658 3659/3659/3659
f 3659/3659/3659 3660/3660/3660 3661/3661/3661
f 3655/3655/3655 3656/3656/3656 3657/3657/3657
f 3647/3647/3647 3648/3648/3648 3649/3649/3649
f 3645/3645/3645 3679/3679/3679 3602/3602/3602
f 3645/3645/3645 3602/3602/3602 3643/3643/3643
f 3684/3684/3684 3678/3678/3678 3677/3677/3677
f 3688/3688/3688 3687/3687/3687 3683/3683/3683
f 3736/3736/3736 3735/3735/3735 3733/3733/3733
f 3745/3745/3745 3739/3739/3739 3738/3738/3738
f 3761/3761/3761 3762/3762/3762 3759/3759/3759
f 3768/3768/3768 3762/3762/3762 3761/3761/3761
f 3802/3802/3802 3807/3807/3807 3796/3796/3796
f 3796/3796/3796 3795/3795/3795 3768/3768/3768
f 1383/1383/1383 1384/1384/1384 1392/1392/1392
f 1383/1383/1383 1392/1392/1392 1387/1387/1387
f 1387/1387/1387 1392/1392/1392 1395/1395/1395
f 1382/1382/1382 1386/1386/1386 1385/1385/1385
f 1360/1360/1360 1598/1598/1598 1394/1394/1394
f 1393/1393/1393 1394/1394/1394 1386/1386/1386
f 3281/3281/3281 3283/3283/3283 3282/3282/3282
f 1602/1602/1602 1692/1692/1692 1598/1598/1598
f 1358/1358/1358 1592/1592/1592 1602/1602/1602
f 1594/1594/1594 1677/1677/1677 1593/1593/1593
f 4330/4330/4330 4335/4335/4335 4435/4435/4435
f 1590/1590/1590 1675/1675/1675 1591/1591/1591
f 1397/1397/1397 1590/1590/1590 1330/1330/1330
f 1186/1186/1186 1187/1187/1187 1188/1188/1188
f 4242/4242/4242 4243/4243/4243 4238/4238/4238
f 1398/1398/1398 1400/1400/1400 1603/1603/1603
f 1398/1398/1398 1603/1603/1603 1399/1399/1399
f 1193/1193/1193 1194/1194/1194 1195/1195/1195
f 1192/1192/1192 1400/1400/1400 1398/1398/1398
f 1197/1197/1197 1194/1194/1194 1193/1193/1193
f 1410/1410/1410 1199/1199/1199 1198/1198/1198
f 1198/1198/1198 1199/1199/1199 1200/1200/1200
f 1405/1405/1405 1413/1413/1413 1414/1414/1414
f 1404/1404/1404 1414/1414/1414 1416/1416/1416
f 4286/4286/4286 4285/4285/4285 4584/4584/4584
f 1664/1664/1664 1651/1651/1651 1650/1650/1650
f 1651/1651/1651 1421/1421/1421 1650/1650/1650
f 1650/1650/1650 1421/1421/1421 1420/1420/1420
f 3681/3681/3681 3669/3669/3669 3680/3680/3680
f 3650/3650/3650 3649/3649/3649 3652/3652/3652
f 3678/3678/3678 3676/3676/3676 3677/3677/3677
f 3683/3683/3683 3687/3687/3687 3684/3684/3684
f 3796/3796/3796 3768/3768/3768 3800/3800/3800
f 1387/1387/1387 1395/1395/1395 1389/1389/1389
f 3332/3332/3332 3281/3281/3281 3280/3280/3280
f 1385/1385/1385 1384/1384/1384 1382/1382/1382
f 1360/1360/1360 1394/1394/1394 1393/1393/1393
f 4335/4335/4335 4330/4330/4330 4329/4329/4329
f 1188/1188/1188 1397/1397/1397 1189/1189/1189
f 1404/1404/1404 1416/1416/1416 1415/1415/1415
f 1409/1409/1409 1415/1415/1415 1410/1410/1410
f 1405/1405/1405 1414/1414/1414 1404/1404/1404
f 1418/1418/1418 1419/1419/1419 1408/1408/1408
f 1420/1420/1420 1421/1421/1421 1419/1419/1419
f 1713/1713/1713 1714/1714/1714 1666/1666/1666
f 1713/1713/1713 1666/1666/1666 1665/1665/1665
f 1665/1665/1665 1666/1666/1666 1662/1662/1662
f 3722/3722/3722 3725/3725/3725 3731/3731/3731
f 3698/3698/3698 3713/3713/3713 3709/3709/3709
f 3709/3709/3709 3693/3693/3693 3698/3698/3698
f 3661/3661/3661 3664/3664/3664 3665/3665/3665
f 3659/3659/3659 3661/3661/3661 3663/3663/3663
f 3647/3647/3647 3649/3649/3649 3650/3650/3650
f 3650/3650/3650 3641/3641/3641 3647/3647/3647
f 3639/3639/3639 3641/3641/3641 3642/3642/3642
f 3682/3682/3682 3683/3683/3683 3684/3684/3684
f 3682/3682/3682 3684/3684/3684 3677/3677/3677
f 3785/3785/3785 3688/3688/3688 3683/3683/3683
f 3738/3738/3738 3736/3736/3736 3737/3737/3737
f 3736/3736/3736 3733/3733/3733 3737/3737/3737
f 3753/3753/3753 3751/3751/3751 3754/3754/3754
f 3759/3759/3759 3758/3758/3758 3757/3757/3757
f 3758/3758/3758 3753/3753/3753 3757/3757/3757
f 3150/3150/3150 3152/3152/3152 3199/3199/3199
f 1381/1381/1381 1386/1386/1386 1382/1382/1382
f 1358/1358/1358 1602/1602/1602 1359/1359/1359
f 1363/1363/1363 1595/1595/1595 1592/1592/1592
f 1363/1363/1363 1592/1592/1592 1362/1362/1362
f 1592/1592/1592 1358/1358/1358 1362/1362/1362
f 1593/1593/1593 1595/1595/1595 1363/1363/1363
f 1189/1189/1189 1397/1397/1397 1330/1330/1330
f 1184/1184/1184 1399/1399/1399 1187/1187/1187
f 1193/1193/1193 1195/1195/1195 1192/1192/1192
f 1409/1409/1409 1410/1410/1410 1198/1198/1198
f 4274/4274/4274 4280/4280/4280 4277/4277/4277
f 1406/1406/1406 1407/1407/1407 1405/1405/1405
f 4287/4287/4287 4283/4283/4283 4286/4286/4286
f 1408/1408/1408 1407/1407/1407 1406/1406/1406
f 1662/1662/1662 1666/1666/1666 1664/1664/1664
f 1664/1664/1664 1650/1650/1650 1589/1589/1589
f 1420/1420/1420 1419/1419/1419 1418/1418/1418
f 3713/3713/3713 3700/3700/3700 3712/3712/3712
f 3712/3712/3712 3700/3700/3700 3704/3704/3704
f 3712/3712/3712 3704/3704/3704 3714/3714/3714
f 3663/3663/3663 3661/3661/3661 3665/3665/3665
f 3643/3643/3643 3639/3639/3639 3642/3642/3642
f 3672/3672/3672 3645/3645/3645 3646/3646/3646
f 3676/3676/3676 3672/3672/3672 3675/3675/3675
f 3734/3734/3734 3688/3688/3688 3785/3785/3785
f 3737/3737/3737 3733/3733/3733 3734/3734/3734
f 3734/3734/3734 3733/3733/3733 3688/3688/3688
f 3747/3747/3747 3745/3745/3745 3738/3738/3738
f 3748/3748/3748 3745/3745/3745 3749/3749/3749
f 3749/3749/3749 3745/3745/3745 3747/3747/3747
f 3757/3757/3757 3753/3753/3753 3754/3754/3754
f 3751/3751/3751 3748/3748/3748 3750/3750/3750
f 3750/3750/3750 3748/3748/3748 3749/3749/3749
f 3761/3761/3761 3759/3759/3759 3764/3764/3764
f 3768/3768/3768 3761/3761/3761 3767/3767/3767
f 1389/1389/1389 1391/1391/1391 1388/1388/1388
f 1382/1382/1382 1384/1384/1384 1383/1383/1383
f 1388/1388/1388 1387/1387/1387 1389/1389/1389
f 1393/1393/1393 1386/1386/1386 1381/1381/1381
f 1602/1602/1602 1598/1598/1598 1360/1360/1360
f 1359/1359/1359 1602/1602/1602 1360/1360/1360
f 1332/1332/1332 1591/1591/1591 1594/1594/1594
f 1330/1330/1330 1590/1590/1590 1331/1331/1331
f 1590/1590/1590 1591/1591/1591 1331/1331/1331
f 1331/1331/1331 1591/1591/1591 1332/1332/1332
f 1184/1184/1184 1187/1187/1187 1186/1186/1186
f 1192/1192/1192 1398/1398/1398 1185/1185/1185
f 1185/1185/1185 1398/1398/1398 1184/1184/1184
f 1398/1398/1398 1399/1399/1399 1184/1184/1184
f 1404/1404/1404 1415/1415/1415 1409/1409/1409
f 1403/1403/1403 1405/1405/1405 1404/1404/1404
f 1418/1418/1418 1408/1408/1408 1406/1406/1406
f 1662/1662/1662 1664/1664/1664 1663/1663/1663
f 1663/1663/1663 1664/1664/1664 1589/1589/1589
f 1650/1650/1650 1420/1420/1420 1588/1588/1588
f 3731/3731/3731 3725/3725/3725 3789/3789/3789
f 3731/3731/3731 3789/3789/3789 3791/3791/3791
f 3791/3791/3791 3789/3789/3789 3859/3859/3859
f 3714/3714/3714 3720/3720/3720 3722/3722/3722
f 3714/3714/3714 3722/3722/3722 3723/3723/3723
f 3723/3723/3723 3722/3722/3722 3731/3731/3731
f 4212/4212/4212 4213/4213/4213 4202/4202/4202
f 3715/3715/3715 3712/3712/3712 3714/3714/3714
f 3681/3681/3681 3693/3693/3693 3695/3695/3695
f 3695/3695/3695 3693/3693/3693 3710/3710/3710
f 3671/3671/3671 3666/3666/3666 3669/3669/3669
f 3694/3694/3694 3669/3669/3669 3681/3681/3681
f 3664/3664/3664 3666/3666/3666 3670/3670/3670
f 3652/3652/3652 3655/3655/3655 3689/3689/3689
f 3641/3641/3641 3650/3650/3650 3651/3651/3651
f 3646/3646/3646 3645/3645/3645 3643/3643/3643
f 3686/3686/3686 3785/3785/3785 3683/3683/3683
f 3741/3741/3741 3738/3738/3738 3737/3737/3737
f 3747/3747/3747 3738/3738/3738 3741/3741/3741
f 3754/3754/3754 3751/3751/3751 3750/3750/3750
f 3759/3759/3759 3757/3757/3757 3765/3765/3765
f 3767/3767/3767 3761/3761/3761 3764/3764/3764
f 3800/3800/3800 3768/3768/3768 3829/3829/3829
f 3829/3829/3829 3768/3768/3768 3767/3767/3767
f 3802/3802/3802 3796/3796/3796 3801/3801/3801
f 3280/3280/3280 3281/3281/3281 3278/3278/3278
f 1332/1332/1332 1593/1593/1593 1363/1363/1363
f 1198/1198/1198 1200/1200/1200 1201/1201/1201
f 1409/1409/1409 1198/1198/1198 1201/1201/1201
f 4212/4212/4212 4202/4202/4202 4207/4207/4207
f 3694/3694/3694 3681/3681/3681 3695/3695/3695
f 3710/3710/3710 3693/3693/3693 3709/3709/3709
f 3670/3670/3670 3666/3666/3666 3671/3671/3671
f 3665/3665/3665 3664/3664/3664 3670/3670/3670
f 3691/3691/3691 3652/3652/3652 3690/3690/3690
f 3690/3690/3690 3652/3652/3652 3689/3689/3689
f 3689/3689/3689 3655/3655/3655 3659/3659/3659
f 3659/3659/3659 3655/3655/3655 3657/3657/3657
f 3858/3858/3858 3650/3650/3650 3691/3691/3691
f 3644/3644/3644 3641/3641/3641 3651/3651/3651
f 3642/3642/3642 3641/3641/3641 3644/3644/3644
f 3672/3672/3672 3646/3646/3646 3673/3673/3673
f 3711/3711/3711 3646/3646/3646 3643/3643/3643
f 3677/3677/3677 3676/3676/3676 3675/3675/3675
f 3674/3674/3674 3675/3675/3675 3672/3672/3672
f 3683/3683/3683 3682/3682/3682 3685/3685/3685
f 3889/3889/3889 3785/3785/3785 3686/3686/3686
f 3889/3889/3889 3686/3686/3686 3888/3888/3888
f 3685/3685/3685 3686/3686/3686 3683/3683/3683
f 3744/3744/3744 3737/3737/3737 3734/3734/3734
f 3860/3860/3860 3757/3757/3757 3750/3750/3750
f 3750/3750/3750 3757/3757/3757 3754/3754/3754
f 3860/3860/3860 3765/3765/3765 3757/3757/3757
f 3766/3766/3766 3764/3764/3764 3759/3759/3759
f 3801/3801/3801 3796/3796/3796 3800/3800/3800
f 4718/4718/4718 4361/4361/4361 4362/4362/4362
f 1186/1186/1186 1188/1188/1188 1189/1189/1189
f 4312/4312/4312 4256/4256/4256 4261/4261/4261
f 1406/1406/1406 1405/1405/1405 1403/1403/1403
f 4297/4297/4297 4283/4283/4283 4287/4287/4287
f 1667/1667/1667 1665/1665/1665 1662/1662/1662
f 3724/3724/3724 3714/3714/3714 3723/3723/3723
f 3723/3723/3723 3731/3731/3731 3774/3774/3774
f 3716/3716/3716 3714/3714/3714 3724/3724/3724
f 3713/3713/3713 3712/3712/3712 3784/3784/3784
f 3784/3784/3784 3712/3712/3712 3715/3715/3715
f 3715/3715/3715 3714/3714/3714 3716/3716/3716
f 3671/3671/3671 3669/3669/3669 3705/3705/3705
f 3705/3705/3705 3669/3669/3669 3694/3694/3694
f 3708/3708/3708 3659/3659/3659 3668/3668/3668
f 3659/3659/3659 3663/3663/3663 3668/3668/3668
f 3894/3894/3894 3711/3711/3711 3643/3643/3643
f 3894/3894/3894 3643/3643/3643 3642/3642/3642
f 3673/3673/3673 3646/3646/3646 3711/3711/3711
f 3682/3682/3682 3677/3677/3677 3675/3675/3675
f 3881/3881/3881 3682/3682/3682 3675/3675/3675
f 3744/3744/3744 3734/3734/3734 3889/3889/3889
f 3734/3734/3734 3785/3785/3785 3889/3889/3889
f 3888/3888/3888 3686/3686/3686 3685/3685/3685
f 3741/3741/3741 3737/3737/3737 3742/3742/3742
f 3742/3742/3742 3737/3737/3737 3744/3744/3744
f 3747/3747/3747 3741/3741/3741 3886/3886/3886
f 3749/3749/3749 3747/3747/3747 3931/3931/3931
f 3931/3931/3931 3747/3747/3747 3887/3887/3887
f 3887/3887/3887 3747/3747/3747 3886/3886/3886
f 3860/3860/3860 3750/3750/3750 3932/3932/3932
f 3932/3932/3932 3750/3750/3750 3749/3749/3749
f 3933/3933/3933 3765/3765/3765 3860/3860/3860
f 3767/3767/3767 3764/3764/3764 3840/3840/3840
f 3840/3840/3840 3764/3764/3764 3766/3766/3766
f 3150/3150/3150 3199/3199/3199 3154/3154/3154
f 3948/3948/3948 3802/3802/3802 3803/3803/3803
f 3803/3803/3803 3802/3802/3802 3801/3801/3801
f 1377/1377/1377 1382/1382/1382 1383/1383/1383
f 1393/1393/1393 1381/1381/1381 1361/1361/1361
f 1355/1355/1355 1363/1363/1363 1362/1362/1362
f 1329/1329/1329 1330/1330/1330 1331/1331/1331
f 1329/1329/1329 1331/1331/1331 1332/1332/1332
f 1160/1160/1160 1184/1184/1184 1186/1186/1186
f 1193/1193/1193 1192/1192/1192 1191/1191/1191
f 4263/4263/4263 4254/4254/4254 4313/4313/4313
f 1196/1196/1196 1197/1197/1197 1193/1193/1193
f 3791/3791/3791 3859/3859/3859 4010/4010/4010
f 4205/4205/4205 4212/4212/4212 4207/4207/4207
f 3730/3730/3730 3716/3716/3716 3724/3724/3724
f 3770/3770/3770 3709/3709/3709 3713/3713/3713
f 3770/3770/3770 3713/3713/3713 3784/3784/3784
f 3717/3717/3717 3715/3715/3715 3716/3716/3716
f 3705/3705/3705 3694/3694/3694 3961/3961/3961
f 3694/3694/3694 3695/3695/3695 3961/3961/3961
f 3961/3961/3961 3695/3695/3695 3911/3911/3911
f 3695/3695/3695 3710/3710/3710 3911/3911/3911
f 3911/3911/3911 3710/3710/3710 3771/3771/3771
f 3771/3771/3771 3710/3710/3710 3709/3709/3709
f 3771/3771/3771 3709/3709/3709 3770/3770/3770
f 4081/4081/4081 3670/3670/3670 4031/4031/4031
f 3670/3670/3670 3671/3671/3671 4031/4031/4031
f 4031/4031/4031 3671/3671/3671 3705/3705/3705
f 3663/3663/3663 3665/3665/3665 4050/4050/4050
f 4050/4050/4050 3665/3665/3665 3920/3920/3920
f 3665/3665/3665 3670/3670/3670 3920/3920/3920
f 3708/3708/3708 3668/3668/3668 4028/4028/4028
f 4028/4028/4028 3668/3668/3668 3706/3706/3706
f 3668/3668/3668 3663/3663/3663 3706/3706/3706
f 3971/3971/3971 3691/3691/3691 3964/3964/3964
f 3691/3691/3691 3690/3690/3690 3964/3964/3964
f 3964/3964/3964 3690/3690/3690 3689/3689/3689
f 3858/3858/3858 3691/3691/3691 3971/3971/3971
f 3644/3644/3644 3651/3651/3651 4012/4012/4012
f 4012/4012/4012 3651/3651/3651 3858/3858/3858
f 3894/3894/3894 3642/3642/3642 3895/3895/3895
f 3895/3895/3895 3642/3642/3642 3644/3644/3644
f 3949/3949/3949 3674/3674/3674 3913/3913/3913
f 3674/3674/3674 3673/3673/3673 3913/3913/3913
f 3913/3913/3913 3673/3673/3673 3912/3912/3912
f 3912/3912/3912 3673/3673/3673 3711/3711/3711
f 3881/3881/3881 3675/3675/3675 3882/3882/3882
f 3882/3882/3882 3675/3675/3675 3674/3674/3674
f 3888/3888/3888 3685/3685/3685 4058/4058/4058
f 4058/4058/4058 3685/3685/3685 3954/3954/3954
f 3685/3685/3685 3682/3682/3682 3954/3954/3954
f 3954/3954/3954 3682/3682/3682 3881/3881/3881
f 2720/2720/2720 2927/2927/2927 2876/2876/2876
f 3742/3742/3742 3744/3744/3744 4063/4063/4063
f 3744/3744/3744 3889/3889/3889 4063/4063/4063
f 4063/4063/4063 3889/3889/3889 3888/3888/3888
f 3741/3741/3741 3742/3742/3742 4064/4064/4064
f 3887/3887/3887 3886/3886/3886 4103/4103/4103
f 4103/4103/4103 3886/3886/3886 3960/3960/3960
f 3886/3886/3886 3741/3741/3741 3960/3960/3960
f 3932/3932/3932 3931/3931/3931 4106/4106/4106
f 4106/4106/4106 3931/3931/3931 3887/3887/3887
f 3933/3933/3933 3860/3860/3860 4107/4107/4107
f 3860/3860/3860 3932/3932/3932 4107/4107/4107
f 4105/4105/4105 3840/3840/3840 3766/3766/3766
f 3766/3766/3766 3765/3765/3765 4055/4055/4055
f 4105/4105/4105 3766/3766/3766 4055/4055/4055
f 4055/4055/4055 3765/3765/3765 3933/3933/3933
f 3767/3767/3767 3840/3840/3840 4086/4086/4086
f 3800/3800/3800 3829/3829/3829 4022/4022/4022
f 4022/4022/4022 3829/3829/3829 3929/3929/3929
f 3829/3829/3829 3767/3767/3767 3929/3929/3929
f 1388/1388/1388 1391/1391/1391 1390/1390/1390
f 1390/1390/1390 1391/1391/1391 1702/1702/1702
f 1380/1380/1380 1381/1381/1381 1382/1382/1382
f 1352/1352/1352 1359/1359/1359 1360/1360/1360
f 1353/1353/1353 1332/1332/1332 1363/1363/1363
f 4363/4363/4363 4318/4318/4318 4364/4364/4364
f 4365/4365/4365 4317/4317/4317 4314/4314/4314
f 1196/1196/1196 1193/1193/1193 1191/1191/1191
f 1201/1201/1201 1197/1197/1197 1196/1196/1196
f 1401/1401/1401 1403/1403/1403 1404/1404/1404
f 1404/1404/1404 1409/1409/1409 1401/1401/1401
f 1588/1588/1588 1420/1420/1420 1424/1424/1424
f 1662/1662/1662 1663/1663/1663 1569/1569/1569
f 1569/1569/1569 1663/1663/1663 1589/1589/1589
f 4424/4424/4424 4311/4311/4311 4559/4559/4559
f 2506/2506/2506 2503/2503/2503 2508/2508/2508
f 2522/2522/2522 2524/2524/2524 2507/2507/2507
f 2525/2525/2525 2544/2544/2544 2524/2524/2524
f 3828/3828/3828 3791/3791/3791 4010/4010/4010
f 4021/4021/4021 3771/3771/3771 3770/3770/3770
f 4021/4021/4021 3770/3770/3770 3930/3930/3930
f 3930/3930/3930 3770/3770/3770 3958/3958/3958
f 3958/3958/3958 3770/3770/3770 3784/3784/3784
f 3958/3958/3958 3784/3784/3784 3718/3718/3718
f 3718/3718/3718 3784/3784/3784 3715/3715/3715
f 873/873/873 767/767/767 820/820/820
f 2529/2529/2529 2543/2543/2543 2542/2542/2542
f 4031/4031/4031 3705/3705/3705 4112/4112/4112
f 3705/3705/3705 3961/3961/3961 4112/4112/4112
f 4112/4112/4112 3961/3961/3961 3911/3911/3911
f 2747/2747/2747 2806/2806/2806 2770/2770/2770
f 2770/2770/2770 2806/2806/2806 2771/2771/2771
f 2794/2794/2794 2811/2811/2811 2797/2797/2797
f 4109/4109/4109 3689/3689/3689 4101/4101/4101
f 3689/3689/3689 3708/3708/3708 4101/4101/4101
f 4101/4101/4101 3708/3708/3708 4095/4095/4095
f 3708/3708/3708 4028/4028/4028 4095/4095/4095
f 2550/2550/2550 2549/2549/2549 2541/2541/2541
f 3971/3971/3971 3964/3964/3964 4108/4108/4108
f 4108/4108/4108 3964/3964/3964 4109/4109/4109
f 4012/4012/4012 3858/3858/3858 4098/4098/4098
f 2787/2787/2787 2782/2782/2782 2789/2789/2789
f 4098/4098/4098 3858/3858/3858 4056/4056/4056
f 3858/3858/3858 3971/3971/3971 4056/4056/4056
f 4030/4030/4030 3644/3644/3644 4110/4110/4110
f 4111/4111/4111 4030/4030/4030 4110/4110/4110
f 4110/4110/4110 3644/3644/3644 4012/4012/4012
f 3913/3913/3913 3912/3912/3912 4025/4025/4025
f 3912/3912/3912 3711/3711/3711 4025/4025/4025
f 3711/3711/3711 3894/3894/3894 4025/4025/4025
f 4025/4025/4025 3894/3894/3894 3895/3895/3895
f 4104/4104/4104 3882/3882/3882 3949/3949/3949
f 4104/4104/4104 3949/3949/3949 4096/4096/4096
f 3949/3949/3949 3913/3913/3913 4096/4096/4096
f 4079/4079/4079 3881/3881/3881 4099/4099/4099
f 2707/2707/2707 2818/2818/2818 2721/2721/2721
f 3881/3881/3881 3882/3882/3882 4099/4099/4099
f 2713/2713/2713 2612/2612/2612 2609/2609/2609
f 4058/4058/4058 3954/3954/3954 4102/4102/4102
f 2612/2612/2612 2948/2948/2948 2706/2706/2706
f 4102/4102/4102 3954/3954/3954 4079/4079/4079
f 3800/3800/3800 4022/4022/4022 3946/3946/3946
f 3917/3917/3917 3800/3800/3800 3946/3946/3946
f 3801/3801/3801 3800/3800/3800 3812/3812/3812
f 3812/3812/3812 3800/3800/3800 3916/3916/3916
f 3916/3916/3916 3800/3800/3800 3917/3917/3917
f 1377/1377/1377 1383/1383/1383 1387/1387/1387
f 3279/3279/3279 3280/3280/3280 3278/3278/3278
f 1352/1352/1352 1360/1360/1360 1361/1361/1361
f 1361/1361/1361 1360/1360/1360 1393/1393/1393
f 1353/1353/1353 1363/1363/1363 1355/1355/1355
f 1163/1163/1163 1189/1189/1189 1330/1330/1330
f 1202/1202/1202 1201/1201/1201 1196/1196/1196
f 1203/1203/1203 1409/1409/1409 1201/1201/1201
f 2339/2339/2339 2309/2309/2309 2306/2306/2306
f 1401/1401/1401 1409/1409/1409 1203/1203/1203
f 1589/1589/1589 1650/1650/1650 1588/1588/1588
f 1424/1424/1424 1420/1420/1420 1418/1418/1418
f 2306/2306/2306 2309/2309/2309 2305/2305/2305
f 2513/2513/2513 2514/2514/2514 2515/2515/2515
f 2309/2309/2309 2310/2310/2310 2305/2305/2305
f 2520/2520/2520 2506/2506/2506 2519/2519/2519
f 2521/2521/2521 2520/2520/2520 2519/2519/2519
f 2310/2310/2310 2317/2317/2317 2311/2311/2311
f 2305/2305/2305 2310/2310/2310 2311/2311/2311
f 2317/2317/2317 2318/2318/2318 2311/2311/2311
f 3774/3774/3774 3731/3731/3731 3786/3786/3786
f 3786/3786/3786 3731/3731/3731 3791/3791/3791
f 3880/3880/3880 3716/3716/3716 3730/3730/3730
f 3729/3729/3729 3730/3730/3730 3724/3724/3724
f 2769/2769/2769 2768/2768/2768 2908/2908/2908
f 2908/2908/2908 2768/2768/2768 2906/2906/2906
f 3771/3771/3771 4021/4021/4021 4082/4082/4082
f 2908/2908/2908 2906/2906/2906 2910/2910/2910
f 4082/4082/4082 4021/4021/4021 3963/3963/3963
f 3963/3963/3963 4021/4021/4021 3930/3930/3930
f 3930/3930/3930 3958/3958/3958 3718/3718/3718
f 3718/3718/3718 3715/3715/3715 3717/3717/3717
f 3717/3717/3717 3716/3716/3716 3879/3879/3879
f 3879/3879/3879 3716/3716/3716 3880/3880/3880
f 730/730/730 750/750/750 739/739/739
f 2858/2858/2858 2859/2859/2859 2860/2860/2860
f 2859/2859/2859 2779/2779/2779 2860/2860/2860
f 2760/2760/2760 2804/2804/2804 2859/2859/2859
f 1377/1377/1377 1387/1387/1387 1371/1371/1371
f 1387/1387/1387 1388/1388/1388 1371/1371/1371
f 1358/1358/1358 1359/1359/1359 1352/1352/1352
f 1355/1355/1355 1362/1362/1362 1358/1358/1358
f 4554/4554/4554 4366/4366/4366 4567/4567/4567
f 1127/1127/1127 1189/1189/1189 1163/1163/1163
f 2338/2338/2338 2339/2339/2339 2306/2306/2306
f 1191/1191/1191 1192/1192/1192 1185/1185/1185
f 2717/2717/2717 2718/2718/2718 2732/2732/2732
f 1406/1406/1406 1403/1403/1403 1412/1412/1412
f 1662/1662/1662 1567/1567/1567 1672/1672/1672
f 2661/2661/2661 2521/2521/2521 2660/2660/2660
f 2303/2303/2303 2305/2305/2305 2311/2311/2311
f 2590/2590/2590 2629/2629/2629 2674/2674/2674
f 2453/2453/2453 2318/2318/2318 2479/2479/2479
f 3729/3729/3729 3724/3724/3724 3727/3727/3727
f 3727/3727/3727 3724/3724/3724 3723/3723/3723
f 4205/4205/4205 4207/4207/4207 4206/4206/4206
f 2909/2909/2909 2910/2910/2910 2961/2961/2961
f 4083/4083/4083 4082/4082/4082 3963/3963/3963
f 3962/3962/3962 3963/3963/3963 3930/3930/3930
f 3962/3962/3962 3930/3930/3930 3901/3901/3901
f 3930/3930/3930 3718/3718/3718 3901/3901/3901
f 3901/3901/3901 3718/3718/3718 3900/3900/3900
f 3718/3718/3718 3717/3717/3717 3780/3780/3780
f 3780/3780/3780 3717/3717/3717 3879/3879/3879
f 3780/3780/3780 3879/3879/3879 4034/4034/4034
f 4034/4034/4034 3879/3879/3879 3880/3880/3880
f 4034/4034/4034 3880/3880/3880 4035/4035/4035
f 451/451/451 526/526/526 453/453/453
f 3812/3812/3812 3916/3916/3916 3937/3937/3937
f 3937/3937/3937 3916/3916/3916 3918/3918/3918
f 3918/3918/3918 3916/3916/3916 3917/3917/3917
f 3918/3918/3918 3917/3917/3917 4053/4053/4053
f 3148/3148/3148 3150/3150/3150 3154/3154/3154
f 1390/1390/1390 1702/1702/1702 1744/1744/1744
f 2810/2810/2810 2828/2828/2828 2914/2914/2914
f 2434/2434/2434 2496/2496/2496 2338/2338/2338
f 1160/1160/1160 1186/1186/1186 1128/1128/1128
f 1186/1186/1186 1189/1189/1189 1127/1127/1127
f 2842/2842/2842 2739/2739/2739 2738/2738/2738
f 2803/2803/2803 2832/2832/2832 2879/2879/2879
f 2729/2729/2729 2939/2939/2939 2704/2704/2704
f 2728/2728/2728 2740/2740/2740 2734/2734/2734
f 2734/2734/2734 2740/2740/2740 2739/2739/2739
f 2837/2837/2837 2946/2946/2946 2634/2634/2634
f 2837/2837/2837 2634/2634/2634 2826/2826/2826
f 2826/2826/2826 2634/2634/2634 2635/2635/2635
f 2728/2728/2728 2704/2704/2704 2636/2636/2636
f 2728/2728/2728 2636/2636/2636 2740/2740/2740
f 1174/1174/1174 1201/1201/1201 1202/1202/1202
f 4234/4234/4234 4236/4236/4236 4235/4235/4235
f 1203/1203/1203 1201/1201/1201 1174/1174/1174
f 1402/1402/1402 1403/1403/1403 1401/1401/1401
f 4308/4308/4308 4278/4278/4278 4778/4778/4778
f 1425/1425/1425 1424/1424/1424 1418/1418/1418
f 1425/1425/1425 1418/1418/1418 1426/1426/1426
f 2671/2671/2671 2665/2665/2665 2646/2646/2646
f 1662/1662/1662 1569/1569/1569 1567/1567/1567
f 1427/1427/1427 1569/1569/1569 1589/1589/1589
f 1427/1427/1427 1589/1589/1589 1588/1588/1588
f 2664/2664/2664 2665/2665/2665 2669/2669/2669
f 2665/2665/2665 2671/2671/2671 2669/2669/2669
f 2699/2699/2699 2697/2697/2697 2702/2702/2702
f 2695/2695/2695 2679/2679/2679 2662/2662/2662
f 2680/2680/2680 2591/2591/2591 2678/2678/2678
f 2318/2318/2318 2453/2453/2453 2304/2304/2304
f 2304/2304/2304 2453/2453/2453 2450/2450/2450
f 3723/3723/3723 3774/3774/3774 3772/3772/3772
f 3786/3786/3786 3791/3791/3791 3828/3828/3828
f 4020/4020/4020 3729/3729/3729 3727/3727/3727
f 3727/3727/3727 3723/3723/3723 3728/3728/3728
f 3538/3538/3538 3546/3546/3546 3545/3545/3545
f 3900/3900/3900 3718/3718/3718 3783/3783/3783
f 3783/3783/3783 3718/3718/3718 3780/3780/3780
f 3783/3783/3783 3780/3780/3780 3830/3830/3830
f 3830/3830/3830 3780/3780/3780 4034/4034/4034
f 3830/3830/3830 4034/4034/4034 4036/4036/4036
f 4036/4036/4036 4034/4034/4034 4035/4035/4035
f 1380/1380/1380 1382/1382/1382 1377/1377/1377
f 3279/3279/3279 3278/3278/3278 3277/3277/3277
f 1361/1361/1361 1381/1381/1381 1379/1379/1379
f 1379/1379/1379 1381/1381/1381 1380/1380/1380
f 1328/1328/1328 1329/1329/1329 1332/1332/1332
f 1119/1119/1119 1332/1332/1332 1353/1353/1353
f 2900/2900/2900 2873/2873/2873 2898/2898/2898
f 2898/2898/2898 2873/2873/2873 2868/2868/2868
f 2874/2874/2874 2867/2867/2867 2894/2894/2894
f 2874/2874/2874 2894/2894/2894 2877/2877/2877
f 2877/2877/2877 2894/2894/2894 2963/2963/2963
f 3522/3522/3522 3520/3520/3520 3518/3518/3518
f 3518/3518/3518 3520/3520/3520 3515/3515/3515
f 3515/3515/3515 3520/3520/3520 3521/3521/3521
f 3515/3515/3515 3521/3521/3521 3519/3519/3519
f 2417/2417/2417 2434/2434/2434 2314/2314/2314
f 1163/1163/1163 1330/1330/1330 1329/1329/1329
f 2941/2941/2941 2911/2911/2911 2896/2896/2896
f 2945/2945/2945 2888/2888/2888 2883/2883/2883
f 2945/2945/2945 2883/2883/2883 2934/2934/2934
f 2934/2934/2934 2883/2883/2883 2932/2932/2932
f 2314/2314/2314 2434/2434/2434 2338/2338/2338
f 1128/1128/1128 1186/1186/1186 1127/1127/1127
f 2896/2896/2896 2888/2888/2888 2967/2967/2967
f 1185/1185/1185 1184/1184/1184 1132/1132/1132
f 1191/1191/1191 1185/1185/1185 1164/1164/1164
f 1190/1190/1190 1202/1202/1202 1196/1196/1196
f 1411/1411/1411 1403/1403/1403 1402/1402/1402
f 4845/4845/4845 4846/4846/4846 4847/4847/4847
f 2957/2957/2957 2652/2652/2652 2960/2960/2960
f 2960/2960/2960 2652/2652/2652 2802/2802/2802
f 1417/1417/1417 1418/1418/1418 1406/1406/1406
f 2916/2916/2916 2785/2785/2785 2807/2807/2807
f 2916/2916/2916 2807/2807/2807 2917/2917/2917
f 2878/2878/2878 2940/2940/2940 2807/2807/2807
f 2878/2878/2878 2807/2807/2807 2817/2817/2817
f 2878/2878/2878 2817/2817/2817 2955/2955/2955
f 2955/2955/2955 2817/2817/2817 2891/2891/2891
f 2891/2891/2891 2817/2817/2817 2737/2737/2737
f 2891/2891/2891 2737/2737/2737 2890/2890/2890
f 1667/1667/1667 1662/1662/1662 1672/1672/1672
f 2698/2698/2698 2699/2699/2699 2923/2923/2923
f 2923/2923/2923 2699/2699/2699 2921/2921/2921
f 2921/2921/2921 2699/2699/2699 2785/2785/2785
f 2921/2921/2921 2785/2785/2785 2920/2920/2920
f 4829/4829/4829 4830/4830/4830 4831/4831/4831
f 2852/2852/2852 2701/2701/2701 2703/2703/2703
f 2692/2692/2692 2693/2693/2693 2685/2685/2685
f 2692/2692/2692 2685/2685/2685 2691/2691/2691
f 2714/2714/2714 2677/2677/2677 2685/2685/2685
f 2716/2716/2716 2676/2676/2676 2714/2714/2714
f 2676/2676/2676 2677/2677/2677 2714/2714/2714
f 2303/2303/2303 2311/2311/2311 2304/2304/2304
f 4832/4832/4832 4833/4833/4833 4834/4834/4834
f 4149/4149/4149 4153/4153/4153 4152/4152/4152
f 4149/4149/4149 4152/4152/4152 4147/4147/4147
f 4147/4147/4147 4152/4152/4152 4151/4151/4151
f 4029/4029/4029 3830/3830/3830 4036/4036/4036
f 4029/4029/4029 4036/4036/4036 4061/4061/4061
f 4061/4061/4061 4036/4036/4036 4035/4035/4035
f 4061/4061/4061 4035/4035/4035 4062/4062/4062
f 1379/1379/1379 1352/1352/1352 1361/1361/1361
f 1355/1355/1355 1358/1358/1358 1351/1351/1351
f 1351/1351/1351 1358/1358/1358 1352/1352/1352
f 2489/2489/2489 2432/2432/2432 2333/2333/2333
f 1119/1119/1119 1353/1353/1353 1354/1354/1354
f 2333/2333/2333 2432/2432/2432 2417/2417/2417
f 1163/1163/1163 1329/1329/1329 1328/1328/1328
f 2935/2935/2935 2936/2936/2936 2966/2966/2966
f 3518/3518/3518 3515/3515/3515 3517/3517/3517
f 3515/3515/3515 3519/3519/3519 3516/3516/3516
f 2417/2417/2417 2314/2314/2314 2332/2332/2332
f 2941/2941/2941 2896/2896/2896 2942/2942/2942
f 2942/2942/2942 2896/2896/2896 2967/2967/2967
f 2942/2942/2942 2967/2967/2967 2944/2944/2944
f 2944/2944/2944 2967/2967/2967 2888/2888/2888
f 2944/2944/2944 2888/2888/2888 2945/2945/2945
f 1171/1171/1171 1401/1401/1401 1203/1203/1203
f 1412/1412/1412 1403/1403/1403 1411/1411/1411
f 2683/2683/2683 2682/2682/2682 2819/2819/2819
f 2682/2682/2682 2719/2719/2719 2819/2819/2819
f 2313/2313/2313 2450/2450/2450 2451/2451/2451
f 3827/3827/3827 3828/3828/3828 4010/4010/4010
f 4147/4147/4147 4151/4151/4151 4150/4150/4150
f 4147/4147/4147 4150/4150/4150 4144/4144/4144
f 2451/2451/2451 2450/2450/2450 2452/2452/2452
f 4029/4029/4029 4061/4061/4061 4119/4119/4119
f 4119/4119/4119 4061/4061/4061 4062/4062/4062
f 3804/3804/3804 3801/3801/3801 3812/3812/3812
f 3937/3937/3937 3918/3918/3918 3938/3938/3938
f 3938/3938/3938 3918/3918/3918 4053/4053/4053
f 3803/3803/3803 3801/3801/3801 3804/3804/3804
f 1380/1380/1380 1377/1377/1377 1378/1378/1378
f 1119/1119/1119 1328/1328/1328 1332/1332/1332
f 2333/2333/2333 2417/2417/2417 2332/2332/2332
f 3514/3514/3514 3517/3517/3517 3515/3515/3515
f 3514/3514/3514 3515/3515/3515 3516/3516/3516
f 1164/1164/1164 1185/1185/1185 1132/1132/1132
f 2314/2314/2314 2338/2338/2338 2306/2306/2306
f 1074/1074/1074 1191/1191/1191 1164/1164/1164
f 1174/1174/1174 1202/1202/1202 1075/1075/1075
f 1402/1402/1402 1401/1401/1401 1171/1171/1171
f 1426/1426/1426 1418/1418/1418 1417/1417/1417
f 1427/1427/1427 1424/1424/1424 1425/1425/1425
f 1427/1427/1427 1588/1588/1588 1424/1424/1424
f 3772/3772/3772 3774/3774/3774 3786/3786/3786
f 4019/4019/4019 4020/4020/4020 3727/3727/3727
f 3728/3728/3728 3723/3723/3723 3772/3772/3772
f 4204/4204/4204 4205/4205/4205 4206/4206/4206
f 3948/3948/3948 3803/3803/3803 3805/3805/3805
f 3805/3805/3805 3803/3803/3803 3804/3804/3804
f 1371/1371/1371 1388/1388/1388 1390/1390/1390
f 1345/1345/1345 1380/1380/1380 1378/1378/1378
f 1356/1356/1356 1355/1355/1355 1351/1351/1351
f 1351/1351/1351 1352/1352/1352 1348/1348/1348
f 1353/1353/1353 1355/1355/1355 1354/1354/1354
f 1354/1354/1354 1355/1355/1355 1356/1356/1356
f 4636/4636/4636 4674/4674/4674 4727/4727/4727
f 2314/2314/2314 2306/2306/2306 2307/2307/2307
f 1196/1196/1196 1191/1191/1191 1074/1074/1074
f 1190/1190/1190 1196/1196/1196 1073/1073/1073
f 1075/1075/1075 1202/1202/1202 1190/1190/1190
f 1172/1172/1172 1203/1203/1203 1174/1174/1174
f 1171/1171/1171 1203/1203/1203 1172/1172/1172
f 1417/1417/1417 1406/1406/1406 1412/1412/1412
f 2302/2302/2302 2306/2306/2306 2305/2305/2305
f 2300/2300/2300 2303/2303/2303 2304/2304/2304
f 4019/4019/4019 3727/3727/3727 3856/3856/3856
f 3856/3856/3856 3727/3727/3727 3728/3728/3728
f 3339/3339/3339 3343/3343/3343 3342/3342/3342
f 1370/1370/1370 1377/1377/1377 1371/1371/1371
f 1375/1375/1375 1378/1378/1378 1377/1377/1377
f 1379/1379/1379 1380/1380/1380 1345/1345/1345
f 1348/1348/1348 1352/1352/1352 1347/1347/1347
f 1347/1347/1347 1352/1352/1352 1379/1379/1379
f 1162/1162/1162 1328/1328/1328 1119/1119/1119
f 1131/1131/1131 1132/1132/1132 1160/1160/1160
f 1131/1131/1131 1160/1160/1160 1128/1128/1128
f 1075/1075/1075 1190/1190/1190 1073/1073/1073
f 1074/1074/1074 1073/1073/1073 1196/1196/1196
f 2307/2307/2307 2306/2306/2306 2301/2301/2301
f 2301/2301/2301 2306/2306/2306 2302/2302/2302
f 2302/2302/2302 2305/2305/2305 2303/2303/2303
f 2302/2302/2302 2303/2303/2303 2300/2300/2300
f 3772/3772/3772 3786/3786/3786 3788/3788/3788
f 3786/3786/3786 3828/3828/3828 3827/3827/3827
f 4204/4204/4204 4206/4206/4206 4208/4208/4208
f 4208/4208/4208 4206/4206/4206 4209/4209/4209
f 3938/3938/3938 4053/4053/4053 4067/4067/4067
f 3148/3148/3148 3154/3154/3154 3153/3153/3153
f 4075/4075/4075 3948/3948/3948 3805/3805/3805
f 1371/1371/1371 1390/1390/1390 1372/1372/1372
f 2333/2333/2333 2332/2332/2332 2316/2316/2316
f 1127/1127/1127 1163/1163/1163 1123/1123/1123
f 1123/1123/1123 1163/1163/1163 1162/1162/1162
f 2316/2316/2316 2332/2332/2332 2314/2314/2314
f 1079/1079/1079 1132/1132/1132 1131/1131/1131
f 1412/1412/1412 1411/1411/1411 1422/1422/1422
f 1427/1427/1427 1425/1425/1425 1456/1456/1456
f 1425/1425/1425 1426/1426/1426 1456/1456/1456
f 2134/2134/2134 2208/2208/2208 2135/2135/2135
f 2300/2300/2300 2304/2304/2304 2313/2313/2313
f 3788/3788/3788 3786/3786/3786 3827/3827/3827
f 3773/3773/3773 3728/3728/3728 3772/3772/3772
f 3804/3804/3804 3812/3812/3812 3937/3937/3937
f 3804/3804/3804 3937/3937/3937 3939/3939/3939
f 3939/3939/3939 3937/3937/3937 3938/3938/3938
f 1372/1372/1372 1390/1390/1390 1744/1744/1744
f 1351/1351/1351 1348/1348/1348 1346/1346/1346
f 1357/1357/1357 1354/1354/1354 1356/1356/1356
f 2490/2490/2490 2333/2333/2333 2492/2492/2492
f 1127/1127/1127 1123/1123/1123 1124/1124/1124
f 1126/1126/1126 1128/1128/1128 1127/1127/1127
f 1126/1126/1126 1127/1127/1127 1124/1124/1124
f 1079/1079/1079 1164/1164/1164 1132/1132/1132
f 1079/1079/1079 1074/1074/1074 1164/1164/1164
f 1423/1423/1423 1417/1417/1417 1412/1412/1412
f 1422/1422/1422 1411/1411/1411 1402/1402/1402
f 1673/1673/1673 1667/1667/1667 1672/1672/1672
f 1569/1569/1569 1427/1427/1427 1568/1568/1568
f 2313/2313/2313 2483/2483/2483 2471/2471/2471
f 3883/3883/3883 3856/3856/3856 3728/3728/3728
f 1372/1372/1372 1744/1744/1744 1708/1708/1708
f 1375/1375/1375 1377/1377/1377 1370/1370/1370
f 3270/3270/3270 3279/3279/3279 3277/3277/3277
f 1379/1379/1379 1345/1345/1345 1338/1338/1338
f 3277/3277/3277 3278/3278/3278 3276/3276/3276
f 1347/1347/1347 1379/1379/1379 1338/1338/1338
f 1119/1119/1119 1354/1354/1354 1357/1357/1357
f 1174/1174/1174 1075/1075/1075 1173/1173/1173
f 1172/1172/1172 1174/1174/1174 1173/1173/1173
f 1568/1568/1568 1427/1427/1427 1465/1465/1465
f 1465/1465/1465 1427/1427/1427 1456/1456/1456
f 3883/3883/3883 3728/3728/3728 3773/3773/3773
f 3788/3788/3788 3827/3827/3827 3833/3833/3833
f 4217/4217/4217 4204/4204/4204 4208/4208/4208
f 3339/3339/3339 3342/3342/3342 3340/3340/3340
f 3806/3806/3806 3804/3804/3804 3939/3939/3939
f 1346/1346/1346 1348/1348/1348 1347/1347/1347
f 1349/1349/1349 1356/1356/1356 1351/1351/1351
f 1349/1349/1349 1351/1351/1351 1346/1346/1346
f 1118/1118/1118 1162/1162/1162 1119/1119/1119
f 2494/2494/2494 2490/2490/2490 2492/2492/2492
f 1078/1078/1078 1074/1074/1074 1079/1079/1079
f 1072/1072/1072 1075/1075/1075 1073/1073/1073
f 3787/3787/3787 3772/3772/3772 3788/3788/3788
f 235/235/235 578/578/578 229/229/229
f 1378/1378/1378 1375/1375/1375 1376/1376/1376
f 1119/1119/1119 1357/1357/1357 1117/1117/1117
f 1122/1122/1122 1124/1124/1124 1123/1123/1123
f 1084/1084/1084 1131/1131/1131 1128/1128/1128
f 1423/1423/1423 1412/1412/1412 1422/1422/1422
f 1568/1568/1568 1567/1567/1567 1569/1569/1569
f 2312/2312/2312 2300/2300/2300 2313/2313/2313
f 2312/2312/2312 2313/2313/2313 2471/2471/2471
f 3797/3797/3797 3773/3773/3773 3772/3772/3772
f 3797/3797/3797 3772/3772/3772 3787/3787/3787
f 4217/4217/4217 4208/4208/4208 4210/4210/4210
f 4210/4210/4210 4208/4208/4208 4209/4209/4209
f 3939/3939/3939 3938/3938/3938 3940/3940/3940
f 3940/3940/3940 3938/3938/3938 4067/4067/4067
f 3805/3805/3805 3804/3804/3804 3806/3806/3806
f 1370/1370/1370 1371/1371/1371 1372/1372/1372
f 1345/1345/1345 1378/1378/1378 1376/1376/1376
f 1338/1338/1338 1345/1345/1345 1339/1339/1339
f 1118/1118/1118 1119/1119/1119 1117/1117/1117
f 2316/2316/2316 2314/2314/2314 2315/2315/2315
f 2315/2315/2315 2314/2314/2314 2307/2307/2307
f 1084/1084/1084 1128/1128/1128 1126/1126/1126
f 1081/1081/1081 1079/1079/1079 1131/1131/1131
f 1161/1161/1161 1173/1173/1173 1075/1075/1075
f 1161/1161/1161 1075/1075/1075 1072/1072/1072
f 1161/1161/1161 1172/1172/1172 1173/1173/1173
f 1426/1426/1426 1417/1417/1417 1450/1450/1450
f 1450/1450/1450 1417/1417/1417 1423/1423/1423
f 1674/1674/1674 1673/1673/1673 1672/1672/1672
f 821/821/821 727/727/727 799/799/799
f 215/215/215 562/562/562 210/210/210
f 3806/3806/3806 3939/3939/3939 3941/3941/3941
f 3941/3941/3941 3939/3939/3939 3940/3940/3940
f 1343/1343/1343 1345/1345/1345 1376/1376/1376
f 1334/1334/1334 1346/1346/1346 1347/1347/1347
f 1125/1125/1125 1126/1126/1126 1124/1124/1124
f 2315/2315/2315 2307/2307/2307 2308/2308/2308
f 1080/1080/1080 1079/1079/1079 1081/1081/1081
f 1072/1072/1072 1073/1073/1073 1070/1070/1070
f 1170/1170/1170 1172/1172/1172 1161/1161/1161
f 1171/1171/1171 1172/1172/1172 1170/1170/1170
f 1422/1422/1422 1402/1402/1402 1429/1429/1429
f 1456/1456/1456 1426/1426/1426 1452/1452/1452
f 1452/1452/1452 1426/1426/1426 1450/1450/1450
f 1464/1464/1464 1465/1465/1465 1456/1456/1456
f 3883/3883/3883 3773/3773/3773 3837/3837/3837
f 3837/3837/3837 3773/3773/3773 3797/3797/3797
f 3787/3787/3787 3788/3788/3788 3833/3833/3833
f 726/726/726 724/724/724 688/688/688
f 3808/3808/3808 3806/3806/3806 3941/3941/3941
f 4075/4075/4075 3805/3805/3805 4041/4041/4041
f 3805/3805/3805 3806/3806/3806 3808/3808/3808
f 1368/1368/1368 1375/1375/1375 1370/1370/1370
f 1339/1339/1339 1345/1345/1345 1343/1343/1343
f 1349/1349/1349 1346/1346/1346 1334/1334/1334
f 1357/1357/1357 1356/1356/1356 1349/1349/1349
f 1116/1116/1116 1118/1118/1118 1117/1117/1117
f 2493/2493/2493 2494/2494/2494 2492/2492/2492
f 2493/2493/2493 2492/2492/2492 2316/2316/2316
f 1123/1123/1123 1162/1162/1162 1120/1120/1120
f 1120/1120/1120 1162/1162/1162 1118/1118/1118
f 1081/1081/1081 1131/1131/1131 1084/1084/1084
f 1080/1080/1080 1078/1078/1078 1079/1079/1079
f 1070/1070/1070 1073/1073/1073 1074/1074/1074
f 1070/1070/1070 1074/1074/1074 1078/1078/1078
f 1674/1674/1674 1672/1672/1672 1566/1566/1566
f 1566/1566/1566 1672/1672/1672 1567/1567/1567
f 2301/2301/2301 2302/2302/2302 2300/2300/2300
f 2312/2312/2312 2471/2471/2471 2454/2454/2454
f 4085/4085/4085 3883/3883/3883 3837/3837/3837
f 460/460/460 462/462/462 464/464/464
f 1368/1368/1368 1370/1370/1370 1372/1372/1372
f 1334/1334/1334 1347/1347/1347 1338/1338/1338
f 1125/1125/1125 1124/1124/1124 1122/1122/1122
f 1429/1429/1429 1402/1402/1402 1171/1171/1171
f 4210/4210/4210 4209/4209/4209 4211/4211/4211
f 227/227/227 224/224/224 429/429/429
f 1376/1376/1376 1375/1375/1375 1368/1368/1368
f 1204/1204/1204 1117/1117/1117 1357/1357/1357
f 1204/1204/1204 1357/1357/1357 1349/1349/1349
f 2493/2493/2493 2316/2316/2316 2477/2477/2477
f 1122/1122/1122 1123/1123/1123 1120/1120/1120
f 1120/1120/1120 1118/1118/1118 1116/1116/1116
f 1084/1084/1084 1126/1126/1126 1125/1125/1125
f 1135/1135/1135 1161/1161/1161 1072/1072/1072
f 1449/1449/1449 1450/1450/1450 1423/1423/1423
f 1568/1568/1568 1465/1465/1465 1565/1565/1565
f 1565/1565/1565 1465/1465/1465 1464/1464/1464
f 1457/1457/1457 1456/1456/1456 1452/1452/1452
f 1566/1566/1566 1567/1567/1567 1568/1568/1568
f 3833/3833/3833 4018/4018/4018 3903/3903/3903
f 4214/4214/4214 4210/4210/4210 4211/4211/4211
f 4357/4357/4357 4356/4356/4356 4386/4386/4386
f 1204/1204/1204 1349/1349/1349 1334/1334/1334
f 1115/1115/1115 1117/1117/1117 1204/1204/1204
f 2477/2477/2477 2316/2316/2316 2315/2315/2315
f 2308/2308/2308 2307/2307/2307 2301/2301/2301
f 1062/1062/1062 1171/1171/1171 1170/1170/1170
f 1428/1428/1428 1423/1423/1423 1422/1422/1422
f 1464/1464/1464 1456/1456/1456 1457/1457/1457
f 1661/1661/1661 1674/1674/1674 1566/1566/1566
f 3797/3797/3797 3787/3787/3787 3799/3799/3799
f 3787/3787/3787 3833/3833/3833 3799/3799/3799
f 3344/3344/3344 3339/3339/3339 3338/3338/3338
f 3338/3338/3338 3339/3339/3339 3340/3340/3340
f 1334/1334/1334 1338/1338/1338 1336/1336/1336
f 4598/4598/4598 4599/4599/4599 4597/4597/4597
f 1121/1121/1121 1122/1122/1122 1120/1120/1120
f 1081/1081/1081 1084/1084/1084 1083/1083/1083
f 1429/1429/1429 1171/1171/1171 1062/1062/1062
f 1062/1062/1062 1170/1170/1170 1058/1058/1058
f 2300/2300/2300 2312/2312/2312 2294/2294/2294
f 3805/3805/3805 3808/3808/3808 3809/3809/3809
f 1338/1338/1338 1339/1339/1339 1336/1336/1336
f 1335/1335/1335 1334/1334/1334 1336/1336/1336
f 1085/1085/1085 1084/1084/1084 1125/1125/1125
f 1071/1071/1071 1135/1135/1135 1072/1072/1072
f 1071/1071/1071 1072/1072/1072 1070/1070/1070
f 1170/1170/1170 1161/1161/1161 1135/1135/1135
f 1453/1453/1453 1457/1457/1457 1452/1452/1452
f 1661/1661/1661 1566/1566/1566 1658/1658/1658
f 1564/1564/1564 1568/1568/1568 1565/1565/1565
f 3942/3942/3942 3941/3941/3941 3940/3940/3940
f 3942/3942/3942 3940/3940/3940 3943/3943/3943
f 3943/3943/3943 3940/3940/3940 4067/4067/4067
f 4040/4040/4040 4075/4075/4075 4041/4041/4041
f 4218/4218/4218 4219/4219/4219 4220/4220/4220
f 1373/1373/1373 1372/1372/1372 1708/1708/1708
f 1364/1364/1364 1376/1376/1376 1368/1368/1368
f 1111/1111/1111 1116/1116/1116 1115/1115/1115
f 1115/1115/1115 1116/1116/1116 1117/1117/1117
f 1125/1125/1125 1122/1122/1122 1121/1121/1121
f 1451/1451/1451 1450/1450/1450 1449/1449/1449
f 2301/2301/2301 2291/2291/2291 2289/2289/2289
f 1452/1452/1452 1450/1450/1450 1451/1451/1451
f 4520/4520/4520 4524/4524/4524 4523/4523/4523
f 2291/2291/2291 2301/2301/2301 2300/2300/2300
f 2291/2291/2291 2300/2300/2300 2292/2292/2292
f 2292/2292/2292 2300/2300/2300 2294/2294/2294
f 2294/2294/2294 2312/2312/2312 2454/2454/2454
f 3837/3837/3837 3797/3797/3797 3835/3835/3835
f 3799/3799/3799 3833/3833/3833 3839/3839/3839
f 3839/3839/3839 3833/3833/3833 3903/3903/3903
f 737/737/737 725/725/725 738/738/738
f 3810/3810/3810 3805/3805/3805 3809/3809/3809
f 3270/3270/3270 3277/3277/3277 3271/3271/3271
f 3271/3271/3271 3277/3277/3277 3276/3276/3276
f 1336/1336/1336 1339/1339/1339 1340/1340/1340
f 1085/1085/1085 1125/1125/1125 1090/1090/1090
f 1090/1090/1090 1125/1125/1125 1121/1121/1121
f 1565/1565/1565 1464/1464/1464 1457/1457/1457
f 1566/1566/1566 1568/1568/1568 1564/1564/1564
f 3798/3798/3798 3797/3797/3797 3799/3799/3799
f 3338/3338/3338 3340/3340/3340 3341/3341/3341
f 1340/1340/1340 1339/1339/1339 1343/1343/1343
f 4380/4380/4380 4386/4386/4386 4577/4577/4577
f 1110/1110/1110 1120/1120/1120 1116/1116/1116
f 1082/1082/1082 1080/1080/1080 1081/1081/1081
f 1071/1071/1071 1070/1070/1070 1068/1068/1068
f 1428/1428/1428 1422/1422/1422 1430/1430/1430
f 1452/1452/1452 1451/1451/1451 1453/1453/1453
f 1564/1564/1564 1565/1565/1565 1562/1562/1562
f 3835/3835/3835 3797/3797/3797 3798/3798/3798
f 4214/4214/4214 4211/4211/4211 4215/4215/4215
f 1369/1369/1369 1368/1368/1368 1372/1372/1372
f 1364/1364/1364 1368/1368/1368 1366/1366/1366
f 1366/1366/1366 1368/1368/1368 1369/1369/1369
f 1110/1110/1110 1116/1116/1116 1111/1111/1111
f 2477/2477/2477 2315/2315/2315 2290/2290/2290
f 2315/2315/2315 2308/2308/2308 2290/2290/2290
f 2290/2290/2290 2308/2308/2308 2301/2301/2301
f 1068/1068/1068 1070/1070/1070 1069/1069/1069
f 1069/1069/1069 1070/1070/1070 1078/1078/1078
f 2290/2290/2290 2301/2301/2301 2289/2289/2289
f 1430/1430/1430 1422/1422/1422 1429/1429/1429
f 1458/1458/1458 1565/1565/1565 1457/1457/1457
f 1658/1658/1658 1566/1566/1566 1570/1570/1570
f 1333/1333/1333 1334/1334/1334 1335/1335/1335
f 2460/2460/2460 2477/2477/2477 2290/2290/2290
f 1121/1121/1121 1120/1120/1120 1108/1108/1108
f 1108/1108/1108 1120/1120/1120 1110/1110/1110
f 1090/1090/1090 1121/1121/1121 1108/1108/1108
f 1083/1083/1083 1084/1084/1084 1085/1085/1085
f 1059/1059/1059 1170/1170/1170 1135/1135/1135
f 1430/1430/1430 1429/1429/1429 1060/1060/1060
f 3810/3810/3810 3809/3809/3809 3811/3811/3811
f 1369/1369/1369 1372/1372/1372 1373/1373/1373
f 1343/1343/1343 1376/1376/1376 1364/1364/1364
f 1562/1562/1562 1565/1565/1565 1458/1458/1458
f 1457/1457/1457 1453/1453/1453 1458/1458/1458
f 1458/1458/1458 1453/1453/1453 1454/1454/1454
f 4085/4085/4085 3837/3837/3837 3835/3835/3835
f 163/163/163 170/170/170 162/162/162
f 1083/1083/1083 1082/1082/1082 1081/1081/1081
f 1076/1076/1076 1078/1078/1078 1080/1080/1080
f 1071/1071/1071 1068/1068/1068 1066/1066/1066
f 1060/1060/1060 1429/1429/1429 1062/1062/1062
f 1454/1454/1454 1453/1453/1453 1451/1451/1451
f 1570/1570/1570 1566/1566/1566 1564/1564/1564
f 2294/2294/2294 2454/2454/2454 2295/2295/2295
f 4124/4124/4124 4085/4085/4085 3835/3835/3835
f 3839/3839/3839 3903/3903/3903 3919/3919/3919
f 4216/4216/4216 4214/4214/4214 4215/4215/4215
f 1373/1373/1373 1708/1708/1708 1709/1709/1709
f 1321/1321/1321 1333/1333/1333 1335/1335/1335
f 1115/1115/1115 1204/1204/1204 1114/1114/1114
f 1083/1083/1083 1085/1085/1085 1086/1086/1086
f 2286/2286/2286 2290/2290/2290 2289/2289/2289
f 1080/1080/1080 1082/1082/1082 1076/1076/1076
f 1069/1069/1069 1078/1078/1078 1076/1076/1076
f 1059/1059/1059 1135/1135/1135 1066/1066/1066
f 2287/2287/2287 2289/2289/2289 2291/2291/2291
f 1558/1558/1558 1564/1564/1564 1562/1562/1562
f 1660/1660/1660 1658/1658/1658 1659/1659/1659
f 1659/1659/1659 1658/1658/1658 1570/1570/1570
f 2291/2291/2291 2292/2292/2292 2287/2287/2287
f 2287/2287/2287 2292/2292/2292 2288/2288/2288
f 2288/2288/2288 2292/2292/2292 2293/2293/2293
f 2293/2293/2293 2292/2292/2292 2294/2294/2294
f 151/151/151 152/152/152 150/150/150
f 3270/3270/3270 3271/3271/3271 3272/3272/3272
f 1340/1340/1340 1343/1343/1343 1341/1341/1341
f 1341/1341/1341 1343/1343/1343 1344/1344/1344
f 1344/1344/1344 1343/1343/1343 1364/1364/1364
f 1111/1111/1111 1115/1115/1115 1114/1114/1114
f 1110/1110/1110 1111/1111/1111 1109/1109/1109
f 1087/1087/1087 1083/1083/1083 1086/1086/1086
f 1076/1076/1076 1082/1082/1082 1077/1077/1077
f 1077/1077/1077 1082/1082/1082 1083/1083/1083
f 1066/1066/1066 1135/1135/1135 1071/1071/1071
f 1442/1442/1442 1451/1451/1451 1449/1449/1449
f 1442/1442/1442 1449/1449/1449 1428/1428/1428
f 4040/4040/4040 4041/4041/4041 3810/3810/3810
f 1113/1113/1113 1111/1111/1111 1114/1114/1114
f 1109/1109/1109 1111/1111/1111 1112/1112/1112
f 2460/2460/2460 2290/2290/2290 2286/2286/2286
f 1109/1109/1109 1108/1108/1108 1110/1110/1110
f 1086/1086/1086 1085/1085/1085 1090/1090/1090
f 2285/2285/2285 2289/2289/2289 2287/2287/2287
f 1454/1454/1454 1451/1451/1451 1442/1442/1442
f 1458/1458/1458 1454/1454/1454 1455/1455/1455
f 2293/2293/2293 2294/2294/2294 2295/2295/2295
f 3944/3944/3944 3942/3942/3942 3943/3943/3943
f 3145/3145/3145 3146/3146/3146 3144/3144/3144
f 1365/1365/1365 1364/1364/1364 1366/1366/1366
f 1336/1336/1336 1340/1340/1340 1337/1337/1337
f 2286/2286/2286 2289/2289/2289 2285/2285/2285
f 1455/1455/1455 1562/1562/1562 1458/1458/1458
f 1563/1563/1563 1562/1562/1562 1455/1455/1455
f 1659/1659/1659 1570/1570/1570 1597/1597/1597
f 4124/4124/4124 3835/3835/3835 4076/4076/4076
f 3832/3832/3832 3798/3798/3798 3799/3799/3799
f 3799/3799/3799 3839/3839/3839 3838/3838/3838
f 3944/3944/3944 3943/3943/3943 3945/3945/3945
f 1366/1366/1366 1369/1369/1369 1365/1365/1365
f 1112/1112/1112 1111/1111/1111 1113/1113/1113
f 2428/2428/2428 2460/2460/2460 2286/2286/2286
f 1092/1092/1092 1090/1090/1090 1108/1108/1108
f 1431/1431/1431 1428/1428/1428 1430/1430/1430
f 1179/1179/1179 1430/1430/1430 1060/1060/1060
f 1454/1454/1454 1442/1442/1442 1447/1447/1447
f 1558/1558/1558 1562/1562/1562 1563/1563/1563
f 2297/2297/2297 2293/2293/2293 2295/2295/2295
f 4076/4076/4076 3835/3835/3835 3834/3834/3834
f 3834/3834/3834 3835/3835/3835 3798/3798/3798
f 3834/3834/3834 3798/3798/3798 3832/3832/3832
f 3838/3838/3838 3839/3839/3839 3919/3919/3919
f 3811/3811/3811 3809/3809/3809 3820/3820/3820
f 1365/1365/1365 1369/1369/1369 1374/1374/1374
f 1341/1341/1341 1344/1344/1344 1350/1350/1350
f 1335/1335/1335 1336/1336/1336 1337/1337/1337
f 1207/1207/1207 1204/1204/1204 1333/1333/1333
f 1091/1091/1091 1090/1090/1090 1092/1092/1092
f 1077/1077/1077 1083/1083/1083 1087/1087/1087
f 1059/1059/1059 1066/1066/1066 1134/1134/1134
f 1060/1060/1060 1062/1062/1062 1058/1058/1058
f 1441/1441/1441 1442/1442/1442 1428/1428/1428
f 2261/2261/2261 2288/2288/2288 2293/2293/2293
f 3832/3832/3832 3799/3799/3799 3838/3838/3838
f 3344/3344/3344 3338/3338/3338 3345/3345/3345
f 1337/1337/1337 1340/1340/1340 1341/1341/1341
f 1114/1114/1114 1204/1204/1204 1205/1205/1205
f 2428/2428/2428 2286/2286/2286 2296/2296/2296
f 1107/1107/1107 1108/1108/1108 1109/1109/1109
f 1060/1060/1060 1058/1058/1058 1055/1055/1055
f 1056/1056/1056 1058/1058/1058 1059/1059/1059
f 1660/1660/1660 1659/1659/1659 1597/1597/1597
f 2261/2261/2261 2293/2293/2293 2297/2297/2297
f 2295/2295/2295 2470/2470/2470 2297/2297/2297
f 2297/2297/2297 2470/2470/2470 2445/2445/2445
f 3813/3813/3813 3810/3810/3810 3811/3811/3811
f 3813/3813/3813 3811/3811/3811 3820/3820/3820
f 1350/1350/1350 1344/1344/1344 1365/1365/1365
f 1335/1335/1335 1337/1337/1337 1320/1320/1320
f 1205/1205/1205 1204/1204/1204 1207/1207/1207
f 1207/1207/1207 1333/1333/1333 1321/1321/1321
f 1092/1092/1092 1108/1108/1108 1107/1107/1107
f 2277/2277/2277 2286/2286/2286 2285/2285/2285
f 2277/2277/2277 2285/2285/2285 2276/2276/2276
f 1067/1067/1067 1068/1068/1068 1069/1069/1069
f 1431/1431/1431 1430/1430/1430 1179/1179/1179
f 1441/1441/1441 1428/1428/1428 1448/1448/1448
f 1447/1447/1447 1442/1442/1442 1440/1440/1440
f 1570/1570/1570 1564/1564/1564 1559/1559/1559
f 2285/2285/2285 2287/2287/2287 2264/2264/2264
f 2264/2264/2264 2287/2287/2287 2262/2262/2262
f 2287/2287/2287 2288/2288/2288 2262/2262/2262
f 2262/2262/2262 2288/2288/2288 2261/2261/2261
f 2274/2274/2274 2297/2297/2297 2445/2445/2445
f 3836/3836/3836 3834/3834/3834 3832/3832/3832
f 3838/3838/3838 3919/3919/3919 3842/3842/3842
f 241/241/241 242/242/242 427/427/427
f 3944/3944/3944 3945/3945/3945 4011/4011/4011
f 3820/3820/3820 3944/3944/3944 4011/4011/4011
f 4040/4040/4040 3810/3810/3810 3814/3814/3814
f 3814/3814/3814 3810/3810/3810 3813/3813/3813
f 3263/3263/3263 3275/3275/3275 3284/3284/3284
f 1113/1113/1113 1114/1114/1114 1205/1205/1205
f 2296/2296/2296 2286/2286/2286 2277/2277/2277
f 1069/1069/1069 1076/1076/1076 1000/1000/1000
f 1066/1066/1066 1068/1068/1068 1067/1067/1067
f 1455/1455/1455 1454/1454/1454 1446/1446/1446
f 1454/1454/1454 1447/1447/1447 1446/1446/1446
f 1634/1634/1634 1660/1660/1660 1597/1597/1597
f 1597/1597/1597 1570/1570/1570 1559/1559/1559
f 1559/1559/1559 1564/1564/1564 1558/1558/1558
f 3074/3074/3074 3076/3076/3076 3208/3208/3208
f 2261/2261/2261 2297/2297/2297 2274/2274/2274
f 3878/3878/3878 3834/3834/3834 3836/3836/3836
f 3832/3832/3832 3838/3838/3838 3841/3841/3841
f 680/680/680 681/681/681 260/260/260
f 680/680/680 260/260/260 679/679/679
f 416/416/416 417/417/417 418/418/418
f 2159/2159/2159 2046/2046/2046 2195/2195/2195
f 3821/3821/3821 3820/3820/3820 4011/4011/4011
f 3813/3813/3813 3820/3820/3820 3821/3821/3821
f 1367/1367/1367 1365/1365/1365 1374/1374/1374
f 1321/1321/1321 1335/1335/1335 1320/1320/1320
f 1206/1206/1206 1113/1113/1113 1205/1205/1205
f 1089/1089/1089 1090/1090/1090 1091/1091/1091
f 1087/1087/1087 1086/1086/1086 1088/1088/1088
f 1086/1086/1086 1090/1090/1090 1089/1089/1089
f 1055/1055/1055 1058/1058/1058 1056/1056/1056
f 1561/1561/1561 1563/1563/1563 1455/1455/1455
f 2276/2276/2276 2285/2285/2285 2264/2264/2264
f 3841/3841/3841 3838/3838/3838 3842/3842/3842
f 4159/4159/4159 4158/4158/4158 4161/4161/4161
f 4162/4162/4162 4159/4159/4159 4161/4161/4161
f 4059/4059/4059 4040/4040/4040 3814/3814/3814
f 1373/1373/1373 1709/1709/1709 1707/1707/1707
f 3269/3269/3269 3272/3272/3272 3271/3271/3271
f 1342/1342/1342 1341/1341/1341 1350/1350/1350
f 1129/1129/1129 1077/1077/1077 1087/1087/1087
f 1067/1067/1067 1069/1069/1069 1000/1000/1000
f 1000/1000/1000 1076/1076/1076 1077/1077/1077
f 1056/1056/1056 1059/1059/1059 1134/1134/1134
f 1446/1446/1446 1447/1447/1447 1443/1443/1443
f 2272/2272/2272 2274/2274/2274 2445/2445/2445
f 2272/2272/2272 2445/2445/2445 2439/2439/2439
f 3955/3955/3955 3834/3834/3834 3878/3878/3878
f 3845/3845/3845 3832/3832/3832 3844/3844/3844
f 3844/3844/3844 3832/3832/3832 3841/3841/3841
f 249/249/249 261/261/261 238/238/238
f 3814/3814/3814 3813/3813/3813 3815/3815/3815
f 3815/3815/3815 3813/3813/3813 3821/3821/3821
f 1303/1303/1303 1350/1350/1350 1365/1365/1365
f 3269/3269/3269 3271/3271/3271 3263/3263/3263
f 1337/1337/1337 1341/1341/1341 1342/1342/1342
f 1207/1207/1207 1321/1321/1321 1320/1320/1320
f 2428/2428/2428 2296/2296/2296 2283/2283/2283
f 2461/2461/2461 2428/2428/2428 2283/2283/2283
f 1107/1107/1107 1109/1109/1109 1093/1093/1093
f 1109/1109/1109 1112/1112/1112 1100/1100/1100
f 2283/2283/2283 2296/2296/2296 2277/2277/2277
f 1088/1088/1088 1086/1086/1086 1089/1089/1089
f 1130/1130/1130 1087/1087/1087 1088/1088/1088
f 1443/1443/1443 1447/1447/1447 1440/1440/1440
f 1558/1558/1558 1563/1563/1563 1561/1561/1561
f 1561/1561/1561 1455/1455/1455 1459/1459/1459
f 1295/1295/1295 1374/1374/1374 1373/1373/1373
f 1226/1226/1226 1205/1205/1205 1207/1207/1207
f 1112/1112/1112 1113/1113/1113 1206/1206/1206
f 1092/1092/1092 1107/1107/1107 1093/1093/1093
f 2277/2277/2277 2276/2276/2276 2275/2275/2275
f 2275/2275/2275 2276/2276/2276 2264/2264/2264
f 1633/1633/1633 1634/1634/1634 1597/1597/1597
f 2264/2264/2264 2262/2262/2262 2263/2263/2263
f 3836/3836/3836 3832/3832/3832 3845/3845/3845
f 1295/1295/1295 1373/1373/1373 1707/1707/1707
f 1342/1342/1342 1350/1350/1350 1302/1302/1302
f 1350/1350/1350 1303/1303/1303 1302/1302/1302
f 1226/1226/1226 1207/1207/1207 1320/1320/1320
f 1129/1129/1129 1087/1087/1087 1130/1130/1130
f 1441/1441/1441 1448/1448/1448 1432/1432/1432
f 1432/1432/1432 1448/1448/1448 1431/1431/1431
f 1558/1558/1558 1561/1561/1561 1557/1557/1557
f 2275/2275/2275 2264/2264/2264 2265/2265/2265
f 1633/1633/1633 1597/1597/1597 1559/1559/1559
f 2263/2263/2263 2262/2262/2262 2260/2260/2260
f 2261/2261/2261 2274/2274/2274 2272/2272/2272
f 3815/3815/3815 3821/3821/3821 3826/3826/3826
f 1303/1303/1303 1365/1365/1365 1367/1367/1367
f 1320/1320/1320 1337/1337/1337 1301/1301/1301
f 1208/1208/1208 1112/1112/1112 1206/1206/1206
f 1093/1093/1093 1109/1109/1109 1100/1100/1100
f 1091/1091/1091 1092/1092/1092 1093/1093/1093
f 999/999/999 1077/1077/1077 1129/1129/1129
f 1000/1000/1000 1077/1077/1077 999/999/999
f 1064/1064/1064 1066/1066/1066 1067/1067/1067
f 1060/1060/1060 1055/1055/1055 1061/1061/1061
f 1459/1459/1459 1455/1455/1455 1446/1446/1446
f 2265/2265/2265 2264/2264/2264 2263/2263/2263
f 2260/2260/2260 2262/2262/2262 2261/2261/2261
f 3843/3843/3843 3844/3844/3844 3841/3841/3841
f 3843/3843/3843 3841/3841/3841 3842/3842/3842
f 1067/1067/1067 1000/1000/1000 998/998/998
f 1440/1440/1440 1441/1441/1441 1432/1432/1432
f 2260/2260/2260 2261/2261/2261 2259/2259/2259
f 2259/2259/2259 2261/2261/2261 2272/2272/2272
f 415/415/415 416/416/416 423/423/423
f 1303/1303/1303 1367/1367/1367 1296/1296/1296
f 4447/4447/4447 4449/4449/4449 4444/4444/4444
f 1214/1214/1214 1206/1206/1206 1205/1205/1205
f 4450/4450/4450 4536/4536/4536 4531/4531/4531
f 2418/2418/2418 2461/2461/2461 2283/2283/2283
f 1063/1063/1063 1134/1134/1134 1064/1064/1064
f 1179/1179/1179 1060/1060/1060 1061/1061/1061
f 1439/1439/1439 1440/1440/1440 1432/1432/1432
f 1559/1559/1559 1558/1558/1558 1556/1556/1556
f 3074/3074/3074 3208/3208/3208 3209/3209/3209
f 3072/3072/3072 3074/3074/3074 3209/3209/3209
f 1631/1631/1631 1634/1634/1634 1633/1633/1633
f 1633/1633/1633 1559/1559/1559 1629/1629/1629
f 3878/3878/3878 3836/3836/3836 3845/3845/3845
f 3845/3845/3845 3844/3844/3844 3843/3843/3843
f 3816/3816/3816 3814/3814/3814 3815/3815/3815
f 3269/3269/3269 3263/3263/3263 3261/3261/3261
f 1246/1246/1246 1205/1205/1205 1226/1226/1226
f 1246/1246/1246 1226/1226/1226 1247/1247/1247
f 1226/1226/1226 1320/1320/1320 1247/1247/1247
f 1100/1100/1100 1112/1112/1112 1208/1208/1208
f 1061/1061/1061 1055/1055/1055 1057/1057/1057
f 1178/1178/1178 1431/1431/1431 1179/1179/1179
f 1443/1443/1443 1440/1440/1440 1439/1439/1439
f 1629/1629/1629 1559/1559/1559 1556/1556/1556
f 3816/3816/3816 3815/3815/3815 3817/3817/3817
f 3817/3817/3817 3815/3815/3815 3826/3826/3826
f 1296/1296/1296 1367/1367/1367 1312/1312/1312
f 1301/1301/1301 1337/1337/1337 1342/1342/1342
f 1105/1105/1105 1088/1088/1088 1089/1089/1089
f 1130/1130/1130 1088/1088/1088 1105/1105/1105
f 1064/1064/1064 1067/1067/1067 998/998/998
f 1444/1444/1444 1446/1446/1446 1443/1443/1443
f 1557/1557/1557 1556/1556/1556 1558/1558/1558
f 3955/3955/3955 3878/3878/3878 3935/3935/3935
f 146/146/146 148/148/148 149/149/149
f 1214/1214/1214 1205/1205/1205 1215/1215/1215
f 1101/1101/1101 1091/1091/1091 1094/1094/1094
f 1094/1094/1094 1091/1091/1091 1093/1093/1093
f 2283/2283/2283 2277/2277/2277 2281/2281/2281
f 2277/2277/2277 2275/2275/2275 2281/2281/2281
f 998/998/998 1000/1000/1000 999/999/999
f 1055/1055/1055 1056/1056/1056 1057/1057/1057
f 1057/1057/1057 1056/1056/1056 1053/1053/1053
f 1053/1053/1053 1056/1056/1056 1063/1063/1063
f 2278/2278/2278 2275/2275/2275 2265/2265/2265
f 1444/1444/1444 1443/1443/1443 1438/1438/1438
f 1460/1460/1460 1561/1561/1561 1459/1459/1459
f 2255/2255/2255 2263/2263/2263 2260/2260/2260
f 2259/2259/2259 2272/2272/2272 2273/2273/2273
f 2273/2273/2273 2272/2272/2272 2439/2439/2439
f 3855/3855/3855 3878/3878/3878 3845/3845/3845
f 3843/3843/3843 3842/3842/3842 4027/4027/4027
f 4227/4227/4227 4228/4228/4228 4229/4229/4229
f 4181/4181/4181 4182/4182/4182 4183/4183/4183
f 134/134/134 164/164/164 133/133/133
f 4059/4059/4059 3814/3814/3814 3831/3831/3831
f 3831/3831/3831 3814/3814/3814 3816/3816/3816
f 1367/1367/1367 1374/1374/1374 1312/1312/1312
f 1312/1312/1312 1374/1374/1374 1292/1292/1292
f 1295/1295/1295 1707/1707/1707 1725/1725/1725
f 1247/1247/1247 1320/1320/1320 1301/1301/1301
f 2418/2418/2418 2283/2283/2283 2284/2284/2284
f 2284/2284/2284 2283/2283/2283 2281/2281/2281
f 1089/1089/1089 1091/1091/1091 1101/1101/1101
f 1129/1129/1129 1130/1130/1130 993/993/993
f 2281/2281/2281 2275/2275/2275 2278/2278/2278
f 1063/1063/1063 1064/1064/1064 1065/1065/1065
f 1432/1432/1432 1431/1431/1431 1178/1178/1178
f 1438/1438/1438 1443/1443/1443 1439/1439/1439
f 2218/2218/2218 2220/2220/2220 2183/2183/2183
f 3935/3935/3935 3878/3878/3878 3855/3855/3855
f 3847/3847/3847 3845/3845/3845 3843/3843/3843
f 3261/3261/3261 3263/3263/3263 3262/3262/3262
f 1205/1205/1205 1246/1246/1246 1233/1233/1233
f 1209/1209/1209 1208/1208/1208 1206/1206/1206
f 1209/1209/1209 1206/1206/1206 1214/1214/1214
f 999/999/999 1129/1129/1129 993/993/993
f 1130/1130/1130 1105/1105/1105 994/994/994
f 1460/1460/1460 1459/1459/1459 1444/1444/1444
f 1444/1444/1444 1459/1459/1459 1446/1446/1446
f 2266/2266/2266 2278/2278/2278 2265/2265/2265
f 2266/2266/2266 2265/2265/2265 2263/2263/2263
f 2263/2263/2263 2255/2255/2255 2266/2266/2266
f 4120/4120/4120 3955/3955/3955 4069/4069/4069
f 4069/4069/4069 3955/3955/3955 3935/3935/3935
f 2211/2211/2211 2172/2172/2172 2171/2171/2171
f 4784/4784/4784 4659/4659/4659 4445/4445/4445
f 4450/4450/4450 4530/4530/4530 4453/4453/4453
f 1433/1433/1433 1432/1432/1432 1178/1178/1178
f 1557/1557/1557 1561/1561/1561 1560/1560/1560
f 1560/1560/1560 1561/1561/1561 1460/1460/1460
f 2124/2124/2124 2183/2183/2183 2055/2055/2055
f 3855/3855/3855 3845/3845/3845 3846/3846/3846
f 1292/1292/1292 1374/1374/1374 1295/1295/1295
f 1298/1298/1298 1302/1302/1302 1303/1303/1303
f 1215/1215/1215 1205/1205/1205 1233/1233/1233
f 1099/1099/1099 1093/1093/1093 1100/1100/1100
f 1100/1100/1100 1208/1208/1208 1209/1209/1209
f 1094/1094/1094 1093/1093/1093 1095/1095/1095
f 998/998/998 999/999/999 995/995/995
f 995/995/995 999/999/999 993/993/993
f 1065/1065/1065 1064/1064/1064 998/998/998
f 1436/1436/1436 1439/1439/1439 1432/1432/1432
f 1436/1436/1436 1432/1432/1432 1433/1433/1433
f 1631/1631/1631 1633/1633/1633 1629/1629/1629
f 2255/2255/2255 2259/2259/2259 2256/2256/2256
f 2256/2256/2256 2259/2259/2259 2321/2321/2321
f 3866/3866/3866 3847/3847/3847 3843/3843/3843
f 3866/3866/3866 3843/3843/3843 4027/4027/4027
f 1233/1233/1233 1246/1246/1246 1232/1232/1232
f 1214/1214/1214 1215/1215/1215 1233/1233/1233
f 1099/1099/1099 1100/1100/1100 1209/1209/1209
f 2284/2284/2284 2281/2281/2281 2282/2282/2282
f 1102/1102/1102 1101/1101/1101 1094/1094/1094
f 1105/1105/1105 1089/1089/1089 1102/1102/1102
f 1102/1102/1102 1089/1089/1089 1101/1101/1101
f 2279/2279/2279 2281/2281/2281 2278/2278/2278
f 1178/1178/1178 1179/1179/1179 1061/1061/1061
f 1460/1460/1460 1444/1444/1444 1461/1461/1461
f 1631/1631/1631 1629/1629/1629 1630/1630/1630
f 4069/4069/4069 3935/3935/3935 3934/3934/3934
f 3934/3934/3934 3935/3935/3935 3855/3855/3855
f 3846/3846/3846 3845/3845/3845 3847/3847/3847
f 3866/3866/3866 4027/4027/4027 4077/4077/4077
f 2480/2480/2480 2418/2418/2418 2284/2284/2284
f 1096/1096/1096 1094/1094/1094 1095/1095/1095
f 2282/2282/2282 2281/2281/2281 2279/2279/2279
f 1438/1438/1438 1439/1439/1439 1436/1436/1436
f 2279/2279/2279 2278/2278/2278 2271/2271/2271
f 2271/2271/2271 2278/2278/2278 2266/2266/2266
f 1556/1556/1556 1557/1557/1557 1554/1554/1554
f 2271/2271/2271 2266/2266/2266 2255/2255/2255
f 420/420/420 415/415/415 421/421/421
f 1298/1298/1298 1301/1301/1301 1302/1302/1302
f 2280/2280/2280 2282/2282/2282 2279/2279/2279
f 1133/1133/1133 1063/1063/1063 1065/1065/1065
f 1293/1293/1293 1295/1295/1295 1725/1725/1725
f 1296/1296/1296 1312/1312/1312 1292/1292/1292
f 3261/3261/3261 3262/3262/3262 3260/3260/3260
f 1247/1247/1247 1301/1301/1301 1245/1245/1245
f 4784/4784/4784 4445/4445/4445 4649/4649/4649
f 1232/1232/1232 1246/1246/1246 1242/1242/1242
f 1242/1242/1242 1246/1246/1246 1247/1247/1247
f 1209/1209/1209 1214/1214/1214 1216/1216/1216
f 1093/1093/1093 1099/1099/1099 1095/1095/1095
f 1102/1102/1102 1094/1094/1094 1103/1103/1103
f 1061/1061/1061 1057/1057/1057 1136/1136/1136
f 2269/2269/2269 2279/2279/2279 2271/2271/2271
f 1554/1554/1554 1557/1557/1557 1560/1560/1560
f 3072/3072/3072 3209/3209/3209 3210/3210/3210
f 2256/2256/2256 2321/2321/2321 2322/2322/2322
f 2322/2322/2322 2321/2321/2321 2448/2448/2448
f 3817/3817/3817 3826/3826/3826 3824/3824/3824
f 3824/3824/3824 3826/3826/3826 3902/3902/3902
f 1214/1214/1214 1233/1233/1233 1231/1231/1231
f 2481/2481/2481 2480/2480/2480 2284/2284/2284
f 1065/1065/1065 998/998/998 997/997/997
f 1136/1136/1136 1057/1057/1057 1053/1053/1053
f 3934/3934/3934 3855/3855/3855 3854/3854/3854
f 3855/3855/3855 3846/3846/3846 3854/3854/3854
f 3847/3847/3847 3866/3866/3866 3864/3864/3864
f 3816/3816/3816 3817/3817/3817 3818/3818/3818
f 1298/1298/1298 1296/1296/1296 1297/1297/1297
f 1242/1242/1242 1247/1247/1247 1245/1245/1245
f 2481/2481/2481 2284/2284/2284 2280/2280/2280
f 2284/2284/2284 2282/2282/2282 2280/2280/2280
f 2270/2270/2270 2280/2280/2280 2279/2279/2279
f 993/993/993 1130/1130/1130 994/994/994
f 998/998/998 995/995/995 996/996/996
f 996/996/996 995/995/995 963/963/963
f 963/963/963 995/995/995 993/993/993
f 997/997/997 998/998/998 996/996/996
f 1053/1053/1053 1063/1063/1063 1133/1133/1133
f 2270/2270/2270 2279/2279/2279 2269/2269/2269
f 1629/1629/1629 1556/1556/1556 1628/1628/1628
f 2271/2271/2271 2255/2255/2255 2254/2254/2254
f 2322/2322/2322 2448/2448/2448 2500/2500/2500
f 3822/3822/3822 3831/3831/3831 3816/3816/3816
f 1292/1292/1292 1295/1295/1295 1293/1293/1293
f 1245/1245/1245 1301/1301/1301 1298/1298/1298
f 4783/4783/4783 4784/4784/4784 4649/4649/4649
f 1216/1216/1216 1214/1214/1214 1231/1231/1231
f 963/963/963 993/993/993 992/992/992
f 1133/1133/1133 1065/1065/1065 997/997/997
f 2270/2270/2270 2269/2269/2269 2268/2268/2268
f 1061/1061/1061 1136/1136/1136 1177/1177/1177
f 1434/1434/1434 1433/1433/1433 1178/1178/1178
f 1435/1435/1435 1436/1436/1436 1433/1433/1433
f 1445/1445/1445 1444/1444/1444 1438/1438/1438
f 1554/1554/1554 1560/1560/1560 1460/1460/1460
f 1628/1628/1628 1556/1556/1556 1553/1553/1553
f 2269/2269/2269 2271/2271/2271 2254/2254/2254
f 2254/2254/2254 2255/2255/2255 2256/2256/2256
f 3854/3854/3854 3846/3846/3846 3849/3849/3849
f 3846/3846/3846 3847/3847/3847 3848/3848/3848
f 3822/3822/3822 3816/3816/3816 3818/3818/3818
f 3818/3818/3818 3817/3817/3817 3819/3819/3819
f 3819/3819/3819 3817/3817/3817 3824/3824/3824
f 1293/1293/1293 1725/1725/1725 1396/1396/1396
f 1245/1245/1245 1298/1298/1298 1244/1244/1244
f 3259/3259/3259 3261/3261/3261 3260/3260/3260
f 1231/1231/1231 1233/1233/1233 1232/1232/1232
f 1095/1095/1095 1099/1099/1099 1212/1212/1212
f 1212/1212/1212 1099/1099/1099 1209/1209/1209
f 2299/2299/2299 2280/2280/2280 2270/2270/2270
f 994/994/994 1105/1105/1105 991/991/991
f 991/991/991 1105/1105/1105 1106/1106/1106
f 1554/1554/1554 1460/1460/1460 1461/1461/1461
f 1553/1553/1553 1556/1556/1556 1554/1554/1554
f 1639/1639/1639 1743/1743/1743 1632/1632/1632
f 1632/1632/1632 1631/1631/1631 1630/1630/1630
f 1630/1630/1630 1629/1629/1629 1628/1628/1628
f 2254/2254/2254 2256/2256/2256 2257/2257/2257
f 2440/2440/2440 2322/2322/2322 2500/2500/2500
f 2440/2440/2440 2500/2500/2500 2487/2487/2487
f 3849/3849/3849 3846/3846/3846 3848/3848/3848
f 3864/3864/3864 3866/3866/3866 3865/3865/3865
f 3866/3866/3866 4077/4077/4077 3865/3865/3865
f 4163/4163/4163 4164/4164/4164 4165/4165/4165
f 3138/3138/3138 3141/3141/3141 3168/3168/3168
f 1290/1290/1290 1292/1292/1292 1293/1293/1293
f 1291/1291/1291 1296/1296/1296 1292/1292/1292
f 1244/1244/1244 1298/1298/1298 1299/1299/1299
f 2481/2481/2481 2280/2280/2280 2421/2421/2421
f 2421/2421/2421 2280/2280/2280 2299/2299/2299
f 1103/1103/1103 1094/1094/1094 1096/1096/1096
f 1105/1105/1105 1102/1102/1102 1106/1106/1106
f 1178/1178/1178 1061/1061/1061 1177/1177/1177
f 1437/1437/1437 1438/1438/1438 1436/1436/1436
f 2269/2269/2269 2254/2254/2254 2268/2268/2268
f 3936/3936/3936 3934/3934/3934 3854/3854/3854
f 3863/3863/3863 3854/3854/3854 3849/3849/3849
f 251/251/251 247/247/247 250/250/250
f 1291/1291/1291 1297/1297/1297 1296/1296/1296
f 1299/1299/1299 1298/1298/1298 1297/1297/1297
f 1217/1217/1217 1209/1209/1209 1216/1216/1216
f 1104/1104/1104 1102/1102/1102 1103/1103/1103
f 993/993/993 994/994/994 991/991/991
f 1169/1169/1169 1178/1178/1178 1177/1177/1177
f 1435/1435/1435 1433/1433/1433 1434/1434/1434
f 1462/1462/1462 1461/1461/1461 1444/1444/1444
f 1290/1290/1290 1293/1293/1293 1294/1294/1294
f 1104/1104/1104 1103/1103/1103 1096/1096/1096
f 992/992/992 993/993/993 991/991/991
f 962/962/962 997/997/997 996/996/996
f 1054/1054/1054 1053/1053/1053 1133/1133/1133
f 1437/1437/1437 1436/1436/1436 1435/1435/1435
f 2268/2268/2268 2254/2254/2254 2267/2267/2267
f 2257/2257/2257 2440/2440/2440 2324/2324/2324
f 2258/2258/2258 2257/2257/2257 2324/2324/2324
f 2324/2324/2324 2440/2440/2440 2487/2487/2487
f 2423/2423/2423 2421/2421/2421 2299/2299/2299
f 2298/2298/2298 2299/2299/2299 2270/2270/2270
f 1462/1462/1462 1444/1444/1444 1445/1445/1445
f 2254/2254/2254 2257/2257/2257 2258/2258/2258
f 3848/3848/3848 3847/3847/3847 3850/3850/3850
f 3850/3850/3850 3847/3847/3847 3864/3864/3864
f 4178/4178/4178 4179/4179/4179 4180/4180/4180
f 2176/2176/2176 2175/2175/2175 2177/2177/2177
f 3822/3822/3822 3818/3818/3818 3819/3819/3819
f 1291/1291/1291 1292/1292/1292 1290/1290/1290
f 1304/1304/1304 1297/1297/1297 1291/1291/1291
f 4462/4462/4462 4461/4461/4461 4457/4457/4457
f 1217/1217/1217 1216/1216/1216 1231/1231/1231
f 1213/1213/1213 1212/1212/1212 1209/1209/1209
f 2423/2423/2423 2299/2299/2299 2298/2298/2298
f 1106/1106/1106 1102/1102/1102 1104/1104/1104
f 962/962/962 996/996/996 963/963/963
f 1054/1054/1054 1133/1133/1133 1048/1048/1048
f 1133/1133/1133 997/997/997 1048/1048/1048
f 1052/1052/1052 1053/1053/1053 1054/1054/1054
f 1136/1136/1136 1053/1053/1053 1137/1137/1137
f 1137/1137/1137 1053/1053/1053 1052/1052/1052
f 1434/1434/1434 1178/1178/1178 1169/1169/1169
f 1445/1445/1445 1438/1438/1438 1437/1437/1437
f 1463/1463/1463 1461/1461/1461 1462/1462/1462
f 3849/3849/3849 3848/3848/3848 3850/3850/3850
f 837/837/837 605/605/605 607/607/607
f 3137/3137/3137 3138/3138/3138 3168/3168/3168
f 1294/1294/1294 1293/1293/1293 1396/1396/1396
f 1299/1299/1299 1297/1297/1297 1304/1304/1304
f 1213/1213/1213 1209/1209/1209 1217/1217/1217
f 1097/1097/1097 1096/1096/1096 1095/1095/1095
f 2298/2298/2298 2270/2270/2270 2239/2239/2239
f 2239/2239/2239 2270/2270/2270 2268/2268/2268
f 962/962/962 963/963/963 905/905/905
f 2240/2240/2240 2268/2268/2268 2267/2267/2267
f 1639/1639/1639 1632/1632/1632 1630/1630/1630
f 2241/2241/2241 2267/2267/2267 2248/2248/2248
f 3936/3936/3936 3854/3854/3854 3863/3863/3863
f 3822/3822/3822 3819/3819/3819 3823/3823/3823
f 3259/3259/3259 3260/3260/3260 3258/3258/3258
f 4634/4634/4634 4661/4661/4661 4817/4817/4817
f 997/997/997 962/962/962 955/955/955
f 1468/1468/1468 1437/1437/1437 1435/1435/1435
f 4116/4116/4116 3936/3936/3936 3957/3957/3957
f 3957/3957/3957 3936/3936/3936 3863/3863/3863
f 2187/2187/2187 2176/2176/2176 2177/2177/2177
f 3823/3823/3823 3819/3819/3819 3825/3825/3825
f 3825/3825/3825 3819/3819/3819 3824/3824/3824
f 4688/4688/4688 4650/4650/4650 4471/4471/4471
f 1230/1230/1230 1231/1231/1231 1232/1232/1232
f 2239/2239/2239 2268/2268/2268 2240/2240/2240
f 905/905/905 963/963/963 992/992/992
f 1445/1445/1445 1437/1437/1437 1542/1542/1542
f 1462/1462/1462 1445/1445/1445 1542/1542/1542
f 1552/1552/1552 1554/1554/1554 1461/1461/1461
f 2240/2240/2240 2267/2267/2267 2241/2241/2241
f 2248/2248/2248 2254/2254/2254 2251/2251/2251
f 3864/3864/3864 3865/3865/3865 3609/3609/3609
f 3861/3861/3861 3824/3824/3824 3953/3953/3953
f 3137/3137/3137 3168/3168/3168 3186/3186/3186
f 4065/4065/4065 3822/3822/3822 3823/3823/3823
f 1228/1228/1228 1231/1231/1231 1230/1230/1230
f 4594/4594/4594 4634/4634/4634 4817/4817/4817
f 955/955/955 962/962/962 909/909/909
f 1048/1048/1048 997/997/997 955/955/955
f 1169/1169/1169 1177/1177/1177 1136/1136/1136
f 1630/1630/1630 1628/1628/1628 1627/1627/1627
f 2251/2251/2251 2258/2258/2258 2324/2324/2324
f 2323/2323/2323 2324/2324/2324 2495/2495/2495
f 3825/3825/3825 3824/3824/3824 3861/3861/3861
f 3256/3256/3256 3259/3259/3259 3258/3258/3258
f 1242/1242/1242 1245/1245/1245 1244/1244/1244
f 1230/1230/1230 1232/1232/1232 1240/1240/1240
f 1217/1217/1217 1231/1231/1231 1228/1228/1228
f 1211/1211/1211 1212/1212/1212 1213/1213/1213
f 909/909/909 962/962/962 905/905/905
f 1052/1052/1052 1054/1054/1054 1048/1048/1048
f 1466/1466/1466 1435/1435/1435 1434/1434/1434
f 1553/1553/1553 1554/1554/1554 1552/1552/1552
f 1639/1639/1639 1630/1630/1630 1627/1627/1627
f 2248/2248/2248 2251/2251/2251 2242/2242/2242
f 2251/2251/2251 2324/2324/2324 2323/2323/2323
f 486/486/486 485/485/485 488/488/488
f 1290/1290/1290 1294/1294/1294 1316/1316/1316
f 1304/1304/1304 1291/1291/1291 1288/1288/1288
f 4594/4594/4594 4817/4817/4817 4753/4753/4753
f 2430/2430/2430 2441/2441/2441 2298/2298/2298
f 1095/1095/1095 1212/1212/1212 1097/1097/1097
f 957/957/957 1048/1048/1048 955/955/955
f 1169/1169/1169 1136/1136/1136 1168/1168/1168
f 1168/1168/1168 1136/1136/1136 1137/1137/1137
f 1468/1468/1468 1435/1435/1435 1466/1466/1466
f 1542/1542/1542 1437/1437/1437 1468/1468/1468
f 1545/1545/1545 1461/1461/1461 1463/1463/1463
f 2242/2242/2242 2241/2241/2241 2248/2248/2248
f 3957/3957/3957 3863/3863/3863 3956/3956/3956
f 3863/3863/3863 3849/3849/3849 3851/3851/3851
f 3851/3851/3851 3849/3849/3849 3850/3850/3850
f 1288/1288/1288 1291/1291/1291 1290/1290/1290
f 1299/1299/1299 1304/1304/1304 1300/1300/1300
f 1242/1242/1242 1244/1244/1244 1243/1243/1243
f 1244/1244/1244 1299/1299/1299 1300/1300/1300
f 1232/1232/1232 1242/1242/1242 1241/1241/1241
f 4688/4688/4688 4471/4471/4471 4464/4464/4464
f 2430/2430/2430 2298/2298/2298 2250/2250/2250
f 1097/1097/1097 1212/1212/1212 1211/1211/1211
f 2250/2250/2250 2298/2298/2298 2239/2239/2239
f 904/904/904 992/992/992 991/991/991
f 2239/2239/2239 2240/2240/2240 2238/2238/2238
f 905/905/905 992/992/992 904/904/904
f 1052/1052/1052 1048/1048/1048 1051/1051/1051
f 1434/1434/1434 1169/1169/1169 1168/1168/1168
f 1542/1542/1542 1468/1468/1468 1543/1543/1543
f 1552/1552/1552 1461/1461/1461 1545/1545/1545
f 1316/1316/1316 1294/1294/1294 1396/1396/1396
f 1316/1316/1316 1396/1396/1396 1322/1322/1322
f 1289/1289/1289 1290/1290/1290 1316/1316/1316
f 1300/1300/1300 1304/1304/1304 1287/1287/1287
f 1243/1243/1243 1244/1244/1244 1300/1300/1300
f 1098/1098/1098 1104/1104/1104 1096/1096/1096
f 1106/1106/1106 1104/1104/1104 990/990/990
f 1051/1051/1051 1048/1048/1048 957/957/957
f 1050/1050/1050 1052/1052/1052 1051/1051/1051
f 2238/2238/2238 2240/2240/2240 2241/2241/2241
f 1541/1541/1541 1542/1542/1542 1540/1540/1540
f 1463/1463/1463 1462/1462/1462 1542/1542/1542
f 1555/1555/1555 1553/1553/1553 1552/1552/1552
f 3864/3864/3864 3609/3609/3609 3614/3614/3614
f 498/498/498 482/482/482 500/500/500
f 1288/1288/1288 1290/1290/1290 1289/1289/1289
f 1241/1241/1241 1242/1242/1242 1243/1243/1243
f 1218/1218/1218 1213/1213/1213 1217/1217/1217
f 1218/1218/1218 1217/1217/1217 1219/1219/1219
f 2250/2250/2250 2239/2239/2239 2237/2237/2237
f 990/990/990 1104/1104/1104 1098/1098/1098
f 2239/2239/2239 2238/2238/2238 2237/2237/2237
f 1137/1137/1137 1052/1052/1052 1050/1050/1050
f 2238/2238/2238 2241/2241/2241 2234/2234/2234
f 1540/1540/1540 1542/1542/1542 1543/1543/1543
f 1463/1463/1463 1542/1542/1542 1541/1541/1541
f 1638/1638/1638 1639/1639/1639 1627/1627/1627
f 2241/2241/2241 2242/2242/2242 2234/2234/2234
f 2242/2242/2242 2251/2251/2251 2243/2243/2243
f 2243/2243/2243 2251/2251/2251 2249/2249/2249
f 2249/2249/2249 2251/2251/2251 2323/2323/2323
f 2323/2323/2323 2495/2495/2495 2474/2474/2474
f 4057/4057/4057 3957/3957/3957 3956/3956/3956
f 3956/3956/3956 3863/3863/3863 3872/3872/3872
f 3851/3851/3851 3850/3850/3850 3852/3852/3852
f 3850/3850/3850 3864/3864/3864 3867/3867/3867
f 3857/3857/3857 3823/3823/3823 3825/3825/3825
f 1287/1287/1287 1304/1304/1304 1288/1288/1288
f 3256/3256/3256 3258/3258/3258 3255/3255/3255
f 1240/1240/1240 1232/1232/1232 1241/1241/1241
f 1219/1219/1219 1217/1217/1217 1228/1228/1228
f 1211/1211/1211 1213/1213/1213 1218/1218/1218
f 991/991/991 1106/1106/1106 903/903/903
f 1488/1488/1488 1434/1434/1434 1168/1168/1168
f 1467/1467/1467 1466/1466/1466 1434/1434/1434
f 1467/1467/1467 1434/1434/1434 1488/1488/1488
f 1628/1628/1628 1553/1553/1553 1555/1555/1555
f 2249/2249/2249 2323/2323/2323 2337/2337/2337
f 2337/2337/2337 2323/2323/2323 2474/2474/2474
f 3872/3872/3872 3863/3863/3863 3851/3851/3851
f 3852/3852/3852 3850/3850/3850 3867/3867/3867
f 2215/2215/2215 2187/2187/2187 2186/2186/2186
f 3134/3134/3134 3137/3137/3137 3186/3186/3186
f 3134/3134/3134 3186/3186/3186 3187/3187/3187
f 4065/4065/4065 3823/3823/3823 3857/3857/3857
f 4033/4033/4033 4065/4065/4065 3857/3857/3857
f 1240/1240/1240 1241/1241/1241 1239/1239/1239
f 4689/4689/4689 4688/4688/4688 4464/4464/4464
f 1098/1098/1098 1096/1096/1096 1097/1097/1097
f 904/904/904 991/991/991 903/903/903
f 954/954/954 955/955/955 909/909/909
f 909/909/909 905/905/905 906/906/906
f 957/957/957 955/955/955 956/956/956
f 956/956/956 955/955/955 954/954/954
f 1001/1001/1001 1051/1051/1051 957/957/957
f 1649/1649/1649 1639/1639/1639 1638/1638/1638
f 3614/3614/3614 3609/3609/3609 3608/3608/3608
f 1316/1316/1316 1322/1322/1322 1319/1319/1319
f 1210/1210/1210 1097/1097/1097 1211/1211/1211
f 902/902/902 905/905/905 904/904/904
f 2237/2237/2237 2238/2238/2238 2234/2234/2234
f 1539/1539/1539 1543/1543/1543 1468/1468/1468
f 1627/1627/1627 1628/1628/1628 1555/1555/1555
f 2234/2234/2234 2242/2242/2242 2233/2233/2233
f 3867/3867/3867 3864/3864/3864 3614/3614/3614
f 3857/3857/3857 3825/3825/3825 3862/3862/3862
f 3862/3862/3862 3825/3825/3825 3861/3861/3861
f 491/491/491 489/489/489 496/496/496
f 1300/1300/1300 1287/1287/1287 1305/1305/1305
f 1220/1220/1220 1218/1218/1218 1219/1219/1219
f 903/903/903 1106/1106/1106 990/990/990
f 906/906/906 905/905/905 902/902/902
f 954/954/954 909/909/909 906/906/906
f 2237/2237/2237 2234/2234/2234 2232/2232/2232
f 1468/1468/1468 1466/1466/1466 1467/1467/1467
f 1540/1540/1540 1543/1543/1543 1539/1539/1539
f 1626/1626/1626 1627/1627/1627 1555/1555/1555
f 2233/2233/2233 2242/2242/2242 2243/2243/2243
f 2244/2244/2244 2243/2243/2243 2249/2249/2249
f 2244/2244/2244 2249/2249/2249 2320/2320/2320
f 3608/3608/3608 3609/3609/3609 3610/3610/3610
f 1288/1288/1288 1289/1289/1289 1286/1286/1286
f 1241/1241/1241 1243/1243/1243 1307/1307/1307
f 1243/1243/1243 1300/1300/1300 1305/1305/1305
f 1211/1211/1211 1218/1218/1218 1220/1220/1220
f 2430/2430/2430 2250/2250/2250 2236/2236/2236
f 1176/1176/1176 1097/1097/1097 1210/1210/1210
f 2236/2236/2236 2250/2250/2250 2237/2237/2237
f 1098/1098/1098 1097/1097/1097 1176/1176/1176
f 1167/1167/1167 1168/1168/1168 1137/1137/1137
f 1167/1167/1167 1137/1137/1137 1138/1138/1138
f 1138/1138/1138 1137/1137/1137 1050/1050/1050
f 1469/1469/1469 1468/1468/1468 1467/1467/1467
f 1463/1463/1463 1541/1541/1541 1530/1530/1530
f 1638/1638/1638 1627/1627/1627 1626/1626/1626
f 2234/2234/2234 2233/2233/2233 2232/2232/2232
f 2320/2320/2320 2249/2249/2249 2337/2337/2337
f 4057/4057/4057 3956/3956/3956 4013/4013/4013
f 4013/4013/4013 3956/3956/3956 3872/3872/3872
f 3861/3861/3861 3953/3953/3953 3952/3952/3952
f 3862/3862/3862 3861/3861/3861 3952/3952/3952
f 3254/3254/3254 3256/3256/3256 3255/3255/3255
f 1229/1229/1229 1230/1230/1230 1240/1240/1240
f 1488/1488/1488 1168/1168/1168 1167/1167/1167
f 1539/1539/1539 1468/1468/1468 1469/1469/1469
f 3873/3873/3873 3872/3872/3872 3851/3851/3851
f 3867/3867/3867 3614/3614/3614 3868/3868/3868
f 4033/4033/4033 3857/3857/3857 3950/3950/3950
f 3950/3950/3950 3857/3857/3857 3862/3862/3862
f 3254/3254/3254 3255/3255/3255 3252/3252/3252
f 1211/1211/1211 1220/1220/1220 1224/1224/1224
f 2422/2422/2422 2430/2430/2430 2236/2236/2236
f 990/990/990 1098/1098/1098 989/989/989
f 893/893/893 903/903/903 990/990/990
f 902/902/902 904/904/904 903/903/903
f 2235/2235/2235 2237/2237/2237 2232/2232/2232
f 1001/1001/1001 957/957/957 956/956/956
f 4013/4013/4013 3872/3872/3872 3965/3965/3965
f 3965/3965/3965 3872/3872/3872 3873/3873/3873
f 4097/4097/4097 3953/3953/3953 4126/4126/4126
f 618/618/618 577/577/577 617/617/617
f 1289/1289/1289 1316/1316/1316 1313/1313/1313
f 1237/1237/1237 1241/1241/1241 1307/1307/1307
f 1239/1239/1239 1241/1241/1241 1237/1237/1237
f 989/989/989 1098/1098/1098 1176/1176/1176
f 2236/2236/2236 2237/2237/2237 2235/2235/2235
f 1540/1540/1540 1539/1539/1539 1496/1496/1496
f 1541/1541/1541 1540/1540/1540 1496/1496/1496
f 1552/1552/1552 1545/1545/1545 1544/1544/1544
f 3852/3852/3852 3867/3867/3867 3868/3868/3868
f 1286/1286/1286 1289/1289/1289 1313/1313/1313
f 1287/1287/1287 1288/1288/1288 1286/1286/1286
f 1307/1307/1307 1243/1243/1243 1305/1305/1305
f 1219/1219/1219 1228/1228/1228 1229/1229/1229
f 1228/1228/1228 1230/1230/1230 1229/1229/1229
f 1210/1210/1210 1211/1211/1211 1223/1223/1223
f 894/894/894 902/902/902 903/903/903
f 953/953/953 954/954/954 906/906/906
f 1530/1530/1530 1545/1545/1545 1463/1463/1463
f 2231/2231/2231 2233/2233/2233 2243/2243/2243
f 2231/2231/2231 2243/2243/2243 2244/2244/2244
f 2337/2337/2337 2474/2474/2474 2498/2498/2498
f 1219/1219/1219 1229/1229/1229 1227/1227/1227
f 894/894/894 903/903/903 893/893/893
f 895/895/895 902/902/902 894/894/894
f 907/907/907 906/906/906 902/902/902
f 952/952/952 956/956/956 954/954/954
f 1158/1158/1158 1051/1051/1051 1001/1001/1001
f 1467/1467/1467 1488/1488/1488 1470/1470/1470
f 1626/1626/1626 1555/1555/1555 1625/1625/1625
f 2319/2319/2319 2320/2320/2320 2337/2337/2337
f 3851/3851/3851 3852/3852/3852 3853/3853/3853
f 3853/3853/3853 3852/3852/3852 3868/3868/3868
f 1317/1317/1317 1316/1316/1316 1319/1319/1319
f 1285/1285/1285 1287/1287/1287 1286/1286/1286
f 3257/3257/3257 3254/3254/3254 3253/3253/3253
f 3253/3253/3253 3254/3254/3254 3252/3252/3252
f 1229/1229/1229 1240/1240/1240 1239/1239/1239
f 1221/1221/1221 1220/1220/1220 1219/1219/1219
f 1223/1223/1223 1211/1211/1211 1224/1224/1224
f 907/907/907 902/902/902 895/895/895
f 1469/1469/1469 1467/1467/1467 1470/1470/1470
f 2232/2232/2232 2233/2233/2233 2231/2231/2231
f 2222/2222/2222 2232/2232/2232 2231/2231/2231
f 2244/2244/2244 2320/2320/2320 2319/2319/2319
f 3862/3862/3862 3952/3952/3952 3969/3969/3969
f 1224/1224/1224 1220/1220/1220 1221/1221/1221
f 893/893/893 990/990/990 983/983/983
f 983/983/983 990/990/990 989/989/989
f 1001/1001/1001 956/956/956 1159/1159/1159
f 1049/1049/1049 1050/1050/1050 1051/1051/1051
f 1166/1166/1166 1167/1167/1167 1138/1138/1138
f 1541/1541/1541 1496/1496/1496 1497/1497/1497
f 1496/1496/1496 1539/1539/1539 1469/1469/1469
f 1530/1530/1530 1541/1541/1541 1498/1498/1498
f 1541/1541/1541 1497/1497/1497 1498/1498/1498
f 2319/2319/2319 2337/2337/2337 2467/2467/2467
f 2467/2467/2467 2337/2337/2337 2498/2498/2498
f 3871/3871/3871 3873/3873/3873 3851/3851/3851
f 3871/3871/3871 3851/3851/3851 3853/3853/3853
f 3614/3614/3614 3608/3608/3608 3611/3611/3611
f 3611/3611/3611 3608/3608/3608 3610/3610/3610
f 3950/3950/3950 3862/3862/3862 3967/3967/3967
f 1305/1305/1305 1287/1287/1287 1285/1285/1285
f 1307/1307/1307 1305/1305/1305 1306/1306/1306
f 1488/1488/1488 1167/1167/1167 1166/1166/1166
f 2222/2222/2222 2235/2235/2235 2232/2232/2232
f 1636/1636/1636 1649/1649/1649 1638/1638/1638
f 4013/4013/4013 3965/3965/3965 3966/3966/3966
f 3966/3966/3966 3965/3965/3965 3873/3873/3873
f 3868/3868/3868 3614/3614/3614 3611/3611/3611
f 3862/3862/3862 3969/3969/3969 3967/3967/3967
f 3129/3129/3129 3134/3134/3134 3128/3128/3128
f 4476/4476/4476 4468/4468/4468 4533/4533/4533
f 983/983/983 989/989/989 987/987/987
f 2236/2236/2236 2235/2235/2235 2230/2230/2230
f 952/952/952 954/954/954 953/953/953
f 2222/2222/2222 2231/2231/2231 2223/2223/2223
f 2245/2245/2245 2231/2231/2231 2244/2244/2244
f 3972/3972/3972 4033/4033/4033 3950/3950/3950
f 3972/3972/3972 3950/3950/3950 3967/3967/3967
f 495/495/495 497/497/497 499/499/499
f 1248/1248/1248 1229/1229/1229 1239/1239/1239
f 1227/1227/1227 1229/1229/1229 1248/1248/1248
f 1225/1225/1225 1224/1224/1224 1221/1221/1221
f 2230/2230/2230 2235/2235/2235 2222/2222/2222
f 1487/1487/1487 1488/1488/1488 1166/1166/1166
f 1470/1470/1470 1488/1488/1488 1487/1487/1487
f 1544/1544/1544 1545/1545/1545 1530/1530/1530
f 1636/1636/1636 1638/1638/1638 1637/1637/1637
f 1637/1637/1637 1638/1638/1638 1626/1626/1626
f 2223/2223/2223 2231/2231/2231 2245/2245/2245
f 2244/2244/2244 2319/2319/2319 2252/2252/2252
f 2252/2252/2252 2319/2319/2319 2467/2467/2467
f 3853/3853/3853 3868/3868/3868 3869/3869/3869
f 3611/3611/3611 3610/3610/3610 3612/3612/3612
f 3326/3326/3326 3331/3331/3331 3328/3328/3328
f 3127/3127/3127 3129/3129/3129 3128/3128/3128
f 2501/2501/2501 2422/2422/2422 2419/2419/2419
f 1176/1176/1176 1210/1210/1210 1223/1223/1223
f 985/985/985 1176/1176/1176 1223/1223/1223
f 989/989/989 1176/1176/1176 985/985/985
f 908/908/908 953/953/953 906/906/906
f 908/908/908 906/906/906 907/907/907
f 1159/1159/1159 956/956/956 952/952/952
f 952/952/952 953/953/953 908/908/908
f 1158/1158/1158 1001/1001/1001 1159/1159/1159
f 1139/1139/1139 1138/1138/1138 1050/1050/1050
f 1166/1166/1166 1138/1138/1138 1139/1139/1139
f 1496/1496/1496 1469/1469/1469 1470/1470/1470
f 2222/2222/2222 2223/2223/2223 2224/2224/2224
f 3873/3873/3873 3871/3871/3871 3874/3874/3874
f 3869/3869/3869 3868/3868/3868 3611/3611/3611
f 3249/3249/3249 3253/3253/3253 3252/3252/3252
f 1223/1223/1223 1224/1224/1224 1225/1225/1225
f 984/984/984 989/989/989 985/985/985
f 1049/1049/1049 1051/1051/1051 1158/1158/1158
f 1139/1139/1139 1050/1050/1050 1049/1049/1049
f 1544/1544/1544 1530/1530/1530 1528/1528/1528
f 1625/1625/1625 1555/1555/1555 1544/1544/1544
f 2245/2245/2245 2244/2244/2244 2252/2252/2252
f 2252/2252/2252 2467/2467/2467 2447/2447/2447
f 2447/2447/2447 2467/2467/2467 2498/2498/2498
f 3966/3966/3966 3873/3873/3873 3874/3874/3874
f 3871/3871/3871 3853/3853/3853 3869/3869/3869
f 2204/2204/2204 2181/2181/2181 2168/2168/2168
f 1281/1281/1281 1285/1285/1285 1286/1286/1286
f 3246/3246/3246 3257/3257/3257 3253/3253/3253
f 1306/1306/1306 1305/1305/1305 1285/1285/1285
f 1221/1221/1221 1219/1219/1219 1222/1222/1222
f 987/987/987 989/989/989 984/984/984
f 890/890/890 894/894/894 893/893/893
f 895/895/895 894/894/894 890/890/890
f 896/896/896 907/907/907 895/895/895
f 2222/2222/2222 2224/2224/2224 2227/2227/2227
f 1528/1528/1528 1530/1530/1530 1498/1498/1498
f 2447/2447/2447 2498/2498/2498 2463/2463/2463
f 4014/4014/4014 4013/4013/4013 3966/3966/3966
f 3974/3974/3974 3967/3967/3967 3969/3969/3969
f 1308/1308/1308 1237/1237/1237 1307/1307/1307
f 1307/1307/1307 1306/1306/1306 1308/1308/1308
f 3249/3249/3249 3252/3252/3252 3251/3251/3251
f 985/985/985 1223/1223/1223 988/988/988
f 896/896/896 895/895/895 890/890/890
f 2224/2224/2224 2223/2223/2223 2225/2225/2225
f 2223/2223/2223 2245/2245/2245 2246/2246/2246
f 2246/2246/2246 2245/2245/2245 2247/2247/2247
f 2247/2247/2247 2245/2245/2245 2252/2252/2252
f 3870/3870/3870 3871/3871/3871 3869/3869/3869
f 3326/3326/3326 3328/3328/3328 3325/3325/3325
f 3973/3973/3973 3972/3972/3972 3967/3967/3967
f 3128/3128/3128 3188/3188/3188 3195/3195/3195
f 2228/2228/2228 2230/2230/2230 2222/2222/2222
f 2228/2228/2228 2222/2222/2222 2227/2227/2227
f 1494/1494/1494 1528/1528/1528 1498/1498/1498
f 1498/1498/1498 1497/1497/1497 1493/1493/1493
f 1546/1546/1546 1544/1544/1544 1528/1528/1528
f 1623/1623/1623 1626/1626/1626 1625/1625/1625
f 2223/2223/2223 2246/2246/2246 2225/2225/2225
f 3874/3874/3874 3871/3871/3871 3870/3870/3870
f 3869/3869/3869 3611/3611/3611 3613/3613/3613
f 3613/3613/3613 3611/3611/3611 3612/3612/3612
f 3246/3246/3246 3253/3253/3253 3249/3249/3249
f 1222/1222/1222 1219/1219/1219 1227/1227/1227
f 2429/2429/2429 2501/2501/2501 2419/2419/2419
f 988/988/988 1223/1223/1223 1225/1225/1225
f 897/897/897 896/896/896 890/890/890
f 908/908/908 907/907/907 896/896/896
f 1497/1497/1497 1496/1496/1496 1493/1493/1493
f 1493/1493/1493 1496/1496/1496 1470/1470/1470
f 2227/2227/2227 2224/2224/2224 2226/2226/2226
f 2224/2224/2224 2225/2225/2225 2226/2226/2226
f 287/287/287 268/268/268 307/307/307
f 3973/3973/3973 3967/3967/3967 3974/3974/3974
f 1314/1314/1314 1313/1313/1313 1315/1315/1315
f 1313/1313/1313 1317/1317/1317 1318/1318/1318
f 1315/1315/1315 1313/1313/1313 1318/1318/1318
f 1284/1284/1284 1286/1286/1286 1314/1314/1314
f 986/986/986 983/983/983 987/987/987
f 986/986/986 987/987/987 984/984/984
f 890/890/890 893/893/893 892/892/892
f 893/893/893 983/983/983 981/981/981
f 892/892/892 893/893/893 981/981/981
f 952/952/952 908/908/908 901/901/901
f 901/901/901 908/908/908 899/899/899
f 1158/1158/1158 1159/1159/1159 952/952/952
f 1493/1493/1493 1470/1470/1470 1489/1489/1489
f 1494/1494/1494 1498/1498/1498 1493/1493/1493
f 1546/1546/1546 1528/1528/1528 1494/1494/1494
f 1625/1625/1625 1544/1544/1544 1624/1624/1624
f 4014/4014/4014 3966/3966/3966 4078/4078/4078
f 3974/3974/3974 3969/3969/3969 3975/3975/3975
f 3976/3976/3976 3973/3973/3973 3974/3974/3974
f 3126/3126/3126 3128/3128/3128 3195/3195/3195
f 1281/1281/1281 1286/1286/1286 1284/1284/1284
f 1236/1236/1236 1239/1239/1239 1237/1237/1237
f 1248/1248/1248 1239/1239/1239 1249/1249/1249
f 1234/1234/1234 1227/1227/1227 1248/1248/1248
f 981/981/981 983/983/983 986/986/986
f 899/899/899 908/908/908 896/896/896
f 1489/1489/1489 1470/1470/1470 1486/1486/1486
f 2229/2229/2229 2227/2227/2227 2226/2226/2226
f 2246/2246/2246 2247/2247/2247 2331/2331/2331
f 2247/2247/2247 2252/2252/2252 2340/2340/2340
f 2340/2340/2340 2252/2252/2252 2447/2447/2447
f 3966/3966/3966 3874/3874/3874 3899/3899/3899
f 3899/3899/3899 3874/3874/3874 3875/3875/3875
f 3875/3875/3875 3874/3874/3874 3870/3870/3870
f 3876/3876/3876 3870/3870/3870 3869/3869/3869
f 3246/3246/3246 3249/3249/3249 3248/3248/3248
f 1236/1236/1236 1237/1237/1237 1238/1238/1238
f 2419/2419/2419 2230/2230/2230 2253/2253/2253
f 2253/2253/2253 2230/2230/2230 2228/2228/2228
f 891/891/891 890/890/890 892/892/892
f 1141/1141/1141 1049/1049/1049 1158/1158/1158
f 2229/2229/2229 2228/2228/2228 2227/2227/2227
f 1175/1175/1175 1487/1487/1487 1166/1166/1166
f 1486/1486/1486 1470/1470/1470 1487/1487/1487
f 1486/1486/1486 1487/1487/1487 1182/1182/1182
f 1182/1182/1182 1487/1487/1487 1175/1175/1175
f 1624/1624/1624 1544/1544/1544 1547/1547/1547
f 2331/2331/2331 2247/2247/2247 2340/2340/2340
f 2447/2447/2447 2463/2463/2463 2458/2458/2458
f 2340/2340/2340 2447/2447/2447 2458/2458/2458
f 2458/2458/2458 2463/2463/2463 2486/2486/2486
f 3875/3875/3875 3870/3870/3870 3876/3876/3876
f 3326/3326/3326 3325/3325/3325 3322/3322/3322
f 3976/3976/3976 3974/3974/3974 3975/3975/3975
f 1270/1270/1270 1237/1237/1237 1308/1308/1308
f 1249/1249/1249 1239/1239/1239 1236/1236/1236
f 1234/1234/1234 1248/1248/1248 1249/1249/1249
f 1141/1141/1141 1158/1158/1158 1153/1153/1153
f 1139/1139/1139 1049/1049/1049 1140/1140/1140
f 1140/1140/1140 1049/1049/1049 1141/1141/1141
f 1175/1175/1175 1166/1166/1166 1157/1157/1157
f 1157/1157/1157 1166/1166/1166 1140/1140/1140
f 1166/1166/1166 1139/1139/1139 1140/1140/1140
f 1492/1492/1492 1493/1493/1493 1489/1489/1489
f 2136/2136/2136 2148/2148/2148 2137/2137/2137
f 2325/2325/2325 2225/2225/2225 2246/2246/2246
f 2325/2325/2325 2246/2246/2246 2331/2331/2331
f 3891/3891/3891 3876/3876/3876 3869/3869/3869
f 3891/3891/3891 3869/3869/3869 3613/3613/3613
f 3246/3246/3246 3248/3248/3248 3247/3247/3247
f 1238/1238/1238 1237/1237/1237 1270/1270/1270
f 1222/1222/1222 1227/1227/1227 1234/1234/1234
f 2253/2253/2253 2228/2228/2228 2229/2229/2229
f 1547/1547/1547 1546/1546/1546 1548/1548/1548
f 1546/1546/1546 1494/1494/1494 1495/1495/1495
f 2458/2458/2458 2486/2486/2486 2485/2485/2485
f 4060/4060/4060 4078/4078/4078 3966/3966/3966
f 3615/3615/3615 3613/3613/3613 3612/3612/3612
f 1314/1314/1314 1315/1315/1315 1282/1282/1282
f 1270/1270/1270 1308/1308/1308 1306/1306/1306
f 1306/1306/1306 1285/1285/1285 1271/1271/1271
f 1271/1271/1271 1285/1285/1285 1281/1281/1281
f 1234/1234/1234 1249/1249/1249 1250/1250/1250
f 1225/1225/1225 1221/1221/1221 1222/1222/1222
f 2429/2429/2429 2419/2419/2419 2253/2253/2253
f 984/984/984 985/985/985 982/982/982
f 978/978/978 984/984/984 982/982/982
f 1158/1158/1158 952/952/952 1153/1153/1153
f 1153/1153/1153 952/952/952 901/901/901
f 2336/2336/2336 2229/2229/2229 2226/2226/2226
f 1495/1495/1495 1494/1494/1494 1492/1492/1492
f 1494/1494/1494 1493/1493/1493 1492/1492/1492
f 1548/1548/1548 1546/1546/1546 1495/1495/1495
f 2327/2327/2327 2225/2225/2225 2325/2325/2325
f 4060/4060/4060 3966/3966/3966 3899/3899/3899
f 3322/3322/3322 3325/3325/3325 3324/3324/3324
f 1249/1249/1249 1236/1236/1236 1250/1250/1250
f 897/897/897 890/890/890 889/889/889
f 889/889/889 890/890/890 891/891/891
f 896/896/896 897/897/897 898/898/898
f 899/899/899 896/896/896 898/898/898
f 2328/2328/2328 2226/2226/2226 2327/2327/2327
f 1623/1623/1623 1625/1625/1625 1624/1624/1624
f 1624/1624/1624 1547/1547/1547 1548/1548/1548
f 2340/2340/2340 2458/2458/2458 2415/2415/2415
f 2415/2415/2415 2458/2458/2458 2485/2485/2485
f 4060/4060/4060 3899/3899/3899 3959/3959/3959
f 3899/3899/3899 3875/3875/3875 3877/3877/3877
f 3959/3959/3959 3899/3899/3899 3877/3877/3877
f 3875/3875/3875 3876/3876/3876 3877/3877/3877
f 3876/3876/3876 3891/3891/3891 3890/3890/3890
f 3978/3978/3978 3976/3976/3976 3977/3977/3977
f 3126/3126/3126 3195/3195/3195 3165/3165/3165
f 4043/4043/4043 3973/3973/3973 3976/3976/3976
f 2497/2497/2497 2429/2429/2429 2334/2334/2334
f 980/980/980 988/988/988 1225/1225/1225
f 2429/2429/2429 2253/2253/2253 2334/2334/2334
f 981/981/981 986/986/986 978/978/978
f 986/986/986 984/984/984 978/978/978
f 2253/2253/2253 2229/2229/2229 2334/2334/2334
f 2334/2334/2334 2229/2229/2229 2335/2335/2335
f 898/898/898 897/897/897 886/886/886
f 2335/2335/2335 2229/2229/2229 2336/2336/2336
f 1495/1495/1495 1492/1492/1492 1534/1534/1534
f 1637/1637/1637 1626/1626/1626 1623/1623/1623
f 3877/3877/3877 3876/3876/3876 3890/3890/3890
f 3891/3891/3891 3613/3613/3613 3615/3615/3615
f 3615/3615/3615 3612/3612/3612 3616/3616/3616
f 3977/3977/3977 3975/3975/3975 4046/4046/4046
f 4043/4043/4043 3976/3976/3976 3978/3978/3978
f 1284/1284/1284 1314/1314/1314 1282/1282/1282
f 1315/1315/1315 1318/1318/1318 1685/1685/1685
f 1281/1281/1281 1284/1284/1284 1282/1282/1282
f 1235/1235/1235 1234/1234/1234 1250/1250/1250
f 1222/1222/1222 1234/1234/1234 1235/1235/1235
f 985/985/985 988/988/988 980/980/980
f 1309/1309/1309 1225/1225/1225 1222/1222/1222
f 887/887/887 897/897/897 889/889/889
f 900/900/900 901/901/901 899/899/899
f 2335/2335/2335 2336/2336/2336 2328/2328/2328
f 1620/1620/1620 1624/1624/1624 1548/1548/1548
f 1620/1620/1620 1548/1548/1548 1551/1551/1551
f 2328/2328/2328 2327/2327/2327 2326/2326/2326
f 2326/2326/2326 2327/2327/2327 2325/2325/2325
f 2325/2325/2325 2331/2331/2331 2330/2330/2330
f 2331/2331/2331 2340/2340/2340 2330/2330/2330
f 2330/2330/2330 2340/2340/2340 2415/2415/2415
f 1282/1282/1282 1315/1315/1315 1279/1279/1279
f 3246/3246/3246 3247/3247/3247 3244/3244/3244
f 1238/1238/1238 1270/1270/1270 1269/1269/1269
f 2472/2472/2472 2497/2497/2497 2334/2334/2334
f 2472/2472/2472 2334/2334/2334 2409/2409/2409
f 2409/2409/2409 2334/2334/2334 2416/2416/2416
f 982/982/982 985/985/985 980/980/980
f 981/981/981 978/978/978 976/976/976
f 891/891/891 892/892/892 936/936/936
f 892/892/892 981/981/981 979/979/979
f 886/886/886 897/897/897 887/887/887
f 1157/1157/1157 1140/1140/1140 1156/1156/1156
f 2330/2330/2330 2415/2415/2415 2345/2345/2345
f 2345/2345/2345 2415/2415/2415 2469/2469/2469
f 2469/2469/2469 2415/2415/2415 2485/2485/2485
f 4114/4114/4114 4060/4060/4060 3959/3959/3959
f 3322/3322/3322 3324/3324/3324 3323/3323/3323
f 291/291/291 292/292/292 293/293/293
f 1270/1270/1270 1306/1306/1306 1271/1271/1271
f 936/936/936 892/892/892 979/979/979
f 2416/2416/2416 2335/2335/2335 2408/2408/2408
f 900/900/900 899/899/899 898/898/898
f 2408/2408/2408 2335/2335/2335 2328/2328/2328
f 1175/1175/1175 1157/1157/1157 1156/1156/1156
f 1492/1492/1492 1489/1489/1489 1490/1490/1490
f 1495/1495/1495 1534/1534/1534 1533/1533/1533
f 1549/1549/1549 1548/1548/1548 1495/1495/1495
f 4114/4114/4114 3959/3959/3959 4024/4024/4024
f 4024/4024/4024 3959/3959/3959 3877/3877/3877
f 1250/1250/1250 1236/1236/1236 1238/1238/1238
f 980/980/980 1225/1225/1225 1309/1309/1309
f 2409/2409/2409 2416/2416/2416 2408/2408/2408
f 1153/1153/1153 901/901/901 1148/1148/1148
f 1143/1143/1143 1156/1156/1156 1140/1140/1140
f 2408/2408/2408 2328/2328/2328 2406/2406/2406
f 1534/1534/1534 1492/1492/1492 1533/1533/1533
f 1635/1635/1635 1636/1636/1636 1637/1637/1637
f 2326/2326/2326 2325/2325/2325 2329/2329/2329
f 2329/2329/2329 2325/2325/2325 2330/2330/2330
f 3977/3977/3977 4046/4046/4046 3979/3979/3979
f 3979/3979/3979 4046/4046/4046 4121/4121/4121
f 3126/3126/3126 3165/3165/3165 3125/3125/3125
f 3124/3124/3124 3126/3126/3126 3125/3125/3125
f 1222/1222/1222 1235/1235/1235 1020/1020/1020
f 1020/1020/1020 1235/1235/1235 1253/1253/1253
f 2476/2476/2476 2472/2472/2472 2409/2409/2409
f 978/978/978 982/982/982 980/980/980
f 979/979/979 981/981/981 976/976/976
f 900/900/900 898/898/898 886/886/886
f 1148/1148/1148 901/901/901 900/900/900
f 1532/1532/1532 1492/1492/1492 1490/1490/1490
f 2406/2406/2406 2328/2328/2328 2326/2326/2326
f 1689/1689/1689 1636/1636/1636 1635/1635/1635
f 1635/1635/1635 1637/1637/1637 1623/1623/1623
f 2342/2342/2342 2330/2330/2330 2345/2345/2345
f 2342/2342/2342 2345/2345/2345 2344/2344/2344
f 2345/2345/2345 2469/2469/2469 2491/2491/2491
f 4024/4024/4024 3877/3877/3877 3892/3892/3892
f 3978/3978/3978 3977/3977/3977 3979/3979/3979
f 4043/4043/4043 3978/3978/3978 4009/4009/4009
f 1309/1309/1309 1222/1222/1222 1020/1020/1020
f 2409/2409/2409 2408/2408/2408 2406/2406/2406
f 1142/1142/1142 1141/1141/1141 1153/1153/1153
f 1490/1490/1490 1489/1489/1489 1486/1486/1486
f 1549/1549/1549 1533/1533/1533 1583/1583/1583
f 1533/1533/1533 1492/1492/1492 1532/1532/1532
f 1550/1550/1550 1551/1551/1551 1548/1548/1548
f 1620/1620/1620 1551/1551/1551 1619/1619/1619
f 2329/2329/2329 2330/2330/2330 2342/2342/2342
f 2442/2442/2442 2345/2345/2345 2491/2491/2491
f 332/332/332 328/328/328 331/331/331
f 4009/4009/4009 3978/3978/3978 3980/3980/3980
f 1270/1270/1270 1271/1271/1271 1268/1268/1268
f 4795/4795/4795 4710/4710/4710 4601/4601/4601
f 1251/1251/1251 1250/1250/1250 1238/1238/1238
f 1253/1253/1253 1235/1235/1235 1250/1250/1250
f 2476/2476/2476 2409/2409/2409 2407/2407/2407
f 2407/2407/2407 2409/2409/2409 2406/2406/2406
f 942/942/942 900/900/900 886/886/886
f 1142/1142/1142 1140/1140/1140 1141/1141/1141
f 1619/1619/1619 1551/1551/1551 1550/1550/1550
f 3890/3890/3890 3891/3891/3891 3622/3622/3622
f 3622/3622/3622 3891/3891/3891 3615/3615/3615
f 3980/3980/3980 3978/3978/3978 3979/3979/3979
f 1279/1279/1279 1315/1315/1315 1311/1311/1311
f 1311/1311/1311 1315/1315/1315 1685/1685/1685
f 4485/4485/4485 4484/4484/4484 4477/4477/4477
f 889/889/889 891/891/891 937/937/937
f 2407/2407/2407 2406/2406/2406 2397/2397/2397
f 886/886/886 887/887/887 888/888/888
f 942/942/942 886/886/886 941/941/941
f 2397/2397/2397 2406/2406/2406 2394/2394/2394
f 1550/1550/1550 1548/1548/1548 1549/1549/1549
f 1623/1623/1623 1624/1624/1624 1621/1621/1621
f 2394/2394/2394 2326/2326/2326 2350/2350/2350
f 2326/2326/2326 2329/2329/2329 2341/2341/2341
f 2350/2350/2350 2326/2326/2326 2341/2341/2341
f 2343/2343/2343 2342/2342/2342 2344/2344/2344
f 3892/3892/3892 3877/3877/3877 3890/3890/3890
f 3892/3892/3892 3890/3890/3890 3893/3893/3893
f 3893/3893/3893 3890/3890/3890 3622/3622/3622
f 3980/3980/3980 3979/3979/3979 3981/3981/3981
f 1281/1281/1281 1282/1282/1282 1280/1280/1280
f 1251/1251/1251 1238/1238/1238 1252/1252/1252
f 978/978/978 980/980/980 977/977/977
f 979/979/979 976/976/976 935/935/935
f 2399/2399/2399 2407/2407/2407 2397/2397/2397
f 938/938/938 887/887/887 889/889/889
f 1142/1142/1142 1153/1153/1153 1148/1148/1148
f 1621/1621/1621 1624/1624/1624 1620/1620/1620
f 2341/2341/2341 2329/2329/2329 2342/2342/2342
f 2343/2343/2343 2344/2344/2344 2414/2414/2414
f 2414/2414/2414 2344/2344/2344 2442/2442/2442
f 2442/2442/2442 2491/2491/2491 2438/2438/2438
f 4024/4024/4024 3892/3892/3892 4044/4044/4044
f 4123/4123/4123 4024/4024/4024 4044/4044/4044
f 3615/3615/3615 3616/3616/3616 3617/3617/3617
f 3322/3322/3322 3323/3323/3323 3319/3319/3319
f 4072/4072/4072 3979/3979/3979 4121/4121/4121
f 4008/4008/4008 4043/4043/4043 4009/4009/4009
f 1268/1268/1268 1269/1269/1269 1270/1270/1270
f 980/980/980 1309/1309/1309 971/971/971
f 936/936/936 979/979/979 935/935/935
f 938/938/938 889/889/889 937/937/937
f 1148/1148/1148 900/900/900 942/942/942
f 1182/1182/1182 1175/1175/1175 1156/1156/1156
f 1490/1490/1490 1486/1486/1486 1485/1485/1485
f 2341/2341/2341 2342/2342/2342 2343/2343/2343
f 2414/2414/2414 2442/2442/2442 2438/2438/2438
f 4044/4044/4044 3892/3892/3892 3915/3915/3915
f 1238/1238/1238 1269/1269/1269 1252/1252/1252
f 1252/1252/1252 1269/1269/1269 1267/1267/1267
f 937/937/937 891/891/891 936/936/936
f 1143/1143/1143 1140/1140/1140 1142/1142/1142
f 1531/1531/1531 1532/1532/1532 1490/1490/1490
f 1583/1583/1583 1533/1533/1533 1582/1582/1582
f 1582/1582/1582 1533/1533/1533 1531/1531/1531
f 1531/1531/1531 1533/1533/1533 1532/1532/1532
f 2397/2397/2397 2394/2394/2394 2393/2393/2393
f 1621/1621/1621 1620/1620/1620 1619/1619/1619
f 1619/1619/1619 1550/1550/1550 1586/1586/1586
f 3915/3915/3915 3892/3892/3892 3893/3893/3893
f 3622/3622/3622 3615/3615/3615 3617/3617/3617
f 1311/1311/1311 1685/1685/1685 1310/1310/1310
f 1271/1271/1271 1281/1281/1281 1272/1272/1272
f 1281/1281/1281 1280/1280/1280 1272/1272/1272
f 1267/1267/1267 1269/1269/1269 1268/1268/1268
f 2444/2444/2444 2399/2399/2399 2425/2425/2425
f 967/967/967 980/980/980 971/971/971
f 2425/2425/2425 2399/2399/2399 2398/2398/2398
f 976/976/976 978/978/978 977/977/977
f 2398/2398/2398 2399/2399/2399 2397/2397/2397
f 888/888/888 887/887/887 938/938/938
f 941/941/941 886/886/886 888/888/888
f 1486/1486/1486 1182/1182/1182 1485/1485/1485
f 1549/1549/1549 1583/1583/1583 1582/1582/1582
f 1686/1686/1686 1689/1689/1689 1635/1635/1635
f 1635/1635/1635 1623/1623/1623 1622/1622/1622
f 2350/2350/2350 2341/2341/2341 2349/2349/2349
f 2349/2349/2349 2341/2341/2341 2347/2347/2347
f 4123/4123/4123 4044/4044/4044 4117/4117/4117
f 3617/3617/3617 3616/3616/3616 3618/3618/3618
f 3318/3318/3318 3322/3322/3322 3319/3319/3319
f 705/705/705 707/707/707 594/594/594
f 1268/1268/1268 1271/1271/1271 1272/1272/1272
f 3239/3239/3239 3241/3241/3241 3240/3240/3240
f 2443/2443/2443 2444/2444/2444 2425/2425/2425
f 971/971/971 1309/1309/1309 972/972/972
f 977/977/977 980/980/980 967/967/967
f 2398/2398/2398 2397/2397/2397 2396/2396/2396
f 1144/1144/1144 1143/1143/1143 1142/1142/1142
f 1586/1586/1586 1549/1549/1549 1585/1585/1585
f 1549/1549/1549 1582/1582/1582 1585/1585/1585
f 2341/2341/2341 2343/2343/2343 2346/2346/2346
f 4117/4117/4117 4044/4044/4044 4045/4045/4045
f 4045/4045/4045 4044/4044/4044 3915/3915/3915
f 3980/3980/3980 3981/3981/3981 3982/3982/3982
f 1283/1283/1283 1282/1282/1282 1279/1279/1279
f 972/972/972 1309/1309/1309 1020/1020/1020
f 935/935/935 976/976/976 975/975/975
f 1147/1147/1147 1148/1148/1148 942/942/942
f 1531/1531/1531 1490/1490/1490 1491/1491/1491
f 1623/1623/1623 1621/1621/1621 1622/1622/1622
f 2346/2346/2346 2414/2414/2414 2413/2413/2413
f 2413/2413/2413 2414/2414/2414 2438/2438/2438
f 2191/2191/2191 2138/2138/2138 2087/2087/2087
f 3982/3982/3982 3981/3981/3981 3979/3979/3979
f 3982/3982/3982 3979/3979/3979 4039/4039/4039
f 4008/4008/4008 4009/4009/4009 3980/3980/3980
f 1283/1283/1283 1280/1280/1280 1282/1282/1282
f 1253/1253/1253 1250/1250/1250 1251/1251/1251
f 934/934/934 936/936/936 935/935/935
f 943/943/943 942/942/942 941/941/941
f 1145/1145/1145 1142/1142/1142 1148/1148/1148
f 2396/2396/2396 2397/2397/2397 2393/2393/2393
f 2393/2393/2393 2394/2394/2394 2350/2350/2350
f 2413/2413/2413 2438/2438/2438 2437/2437/2437
f 2437/2437/2437 2438/2438/2438 2502/2502/2502
f 3239/3239/3239 3240/3240/3240 3238/3238/3238
f 1252/1252/1252 1267/1267/1267 1266/1266/1266
f 1253/1253/1253 1251/1251/1251 1252/1252/1252
f 1020/1020/1020 1253/1253/1253 1021/1021/1021
f 975/975/975 976/976/976 977/977/977
f 939/939/939 938/938/938 937/937/937
f 1577/1577/1577 1582/1582/1582 1531/1531/1531
f 2347/2347/2347 2341/2341/2341 2346/2346/2346
f 4128/4128/4128 4117/4117/4117 4045/4045/4045
f 3983/3983/3983 4008/4008/4008 3980/3980/3980
f 2443/2443/2443 2425/2425/2425 2424/2424/2424
f 2424/2424/2424 2425/2425/2425 2398/2398/2398
f 926/926/926 977/977/977 967/967/967
f 940/940/940 888/888/888 938/938/938
f 940/940/940 941/941/941 888/888/888
f 1529/1529/1529 1531/1531/1531 1491/1491/1491
f 1686/1686/1686 1635/1635/1635 1640/1640/1640
f 1640/1640/1640 1635/1635/1635 1622/1622/1622
f 2393/2393/2393 2350/2350/2350 2349/2349/2349
f 2413/2413/2413 2437/2437/2437 2355/2355/2355
f 3631/3631/3631 3893/3893/3893 3622/3622/3622
f 3983/3983/3983 3980/3980/3980 3982/3982/3982
f 4084/4084/4084 4008/4008/4008 4015/4015/4015
f 1279/1279/1279 1311/1311/1311 1310/1310/1310
f 1268/1268/1268 1272/1272/1272 1273/1273/1273
f 1267/1267/1267 1268/1268/1268 1266/1266/1266
f 3238/3238/3238 3240/3240/3240 3245/3245/3245
f 1254/1254/1254 1253/1253/1253 1252/1252/1252
f 975/975/975 977/977/977 926/926/926
f 939/939/939 937/937/937 933/933/933
f 937/937/937 936/936/936 933/933/933
f 1144/1144/1144 1142/1142/1142 1145/1145/1145
f 1586/1586/1586 1585/1585/1585 1587/1587/1587
f 1585/1585/1585 1582/1582/1582 1577/1577/1577
f 2355/2355/2355 2437/2437/2437 2433/2433/2433
f 3915/3915/3915 3893/3893/3893 3921/3921/3921
f 3921/3921/3921 3893/3893/3893 3631/3631/3631
f 1273/1273/1273 1272/1272/1272 1274/1274/1274
f 1274/1274/1274 1272/1272/1272 1280/1280/1280
f 3237/3237/3237 3239/3239/3239 3238/3238/3238
f 1021/1021/1021 1253/1253/1253 1254/1254/1254
f 972/972/972 1020/1020/1020 973/973/973
f 2424/2424/2424 2398/2398/2398 2400/2400/2400
f 933/933/933 936/936/936 934/934/934
f 2400/2400/2400 2398/2398/2398 2396/2396/2396
f 2400/2400/2400 2396/2396/2396 2395/2395/2395
f 941/941/941 940/940/940 943/943/943
f 1156/1156/1156 1143/1143/1143 1154/1154/1154
f 1531/1531/1531 1529/1529/1529 1577/1577/1577
f 1617/1617/1617 1621/1621/1621 1619/1619/1619
f 2347/2347/2347 2346/2346/2346 2348/2348/2348
f 2348/2348/2348 2346/2346/2346 2413/2413/2413
f 2348/2348/2348 2413/2413/2413 2355/2355/2355
f 4039/4039/4039 4072/4072/4072 4089/4089/4089
f 2435/2435/2435 2457/2457/2457 2424/2424/2424
f 1147/1147/1147 942/942/942 944/944/944
f 2395/2395/2395 2396/2396/2396 2393/2393/2393
f 1491/1491/1491 1490/1490/1490 1485/1485/1485
f 279/279/279 283/283/283 282/282/282
f 1274/1274/1274 1280/1280/1280 1276/1276/1276
f 973/973/973 1020/1020/1020 1021/1021/1021
f 2435/2435/2435 2424/2424/2424 2426/2426/2426
f 2426/2426/2426 2424/2424/2424 2400/2400/2400
f 939/939/939 933/933/933 932/932/932
f 940/940/940 938/938/938 950/950/950
f 950/950/950 938/938/938 939/939/939
f 944/944/944 942/942/942 943/943/943
f 1154/1154/1154 1143/1143/1143 1144/1144/1144
f 1587/1587/1587 1585/1585/1585 1577/1577/1577
f 2353/2353/2353 2393/2393/2393 2349/2349/2349
f 3631/3631/3631 3622/3622/3622 3619/3619/3619
f 3619/3619/3619 3622/3622/3622 3617/3617/3617
f 1587/1587/1587 1577/1577/1577 1584/1584/1584
f 1640/1640/1640 1622/1622/1622 1616/1616/1616
f 1617/1617/1617 1619/1619/1619 1586/1586/1586
f 1600/1600/1600 1586/1586/1586 1587/1587/1587
f 2349/2349/2349 2347/2347/2347 2348/2348/2348
f 2354/2354/2354 2355/2355/2355 2433/2433/2433
f 4045/4045/4045 3915/3915/3915 4051/4051/4051
f 4051/4051/4051 3915/3915/3915 3921/3921/3921
f 3619/3619/3619 3617/3617/3617 3618/3618/3618
f 3619/3619/3619 3618/3618/3618 3620/3620/3620
f 3318/3318/3318 3319/3319/3319 3309/3309/3309
f 3983/3983/3983 3982/3982/3982 3984/3984/3984
f 1280/1280/1280 1283/1283/1283 1279/1279/1279
f 1252/1252/1252 1266/1266/1266 1264/1264/1264
f 1254/1254/1254 1252/1252/1252 1255/1255/1255
f 927/927/927 935/935/935 975/975/975
f 928/928/928 934/934/934 935/935/935
f 1144/1144/1144 1145/1145/1145 1146/1146/1146
f 1182/1182/1182 1156/1156/1156 1181/1181/1181
f 1181/1181/1181 1156/1156/1156 1165/1165/1165
f 2395/2395/2395 2393/2393/2393 2353/2353/2353
f 1576/1576/1576 1577/1577/1577 1529/1529/1529
f 1529/1529/1529 1491/1491/1491 1499/1499/1499
f 3922/3922/3922 3921/3921/3921 3631/3631/3631
f 3984/3984/3984 3982/3982/3982 4039/4039/4039
f 4084/4084/4084 4015/4015/4015 4005/4005/4005
f 1276/1276/1276 1280/1280/1280 1279/1279/1279
f 1279/1279/1279 1310/1310/1310 1278/1278/1278
f 1266/1266/1266 1268/1268/1268 1265/1265/1265
f 1265/1265/1265 1268/1268/1268 1273/1273/1273
f 1255/1255/1255 1252/1252/1252 1264/1264/1264
f 2401/2401/2401 2426/2426/2426 2400/2400/2400
f 933/933/933 934/934/934 928/928/928
f 2400/2400/2400 2395/2395/2395 2366/2366/2366
f 1145/1145/1145 1148/1148/1148 1147/1147/1147
f 1485/1485/1485 1182/1182/1182 1181/1181/1181
f 1181/1181/1181 1165/1165/1165 1180/1180/1180
f 1576/1576/1576 1529/1529/1529 1499/1499/1499
f 1617/1617/1617 1586/1586/1586 1600/1600/1600
f 2348/2348/2348 2355/2355/2355 2354/2354/2354
f 3922/3922/3922 3631/3631/3631 3630/3630/3630
f 3627/3627/3627 3631/3631/3631 3619/3619/3619
f 3984/3984/3984 4039/4039/4039 4089/4089/4089
f 3984/3984/3984 4089/4089/4089 4122/4122/4122
f 1278/1278/1278 1310/1310/1310 1648/1648/1648
f 3242/3242/3242 3238/3238/3238 3245/3245/3245
f 970/970/970 971/971/971 972/972/972
f 2401/2401/2401 2400/2400/2400 2366/2366/2366
f 927/927/927 928/928/928 935/935/935
f 1491/1491/1491 1485/1485/1485 1484/1484/1484
f 1577/1577/1577 1576/1576/1576 1578/1578/1578
f 2351/2351/2351 2349/2349/2349 2348/2348/2348
f 2351/2351/2351 2348/2348/2348 2354/2354/2354
f 2354/2354/2354 2433/2433/2433 2384/2384/2384
f 2384/2384/2384 2433/2433/2433 2466/2466/2466
f 57/57/57 377/377/377 58/58/58
f 4000/4000/4000 4084/4084/4084 4005/4005/4005
f 1278/1278/1278 1648/1648/1648 1647/1647/1647
f 1647/1647/1647 1648/1648/1648 1722/1722/1722
f 3235/3235/3235 3237/3237/3237 3236/3236/3236
f 1263/1263/1263 1265/1265/1265 1273/1273/1273
f 1264/1264/1264 1266/1266/1266 1265/1265/1265
f 927/927/927 975/975/975 926/926/926
f 2366/2366/2366 2395/2395/2395 2353/2353/2353
f 1180/1180/1180 1165/1165/1165 1154/1154/1154
f 1180/1180/1180 1154/1154/1154 1155/1155/1155
f 1499/1499/1499 1491/1491/1491 1484/1484/1484
f 1578/1578/1578 1584/1584/1584 1577/1577/1577
f 1687/1687/1687 1686/1686/1686 1640/1640/1640
f 1616/1616/1616 1622/1622/1622 1621/1621/1621
f 2352/2352/2352 2349/2349/2349 2351/2351/2351
f 3630/3630/3630 3631/3631/3631 3627/3627/3627
f 3317/3317/3317 3318/3318/3318 3309/3309/3309
f 706/706/706 705/705/705 708/708/708
f 3983/3983/3983 3984/3984/3984 3985/3985/3985
f 1263/1263/1263 1273/1273/1273 1275/1275/1275
f 1275/1275/1275 1273/1273/1273 1274/1274/1274
f 1019/1019/1019 1021/1021/1021 1254/1254/1254
f 970/970/970 972/972/972 973/973/973
f 932/932/932 933/933/933 928/928/928
f 943/943/943 940/940/940 946/946/946
f 1155/1155/1155 1154/1154/1154 1144/1144/1144
f 1155/1155/1155 1144/1144/1144 1146/1146/1146
f 1600/1600/1600 1587/1587/1587 1584/1584/1584
f 2353/2353/2353 2349/2349/2349 2352/2352/2352
f 2353/2353/2353 2352/2352/2352 2357/2357/2357
f 2351/2351/2351 2354/2354/2354 2384/2384/2384
f 3317/3317/3317 3309/3309/3309 3308/3308/3308
f 3986/3986/3986 3983/3983/3983 3985/3985/3985
f 3985/3985/3985 3984/3984/3984 4007/4007/4007
f 4005/4005/4005 3983/3983/3983 3986/3986/3986
f 1276/1276/1276 1279/1279/1279 1278/1278/1278
f 1259/1259/1259 1255/1255/1255 1264/1264/1264
f 1019/1019/1019 1254/1254/1254 1255/1255/1255
f 2389/2389/2389 2436/2436/2436 2401/2401/2401
f 2389/2389/2389 2401/2401/2401 2366/2366/2366
f 950/950/950 939/939/939 948/948/948
f 1578/1578/1578 1576/1576/1576 1579/1579/1579
f 1579/1579/1579 1576/1576/1576 1499/1499/1499
f 2356/2356/2356 2352/2352/2352 2351/2351/2351
f 3308/3308/3308 3309/3309/3309 3307/3307/3307
f 4007/4007/4007 3984/3984/3984 4122/4122/4122
f 973/973/973 1021/1021/1021 1019/1019/1019
f 2389/2389/2389 2366/2366/2366 2367/2367/2367
f 2367/2367/2367 2366/2366/2366 2365/2365/2365
f 923/923/923 928/928/928 927/927/927
f 939/939/939 932/932/932 929/929/929
f 946/946/946 940/940/940 950/950/950
f 2366/2366/2366 2353/2353/2353 2357/2357/2357
f 2365/2365/2365 2366/2366/2366 2357/2357/2357
f 1146/1146/1146 1145/1145/1145 1147/1147/1147
f 2356/2356/2356 2357/2357/2357 2352/2352/2352
f 2358/2358/2358 2351/2351/2351 2359/2359/2359
f 2359/2359/2359 2351/2351/2351 2384/2384/2384
f 2359/2359/2359 2384/2384/2384 2466/2466/2466
f 3923/3923/3923 3921/3921/3921 3922/3922/3922
f 1259/1259/1259 1264/1264/1264 1263/1263/1263
f 1264/1264/1264 1265/1265/1265 1263/1263/1263
f 2427/2427/2427 2389/2389/2389 2367/2367/2367
f 968/968/968 970/970/970 973/973/973
f 948/948/948 939/939/939 929/929/929
f 1616/1616/1616 1621/1621/1621 1617/1617/1617
f 2356/2356/2356 2351/2351/2351 2358/2358/2358
f 2359/2359/2359 2466/2466/2466 2465/2465/2465
f 4073/4073/4073 4051/4051/4051 3921/3921/3921
f 4073/4073/4073 3921/3921/3921 4026/4026/4026
f 4026/4026/4026 3921/3921/3921 3923/3923/3923
f 4000/4000/4000 4005/4005/4005 3986/3986/3986
f 1275/1275/1275 1274/1274/1274 1276/1276/1276
f 973/973/973 1019/1019/1019 974/974/974
f 925/925/925 926/926/926 967/967/967
f 966/966/966 967/967/967 970/970/970
f 929/929/929 932/932/932 928/928/928
f 945/945/945 944/944/944 943/943/943
f 1484/1484/1484 1485/1485/1485 1181/1181/1181
f 1581/1581/1581 1584/1584/1584 1578/1578/1578
f 1617/1617/1617 1600/1600/1600 1618/1618/1618
f 1019/1019/1019 1255/1255/1255 1256/1256/1256
f 1256/1256/1256 1255/1255/1255 1259/1259/1259
f 925/925/925 967/967/967 966/966/966
f 927/927/927 926/926/926 924/924/924
f 929/929/929 928/928/928 923/923/923
f 946/946/946 950/950/950 948/948/948
f 1155/1155/1155 1146/1146/1146 1150/1150/1150
f 1580/1580/1580 1578/1578/1578 1579/1579/1579
f 1618/1618/1618 1600/1600/1600 1601/1601/1601
f 1601/1601/1601 1600/1600/1600 1584/1584/1584
f 1601/1601/1601 1584/1584/1584 1581/1581/1581
f 3627/3627/3627 3619/3619/3619 3621/3621/3621
f 3621/3621/3621 3619/3619/3619 3620/3620/3620
f 3985/3985/3985 4007/4007/4007 3987/3987/3987
f 4000/4000/4000 3986/3986/3986 3999/3999/3999
f 4507/4507/4507 4502/4502/4502 4506/4506/4506
f 974/974/974 1019/1019/1019 1257/1257/1257
f 924/924/924 926/926/926 925/925/925
f 929/929/929 923/923/923 922/922/922
f 1500/1500/1500 1499/1499/1499 1484/1484/1484
f 1615/1615/1615 1616/1616/1616 1617/1617/1617
f 2358/2358/2358 2359/2359/2359 2385/2385/2385
f 2385/2385/2385 2359/2359/2359 2388/2388/2388
f 2388/2388/2388 2359/2359/2359 2465/2465/2465
f 3626/3626/3626 3630/3630/3630 3627/3627/3627
f 1278/1278/1278 1647/1647/1647 1323/1323/1323
f 1323/1323/1323 1647/1647/1647 1722/1722/1722
f 1259/1259/1259 1263/1263/1263 1262/1262/1262
f 2410/2410/2410 2427/2427/2427 2367/2367/2367
f 966/966/966 970/970/970 968/968/968
f 974/974/974 968/968/968 973/973/973
f 2367/2367/2367 2365/2365/2365 2368/2368/2368
f 947/947/947 946/946/946 948/948/948
f 949/949/949 948/948/948 929/929/929
f 1477/1477/1477 1155/1155/1155 1150/1150/1150
f 1481/1481/1481 1181/1181/1181 1180/1180/1180
f 1505/1505/1505 1581/1581/1581 1578/1578/1578
f 1505/1505/1505 1578/1578/1578 1580/1580/1580
f 1687/1687/1687 1640/1640/1640 1641/1641/1641
f 3305/3305/3305 3308/3308/3308 3307/3307/3307
f 551/551/551 552/552/552 112/112/112
f 3117/3117/3117 3121/3121/3121 3190/3190/3190
f 1260/1260/1260 1259/1259/1259 1262/1262/1262
f 1256/1256/1256 1257/1257/1257 1019/1019/1019
f 2410/2410/2410 2367/2367/2367 2368/2368/2368
f 923/923/923 927/927/927 924/924/924
f 949/949/949 929/929/929 930/930/930
f 947/947/947 948/948/948 949/949/949
f 2361/2361/2361 2365/2365/2365 2357/2357/2357
f 1150/1150/1150 1146/1146/1146 1149/1149/1149
f 1146/1146/1146 1147/1147/1147 1149/1149/1149
f 1183/1183/1183 1180/1180/1180 1155/1155/1155
f 2361/2361/2361 2357/2357/2357 2360/2360/2360
f 1579/1579/1579 1499/1499/1499 1500/1500/1500
f 1505/1505/1505 1601/1601/1601 1581/1581/1581
f 4073/4073/4073 4026/4026/4026 4038/4038/4038
f 4127/4127/4127 4073/4073/4073 4038/4038/4038
f 4038/4038/4038 4026/4026/4026 3923/3923/3923
f 3922/3922/3922 3630/3630/3630 3626/3626/3626
f 3621/3621/3621 3620/3620/3620 3623/3623/3623
f 3623/3623/3623 3620/3620/3620 3633/3633/3633
f 3623/3623/3623 3633/3633/3633 3634/3634/3634
f 3989/3989/3989 3999/3999/3999 3986/3986/3986
f 1276/1276/1276 1278/1278/1278 1277/1277/1277
f 3236/3236/3236 3242/3242/3242 3243/3243/3243
f 2368/2368/2368 2365/2365/2365 2361/2361/2361
f 930/930/930 929/929/929 922/922/922
f 1147/1147/1147 944/944/944 951/951/951
f 944/944/944 945/945/945 951/951/951
f 1183/1183/1183 1155/1155/1155 1477/1477/1477
f 1580/1580/1580 1579/1579/1579 1500/1500/1500
f 1615/1615/1615 1617/1617/1617 1618/1618/1618
f 2360/2360/2360 2357/2357/2357 2356/2356/2356
f 3987/3987/3987 4007/4007/4007 4070/4070/4070
f 3116/3116/3116 3117/3117/3117 3190/3190/3190
f 4093/4093/4093 3999/3999/3999 3989/3989/3989
f 1277/1277/1277 1278/1278/1278 1323/1323/1323
f 1323/1323/1323 1722/1722/1722 1721/1721/1721
f 3235/3235/3235 3236/3236/3236 3233/3233/3233
f 3234/3234/3234 3235/3235/3235 3233/3233/3233
f 3233/3233/3233 3236/3236/3236 3243/3243/3243
f 1256/1256/1256 1259/1259/1259 1260/1260/1260
f 969/969/969 974/974/974 1257/1257/1257
f 945/945/945 943/943/943 946/946/946
f 1149/1149/1149 1147/1147/1147 951/951/951
f 1481/1481/1481 1180/1180/1180 1183/1183/1183
f 1481/1481/1481 1484/1484/1484 1181/1181/1181
f 2363/2363/2363 2356/2356/2356 2358/2358/2358
f 3626/3626/3626 3627/3627/3627 3621/3621/3621
f 4004/4004/4004 3987/3987/3987 4070/4070/4070
f 3988/3988/3988 3989/3989/3989 3986/3986/3986
f 3988/3988/3988 3986/3986/3986 3987/3987/3987
f 1262/1262/1262 1263/1263/1263 1045/1045/1045
f 1045/1045/1045 1263/1263/1263 1275/1275/1275
f 968/968/968 974/974/974 969/969/969
f 945/945/945 946/946/946 947/947/947
f 1612/1612/1612 1618/1618/1618 1601/1601/1601
f 2360/2360/2360 2356/2356/2356 2362/2362/2362
f 2385/2385/2385 2388/2388/2388 2462/2462/2462
f 925/925/925 966/966/966 916/916/916
f 922/922/922 923/923/923 919/919/919
f 919/919/919 923/923/923 924/924/924
f 1149/1149/1149 951/951/951 1152/1152/1152
f 2369/2369/2369 2361/2361/2361 2360/2360/2360
f 1505/1505/1505 1580/1580/1580 1502/1502/1502
f 1641/1641/1641 1640/1640/1640 1616/1616/1616
f 2081/2081/2081 2114/2114/2114 2089/2089/2089
f 2363/2363/2363 2358/2358/2358 2364/2364/2364
f 2364/2364/2364 2358/2358/2358 2385/2385/2385
f 1046/1046/1046 1276/1276/1276 1277/1277/1277
f 1046/1046/1046 1275/1275/1275 1276/1276/1276
f 4508/4508/4508 4507/4507/4507 4506/4506/4506
f 1256/1256/1256 1260/1260/1260 1261/1261/1261
f 925/925/925 916/916/916 924/924/924
f 2368/2368/2368 2361/2361/2361 2369/2369/2369
f 1503/1503/1503 1505/1505/1505 1502/1502/1502
f 1688/1688/1688 1687/1687/1687 1641/1641/1641
f 1612/1612/1612 1615/1615/1615 1618/1618/1618
f 1607/1607/1607 1601/1601/1601 1505/1505/1505
f 2362/2362/2362 2356/2356/2356 2363/2363/2363
f 2364/2364/2364 2385/2385/2385 2462/2462/2462
f 3990/3990/3990 3988/3988/3988 3987/3987/3987
f 3989/3989/3989 3988/3988/3988 3990/3990/3990
f 1045/1045/1045 1275/1275/1275 1046/1046/1046
f 2410/2410/2410 2368/2368/2368 2405/2405/2405
f 966/966/966 968/968/968 911/911/911
f 1150/1150/1150 1149/1149/1149 1151/1151/1151
f 1476/1476/1476 1477/1477/1477 1150/1150/1150
f 1479/1479/1479 1183/1183/1183 1477/1477/1477
f 2369/2369/2369 2360/2360/2360 2372/2372/2372
f 1500/1500/1500 1502/1502/1502 1580/1580/1580
f 1641/1641/1641 1616/1616/1616 1614/1614/1614
f 1614/1614/1614 1616/1616/1616 1615/1615/1615
f 1671/1671/1671 1612/1612/1612 1601/1601/1601
f 1671/1671/1671 1601/1601/1601 1607/1607/1607
f 4093/4093/4093 3989/3989/3989 3991/3991/3991
f 3991/3991/3991 3989/3989/3989 3990/3990/3990
f 1261/1261/1261 1260/1260/1260 1262/1262/1262
f 911/911/911 969/969/969 1257/1257/1257
f 968/968/968 969/969/969 911/911/911
f 1476/1476/1476 1150/1150/1150 1151/1151/1151
f 2360/2360/2360 2362/2362/2362 2372/2372/2372
f 1607/1607/1607 1505/1505/1505 1571/1571/1571
f 3305/3305/3305 3307/3307/3307 3306/3306/3306
f 1258/1258/1258 1257/1257/1257 1256/1256/1256
f 913/913/913 916/916/916 966/966/966
f 966/966/966 911/911/911 913/913/913
f 919/919/919 924/924/924 917/917/917
f 958/958/958 947/947/947 949/949/949
f 949/949/949 930/930/930 931/931/931
f 945/945/945 947/947/947 958/958/958
f 960/960/960 945/945/945 958/958/958
f 1151/1151/1151 1149/1149/1149 1152/1152/1152
f 1477/1477/1477 1476/1476/1476 1478/1478/1478
f 1479/1479/1479 1477/1477/1477 1478/1478/1478
f 1571/1571/1571 1505/1505/1505 1503/1503/1503
f 2364/2364/2364 2462/2462/2462 2456/2456/2456
f 4017/4017/4017 4038/4038/4038 3923/3923/3923
f 3923/3923/3923 3922/3922/3922 3924/3924/3924
f 2468/2468/2468 2405/2405/2405 2383/2383/2383
f 2405/2405/2405 2368/2368/2368 2383/2383/2383
f 917/917/917 924/924/924 916/916/916
f 2368/2368/2368 2369/2369/2369 2377/2377/2377
f 958/958/958 949/949/949 931/931/931
f 1482/1482/1482 1481/1481/1481 1480/1480/1480
f 1480/1480/1480 1481/1481/1481 1479/1479/1479
f 1614/1614/1614 1615/1615/1615 1611/1611/1611
f 4017/4017/4017 3923/3923/3923 3924/3924/3924
f 3922/3922/3922 3626/3626/3626 3924/3924/3924
f 3231/3231/3231 3233/3233/3233 3243/3243/3243
f 1040/1040/1040 1262/1262/1262 1045/1045/1045
f 1258/1258/1258 1256/1256/1256 1041/1041/1041
f 1041/1041/1041 1256/1256/1256 1261/1261/1261
f 2383/2383/2383 2368/2368/2368 2377/2377/2377
f 920/920/920 922/922/922 919/919/919
f 930/930/930 920/920/920 931/931/931
f 951/951/951 945/945/945 960/960/960
f 1482/1482/1482 1484/1484/1484 1481/1481/1481
f 1502/1502/1502 1500/1500/1500 1501/1501/1501
f 1500/1500/1500 1484/1484/1484 1482/1482/1482
f 3924/3924/3924 3626/3626/3626 3629/3629/3629
f 4004/4004/4004 4070/4070/4070 4032/4032/4032
f 4032/4032/4032 4070/4070/4070 4115/4115/4115
f 3231/3231/3231 3243/3243/3243 3274/3274/3274
f 1261/1261/1261 1262/1262/1262 1040/1040/1040
f 1042/1042/1042 1257/1257/1257 1258/1258/1258
f 2446/2446/2446 2468/2468/2468 2383/2383/2383
f 1152/1152/1152 951/951/951 961/961/961
f 1501/1501/1501 1500/1500/1500 1482/1482/1482
f 1503/1503/1503 1502/1502/1502 1501/1501/1501
f 1611/1611/1611 1615/1615/1615 1612/1612/1612
f 1571/1571/1571 1503/1503/1503 1504/1504/1504
f 2363/2363/2363 2364/2364/2364 2387/2387/2387
f 2390/2390/2390 2364/2364/2364 2456/2456/2456
f 4032/4032/4032 4115/4115/4115 4094/4094/4094
f 1323/1323/1323 1721/1721/1721 1606/1606/1606
f 1606/1606/1606 1721/1721/1721 1731/1731/1731
f 919/919/919 917/917/917 918/918/918
f 961/961/961 951/951/951 960/960/960
f 1480/1480/1480 1479/1479/1479 1478/1478/1478
f 2377/2377/2377 2369/2369/2369 2372/2372/2372
f 1504/1504/1504 1503/1503/1503 1501/1501/1501
f 1671/1671/1671 1607/1607/1607 1609/1609/1609
f 2387/2387/2387 2364/2364/2364 2390/2390/2390
f 3304/3304/3304 3305/3305/3305 3306/3306/3306
f 4003/4003/4003 4004/4004/4004 4032/4032/4032
f 1277/1277/1277 1323/1323/1323 1324/1324/1324
f 1324/1324/1324 1323/1323/1323 1606/1606/1606
f 1325/1325/1325 1046/1046/1046 1277/1277/1277
f 1040/1040/1040 1045/1045/1045 1039/1039/1039
f 913/913/913 911/911/911 910/910/910
f 917/917/917 916/916/916 915/915/915
f 920/920/920 919/919/919 918/918/918
f 921/921/921 931/931/931 920/920/920
f 959/959/959 958/958/958 931/931/931
f 1476/1476/1476 1151/1151/1151 1475/1475/1475
f 1478/1478/1478 1476/1476/1476 1475/1475/1475
f 2377/2377/2377 2372/2372/2372 2373/2373/2373
f 1609/1609/1609 1607/1607/1607 1571/1571/1571
f 3626/3626/3626 3621/3621/3621 3624/3624/3624
f 3990/3990/3990 4004/4004/4004 4003/4003/4003
f 3994/3994/3994 3990/3990/3990 4003/4003/4003
f 1044/1044/1044 1046/1046/1046 1325/1325/1325
f 1044/1044/1044 1045/1045/1045 1046/1046/1046
f 1261/1261/1261 1040/1040/1040 1041/1041/1041
f 911/911/911 1257/1257/1257 912/912/912
f 912/912/912 1257/1257/1257 1042/1042/1042
f 2446/2446/2446 2383/2383/2383 2378/2378/2378
f 2383/2383/2383 2377/2377/2377 2378/2378/2378
f 921/921/921 920/920/920 918/918/918
f 918/918/918 917/917/917 915/915/915
f 959/959/959 931/931/931 921/921/921
f 960/960/960 958/958/958 959/959/959
f 1151/1151/1151 1152/1152/1152 961/961/961
f 1612/1612/1612 1671/1671/1671 1609/1609/1609
f 3629/3629/3629 3626/3626/3626 3624/3624/3624
f 4092/4092/4092 4093/4093/4093 3991/3991/3991
f 3991/3991/3991 3990/3990/3990 3992/3992/3992
f 3229/3229/3229 3231/3231/3231 3230/3230/3230
f 1039/1039/1039 1045/1045/1045 1044/1044/1044
f 1042/1042/1042 1258/1258/1258 1041/1041/1041
f 914/914/914 913/913/913 910/910/910
f 910/910/910 911/911/911 912/912/912
f 915/915/915 916/916/916 913/913/913
f 915/915/915 913/913/913 914/914/914
f 1507/1507/1507 1571/1571/1571 1504/1504/1504
f 2390/2390/2390 2456/2456/2456 2449/2449/2449
f 4016/4016/4016 4017/4017/4017 3924/3924/3924
f 3624/3624/3624 3621/3621/3621 3623/3623/3623
f 3304/3304/3304 3306/3306/3306 3310/3310/3310
f 1606/1606/1606 1731/1731/1731 1728/1728/1728
f 3228/3228/3228 3229/3229/3229 3230/3230/3230
f 1480/1480/1480 1478/1478/1478 1506/1506/1506
f 1504/1504/1504 1501/1501/1501 1508/1508/1508
f 1609/1609/1609 1571/1571/1571 1507/1507/1507
f 2372/2372/2372 2362/2362/2362 2370/2370/2370
f 4016/4016/4016 3924/3924/3924 3925/3925/3925
f 2091/2091/2091 2089/2089/2089 2098/2098/2098
f 1041/1041/1041 1040/1040/1040 1034/1034/1034
f 1034/1034/1034 1040/1040/1040 1039/1039/1039
f 1473/1473/1473 961/961/961 960/960/960
f 1475/1475/1475 1151/1151/1151 1474/1474/1474
f 1482/1482/1482 1480/1480/1480 1483/1483/1483
f 1688/1688/1688 1641/1641/1641 1642/1642/1642
f 2370/2370/2370 2362/2362/2362 2363/2363/2363
f 3624/3624/3624 3623/3623/3623 3625/3625/3625
f 3623/3623/3623 3634/3634/3634 3635/3635/3635
f 3625/3625/3625 3623/3623/3623 3635/3635/3635
f 3302/3302/3302 3305/3305/3305 3304/3304/3304
f 661/661/661 662/662/662 652/652/652
f 3994/3994/3994 4003/4003/4003 4006/4006/4006
f 4092/4092/4092 3991/3991/3991 3993/3993/3993
f 3993/3993/3993 3991/3991/3991 3992/3992/3992
f 1042/1042/1042 1041/1041/1041 1031/1031/1031
f 912/912/912 1042/1042/1042 1025/1025/1025
f 964/964/964 914/914/914 910/910/910
f 918/918/918 915/915/915 1007/1007/1007
f 1009/1009/1009 921/921/921 918/918/918
f 1014/1014/1014 960/960/960 959/959/959
f 2378/2378/2378 2377/2377/2377 2373/2373/2373
f 1474/1474/1474 1151/1151/1151 961/961/961
f 1501/1501/1501 1482/1482/1482 1483/1483/1483
f 1680/1680/1680 1688/1688/1688 1642/1642/1642
f 1614/1614/1614 1611/1611/1611 1613/1613/1613
f 2370/2370/2370 2363/2363/2363 2371/2371/2371
f 4006/4006/4006 4003/4003/4003 4032/4032/4032
f 1031/1031/1031 1041/1041/1041 1034/1034/1034
f 1007/1007/1007 915/915/915 914/914/914
f 1010/1010/1010 959/959/959 921/921/921
f 1517/1517/1517 1478/1478/1478 1475/1475/1475
f 1483/1483/1483 1480/1480/1480 1506/1506/1506
f 1642/1642/1642 1614/1614/1614 1613/1613/1613
f 1507/1507/1507 1504/1504/1504 1508/1508/1508
f 1611/1611/1611 1612/1612/1612 1609/1609/1609
f 2371/2371/2371 2363/2363/2363 2387/2387/2387
f 3925/3925/3925 3924/3924/3924 3629/3629/3629
f 3925/3925/3925 3629/3629/3629 3628/3628/3628
f 1025/1025/1025 1042/1042/1042 1031/1031/1031
f 2431/2431/2431 2446/2446/2446 2378/2378/2378
f 2431/2431/2431 2378/2378/2378 2379/2379/2379
f 1014/1014/1014 959/959/959 1010/1010/1010
f 1506/1506/1506 1478/1478/1478 1517/1517/1517
f 1508/1508/1508 1501/1501/1501 1511/1511/1511
f 2373/2373/2373 2372/2372/2372 2370/2370/2370
f 1613/1613/1613 1611/1611/1611 1608/1608/1608
f 1611/1611/1611 1609/1609/1609 1608/1608/1608
f 3629/3629/3629 3624/3624/3624 3628/3628/3628
f 965/965/965 914/914/914 964/964/964
f 1009/1009/1009 918/918/918 1008/1008/1008
f 1009/1009/1009 1010/1010/1010 921/921/921
f 1473/1473/1473 960/960/960 1014/1014/1014
f 1642/1642/1642 1641/1641/1641 1614/1614/1614
f 1610/1610/1610 1609/1609/1609 1507/1507/1507
f 1608/1608/1608 1609/1609/1609 1610/1610/1610
f 3628/3628/3628 3624/3624/3624 3625/3625/3625
f 2198/2198/2198 2113/2113/2113 2180/2180/2180
f 4006/4006/4006 4032/4032/4032 4049/4049/4049
f 4049/4049/4049 4032/4032/4032 4094/4094/4094
f 1326/1326/1326 1324/1324/1324 1606/1606/1606
f 3228/3228/3228 3230/3230/3230 3232/3232/3232
f 3232/3232/3232 3230/3230/3230 3250/3250/3250
f 1007/1007/1007 914/914/914 965/965/965
f 1011/1011/1011 1009/1009/1009 1008/1008/1008
f 2379/2379/2379 2378/2378/2378 2376/2376/2376
f 1517/1517/1517 1475/1475/1475 1518/1518/1518
f 1518/1518/1518 1475/1475/1475 1474/1474/1474
f 2374/2374/2374 2373/2373/2373 2370/2370/2370
f 2375/2375/2375 2370/2370/2370 2371/2371/2371
f 2387/2387/2387 2390/2390/2390 2386/2386/2386
f 2390/2390/2390 2449/2449/2449 2391/2391/2391
f 4071/4071/4071 4016/4016/4016 3925/3925/3925
f 658/658/658 651/651/651 655/655/655
f 3992/3992/3992 3994/3994/3994 3995/3995/3995
f 3995/3995/3995 3994/3994/3994 4006/4006/4006
f 3997/3997/3997 3993/3993/3993 3992/3992/3992
f 1039/1039/1039 1044/1044/1044 1043/1043/1043
f 1027/1027/1027 1025/1025/1025 1031/1031/1031
f 1027/1027/1027 1031/1031/1031 1034/1034/1034
f 1022/1022/1022 912/912/912 1025/1025/1025
f 964/964/964 910/910/910 912/912/912
f 965/965/965 964/964/964 1002/1002/1002
f 2376/2376/2376 2378/2378/2378 2373/2373/2373
f 1013/1013/1013 1014/1014/1014 1010/1010/1010
f 1474/1474/1474 961/961/961 1473/1473/1473
f 2371/2371/2371 2387/2387/2387 2386/2386/2386
f 3925/3925/3925 3628/3628/3628 3926/3926/3926
f 2216/2216/2216 2198/2198/2198 2180/2180/2180
f 3996/3996/3996 3997/3997/3997 3992/3992/3992
f 1325/1325/1325 1324/1324/1324 1326/1326/1326
f 1606/1606/1606 1728/1728/1728 1652/1652/1652
f 1043/1043/1043 1044/1044/1044 1325/1325/1325
f 3266/3266/3266 3228/3228/3228 3232/3232/3232
f 1037/1037/1037 1039/1039/1039 1043/1043/1043
f 2431/2431/2431 2379/2379/2379 2402/2402/2402
f 964/964/964 912/912/912 1022/1022/1022
f 1523/1523/1523 1473/1473/1473 1014/1014/1014
f 1512/1512/1512 1511/1511/1511 1501/1501/1501
f 1512/1512/1512 1501/1501/1501 1483/1483/1483
f 2374/2374/2374 2370/2370/2370 2375/2375/2375
f 2386/2386/2386 2390/2390/2390 2391/2391/2391
f 3928/3928/3928 3925/3925/3925 3926/3926/3926
f 3303/3303/3303 3304/3304/3304 3310/3310/3310
f 4006/4006/4006 4049/4049/4049 4048/4048/4048
f 3104/3104/3104 3155/3155/3155 3103/3103/3103
f 1034/1034/1034 1039/1039/1039 1037/1037/1037
f 1025/1025/1025 1027/1027/1027 1026/1026/1026
f 1012/1012/1012 1010/1010/1010 1009/1009/1009
f 1521/1521/1521 1473/1473/1473 1522/1522/1522
f 1522/1522/1522 1473/1473/1473 1523/1523/1523
f 1474/1474/1474 1473/1473/1473 1521/1521/1521
f 1510/1510/1510 1508/1508/1508 1511/1511/1511
f 1507/1507/1507 1508/1508/1508 1509/1509/1509
f 1509/1509/1509 1508/1508/1508 1510/1510/1510
f 1610/1610/1610 1507/1507/1507 1509/1509/1509
f 3632/3632/3632 3625/3625/3625 3635/3635/3635
f 4048/4048/4048 4049/4049/4049 4091/4091/4091
f 3996/3996/3996 3992/3992/3992 3995/3995/3995
f 1022/1022/1022 1025/1025/1025 1026/1026/1026
f 2412/2412/2412 2431/2431/2431 2402/2402/2402
f 1002/1002/1002 964/964/964 1022/1022/1022
f 2402/2402/2402 2379/2379/2379 2376/2376/2376
f 1003/1003/1003 1007/1007/1007 965/965/965
f 1008/1008/1008 1007/1007/1007 1003/1003/1003
f 1013/1013/1013 1010/1010/1010 1012/1012/1012
f 2376/2376/2376 2373/2373/2373 2374/2374/2374
f 1514/1514/1514 1506/1506/1506 1517/1517/1517
f 1483/1483/1483 1506/1506/1506 1514/1514/1514
f 1680/1680/1680 1642/1642/1642 1643/1643/1643
f 2375/2375/2375 2371/2371/2371 2381/2381/2381
f 2371/2371/2371 2386/2386/2386 2381/2381/2381
f 4071/4071/4071 3925/3925/3925 3928/3928/3928
f 3926/3926/3926 3628/3628/3628 3927/3927/3927
f 3302/3302/3302 3304/3304/3304 3303/3303/3303
f 4002/4002/4002 4006/4006/4006 4048/4048/4048
f 4042/4042/4042 3996/3996/3996 3998/3998/3998
f 3998/3998/3998 3996/3996/3996 3995/3995/3995
f 3995/3995/3995 4006/4006/4006 4002/4002/4002
f 1035/1035/1035 1034/1034/1034 1037/1037/1037
f 1024/1024/1024 1022/1022/1022 1026/1026/1026
f 1012/1012/1012 1009/1009/1009 1011/1011/1011
f 1513/1513/1513 1483/1483/1483 1514/1514/1514
f 2392/2392/2392 2386/2386/2386 2391/2391/2391
f 2392/2392/2392 2391/2391/2391 2484/2484/2484
f 3636/3636/3636 3632/3632/3632 3635/3635/3635
f 3232/3232/3232 3250/3250/3250 3264/3264/3264
f 1027/1027/1027 1034/1034/1034 1035/1035/1035
f 1011/1011/1011 1008/1008/1008 1003/1003/1003
f 1517/1517/1517 1518/1518/1518 1516/1516/1516
f 1514/1514/1514 1517/1517/1517 1516/1516/1516
f 1512/1512/1512 1483/1483/1483 1513/1513/1513
f 1642/1642/1642 1613/1613/1613 1643/1643/1643
f 1643/1643/1643 1613/1613/1613 1644/1644/1644
f 1613/1613/1613 1608/1608/1608 1644/1644/1644
f 1645/1645/1645 1608/1608/1608 1610/1610/1610
f 1646/1646/1646 1610/1610/1610 1509/1509/1509
f 2380/2380/2380 2374/2374/2374 2375/2375/2375
f 2380/2380/2380 2375/2375/2375 2381/2381/2381
f 2392/2392/2392 2484/2484/2484 2482/2482/2482
f 3947/3947/3947 3928/3928/3928 3926/3926/3926
f 3303/3303/3303 3310/3310/3310 3330/3330/3330
f 4048/4048/4048 4091/4091/4091 4090/4090/4090
f 4002/4002/4002 4048/4048/4048 4054/4054/4054
f 4100/4100/4100 4042/4042/4042 3998/3998/3998
f 3998/3998/3998 3995/3995/3995 4001/4001/4001
f 4001/4001/4001 3995/3995/3995 4002/4002/4002
f 1326/1326/1326 1606/1606/1606 1605/1605/1605
f 1605/1605/1605 1606/1606/1606 1652/1652/1652
f 1043/1043/1043 1325/1325/1325 1327/1327/1327
f 3266/3266/3266 3232/3232/3232 3265/3265/3265
f 3265/3265/3265 3232/3232/3232 3264/3264/3264
f 4514/4514/4514 4513/4513/4513 4505/4505/4505
f 1014/1014/1014 1013/1013/1013 1523/1523/1523
f 1518/1518/1518 1474/1474/1474 1521/1521/1521
f 2376/2376/2376 2374/2374/2374 2382/2382/2382
f 1679/1679/1679 1680/1680/1680 1643/1643/1643
f 1643/1643/1643 1644/1644/1644 1670/1670/1670
f 1645/1645/1645 1610/1610/1610 1646/1646/1646
f 2420/2420/2420 2381/2381/2381 2386/2386/2386
f 2386/2386/2386 2392/2392/2392 2420/2420/2420
f 2420/2420/2420 2392/2392/2392 2482/2482/2482
f 3947/3947/3947 3926/3926/3926 4037/4037/4037
f 4037/4037/4037 3926/3926/3926 3927/3927/3927
f 4037/4037/4037 3927/3927/3927 3638/3638/3638
f 3927/3927/3927 3636/3636/3636 3638/3638/3638
f 3638/3638/3638 3636/3636/3636 3637/3637/3637
f 3637/3637/3637 3636/3636/3636 3635/3635/3635
f 4054/4054/4054 4048/4048/4048 4090/4090/4090
f 4001/4001/4001 4002/4002/4002 4054/4054/4054
f 1327/1327/1327 1325/1325/1325 1326/1326/1326
f 1027/1027/1027 1035/1035/1035 1030/1030/1030
f 2478/2478/2478 2412/2412/2412 2411/2411/2411
f 1023/1023/1023 1022/1022/1022 1024/1024/1024
f 2412/2412/2412 2402/2402/2402 2411/2411/2411
f 1002/1002/1002 1022/1022/1022 1023/1023/1023
f 2411/2411/2411 2402/2402/2402 2403/2403/2403
f 1003/1003/1003 965/965/965 1002/1002/1002
f 2402/2402/2402 2376/2376/2376 2403/2403/2403
f 1016/1016/1016 1011/1011/1011 1003/1003/1003
f 2382/2382/2382 2374/2374/2374 2380/2380/2380
f 1644/1644/1644 1608/1608/1608 1645/1645/1645
f 2380/2380/2380 2381/2381/2381 2455/2455/2455
f 2455/2455/2455 2381/2381/2381 2420/2420/2420
f 2455/2455/2455 2420/2420/2420 2475/2475/2475
f 3028/3028/3028 3054/3054/3054 3029/3029/3029
f 3038/3038/3038 3039/3039/3039 3045/3045/3045
f 3045/3045/3045 3039/3039/3039 3057/3057/3057
f 3039/3039/3039 3051/3051/3051 3057/3057/3057
f 3300/3300/3300 3302/3302/3302 3299/3299/3299
f 3299/3299/3299 3302/3302/3302 3303/3303/3303
f 2971/2971/2971 2999/2999/2999 2969/2969/2969
f 1605/1605/1605 1652/1652/1652 1727/1727/1727
f 1038/1038/1038 1037/1037/1037 1043/1043/1043
f 2478/2478/2478 2411/2411/2411 2488/2488/2488
f 1013/1013/1013 1012/1012/1012 1471/1471/1471
f 2403/2403/2403 2376/2376/2376 2404/2404/2404
f 2404/2404/2404 2376/2376/2376 2382/2382/2382
f 1515/1515/1515 1514/1514/1514 1516/1516/1516
f 2404/2404/2404 2382/2382/2382 2473/2473/2473
f 1646/1646/1646 1509/1509/1509 1604/1604/1604
f 1575/1575/1575 1509/1509/1509 1510/1510/1510
f 2473/2473/2473 2382/2382/2382 2380/2380/2380
f 2473/2473/2473 2380/2380/2380 2459/2459/2459
f 2380/2380/2380 2455/2455/2455 2459/2459/2459
f 3017/3017/3017 3042/3042/3042 3026/3026/3026
f 3017/3017/3017 3026/3026/3026 3016/3016/3016
f 3025/3025/3025 3034/3034/3034 3046/3046/3046
f 3046/3046/3046 3034/3034/3034 3059/3059/3059
f 3295/3295/3295 3335/3335/3335 3297/3297/3297
f 3298/3298/3298 3300/3300/3300 3299/3299/3299
f 1327/1327/1327 1326/1326/1326 1605/1605/1605
f 1047/1047/1047 1043/1043/1043 1327/1327/1327
f 3265/3265/3265 3264/3264/3264 3267/3267/3267
f 1035/1035/1035 1037/1037/1037 1036/1036/1036
f 1028/1028/1028 1027/1027/1027 1030/1030/1030
f 1012/1012/1012 1011/1011/1011 1016/1016/1016
f 1523/1523/1523 1013/1013/1013 1471/1471/1471
f 3019/3019/3019 3015/3015/3015 3013/3013/3013
f 1513/1513/1513 1514/1514/1514 1515/1515/1515
f 1572/1572/1572 1511/1511/1511 1573/1573/1573
f 1573/1573/1573 1511/1511/1511 1512/1512/1512
f 1510/1510/1510 1511/1511/1511 1572/1572/1572
f 1604/1604/1604 1509/1509/1509 1575/1575/1575
f 3040/3040/3040 3046/3046/3046 3059/3059/3059
f 3295/3295/3295 3297/3297/3297 3296/3296/3296
f 3297/3297/3297 3298/3298/3298 3296/3296/3296
f 3296/3296/3296 3298/3298/3298 3299/3299/3299
f 3299/3299/3299 3303/3303/3303 3316/3316/3316
f 3303/3303/3303 3330/3330/3330 3316/3316/3316
f 1656/1656/1656 1327/1327/1327 1605/1605/1605
f 1655/1655/1655 1047/1047/1047 1327/1327/1327
f 1038/1038/1038 1043/1043/1043 1047/1047/1047
f 1038/1038/1038 1036/1036/1036 1037/1037/1037
f 3267/3267/3267 3285/3285/3285 3291/3291/3291
f 1030/1030/1030 1035/1035/1035 1036/1036/1036
f 3291/3291/3291 3285/3285/3285 3313/3313/3313
f 3313/3313/3313 3320/3320/3320 3292/3292/3292
f 3291/3291/3291 3313/3313/3313 3292/3292/3292
f 1526/1526/1526 1522/1522/1522 1525/1525/1525
f 3320/3320/3320 3321/3321/3321 3292/3292/3292
f 1519/1519/1519 1516/1516/1516 1518/1518/1518
f 1519/1519/1519 1518/1518/1518 1520/1520/1520
f 3292/3292/3292 3321/3321/3321 3301/3301/3301
f 3301/3301/3301 3294/3294/3294 3292/3292/3292
f 1644/1644/1644 1645/1645/1645 1653/1653/1653
f 1653/1653/1653 1646/1646/1646 1604/1604/1604
f 1694/1694/1694 1752/1752/1752 1679/1679/1679
f 1694/1694/1694 1679/1679/1679 1678/1678/1678
f 3292/3292/3292 3294/3294/3294 3293/3293/3293
f 3294/3294/3294 3295/3295/3295 3293/3293/3293
f 3293/3293/3293 3295/3295/3295 3296/3296/3296
f 3327/3327/3327 3299/3299/3299 3316/3316/3316
f 1734/1734/1734 1605/1605/1605 1727/1727/1727
f 1655/1655/1655 1327/1327/1327 1656/1656/1656
f 3265/3265/3265 3267/3267/3267 3288/3288/3288
f 1024/1024/1024 1026/1026/1026 1029/1029/1029
f 1029/1029/1029 1026/1026/1026 1028/1028/1028
f 3267/3267/3267 3291/3291/3291 3290/3290/3290
f 1033/1033/1033 1023/1023/1023 1024/1024/1024
f 1033/1033/1033 1024/1024/1024 1032/1032/1032
f 1002/1002/1002 1023/1023/1023 1006/1006/1006
f 1004/1004/1004 1003/1003/1003 1002/1002/1002
f 1004/1004/1004 1002/1002/1002 1005/1005/1005
f 1016/1016/1016 1003/1003/1003 1015/1015/1015
f 1472/1472/1472 1471/1471/1471 1012/1012/1012
f 1472/1472/1472 1012/1012/1012 1018/1018/1018
f 1018/1018/1018 1012/1012/1012 1017/1017/1017
f 1017/1017/1017 1012/1012/1012 1016/1016/1016
f 3290/3290/3290 3291/3291/3291 3292/3292/3292
f 1523/1523/1523 1471/1471/1471 1524/1524/1524
f 1521/1521/1521 1522/1522/1522 1526/1526/1526
f 1525/1525/1525 1522/1522/1522 1523/1523/1523
f 1520/1520/1520 1518/1518/1518 1521/1521/1521
f 1536/1536/1536 1515/1515/1515 1516/1516/1516
f 1574/1574/1574 1512/1512/1512 1535/1535/1535
f 1512/1512/1512 1513/1513/1513 1535/1535/1535
f 1535/1535/1535 1513/1513/1513 1515/1515/1515
f 1573/1573/1573 1512/1512/1512 1574/1574/1574
f 1510/1510/1510 1572/1572/1572 1575/1575/1575
f 1679/1679/1679 1643/1643/1643 1678/1678/1678
f 1643/1643/1643 1670/1670/1670 1678/1678/1678
f 3292/3292/3292 3293/3293/3293 3290/3290/3290
f 3090/3090/3090 3091/3091/3091 3089/3089/3089
f 3293/3293/3293 3296/3296/3296 3311/3311/3311
f 3311/3311/3311 3296/3296/3296 3312/3312/3312
f 1812/1812/1812 1782/1782/1782 1813/1813/1813
f 1812/1812/1812 1813/1813/1813 1814/1814/1814
f 3312/3312/3312 3296/3296/3296 3299/3299/3299
f 1804/1804/1804 1805/1805/1805 1901/1901/1901
f 1786/1786/1786 1807/1807/1807 1806/1806/1806
f 1807/1807/1807 1782/1782/1782 1812/1812/1812
f 1814/1814/1814 1813/1813/1813 1815/1815/1815
f 1815/1815/1815 1813/1813/1813 1816/1816/1816
f 1899/1899/1899 1803/1803/1803 1804/1804/1804
f 1900/1900/1900 1901/1901/1901 1805/1805/1805
f 1900/1900/1900 1805/1805/1805 1806/1806/1806
f 1805/1805/1805 1786/1786/1786 1806/1806/1806
f 3312/3312/3312 3299/3299/3299 3327/3327/3327
f 1800/1800/1800 1801/1801/1801 1896/1896/1896
f 1896/1896/1896 1801/1801/1801 1802/1802/1802
f 1896/1896/1896 1802/1802/1802 1898/1898/1898
f 1802/1802/1802 1803/1803/1803 1899/1899/1899
f 1898/1898/1898 1802/1802/1802 1899/1899/1899
f 1899/1899/1899 1804/1804/1804 1901/1901/1901
f 1806/1806/1806 1807/1807/1807 1808/1808/1808
f 1814/1814/1814 1815/1815/1815 1853/1853/1853
f 1853/1853/1853 1815/1815/1815 1816/1816/1816
f 1808/1808/1808 1807/1807/1807 1811/1811/1811
f 1811/1811/1811 1807/1807/1807 1812/1812/1812
f 1811/1811/1811 1812/1812/1812 1852/1852/1852
f 1812/1812/1812 1814/1814/1814 1852/1852/1852
f 1852/1852/1852 1814/1814/1814 1853/1853/1853
f 1988/1988/1988 1853/1853/1853 1816/1816/1816
f 1988/1988/1988 1816/1816/1816 1995/1995/1995
f 1995/1995/1995 1816/1816/1816 1976/1976/1976
f 1976/1976/1976 1980/1980/1980 2005/2005/2005
f 1799/1799/1799 1800/1800/1800 1894/1894/1894
f 1894/1894/1894 1800/1800/1800 1895/1895/1895
f 1800/1800/1800 1896/1896/1896 1895/1895/1895
f 1806/1806/1806 1808/1808/1808 1809/1809/1809
f 1852/1852/1852 1853/1853/1853 1968/1968/1968
f 1968/1968/1968 1853/1853/1853 1988/1988/1988
f 1888/1888/1888 1799/1799/1799 1894/1894/1894
f 1895/1895/1895 1896/1896/1896 1897/1897/1897
f 1897/1897/1897 1896/1896/1896 1904/1904/1904
f 1896/1896/1896 1898/1898/1898 1903/1903/1903
f 1904/1904/1904 1896/1896/1896 1903/1903/1903
f 1898/1898/1898 1899/1899/1899 1903/1903/1903
f 1903/1903/1903 1899/1899/1899 1906/1906/1906
f 1899/1899/1899 1901/1901/1901 1905/1905/1905
f 1906/1906/1906 1899/1899/1899 1905/1905/1905
f 1905/1905/1905 1901/1901/1901 1900/1900/1900
f 1900/1900/1900 1806/1806/1806 1902/1902/1902
f 1810/1810/1810 1902/1902/1902 1806/1806/1806
f 1810/1810/1810 1806/1806/1806 1809/1809/1809
f 1808/1808/1808 1811/1811/1811 1957/1957/1957
f 1811/1811/1811 1852/1852/1852 1957/1957/1957
f 1957/1957/1957 1852/1852/1852 1968/1968/1968
f 1957/1957/1957 1968/1968/1968 2003/2003/2003
f 1904/1904/1904 1903/1903/1903 1926/1926/1926
f 1956/1956/1956 1809/1809/1809 1808/1808/1808
f 1808/1808/1808 1957/1957/1957 1956/1956/1956
f 1888/1888/1888 1894/1894/1894 1890/1890/1890
f 1890/1890/1890 1894/1894/1894 1895/1895/1895
f 1906/1906/1906 1905/1905/1905 1916/1916/1916
f 1905/1905/1905 1900/1900/1900 1907/1907/1907
f 1810/1810/1810 1809/1809/1809 1969/1969/1969
f 1809/1809/1809 1956/1956/1956 1969/1969/1969
f 1969/1969/1969 1956/1956/1956 2006/2006/2006
f 1889/1889/1889 1888/1888/1888 1890/1890/1890
f 1907/1907/1907 1916/1916/1916 1905/1905/1905
f 1907/1907/1907 1900/1900/1900 1902/1902/1902
f 1902/1902/1902 1810/1810/1810 1936/1936/1936
f 1936/1936/1936 1810/1810/1810 1969/1969/1969
f 1870/1870/1870 1797/1797/1797 1881/1881/1881
f 1797/1797/1797 1880/1880/1880 1881/1881/1881
f 1882/1882/1882 1880/1880/1880 1888/1888/1888
f 1895/1895/1895 1897/1897/1897 1890/1890/1890
f 1903/1903/1903 1906/1906/1906 1924/1924/1924
f 1924/1924/1924 1906/1906/1906 1923/1923/1923
f 1906/1906/1906 1916/1916/1916 1923/1923/1923
f 1923/1923/1923 1916/1916/1916 1917/1917/1917
f 1916/1916/1916 1907/1907/1907 1917/1917/1917
f 1907/1907/1907 1902/1902/1902 1935/1935/1935
f 1935/1935/1935 1902/1902/1902 1936/1936/1936
f 1873/1873/1873 1874/1874/1874 1870/1870/1870
f 1881/1881/1881 1880/1880/1880 1882/1882/1882
f 1882/1882/1882 1888/1888/1888 1889/1889/1889
f 1926/1926/1926 1903/1903/1903 1925/1925/1925
f 1925/1925/1925 1903/1903/1903 1924/1924/1924
f 1917/1917/1917 1907/1907/1907 1935/1935/1935
f 1884/1884/1884 1882/1882/1882 1889/1889/1889
f 1897/1897/1897 1904/1904/1904 1909/1909/1909
f 1931/1931/1931 1923/1923/1923 1953/1953/1953
f 1923/1923/1923 1917/1917/1917 1953/1953/1953
f 1909/1909/1909 1890/1890/1890 1897/1897/1897
f 1927/1927/1927 1904/1904/1904 1926/1926/1926
f 1927/1927/1927 1926/1926/1926 1925/1925/1925
f 1925/1925/1925 1924/1924/1924 1928/1928/1928
f 1928/1928/1928 1924/1924/1924 1929/1929/1929
f 1924/1924/1924 1923/1923/1923 1929/1929/1929
f 1929/1929/1929 1923/1923/1923 1931/1931/1931
f 1871/1871/1871 1873/1873/1873 1875/1875/1875
f 1879/1879/1879 1873/1873/1873 1870/1870/1870
f 1883/1883/1883 1882/1882/1882 1884/1884/1884
f 1884/1884/1884 1889/1889/1889 1890/1890/1890
f 1910/1910/1910 1890/1890/1890 1909/1909/1909
f 1909/1909/1909 1904/1904/1904 1927/1927/1927
f 1927/1927/1927 1925/1925/1925 1930/1930/1930
f 1930/1930/1930 1925/1925/1925 1928/1928/1928
f 1879/1879/1879 1870/1870/1870 1886/1886/1886
f 1883/1883/1883 1881/1881/1881 1882/1882/1882
f 1884/1884/1884 1890/1890/1890 1908/1908/1908
f 1908/1908/1908 1890/1890/1890 1910/1910/1910
f 1911/1911/1911 1910/1910/1910 1909/1909/1909
f 1909/1909/1909 1927/1927/1927 1958/1958/1958
f 1891/1891/1891 1871/1871/1871 1875/1875/1875
f 1875/1875/1875 1873/1873/1873 1879/1879/1879
f 1885/1885/1885 1870/1870/1870 1881/1881/1881
f 1911/1911/1911 1909/1909/1909 1946/1946/1946
f 1909/1909/1909 1958/1958/1958 1947/1947/1947
f 1946/1946/1946 1909/1909/1909 1947/1947/1947
f 1908/1908/1908 1910/1910/1910 1912/1912/1912
f 1910/1910/1910 1911/1911/1911 1912/1912/1912
f 1912/1912/1912 1911/1911/1911 1966/1966/1966
f 1966/1966/1966 1911/1911/1911 1946/1946/1946
f 1876/1876/1876 1875/1875/1875 1879/1879/1879
f 1886/1886/1886 1870/1870/1870 1885/1885/1885
f 1885/1885/1885 1881/1881/1881 1883/1883/1883
f 1884/1884/1884 1908/1908/1908 1912/1912/1912
f 1914/1914/1914 1996/1996/1996 1891/1891/1891
f 1891/1891/1891 1875/1875/1875 1878/1878/1878
f 1878/1878/1878 1875/1875/1875 1877/1877/1877
f 1875/1875/1875 1876/1876/1876 1877/1877/1877
f 1883/1883/1883 1884/1884/1884 1938/1938/1938
f 1938/1938/1938 1884/1884/1884 1978/1978/1978
f 1978/1978/1978 1884/1884/1884 1912/1912/1912
f 1914/1914/1914 1891/1891/1891 1878/1878/1878
f 1887/1887/1887 1879/1879/1879 1886/1886/1886
f 1886/1886/1886 1885/1885/1885 1941/1941/1941
f 1941/1941/1941 1885/1885/1885 1942/1942/1942
f 1885/1885/1885 1883/1883/1883 1942/1942/1942
f 1883/1883/1883 1938/1938/1938 1942/1942/1942
f 1942/1942/1942 1938/1938/1938 1978/1978/1978
f 1876/1876/1876 1879/1879/1879 1887/1887/1887
f 1886/1886/1886 1941/1941/1941 1960/1960/1960
f 1941/1941/1941 1942/1942/1942 1960/1960/1960
f 1887/1887/1887 1886/1886/1886 1932/1932/1932
f 1932/1932/1932 1886/1886/1886 1970/1970/1970
f 1970/1970/1970 1886/1886/1886 1960/1960/1960
f 1970/1970/1970 1960/1960/1960 1993/1993/1993
f 1876/1876/1876 1887/1887/1887 1971/1971/1971
f 1887/1887/1887 1932/1932/1932 1971/1971/1971
f 1971/1971/1971 1932/1932/1932 1970/1970/1970
f 1914/1914/1914 1878/1878/1878 1915/1915/1915
f 1878/1878/1878 1877/1877/1877 1915/1915/1915
f 1915/1915/1915 1877/1877/1877 1983/1983/1983
f 1877/1877/1877 1876/1876/1876 1983/1983/1983
f 1983/1983/1983 1876/1876/1876 1971/1971/1971
f 2000/2000/2000 1915/1915/1915 1983/1983/1983
f 1656/1656/1656 1605/1605/1605 1734/1734/1734
f 1683/1683/1683 1047/1047/1047 1655/1655/1655
f 1683/1683/1683 1655/1655/1655 1715/1715/1715
f 1715/1715/1715 1655/1655/1655 1656/1656/1656
f 1682/1682/1682 1038/1038/1038 1683/1683/1683
f 1683/1683/1683 1038/1038/1038 1047/1047/1047
f 1036/1036/1036 1038/1038/1038 1682/1682/1682
f 3288/3288/3288 3267/3267/3267 3289/3289/3289
f 1024/1024/1024 1029/1029/1029 1032/1032/1032
f 1006/1006/1006 1023/1023/1023 1033/1033/1033
f 1005/1005/1005 1002/1002/1002 1006/1006/1006
f 1015/1015/1015 1003/1003/1003 1004/1004/1004
f 3289/3289/3289 3290/3290/3290 3315/3315/3315
f 1017/1017/1017 1016/1016/1016 1015/1015/1015
f 1525/1525/1525 1523/1523/1523 1524/1524/1524
f 1521/1521/1521 1526/1526/1526 1527/1527/1527
f 1520/1520/1520 1521/1521/1521 1527/1527/1527
f 1538/1538/1538 1515/1515/1515 1536/1536/1536
f 1536/1536/1536 1516/1516/1516 1537/1537/1537
f 1516/1516/1516 1519/1519/1519 1537/1537/1537
f 1535/1535/1535 1515/1515/1515 1538/1538/1538
f 1670/1670/1670 1644/1644/1644 1654/1654/1654
f 1654/1654/1654 1644/1644/1644 1653/1653/1653
f 1654/1654/1654 1653/1653/1653 1604/1604/1604
f 1604/1604/1604 1575/1575/1575 1684/1684/1684
f 3315/3315/3315 3290/3290/3290 3314/3314/3314
f 3314/3314/3314 3290/3290/3290 3293/3293/3293
f 3293/3293/3293 3311/3311/3311 3314/3314/3314
f 1813/1813/1813 1782/1782/1782 1781/1781/1781
f 1807/1807/1807 1783/1783/1783 1782/1782/1782
f 1805/1805/1805 1766/1766/1766 1786/1786/1786
f 1813/1813/1813 1781/1781/1781 1820/1820/1820
f 1945/1945/1945 1989/1989/1989 1955/1955/1955
f 1788/1788/1788 1757/1757/1757 1802/1802/1802
f 1757/1757/1757 1787/1787/1787 1802/1802/1802
f 1802/1802/1802 1787/1787/1787 1803/1803/1803
f 1813/1813/1813 1820/1820/1820 1817/1817/1817
f 1819/1819/1819 1945/1945/1945 1955/1955/1955
f 1787/1787/1787 1758/1758/1758 1804/1804/1804
f 1804/1804/1804 1766/1766/1766 1805/1805/1805
f 1817/1817/1817 1819/1819/1819 1818/1818/1818
f 1799/1799/1799 1794/1794/1794 1793/1793/1793
f 1803/1803/1803 1787/1787/1787 1804/1804/1804
f 1816/1816/1816 1817/1817/1817 1818/1818/1818
f 1818/1818/1818 1819/1819/1819 1955/1955/1955
f 1793/1793/1793 1791/1791/1791 1800/1800/1800
f 1791/1791/1791 1790/1790/1790 1800/1800/1800
f 1800/1800/1800 1790/1790/1790 1801/1801/1801
f 1790/1790/1790 1788/1788/1788 1801/1801/1801
f 1801/1801/1801 1788/1788/1788 1802/1802/1802
f 1786/1786/1786 1784/1784/1784 1807/1807/1807
f 1784/1784/1784 1783/1783/1783 1807/1807/1807
f 1813/1813/1813 1817/1817/1817 1816/1816/1816
f 1800/1800/1800 1799/1799/1799 1793/1793/1793
f 1818/1818/1818 1955/1955/1955 1980/1980/1980
f 1795/1795/1795 1796/1796/1796 1797/1797/1797
f 1797/1797/1797 1794/1794/1794 1799/1799/1799
f 1976/1976/1976 1816/1816/1816 1818/1818/1818
f 1976/1976/1976 1818/1818/1818 1980/1980/1980
f 1797/1797/1797 1799/1799/1799 1880/1880/1880
f 1798/1798/1798 1795/1795/1795 1797/1797/1797
f 1869/1869/1869 1868/1868/1868 1872/1872/1872
f 1872/1872/1872 1868/1868/1868 1874/1874/1874
f 1870/1870/1870 1798/1798/1798 1797/1797/1797
f 1913/1913/1913 1869/1869/1869 1871/1871/1871
f 1874/1874/1874 1798/1798/1798 1870/1870/1870
f 1892/1892/1892 1913/1913/1913 1871/1871/1871
f 1869/1869/1869 1872/1872/1872 1871/1871/1871
f 1873/1873/1873 1872/1872/1872 1874/1874/1874
f 1871/1871/1871 1872/1872/1872 1873/1873/1873
f 1892/1892/1892 1871/1871/1871 1891/1891/1891
f 1715/1715/1715 1656/1656/1656 1747/1747/1747
f 1747/1747/1747 1656/1656/1656 1734/1734/1734
f 1717/1717/1717 1682/1682/1682 1683/1683/1683
f 1717/1717/1717 1683/1683/1683 1746/1746/1746
f 1716/1716/1716 1036/1036/1036 1717/1717/1717
f 1717/1717/1717 1036/1036/1036 1682/1682/1682
f 3333/3333/3333 3288/3288/3288 3289/3289/3289
f 1028/1028/1028 1030/1030/1030 1726/1726/1726
f 1726/1726/1726 1030/1030/1030 1716/1716/1716
f 1716/1716/1716 1030/1030/1030 1036/1036/1036
f 3333/3333/3333 3289/3289/3289 3336/3336/3336
f 1032/1032/1032 1029/1029/1029 1703/1703/1703
f 1703/1703/1703 1029/1029/1029 1028/1028/1028
f 1006/1006/1006 1033/1033/1033 1706/1706/1706
f 1706/1706/1706 1033/1033/1033 1032/1032/1032
f 1005/1005/1005 1006/1006/1006 1735/1735/1735
f 3336/3336/3336 3289/3289/3289 3315/3315/3315
f 1524/1524/1524 1471/1471/1471 1599/1599/1599
f 1599/1599/1599 1471/1471/1471 1472/1472/1472
f 1520/1520/1520 1527/1527/1527 1719/1719/1719
f 1538/1538/1538 1536/1536/1536 1700/1700/1700
f 1536/1536/1536 1537/1537/1537 1700/1700/1700
f 1572/1572/1572 1573/1573/1573 1712/1712/1712
f 1712/1712/1712 1573/1573/1573 1574/1574/1574
f 1684/1684/1684 1575/1575/1575 1693/1693/1693
f 1693/1693/1693 1575/1575/1575 1572/1572/1572
f 1670/1670/1670 1654/1654/1654 1730/1730/1730
f 1730/1730/1730 1654/1654/1654 1729/1729/1729
f 1729/1729/1729 1654/1654/1654 1604/1604/1604
f 1729/1729/1729 1604/1604/1604 1684/1684/1684
f 1977/1977/1977 1999/1999/1999 1963/1963/1963
f 1753/1753/1753 1694/1694/1694 1678/1678/1678
f 1961/1961/1961 2008/2008/2008 1998/1998/1998
f 1751/1751/1751 1678/1678/1678 1670/1670/1670
f 1963/1963/1963 1999/1999/1999 1990/1990/1990
f 1977/1977/1977 1963/1963/1963 1825/1825/1825
f 1773/1773/1773 1774/1774/1774 1772/1772/1772
f 1821/1821/1821 1822/1822/1822 1825/1825/1825
f 1770/1770/1770 1771/1771/1771 1772/1772/1772
f 1772/1772/1772 1771/1771/1771 1773/1773/1773
f 1781/1781/1781 1822/1822/1822 1821/1821/1821
f 1772/1772/1772 1774/1774/1774 1781/1781/1781
f 1757/1757/1757 1754/1754/1754 1756/1756/1756
f 1821/1821/1821 1825/1825/1825 1817/1817/1817
f 1770/1770/1770 1772/1772/1772 1783/1783/1783
f 1783/1783/1783 1772/1772/1772 1782/1782/1782
f 1820/1820/1820 1781/1781/1781 1821/1821/1821
f 1826/1826/1826 1825/1825/1825 1963/1963/1963
f 1782/1782/1782 1772/1772/1772 1781/1781/1781
f 1817/1817/1817 1820/1820/1820 1821/1821/1821
f 1817/1817/1817 1825/1825/1825 1826/1826/1826
f 1826/1826/1826 1963/1963/1963 1945/1945/1945
f 1945/1945/1945 1963/1963/1963 1990/1990/1990
f 1784/1784/1784 1785/1785/1785 1770/1770/1770
f 1784/1784/1784 1770/1770/1770 1783/1783/1783
f 1945/1945/1945 1990/1990/1990 1989/1989/1989
f 1854/1854/1854 1851/1851/1851 1792/1792/1792
f 1851/1851/1851 1840/1840/1840 1792/1792/1792
f 1840/1840/1840 1789/1789/1789 1792/1792/1792
f 1792/1792/1792 1789/1789/1789 1791/1791/1791
f 1791/1791/1791 1789/1789/1789 1790/1790/1790
f 1787/1787/1787 1757/1757/1757 1758/1758/1758
f 1766/1766/1766 1785/1785/1785 1786/1786/1786
f 1786/1786/1786 1785/1785/1785 1784/1784/1784
f 1817/1817/1817 1826/1826/1826 1819/1819/1819
f 1819/1819/1819 1826/1826/1826 1945/1945/1945
f 1789/1789/1789 1754/1754/1754 1788/1788/1788
f 1794/1794/1794 1854/1854/1854 1792/1792/1792
f 1790/1790/1790 1789/1789/1789 1788/1788/1788
f 1854/1854/1854 1794/1794/1794 1796/1796/1796
f 1795/1795/1795 1857/1857/1857 1855/1855/1855
f 1855/1855/1855 1854/1854/1854 1796/1796/1796
f 1794/1794/1794 1792/1792/1792 1793/1793/1793
f 1795/1795/1795 1855/1855/1855 1796/1796/1796
f 1856/1856/1856 1857/1857/1857 1795/1795/1795
f 1868/1868/1868 1860/1860/1860 1856/1856/1856
f 1860/1860/1860 1868/1868/1868 1869/1869/1869
f 1913/1913/1913 1893/1893/1893 1869/1869/1869
f 1856/1856/1856 1795/1795/1795 1798/1798/1798
f 1683/1683/1683 1715/1715/1715 1746/1746/1746
f 1991/1991/1991 1997/1997/1997 1959/1959/1959
f 1959/1959/1959 1997/1997/1997 1982/1982/1982
f 1994/1994/1994 1991/1991/1991 1940/1940/1940
f 1940/1940/1940 1991/1991/1991 1959/1959/1959
f 1959/1959/1959 1982/1982/1982 1939/1939/1939
f 1986/1986/1986 2013/2013/2013 1943/1943/1943
f 2013/2013/2013 1994/1994/1994 1943/1943/1943
f 1943/1943/1943 1994/1994/1994 1944/1944/1944
f 1944/1944/1944 1994/1994/1994 1940/1940/1940
f 1939/1939/1939 1940/1940/1940 1959/1959/1959
f 1939/1939/1939 1982/1982/1982 1984/1984/1984
f 1703/1703/1703 1028/1028/1028 1726/1726/1726
f 1918/1918/1918 1944/1944/1944 1940/1940/1940
f 1745/1745/1745 1706/1706/1706 1032/1032/1032
f 1032/1032/1032 1703/1703/1703 1745/1745/1745
f 1918/1918/1918 1940/1940/1940 1920/1920/1920
f 1920/1920/1920 1940/1940/1940 1939/1939/1939
f 1920/1920/1920 1939/1939/1939 1919/1919/1919
f 1735/1735/1735 1006/1006/1006 1706/1706/1706
f 1695/1695/1695 1015/1015/1015 1004/1004/1004
f 1695/1695/1695 1004/1004/1004 1005/1005/1005
f 1695/1695/1695 1005/1005/1005 1735/1735/1735
f 1918/1918/1918 1920/1920/1920 1828/1828/1828
f 1919/1919/1919 1939/1939/1939 1984/1984/1984
f 1718/1718/1718 1017/1017/1017 1015/1015/1015
f 1718/1718/1718 1015/1015/1015 1695/1695/1695
f 1827/1827/1827 1918/1918/1918 1828/1828/1828
f 1828/1828/1828 1920/1920/1920 1919/1919/1919
f 1696/1696/1696 1472/1472/1472 1018/1018/1018
f 1696/1696/1696 1018/1018/1018 1017/1017/1017
f 1696/1696/1696 1017/1017/1017 1718/1718/1718
f 1599/1599/1599 1472/1472/1472 1696/1696/1696
f 1831/1831/1831 1832/1832/1832 1827/1827/1827
f 1723/1723/1723 1525/1525/1525 1524/1524/1524
f 1723/1723/1723 1524/1524/1524 1599/1599/1599
f 1830/1830/1830 1919/1919/1919 1984/1984/1984
f 1720/1720/1720 1527/1527/1527 1526/1526/1526
f 1720/1720/1720 1526/1526/1526 1723/1723/1723
f 1723/1723/1723 1526/1526/1526 1525/1525/1525
f 1823/1823/1823 1831/1831/1831 1827/1827/1827
f 1719/1719/1719 1527/1527/1527 1720/1720/1720
f 1831/1831/1831 1823/1823/1823 1780/1780/1780
f 1828/1828/1828 1919/1919/1919 1829/1829/1829
f 1829/1829/1829 1919/1919/1919 1830/1830/1830
f 1719/1719/1719 1519/1519/1519 1520/1520/1520
f 1830/1830/1830 1984/1984/1984 1977/1977/1977
f 1977/1977/1977 1984/1984/1984 1999/1999/1999
f 1519/1519/1519 1700/1700/1700 1537/1537/1537
f 1771/1771/1771 1778/1778/1778 1833/1833/1833
f 1833/1833/1833 1778/1778/1778 1831/1831/1831
f 1833/1833/1833 1831/1831/1831 1780/1780/1780
f 1750/1750/1750 1535/1535/1535 1538/1538/1538
f 1750/1750/1750 1538/1538/1538 1700/1700/1700
f 1827/1827/1827 1828/1828/1828 1824/1824/1824
f 1965/1965/1965 2012/2012/2012 1964/1964/1964
f 1574/1574/1574 1535/1535/1535 1750/1750/1750
f 1765/1765/1765 1839/1839/1839 1834/1834/1834
f 1769/1769/1769 1837/1837/1837 1775/1775/1775
f 1693/1693/1693 1572/1572/1572 1712/1712/1712
f 1762/1762/1762 1763/1763/1763 1761/1761/1761
f 1761/1761/1761 1763/1763/1763 1765/1765/1765
f 1775/1775/1775 1778/1778/1778 1771/1771/1771
f 1824/1824/1824 1823/1823/1823 1827/1827/1827
f 1824/1824/1824 1828/1828/1828 1829/1829/1829
f 1729/1729/1729 1684/1684/1684 1693/1693/1693
f 1992/1992/1992 1975/1975/1975 1922/1922/1922
f 1922/1922/1922 1975/1975/1975 1921/1921/1921
f 1834/1834/1834 1768/1768/1768 1767/1767/1767
f 1768/1768/1768 1837/1837/1837 1769/1769/1769
f 1776/1776/1776 1775/1775/1775 1771/1771/1771
f 1823/1823/1823 1824/1824/1824 1822/1822/1822
f 1998/1998/1998 2002/2002/2002 1962/1962/1962
f 2002/2002/2002 1992/1992/1992 1962/1962/1962
f 1962/1962/1962 1992/1992/1992 1922/1922/1922
f 1848/1848/1848 1849/1849/1849 1843/1843/1843
f 1769/1769/1769 1775/1775/1775 1776/1776/1776
f 1774/1774/1774 1780/1780/1780 1823/1823/1823
f 1961/1961/1961 1998/1998/1998 1865/1865/1865
f 1998/1998/1998 1962/1962/1962 1865/1865/1865
f 1865/1865/1865 1962/1962/1962 1847/1847/1847
f 1847/1847/1847 1962/1962/1962 1922/1922/1922
f 1847/1847/1847 1922/1922/1922 1846/1846/1846
f 1922/1922/1922 1921/1921/1921 1846/1846/1846
f 1843/1843/1843 1846/1846/1846 1848/1848/1848
f 1843/1843/1843 1849/1849/1849 1842/1842/1842
f 1849/1849/1849 1850/1850/1850 1842/1842/1842
f 1842/1842/1842 1850/1850/1850 1760/1760/1760
f 1761/1761/1761 1765/1765/1765 1755/1755/1755
f 1756/1756/1756 1765/1765/1765 1834/1834/1834
f 1774/1774/1774 1823/1823/1823 1822/1822/1822
f 1824/1824/1824 1829/1829/1829 1825/1825/1825
f 1830/1830/1830 1977/1977/1977 1825/1825/1825
f 1866/1866/1866 1961/1961/1961 1864/1864/1864
f 1864/1864/1864 1961/1961/1961 1865/1865/1865
f 1863/1863/1863 1865/1865/1865 1847/1847/1847
f 1842/1842/1842 1760/1760/1760 1759/1759/1759
f 1771/1771/1771 1833/1833/1833 1780/1780/1780
f 1771/1771/1771 1780/1780/1780 1774/1774/1774
f 1822/1822/1822 1824/1824/1824 1825/1825/1825
f 1825/1825/1825 1829/1829/1829 1830/1830/1830
f 1846/1846/1846 1843/1843/1843 1845/1845/1845
f 1842/1842/1842 1759/1759/1759 1841/1841/1841
f 1759/1759/1759 1760/1760/1760 1761/1761/1761
f 1759/1759/1759 1761/1761/1761 1755/1755/1755
f 1755/1755/1755 1765/1765/1765 1756/1756/1756
f 1756/1756/1756 1834/1834/1834 1767/1767/1767
f 1773/1773/1773 1771/1771/1771 1774/1774/1774
f 1863/1863/1863 1864/1864/1864 1865/1865/1865
f 1767/1767/1767 1768/1768/1768 1769/1769/1769
f 1769/1769/1769 1776/1776/1776 1785/1785/1785
f 1785/1785/1785 1776/1776/1776 1770/1770/1770
f 1776/1776/1776 1771/1771/1771 1770/1770/1770
f 1845/1845/1845 1843/1843/1843 1844/1844/1844
f 1841/1841/1841 1843/1843/1843 1842/1842/1842
f 1759/1759/1759 1755/1755/1755 1754/1754/1754
f 1866/1866/1866 1864/1864/1864 1867/1867/1867
f 1845/1845/1845 1847/1847/1847 1846/1846/1846
f 1789/1789/1789 1759/1759/1759 1754/1754/1754
f 1754/1754/1754 1755/1755/1755 1756/1756/1756
f 1867/1867/1867 1864/1864/1864 1863/1863/1863
f 1862/1862/1862 1863/1863/1863 1847/1847/1847
f 1855/1855/1855 1847/1847/1847 1845/1845/1845
f 1767/1767/1767 1769/1769/1769 1766/1766/1766
f 1861/1861/1861 1866/1866/1866 1867/1867/1867
f 1859/1859/1859 1863/1863/1863 1862/1862/1862
f 1844/1844/1844 1843/1843/1843 1841/1841/1841
f 1766/1766/1766 1756/1756/1756 1767/1767/1767
f 1766/1766/1766 1769/1769/1769 1785/1785/1785
f 1893/1893/1893 1866/1866/1866 1933/1933/1933
f 1933/1933/1933 1866/1866/1866 1861/1861/1861
f 1867/1867/1867 1863/1863/1863 1859/1859/1859
f 1855/1855/1855 1845/1845/1845 1844/1844/1844
f 1844/1844/1844 1841/1841/1841 1840/1840/1840
f 1840/1840/1840 1841/1841/1841 1759/1759/1759
f 1840/1840/1840 1759/1759/1759 1789/1789/1789
f 1862/1862/1862 1847/1847/1847 1855/1855/1855
f 1844/1844/1844 1840/1840/1840 1851/1851/1851
f 1858/1858/1858 1867/1867/1867 1859/1859/1859
f 1859/1859/1859 1862/1862/1862 1857/1857/1857
f 1854/1854/1854 1855/1855/1855 1844/1844/1844
f 1854/1854/1854 1844/1844/1844 1851/1851/1851
f 1861/1861/1861 1867/1867/1867 1858/1858/1858
f 1893/1893/1893 1933/1933/1933 1861/1861/1861
f 1857/1857/1857 1862/1862/1862 1855/1855/1855
f 1858/1858/1858 1859/1859/1859 1857/1857/1857
f 1856/1856/1856 1858/1858/1858 1857/1857/1857
f 1869/1869/1869 1893/1893/1893 1861/1861/1861
f 1860/1860/1860 1858/1858/1858 1856/1856/1856
f 1869/1869/1869 1861/1861/1861 1860/1860/1860
f 1861/1861/1861 1858/1858/1858 1860/1860/1860
f 1948/1948/1948 1987/1987/1987 1934/1934/1934
f 1934/1934/1934 1987/1987/1987 1986/1986/1986
f 1986/1986/1986 1943/1943/1943 1934/1934/1934
f 1934/1934/1934 1943/1943/1943 1918/1918/1918
f 1918/1918/1918 1943/1943/1943 1944/1944/1944
f 1985/1985/1985 1948/1948/1948 1949/1949/1949
f 1949/1949/1949 1948/1948/1948 1779/1779/1779
f 1779/1779/1779 1948/1948/1948 1832/1832/1832
f 1948/1948/1948 1934/1934/1934 1832/1832/1832
f 1950/1950/1950 1973/1973/1973 1985/1985/1985
f 1950/1950/1950 1985/1985/1985 1949/1949/1949
f 1832/1832/1832 1934/1934/1934 1918/1918/1918
f 1972/1972/1972 1973/1973/1973 1838/1838/1838
f 1838/1838/1838 1973/1973/1973 1777/1777/1777
f 1777/1777/1777 1973/1973/1973 1950/1950/1950
f 1777/1777/1777 1950/1950/1950 1949/1949/1949
f 1836/1836/1836 1981/1981/1981 1837/1837/1837
f 1837/1837/1837 1981/1981/1981 1972/1972/1972
f 1972/1972/1972 1838/1838/1838 1837/1837/1837
f 1779/1779/1779 1832/1832/1832 1831/1831/1831
f 1835/1835/1835 1979/1979/1979 1981/1981/1981
f 1835/1835/1835 1981/1981/1981 1836/1836/1836
f 1777/1777/1777 1949/1949/1949 1779/1779/1779
f 1778/1778/1778 1779/1779/1779 1831/1831/1831
f 1937/1937/1937 1979/1979/1979 1834/1834/1834
f 1834/1834/1834 1979/1979/1979 1835/1835/1835
f 1838/1838/1838 1777/1777/1777 1775/1775/1775
f 1778/1778/1778 1777/1777/1777 1779/1779/1779
f 1763/1763/1763 1951/1951/1951 1937/1937/1937
f 1763/1763/1763 1937/1937/1937 1839/1839/1839
f 1937/1937/1937 1834/1834/1834 1839/1839/1839
f 1775/1775/1775 1777/1777/1777 1778/1778/1778
f 1952/1952/1952 1951/1951/1951 1762/1762/1762
f 1762/1762/1762 1951/1951/1951 1763/1763/1763
f 1837/1837/1837 1838/1838/1838 1775/1775/1775
f 1954/1954/1954 1952/1952/1952 1762/1762/1762
f 1763/1763/1763 1839/1839/1839 1765/1765/1765
f 1835/1835/1835 1836/1836/1836 1768/1768/1768
f 1768/1768/1768 1836/1836/1836 1837/1837/1837
f 1974/1974/1974 1954/1954/1954 1850/1850/1850
f 1850/1850/1850 1954/1954/1954 1764/1764/1764
f 1954/1954/1954 1762/1762/1762 1764/1764/1764
f 1834/1834/1834 1835/1835/1835 1768/1768/1768
f 1967/1967/1967 1974/1974/1974 1850/1850/1850
f 1764/1764/1764 1762/1762/1762 1760/1760/1760
f 1760/1760/1760 1762/1762/1762 1761/1761/1761
f 1964/1964/1964 1967/1967/1967 1849/1849/1849
f 1967/1967/1967 1850/1850/1850 1849/1849/1849
f 1965/1965/1965 1964/1964/1964 1848/1848/1848
f 1848/1848/1848 1964/1964/1964 1849/1849/1849
f 1921/1921/1921 1975/1975/1975 1965/1965/1965
f 1921/1921/1921 1965/1965/1965 1848/1848/1848

