# https://github.com/mikedh/trimesh
mtllib book3.mtl

o geometry_0
usemtl book3
v 0.02640608 0.03642300 0.15069317
v 0.02633778 0.02861632 0.15038685
v 0.02637570 0.03234543 0.14304323
v 0.02639574 0.03777947 0.14652222
v 0.02633104 0.04321129 0.14999855
v 0.02643814 0.03685995 0.15659489
v 0.02640915 0.04340872 0.16486989
v 0.02642207 0.04908233 0.16627834
v 0.02640449 0.05116020 0.15396370
v 0.02647531 0.03705709 0.16072635
v 0.02642635 0.04266965 0.13866107
v 0.02640715 0.04567448 0.14437306
v 0.02644025 0.05107547 0.13980512
v 0.02644496 0.05419055 0.14224378
v 0.02642134 0.03481704 0.13568286
v 0.02630288 0.02681740 0.13858561
v 0.02635499 0.03315490 0.13125515
v 0.02630646 0.02634100 0.14425779
v 0.02621606 0.01932948 0.14128072
v 0.02618424 0.02273816 0.13223382
v 0.02623158 0.02092731 0.14858338
v 0.02625860 0.01870954 0.15493221
v 0.02635436 0.02764075 0.15529552
v 0.02632265 0.02243543 0.16161687
v 0.02628214 0.01532834 0.16128750
v 0.02630150 0.01267160 0.15281332
v 0.02622859 0.01097517 0.13285076
v 0.02620604 0.01375309 0.12873806
v 0.02613343 0.01848230 0.12885757
v 0.02617599 0.01780388 0.12078294
v 0.02625966 0.01360417 0.12042172
v 0.02617197 0.01786622 0.11092429
v 0.02615144 0.02030935 0.11162346
v 0.02618641 0.02192062 0.12047756
v 0.02620697 0.01909992 0.10271154
v 0.02628861 0.01423866 0.10588982
v 0.02628107 0.01295875 0.11295396
v 0.02629440 0.00880413 0.12475487
v 0.02626960 0.01052939 0.11731921
v 0.02630217 0.00429820 0.10852779
v 0.02627132 0.00803220 0.09973696
v 0.02628329 0.01300397 0.10157428
v 0.02633401 0.00537972 0.11830975
v 0.02639479 -0.00049815 0.11587312
v 0.02631782 -0.00130097 0.10760747
v 0.02624155 0.00154749 0.09811352
v 0.02643153 -0.00656063 0.11472258
v 0.02627042 -0.00563181 0.10232235
v 0.02627058 -0.01051639 0.10393891
v 0.02633493 -0.01506833 0.10688100
v 0.02649811 -0.01379129 0.11497906
v 0.02646117 -0.00740130 0.12004760
v 0.02641460 -0.00049167 0.12661613
v 0.02648196 -0.00915377 0.12763346
v 0.02646431 -0.01445659 0.12337342
v 0.02650354 -0.01509870 0.11881236
v 0.02644128 -0.01636100 0.12880450
v 0.02650045 -0.01097356 0.13360821
v 0.02649137 -0.00633063 0.13638914
v 0.02657687 -0.01475228 0.13932919
v 0.02660039 -0.01022885 0.14039261
v 0.02654440 -0.00645122 0.14385649
v 0.02642542 -0.00042941 0.13570671
v 0.02636442 0.00598982 0.13355518
v 0.02629632 0.00722754 0.13956482
v 0.02639642 -0.00021046 0.14179946
v 0.02637075 0.00148152 0.14590091
v 0.02643400 -0.00571035 0.15359917
v 0.02665396 -0.01114351 0.14597759
v 0.02652046 -0.01384081 0.15703136
v 0.02639343 -0.00611686 0.16161417
v 0.02631985 0.00191829 0.16389629
v 0.02635020 -0.00893741 0.16823093
v 0.02641062 -0.01509583 0.16981269
v 0.02635578 -0.00859524 0.17484160
v 0.02632375 -0.00395559 0.17487073
v 0.02639064 -0.00617630 0.17897735
v 0.02652949 -0.01224468 0.18100509
v 0.02644079 -0.01540624 0.17432577
v 0.02628477 0.00213833 0.18148533
v 0.02625936 0.00247498 0.17552218
v 0.02625375 0.00822652 0.17910495
v 0.02624152 0.00898032 0.17468511
v 0.02623458 0.01454262 0.17557112
v 0.02621090 0.01416944 0.18042677
v 0.02619676 0.01875027 0.17651261
v 0.02613895 0.01904422 0.18178222
v 0.02616876 0.01580044 0.18980013
v 0.02615795 0.01903520 0.19423708
v 0.02611221 0.02504397 0.18435220
v 0.02616589 0.02736279 0.19274382
v 0.02611286 0.02866745 0.18346129
v 0.02626307 0.03603013 0.19048674
v 0.02623720 0.02998325 0.19640312
v 0.02627356 0.03297186 0.20272114
v 0.02623844 0.02533095 0.19956656
v 0.02623774 0.01995246 0.20421749
v 0.02622627 0.01569729 0.20372589
v 0.02621528 0.01377692 0.19715639
v 0.02614707 0.01853501 0.21722375
v 0.02620599 0.02532882 0.21418325
v 0.02623650 0.03114481 0.21137649
v 0.02621973 0.02756247 0.22013334
v 0.02628804 0.03586578 0.21755247
v 0.02623298 0.03741346 0.21127022
v 0.02637321 0.04814792 0.21756976
v 0.02637773 0.04846582 0.20879876
v 0.02643053 0.05507577 0.21099057
v 0.02635648 0.04266453 0.22234263
v 0.02641361 0.04947816 0.22533748
v 0.02643924 0.05751580 0.22434707
v 0.02635313 0.03957046 0.22730844
v 0.02623020 0.03749133 0.20682327
v 0.02630012 0.04354869 0.20767961
v 0.02631120 0.04064302 0.20097376
v 0.02620363 0.01382083 0.21502330
v 0.02621522 0.01264470 0.18872829
v 0.02624337 0.01296354 0.18543071
v 0.02627508 0.00756399 0.19105761
v 0.02633090 0.00645190 0.18612013
v 0.02619506 0.01111750 0.19545402
v 0.02626903 0.01882991 0.17086023
v 0.02627610 0.01345150 0.16686893
v 0.02628339 0.00767644 0.16614798
v 0.02629899 0.00969021 0.15579186
v 0.02633431 0.00338004 0.15252307
v 0.02631102 0.00732040 0.14684305
v 0.02631718 0.00242907 0.18702535
v 0.02638412 -0.00202406 0.18747250
v 0.02639379 -0.00540810 0.18745611
v 0.02642750 -0.00833162 0.18622468
v 0.02650401 -0.01115419 0.18670191
v 0.02653721 -0.01302716 0.18359556
v 0.02641441 -0.01850573 0.17029414
v 0.02640763 -0.01971726 0.17410881
v 0.02631354 -0.02324232 0.16771075
v 0.02644793 -0.01918715 0.15939600
v 0.02661930 -0.01733305 0.14860481
v 0.02666198 -0.01580501 0.14600341
v 0.02628005 -0.02384025 0.15847044
v 0.02631942 -0.02360167 0.15094781
v 0.02640510 -0.02284872 0.13860970
v 0.02639606 -0.02266841 0.13569267
v 0.02633205 -0.02128049 0.12969559
v 0.02630439 -0.02077688 0.12507944
v 0.02609920 -0.02539501 0.12477902
v 0.02603515 -0.02932175 0.14571693
v 0.02612984 -0.02763746 0.13445940
v 0.02578147 -0.03136988 0.12606575
v 0.02575575 -0.03168369 0.12197222
v 0.02625896 -0.02371627 0.11714588
v 0.02641257 -0.01969146 0.11626483
v 0.02569830 -0.03443590 0.11641778
v 0.02600561 -0.02894826 0.10369867
v 0.02569496 -0.03528102 0.11003239
v 0.02568826 -0.03576855 0.10314353
v 0.02556617 -0.03926765 0.10568633
v 0.02567778 -0.03725963 0.09795883
v 0.02528703 -0.04579586 0.10322792
v 0.02537067 -0.04521543 0.09457628
v 0.02506297 -0.05455286 0.10133234
v 0.02508494 -0.05416485 0.09050195
v 0.02535624 -0.04523997 0.09133581
v 0.02585993 -0.03402542 0.09384394
v 0.02496686 -0.05851081 0.08996682
v 0.02498283 -0.05864856 0.08420231
v 0.02502181 -0.05542675 0.07731558
v 0.02491944 -0.06034565 0.07575835
v 0.02500629 -0.05720197 0.06828959
v 0.02503481 -0.05640198 0.05578032
v 0.02511081 -0.05221283 0.05988069
v 0.02510372 -0.05334117 0.04361824
v 0.02498173 -0.05866257 0.04953894
v 0.02490558 -0.06130371 0.05794255
v 0.02485982 -0.06323559 0.04696290
v 0.02493621 -0.06051778 0.04033028
v 0.02504498 -0.05655866 0.03405489
v 0.02492372 -0.06130902 0.02583892
v 0.02484858 -0.06399779 0.02474561
v 0.02497400 -0.05884879 0.00965243
v 0.02481866 -0.06383433 0.00762593
v 0.02484523 -0.05957792 0.00167428
v 0.02475511 -0.06595364 0.01718831
v 0.02450954 -0.07173058 0.02098345
v 0.02420434 -0.07673801 0.01068115
v 0.02430010 -0.07378409 0.00638483
v 0.02457842 -0.06694735 0.00255169
v 0.02442498 -0.06966461 0.00077381
v 0.02383728 -0.08089913 0.00067140
v 0.02374522 -0.08414010 0.00480303
v 0.02365103 -0.08767080 0.01274993
v 0.02353531 -0.08778256 0.00097738
v 0.02377957 -0.08156307 0.00017352
v 0.02421798 -0.07764847 0.02176461
v 0.02393449 -0.08329025 0.02250066
v 0.02374316 -0.08764359 0.02825413
v 0.02420684 -0.07891782 0.03367917
v 0.02395423 -0.08484020 0.03899538
v 0.02414719 -0.08101798 0.04852605
v 0.02386828 -0.08764239 0.04581888
v 0.02385742 -0.08762490 0.05314993
v 0.02412931 -0.08219138 0.05746439
v 0.02450923 -0.07286797 0.05388565
v 0.02434299 -0.07776277 0.06293284
v 0.02472345 -0.06753979 0.06048345
v 0.02454581 -0.07262959 0.06626780
v 0.02467636 -0.06894989 0.06996661
v 0.02472766 -0.06721869 0.07461575
v 0.02485611 -0.06323952 0.07768473
v 0.02455488 -0.07200851 0.08592218
v 0.02455309 -0.07213623 0.07483970
v 0.02441250 -0.07712954 0.08233145
v 0.02431623 -0.07890496 0.07239256
v 0.02424788 -0.08107602 0.08065821
v 0.02407859 -0.08447889 0.06600764
v 0.02396274 -0.08758275 0.07774214
v 0.02391903 -0.08754687 0.08381369
v 0.02439020 -0.08014849 0.09181540
v 0.02445360 -0.07705535 0.08854957
v 0.02448662 -0.07819082 0.09757423
v 0.02438848 -0.08095132 0.10421545
v 0.02449893 -0.07699757 0.10826753
v 0.02439827 -0.08041010 0.11506649
v 0.02459337 -0.07615871 0.11939453
v 0.02445537 -0.08015105 0.12295231
v 0.02445468 -0.07991136 0.13146956
v 0.02456765 -0.07611947 0.13253970
v 0.02454170 -0.07702117 0.14470410
v 0.02440065 -0.08007633 0.16163870
v 0.02454677 -0.07621952 0.15843327
v 0.02446783 -0.07720615 0.16802583
v 0.02453943 -0.07532481 0.16505985
v 0.02451647 -0.07276619 0.17344550
v 0.02462249 -0.06963260 0.16775905
v 0.02473033 -0.06515552 0.16540307
v 0.02469493 -0.06511404 0.15833167
v 0.02486226 -0.05962094 0.15558438
v 0.02480042 -0.06176444 0.17304114
v 0.02467263 -0.06652480 0.17508863
v 0.02461506 -0.06715713 0.18754805
v 0.02453121 -0.06994807 0.18145656
v 0.02438817 -0.07281994 0.18798875
v 0.02437572 -0.07455184 0.17998056
v 0.02411624 -0.08197364 0.18777599
v 0.02416363 -0.08200386 0.17693745
v 0.02407304 -0.08490231 0.17202145
v 0.02398897 -0.08754219 0.15524489
v 0.02430322 -0.08240244 0.14181222
v 0.02421521 -0.08344916 0.12531850
v 0.02423794 -0.08284428 0.11429455
v 0.02400837 -0.08757184 0.10391350
v 0.02398023 -0.08756491 0.09515773
v 0.02396583 -0.08757287 0.10848903
v 0.02386174 -0.08744283 0.11514312
v 0.02386151 -0.08748965 0.12397573
v 0.02390105 -0.08751068 0.13532779
v 0.02399430 -0.08763027 0.14687520
v 0.02395197 -0.08753532 0.16826470
v 0.02399522 -0.08757871 0.17775261
v 0.02463047 -0.06612342 0.19592242
v 0.02474562 -0.06337034 0.19203558
v 0.02467744 -0.06431184 0.20533491
v 0.02477535 -0.06142056 0.19787981
v 0.02486859 -0.05932745 0.18924601
v 0.02491212 -0.05768462 0.19862152
v 0.02484616 -0.05884732 0.20727019
v 0.02438005 -0.07333219 0.19822313
v 0.02451824 -0.06908527 0.20683419
v 0.02491464 -0.05866466 0.17486380
v 0.02498997 -0.05549888 0.18626172
v 0.02499814 -0.05533848 0.17912643
v 0.02526225 -0.04810946 0.18845420
v 0.02562061 -0.03952923 0.18344805
v 0.02552222 -0.04131182 0.19406881
v 0.02587258 -0.03358935 0.18411015
v 0.02611554 -0.02812512 0.17904211
v 0.02549735 -0.04324011 0.17610545
v 0.02588160 -0.03413878 0.17514994
v 0.02624176 -0.02481495 0.17472466
v 0.02637806 -0.02207203 0.17787973
v 0.02647509 -0.01848917 0.17723177
v 0.02590948 -0.03264156 0.16926878
v 0.02539378 -0.04471491 0.17258995
v 0.02563566 -0.03853451 0.16345167
v 0.02577443 -0.03475129 0.15756148
v 0.02601443 -0.02954350 0.15530489
v 0.02578492 -0.03431511 0.14768461
v 0.02581542 -0.03383964 0.13437644
v 0.02555317 -0.04005031 0.14594380
v 0.02560157 -0.03945269 0.13540764
v 0.02560541 -0.03780085 0.12807185
v 0.02561597 -0.03514781 0.12221640
v 0.02545595 -0.04308533 0.12389175
v 0.02543717 -0.04403485 0.13129169
v 0.02524620 -0.04899195 0.13471483
v 0.02503557 -0.05472575 0.12974105
v 0.02515390 -0.05176342 0.12025817
v 0.02555292 -0.04148418 0.11537243
v 0.02530889 -0.04778321 0.11497053
v 0.02533193 -0.04459927 0.10713621
v 0.02516117 -0.05099202 0.10969446
v 0.02496954 -0.05718971 0.11733275
v 0.02487530 -0.05992109 0.11289949
v 0.02493196 -0.05913837 0.10119057
v 0.02474057 -0.06532158 0.10711122
v 0.02472276 -0.06519198 0.09870364
v 0.02467477 -0.06581070 0.09157225
v 0.02478096 -0.06387468 0.08779656
v 0.02449777 -0.07279545 0.09105401
v 0.02456337 -0.07127785 0.09916931
v 0.02453862 -0.07235969 0.10249386
v 0.02457118 -0.07248219 0.10921530
v 0.02467479 -0.06976867 0.11645415
v 0.02472391 -0.06718839 0.11066146
v 0.02478420 -0.06412506 0.11618857
v 0.02481021 -0.06282408 0.12440094
v 0.02492453 -0.05830443 0.13236876
v 0.02493282 -0.05738189 0.14354322
v 0.02503281 -0.05427202 0.13943789
v 0.02502398 -0.05468876 0.15031970
v 0.02524378 -0.04875325 0.14517004
v 0.02525907 -0.04805018 0.15528341
v 0.02549709 -0.04290886 0.13899118
v 0.02551973 -0.04067900 0.15500171
v 0.02533298 -0.04638039 0.16218523
v 0.02511735 -0.05244671 0.16438391
v 0.02510083 -0.05301586 0.17286763
v 0.02490475 -0.05886354 0.16058740
v 0.02483244 -0.06151061 0.13732716
v 0.02480389 -0.06173525 0.15170657
v 0.02471268 -0.06632486 0.14468072
v 0.02475518 -0.06470189 0.13563979
v 0.02465687 -0.06932017 0.12864517
v 0.02462556 -0.07173255 0.13655599
v 0.02463935 -0.06999851 0.15084593
v 0.02578339 -0.03438962 0.19836251
v 0.02588991 -0.03228501 0.18851347
v 0.02595113 -0.02997415 0.19175016
v 0.02633701 -0.02036766 0.18739984
v 0.02626990 -0.02067162 0.19108964
v 0.02643702 -0.01353498 0.18928468
v 0.02633649 -0.01407592 0.19441821
v 0.02638195 -0.02031236 0.18277981
v 0.02627263 -0.01696158 0.19948629
v 0.02604019 -0.02680053 0.19655414
v 0.02608595 -0.02721307 0.18287329
v 0.02492030 -0.05658527 0.19292420
v 0.02513133 -0.05071793 0.19786783
v 0.02475790 -0.06635096 0.05015428
v 0.02445984 -0.07383603 0.04402016
v 0.02471314 -0.06775958 0.03273756
v 0.02449657 -0.07290576 0.03571173
v 0.02398462 -0.08764796 0.06830159
v 0.02631947 0.02697433 0.17117875
v 0.02623061 0.02612999 0.17852201
v 0.02627792 0.03073345 0.17561329
v 0.02624826 0.03644832 0.17973417
v 0.02631260 0.03488968 0.17392956
v 0.02629752 0.04089651 0.19247962
v 0.02643119 0.05360611 0.20141831
v 0.02644738 0.05997310 0.20368913
v 0.02644193 0.05784367 0.19131428
v 0.02642934 0.05137816 0.19350441
v 0.02647286 0.05402641 0.18831223
v 0.02634694 0.04607553 0.19764204
v 0.02628964 0.04273635 0.18574127
v 0.02636128 0.04720824 0.18589327
v 0.02643823 0.05539425 0.17574658
v 0.02635828 0.04850203 0.18006704
v 0.02628235 0.04442297 0.17529306
v 0.02647049 0.05755861 0.15807688
v 0.02636786 0.05201706 0.13226710
v 0.02637661 0.03836426 0.13225184
v 0.02644312 0.05978371 0.12538414
v 0.02639201 0.04988513 0.12443794
v 0.02641998 0.05274114 0.11719105
v 0.02648022 0.05737905 0.11435798
v 0.02646847 0.06368259 0.12161811
v 0.02652132 0.06141997 0.10985142
v 0.02647388 0.05105801 0.10842173
v 0.02646966 0.05366897 0.10162768
v 0.02648156 0.06237379 0.10412243
v 0.02644125 0.06148527 0.09645463
v 0.02639819 0.05430378 0.09329756
v 0.02642110 0.06086781 0.09017156
v 0.02642409 0.06802749 0.09354687
v 0.02637920 0.05244238 0.09012679
v 0.02638600 0.04430447 0.08938233
v 0.02650850 0.04173805 0.09655169
v 0.02645930 0.03887565 0.09089135
v 0.02655536 0.03211842 0.09558066
v 0.02647570 0.03140919 0.09021095
v 0.02651817 0.04581111 0.09833039
v 0.02650675 0.04522696 0.10611968
v 0.02651378 0.04073005 0.10156318
v 0.02651430 0.03449202 0.10079895
v 0.02658642 0.03810092 0.10888115
v 0.02649711 0.04061464 0.11569196
v 0.02643366 0.04530060 0.11976693
v 0.02650109 0.03876585 0.11944493
v 0.02641142 0.03803967 0.12704571
v 0.02636635 0.04595198 0.12928310
v 0.02619426 0.02491050 0.11449686
v 0.02622915 0.02416276 0.10621465
v 0.02636071 0.02370978 0.09659907
v 0.02630746 0.01736022 0.09336654
v 0.02631752 0.01922792 0.08760693
v 0.02628677 0.01487634 0.08738409
v 0.02628844 0.01959772 0.07645462
v 0.02628276 0.01643222 0.08001194
v 0.02637190 0.01347610 0.07187888
v 0.02631809 0.01294065 0.07879551
v 0.02631288 0.01390527 0.09387242
v 0.02626729 0.01217478 0.08675363
v 0.02632896 0.00742455 0.07831800
v 0.02630710 0.00992030 0.07613381
v 0.02633481 0.00699881 0.07447765
v 0.02634313 0.01235754 0.07039971
v 0.02636087 -0.00029753 0.07597893
v 0.02629092 0.00598084 0.08059577
v 0.02626526 -0.00355343 0.08078192
v 0.02618858 -0.00506986 0.08637000
v 0.02619553 0.00368559 0.08830509
v 0.02616788 -0.01178184 0.08236286
v 0.02615089 -0.01222069 0.08690345
v 0.02621971 -0.00987353 0.09198727
v 0.02620030 -0.00259872 0.09242719
v 0.02627681 0.01138881 0.09253838
v 0.02628057 -0.01004930 0.09781648
v 0.02630461 -0.01308669 0.10186444
v 0.02619322 -0.02446433 0.10938077
v 0.02626323 -0.02307686 0.10233126
v 0.02599432 -0.03078006 0.09725584
v 0.02630364 -0.02346161 0.09537670
v 0.02575547 -0.03634377 0.08902228
v 0.02615068 -0.02625557 0.08918251
v 0.02556788 -0.04013228 0.08268180
v 0.02586383 -0.03204883 0.07852952
v 0.02614750 -0.02591512 0.08043971
v 0.02616013 -0.02534784 0.07477067
v 0.02642229 -0.01964479 0.07209783
v 0.02613138 -0.02462832 0.06999159
v 0.02622197 -0.02383714 0.08557431
v 0.02629138 -0.02151299 0.08100229
v 0.02649253 -0.01712745 0.07438978
v 0.02630190 -0.01988832 0.08975266
v 0.02532114 -0.04665356 0.08802326
v 0.02545786 -0.04185356 0.07597510
v 0.02567468 -0.03529316 0.07265478
v 0.02589557 -0.02926160 0.06708012
v 0.02556081 -0.03805065 0.06907217
v 0.02522770 -0.04826065 0.07747978
v 0.02530738 -0.04501930 0.06965339
v 0.02509352 -0.05272788 0.07919515
v 0.02516457 -0.04983421 0.06766302
v 0.02624641 -0.01796663 0.05563027
v 0.02616112 -0.02019684 0.05129720
v 0.02624258 -0.01691535 0.04781457
v 0.02634334 -0.01236126 0.05300433
v 0.02620798 -0.01717060 0.04129320
v 0.02595063 -0.02853085 0.04017710
v 0.02606225 -0.02214820 0.03526236
v 0.02634611 -0.01077823 0.05959087
v 0.02635805 -0.00850577 0.05170893
v 0.02628688 -0.01985806 0.06789648
v 0.02635953 -0.01489842 0.06626793
v 0.02651009 -0.01332161 0.07125222
v 0.02619838 -0.02112074 0.06368807
v 0.02551803 -0.03944604 0.06312840
v 0.02584072 -0.03044445 0.05524612
v 0.02567895 -0.03538655 0.05283904
v 0.02532768 -0.04489607 0.05597408
v 0.02553859 -0.03960325 0.04864814
v 0.02574782 -0.03368623 0.04543859
v 0.02570743 -0.03616948 0.03830117
v 0.02579908 -0.03199704 0.03109803
v 0.02526860 -0.04691411 0.04376668
v 0.02530185 -0.04650174 0.03069415
v 0.02509324 -0.05442352 0.02591904
v 0.02523114 -0.04794969 0.02658712
v 0.02517956 -0.04973578 0.01636139
v 0.02505352 -0.05273890 0.00719899
v 0.02494300 -0.05474164 0.00343058
v 0.02517540 -0.04858420 0.00754343
v 0.02533970 -0.04429963 0.01522770
v 0.02557439 -0.03931616 0.02913927
v 0.02527829 -0.04689589 0.03518034
v 0.02616539 -0.01630557 0.03286641
v 0.02624621 -0.00985087 0.03466254
v 0.02624158 -0.01007503 0.02531216
v 0.02595067 -0.02293770 0.02630060
v 0.02591816 -0.02423344 0.02127742
v 0.02618043 -0.01370696 0.02591842
v 0.02612292 -0.01300762 0.01627763
v 0.02587706 -0.02359758 0.01291005
v 0.02607204 -0.01494323 0.01016807
v 0.02615627 -0.00503938 0.00898814
v 0.02570538 -0.03315548 0.01896588
v 0.02569241 -0.03216258 0.01154278
v 0.02583408 -0.02751685 0.01794274
v 0.02591480 -0.02617841 0.02828365
v 0.02563136 -0.03650459 0.02416736
v 0.02558561 -0.03702878 0.01508558
v 0.02599921 -0.01574890 0.00566335
v 0.02619154 -0.00136540 0.01226425
v 0.02620343 -0.00248170 0.01828450
v 0.02617854 -0.01105285 0.02050095
v 0.02625877 -0.00546518 0.02900656
v 0.02630207 -0.00318193 0.05560668
v 0.02635350 -0.00676133 0.06594560
v 0.02624131 -0.00102924 0.06601644
v 0.02623930 0.00002570 0.05484290
v 0.02621913 0.00341880 0.05559676
v 0.02620787 0.00449093 0.06685747
v 0.02629592 0.00898924 0.05033409
v 0.02623750 0.00326798 0.04282995
v 0.02632009 0.00830955 0.05550156
v 0.02629569 0.00913547 0.06092800
v 0.02637262 0.01308258 0.05521804
v 0.02628202 0.00986001 0.06693771
v 0.02638965 0.01389449 0.05879939
v 0.02635995 0.01449637 0.06354720
v 0.02627578 0.01906643 0.07104177
v 0.02631824 0.01998551 0.06642505
v 0.02637908 0.02571123 0.06748395
v 0.02644674 0.03617975 0.07099409
v 0.02644678 0.02688969 0.05217964
v 0.02640827 0.02424312 0.06225771
v 0.02638832 0.01956164 0.04877744
v 0.02646084 0.02553933 0.04283671
v 0.02648436 0.03847491 0.06680042
v 0.02647556 0.03403636 0.06115850
v 0.02642744 0.04525433 0.06472351
v 0.02643996 0.04330698 0.05416790
v 0.02641354 0.05148948 0.05438317
v 0.02643189 0.05291481 0.06383817
v 0.02638711 0.04674804 0.07092039
v 0.02649009 0.03573725 0.05274346
v 0.02653918 0.03450753 0.04042521
v 0.02648392 0.02786152 0.03670314
v 0.02646336 0.03445510 0.03241415
v 0.02640760 0.01986642 0.04134775
v 0.02643146 0.01400727 0.03033473
v 0.02643447 0.02051463 0.02787968
v 0.02640417 0.01387330 0.04297897
v 0.02636351 0.01378452 0.04761089
v 0.02630855 0.00613462 0.03931964
v 0.02627023 0.00029768 0.03820091
v 0.02623076 0.00334531 0.03072625
v 0.02624957 -0.00053572 0.02435088
v 0.02628061 0.00512729 0.02591709
v 0.02632685 0.00882626 0.03159044
v 0.02640137 0.01326561 0.02470179
v 0.02618178 0.00281377 0.00594006
v 0.02624313 0.00826076 0.00419260
v 0.02612561 0.00280595 0.00166097
v 0.02623002 0.00903524 0.00152808
v 0.02604746 -0.00145121 0.00179256
v 0.02633242 0.01139420 0.01206892
v 0.02632104 0.00873151 0.01850893
v 0.02629305 0.00836927 0.00720625
v 0.02641251 0.01998596 0.02298029
v 0.02639109 0.01997379 0.01470657
v 0.02647988 0.02654737 0.02117518
v 0.02653111 0.03386615 0.02017916
v 0.02643404 0.02967423 0.01227345
v 0.02642902 0.04409314 0.01870268
v 0.02638530 0.04265262 0.01060168
v 0.02640831 0.04968827 0.01519415
v 0.02640457 0.04977926 0.02407427
v 0.02639446 0.04354974 0.03396046
v 0.02639396 0.04244724 0.02584343
v 0.02643476 0.04514908 0.04305107
v 0.02644381 0.04063615 0.03493455
v 0.02638161 0.05208505 0.04469421
v 0.02630930 0.05431470 0.03595316
v 0.02630342 0.06137911 0.03794932
v 0.02626228 0.06127762 0.00769490
v 0.02629189 0.06125360 0.02580204
v 0.02630628 0.05748003 0.01787013
v 0.02603694 0.06997757 0.01860748
v 0.02618649 0.06578459 0.02184347
v 0.02616044 0.06690294 0.00923018
v 0.02595316 0.07212187 0.02850309
v 0.02619395 0.06642241 0.03531238
v 0.02588426 0.07443074 0.04578120
v 0.02609749 0.06980139 0.04991393
v 0.02626221 0.06588116 0.05681459
v 0.02632860 0.06526422 0.06253831
v 0.02637803 0.06928298 0.07718983
v 0.02639066 0.06510572 0.06919529
v 0.02627772 0.06964076 0.06846841
v 0.02648028 0.06476125 0.07480298
v 0.02650603 0.06474329 0.08013642
v 0.02639492 0.07006574 0.08659051
v 0.02644900 0.06009617 0.06838961
v 0.02639038 0.05930717 0.05752099
v 0.02633664 0.05994071 0.04742599
v 0.02645006 0.05543354 0.07135007
v 0.02651369 0.05666214 0.07803650
v 0.02650995 0.05986501 0.08390718
v 0.02645813 0.04536164 0.07894618
v 0.02646098 0.06462245 0.08839816
v 0.02648080 0.06686795 0.11300856
v 0.02643365 0.06501748 0.13017260
v 0.02644867 0.06035747 0.13396478
v 0.02646558 0.06352426 0.14431620
v 0.02649898 0.05889820 0.14545413
v 0.02647594 0.06178977 0.15716425
v 0.02646777 0.05918618 0.18258064
v 0.02642912 0.06123058 0.21340209
v 0.02654242 0.06629957 0.23700690
v 0.02649865 0.05512120 0.23528491
v 0.02645927 0.06548825 0.22971083
v 0.02659990 0.06291050 0.24084432
v 0.02660659 0.06980585 0.24071175
v 0.02665720 0.06351121 0.24543538
v 0.02656848 0.05113346 0.24141186
v 0.02655980 0.04948005 0.24758167
v 0.02647727 0.04600890 0.23601464
v 0.02658342 0.04145119 0.24345310
v 0.02664331 0.04061669 0.24786262
v 0.02645261 0.05290484 0.23094425
v 0.02640361 0.03857450 0.23547043
v 0.02645359 0.03523811 0.24186999
v 0.02637174 0.02901083 0.24657781
v 0.02625619 0.02698674 0.23626066
v 0.02628642 0.03304845 0.22820527
v 0.02620636 0.01965979 0.24528828
v 0.02623379 0.02148082 0.24858168
v 0.02635442 0.02909567 0.24840658
v 0.02614589 0.01358497 0.24862380
v 0.02619095 0.01830169 0.23660141
v 0.02622172 0.02580121 0.23086676
v 0.02618559 0.02280275 0.22428187
v 0.02619497 0.01435803 0.22252919
v 0.02619532 0.01310165 0.24267620
v 0.02620526 0.01434227 0.23381478
v 0.02619370 0.00791700 0.24632447
v 0.02618237 0.01005306 0.23432942
v 0.02617710 0.00403615 0.24154107
v 0.02615145 0.00448716 0.23279845
v 0.02615944 -0.00374603 0.23730546
v 0.02616155 -0.00525336 0.23049595
v 0.02614865 0.00248477 0.22237525
v 0.02622297 -0.01345697 0.22013640
v 0.02618443 -0.01343941 0.22825064
v 0.02618775 -0.01839634 0.21792851
v 0.02627579 -0.01289696 0.21593767
v 0.02610479 -0.01931046 0.23056742
v 0.02603690 -0.02516282 0.21735789
v 0.02621084 -0.01985280 0.21023711
v 0.02600526 -0.02482944 0.22417831
v 0.02577339 -0.03196697 0.22689615
v 0.02582364 -0.03169657 0.21267422
v 0.02553755 -0.03907618 0.21845935
v 0.02553047 -0.03916045 0.22953376
v 0.02583446 -0.03002468 0.23292279
v 0.02604362 -0.02323217 0.23742330
v 0.02616284 -0.01580488 0.23637026
v 0.02620726 -0.01771975 0.24442958
v 0.02609346 -0.02370894 0.24369672
v 0.02629578 -0.01813429 0.24954540
v 0.02628998 -0.01343930 0.24831114
v 0.02619524 -0.01159804 0.24314294
v 0.02618901 -0.00390210 0.24508262
v 0.02623167 -0.00825399 0.24928971
v 0.02617960 -0.00036967 0.24926062
v 0.02570699 -0.03543831 0.23849031
v 0.02589175 -0.03074310 0.24761872
v 0.02614727 -0.02288555 0.24954537
v 0.02564291 -0.03841440 0.24697433
v 0.02545793 -0.04226376 0.24015074
v 0.02524709 -0.04690989 0.23693366
v 0.02532841 -0.04386233 0.22503588
v 0.02509116 -0.05076707 0.23339120
v 0.02506017 -0.05166863 0.22065036
v 0.02526395 -0.04589261 0.21375285
v 0.02557198 -0.03890521 0.20822887
v 0.02528160 -0.04481163 0.20655618
v 0.02494133 -0.05550810 0.23451341
v 0.02488957 -0.05744109 0.21871064
v 0.02497383 -0.05468430 0.24827715
v 0.02478824 -0.06082560 0.24463720
v 0.02483287 -0.05980009 0.23449014
v 0.02463992 -0.06558993 0.23566841
v 0.02457919 -0.06672700 0.24869063
v 0.02446158 -0.07019693 0.23401187
v 0.02450886 -0.06958845 0.21947765
v 0.02432726 -0.07247722 0.24784623
v 0.02408175 -0.07752910 0.24177403
v 0.02419449 -0.07598480 0.23127554
v 0.02432556 -0.07406976 0.22232647
v 0.02401473 -0.08094195 0.22251520
v 0.02390063 -0.08167348 0.23569366
v 0.02368314 -0.08623563 0.24182898
v 0.02370660 -0.08756711 0.22513107
v 0.02383153 -0.08758777 0.21282040
v 0.02408604 -0.08051603 0.21457783
v 0.02361309 -0.08813944 0.24184695
v 0.02369315 -0.08739342 0.25136250
v 0.02373013 -0.08551347 0.24993753
v 0.02379178 -0.08402832 0.25126343
v 0.02415556 -0.07460161 0.25104889
v 0.02398351 -0.07973643 0.24840086
v 0.02485371 -0.05952768 0.25032467
v 0.02488576 -0.05798263 0.24878320
v 0.02454170 -0.06721780 0.25092197
v 0.02528407 -0.04685791 0.24704549
v 0.02512069 -0.05202608 0.25033147
v 0.02531121 -0.04647884 0.25017433
v 0.02566596 -0.03755976 0.24962945
v 0.02621863 0.00569554 0.24942619
v 0.02617861 0.01049033 0.24922462
v 0.02617079 0.00917857 0.22488762
v 0.02622096 -0.00505352 0.21982803
v 0.02622030 0.00243928 0.21601634
v 0.02628432 -0.00511091 0.21551720
v 0.02619745 0.00823155 0.22012469
v 0.02623782 0.00808766 0.21574669
v 0.02619454 0.00648068 0.20366171
v 0.02619075 0.00172561 0.20365450
v 0.02617357 0.00435296 0.19513221
v 0.02621835 0.00819545 0.19351598
v 0.02615980 -0.00191927 0.19724387
v 0.02621678 0.00770369 0.21095715
v 0.02623196 -0.00472685 0.20631847
v 0.02618628 -0.00461719 0.19482397
v 0.02625128 -0.01099853 0.20031239
v 0.02626736 -0.00862608 0.19360805
v 0.02621347 -0.00043127 0.19302575
v 0.02626827 -0.00974555 0.20948264
v 0.02628027 -0.01448926 0.20444303
v 0.02619874 -0.02138815 0.19959392
v 0.02604738 -0.02591113 0.20561221
v 0.02587478 -0.03034129 0.20768640
v 0.02558151 -0.03900127 0.20243060
v 0.02465951 -0.06519263 0.22161197
v 0.02477867 -0.06126761 0.22009496
v 0.02407480 -0.08154921 0.20338115
v 0.02424538 -0.07667816 0.20997179
v 0.02394450 -0.08753928 0.18921552
v 0.02395542 -0.08516522 0.20213521
v 0.02531239 -0.04435773 0.20361412
v 0.02642605 0.06325013 0.21891659
v 0.02642984 0.06542356 0.19538253
v 0.02641590 0.06595666 0.22527476
v 0.02641722 0.06512075 0.19120412
v 0.02643065 0.06505772 0.18022642
v 0.02648173 0.06190698 0.17468977
v 0.02644236 0.06521123 0.17167715
v 0.02652250 0.05893646 0.16743236
v 0.02639806 0.06865799 0.14624763
v 0.02642311 0.06751512 0.14074493
v 0.02646319 0.07009024 0.12580874
v 0.02646928 0.07056187 0.13438909
v 0.02649736 0.07013999 0.11687809
v 0.02646412 0.06956565 0.10727790
v 0.02636623 0.07099425 0.09231128
v 0.02642567 0.07117593 0.10743324
v 0.02636762 0.07481280 0.11558901
v 0.02645979 0.07265179 0.11740676
v 0.02599155 0.07407938 0.06011571
v 0.02574042 0.07718427 0.04610826
v 0.02579096 0.07741228 0.06074086
v 0.02549517 0.08073771 0.04684768
v 0.02570262 0.07747379 0.02557987
v 0.02550467 0.08040964 0.01965134
v 0.02521877 0.08429804 0.03848018
v 0.02515774 0.08478829 0.01856981
v 0.02522834 0.08496832 0.01035674
v 0.02517055 0.08476561 0.05503537
v 0.02573411 0.07751277 0.01028533
v 0.02528405 0.08318754 0.00362652
v 0.02566792 0.07706412 0.00435937
v 0.02525718 0.08318272 0.06110930
v 0.02495777 0.08624966 0.06723347
v 0.02514045 0.08356504 0.07234571
v 0.02570489 0.07836096 0.06607912
v 0.02581876 0.07736317 0.07795408
v 0.02570391 0.07890135 0.08337532
v 0.02524154 0.08341745 0.08655216
v 0.02596221 0.07718538 0.10286930
v 0.02610160 0.07544415 0.09913461
v 0.02614895 0.07388692 0.08572760
v 0.02610115 0.07388118 0.07963495
v 0.02601991 0.07468351 0.06938137
v 0.02516774 0.08417220 0.10226488
v 0.02555970 0.08094455 0.10564567
v 0.02498248 0.08624350 0.11203051
v 0.02539583 0.08281091 0.11316509
v 0.02517012 0.08445043 0.11959624
v 0.02463387 0.08904930 0.12121643
v 0.02468617 0.08908122 0.11030736
v 0.02477912 0.08908329 0.10109817
v 0.02453027 0.08897008 0.13373257
v 0.02504225 0.08475395 0.13430385
v 0.02502829 0.08476700 0.14062341
v 0.02469724 0.08786718 0.14220150
v 0.02454712 0.08914865 0.14290228
v 0.02466884 0.08913292 0.15671692
v 0.02501829 0.08457540 0.14732886
v 0.02494175 0.08568142 0.15673233
v 0.02471662 0.08915541 0.16835839
v 0.02503306 0.08537381 0.16857982
v 0.02480065 0.08880376 0.18162110
v 0.02509261 0.08480725 0.17983581
v 0.02515349 0.08460825 0.18642901
v 0.02515654 0.08590208 0.19671647
v 0.02491016 0.08926033 0.19672057
v 0.02521655 0.08587114 0.20420194
v 0.02506141 0.08876727 0.21329559
v 0.02528135 0.08583099 0.21506073
v 0.02505766 0.08878975 0.22776592
v 0.02529546 0.08581391 0.22752650
v 0.02533607 0.08689823 0.23949910
v 0.02523515 0.08867385 0.24498904
v 0.02564788 0.08170112 0.22155574
v 0.02577508 0.07987572 0.21274608
v 0.02590079 0.07827175 0.22145508
v 0.02612688 0.07413641 0.21514200
v 0.02607819 0.07492251 0.20451617
v 0.02574087 0.07996798 0.20136142
v 0.02602200 0.07536750 0.19013742
v 0.02630809 0.07074982 0.19750673
v 0.02630300 0.06999934 0.18679355
v 0.02596012 0.07577945 0.18115855
v 0.02602449 0.07519456 0.17481001
v 0.02630569 0.07042767 0.21456617
v 0.02631641 0.07107852 0.22783480
v 0.02605691 0.07657526 0.22870590
v 0.02651301 0.07183285 0.23802461
v 0.02602599 0.07938816 0.23587433
v 0.02574182 0.08116230 0.22775545
v 0.02636995 0.07616093 0.24329264
v 0.02588480 0.08166764 0.23995071
v 0.02552589 0.08649538 0.24574811
v 0.02607029 0.08101232 0.24758846
v 0.02568388 0.08499233 0.24818952
v 0.02566503 0.07983885 0.19041456
v 0.02565281 0.07945778 0.17966500
v 0.02567343 0.07958896 0.17187446
v 0.02576139 0.07928678 0.16488028
v 0.02600553 0.07676121 0.16400917
v 0.02598146 0.07690055 0.14788790
v 0.02550054 0.08130509 0.14124487
v 0.02562907 0.07983583 0.14773581
v 0.02516203 0.08364844 0.15657239
v 0.02618522 0.07713496 0.11493613
v 0.02627610 0.07372582 0.10444716
v 0.02604674 0.06896186 0.00543197
v 0.02574561 0.07462925 0.00190640
v 0.02605313 0.06779176 0.00316279
v 0.02623958 0.05905599 0.00336594
v 0.02606366 0.06558044 0.00165238
v 0.02602592 0.06772810 0.00195169
v 0.02597090 0.07074938 0.00154682
v 0.02625785 0.06413291 0.04557343
v 0.02629910 0.05693854 0.02815785
v 0.02631384 0.05551165 0.01091613
v 0.02628609 0.05336938 0.00582838
v 0.02627156 0.04730932 0.00386349
v 0.02617055 0.05365926 0.00166235
v 0.02620805 0.05845160 0.00191509
v 0.02621930 0.06124543 0.00170321
v 0.02627904 0.03886807 0.00332834
v 0.02633060 0.03219094 0.00391648
v 0.02635076 0.02344568 0.00320907
v 0.02630906 0.01920073 0.00316251
v 0.02634722 0.02200118 0.00157412
v 0.02626425 0.01690866 0.00191270
v 0.02631890 0.01376198 0.00522914
v 0.02626012 0.01464363 0.00188225
v 0.02641237 0.01371609 0.03548327
v 0.02652763 0.03812391 0.03998055
v 0.02644738 0.03707525 0.02617842
v 0.02647870 0.03174017 0.02636068
v 0.02648390 0.02844231 0.02867102
v 0.02623944 -0.00146018 0.04241472
v 0.02629668 -0.00508248 0.03978769
v 0.02628216 -0.00754336 0.04210135
v 0.02607134 -0.00650404 0.00362193
v 0.02600062 -0.01258920 0.00163752
v 0.02587742 -0.01908529 0.00179655
v 0.02569353 -0.02867188 0.00420364
v 0.02561716 -0.03506657 0.00563982
v 0.02562976 -0.03123993 0.00099251
v 0.02578227 -0.02483487 0.00157859
v 0.02550792 -0.03922943 0.00548296
v 0.02517236 -0.04626748 0.00093364
v 0.02545665 -0.03924586 0.00105830
v 0.02498150 -0.05271471 0.00080895
v 0.02537009 -0.04397975 0.03851192
v 0.02603153 -0.02385971 0.05021772
v 0.02632832 -0.02002114 0.10908561
v 0.02632242 -0.01963693 0.10372400
v 0.02639303 -0.01876178 0.09717803
v 0.02636230 -0.01520451 0.09532743
v 0.02625340 0.00840266 0.08931643
v 0.02644729 0.02697914 0.09192323
v 0.02642450 0.02501318 0.08652400
v 0.02650396 0.03796598 0.08621504
v 0.02645847 0.04428867 0.08340973
v 0.02639744 0.04933406 0.08917942
v 0.02647799 0.03583788 0.08095337
v 0.02645282 0.03789209 0.07521002
v 0.02639832 0.03046110 0.07606411
v 0.02634123 0.02288226 0.08173355
v 0.02643648 0.03025222 0.10326898
v 0.02654342 0.03467197 0.11022742
v 0.02647567 0.03462375 0.11639007
v 0.02639038 0.03233383 0.12195796
v 0.02626312 0.02634074 0.12272372
v 0.02628682 0.02973588 0.12563537
v 0.02637252 0.03889770 0.16930954
v 0.02647044 0.03655428 0.16332495
v 0.02640780 0.07356261 0.13693521
v 0.02635213 0.07159425 0.14513773
v 0.02628428 0.07143837 0.15553546
v 0.02628658 0.07176930 0.16138548
v 0.02630566 0.07078432 0.16906425
v 0.02627294 0.07013908 0.17702770
v 0.02639646 0.06709444 0.20521175
v 0.02636541 0.06851662 0.21683486
v 0.02643679 0.07057635 0.23375088
v 0.02638078 0.07387635 0.12490737
v 0.02637332 0.07453288 0.13372394
v 0.02624147 0.07353661 0.14737829
v 0.02614968 0.07477727 0.16094910
v 0.02583835 0.07990216 0.11725066
v 0.02631869 0.00658566 0.07083175
v 0.02630126 0.00844713 0.08540199
v 0.02576481 0.08018527 0.12552230
v 0.02611452 0.07765726 0.13517586
v 0.02624854 0.07609566 0.13667647
v 0.02617079 0.07708286 0.12459951
v 0.02626647 -0.01846641 0.08523583
v 0.02628617 -0.01724501 0.08222878
v 0.02629389 0.04550908 0.00210475
v 0.02634754 0.03249195 0.00207159
v 0.02629665 0.03632252 0.00168469
v 0.02624617 0.04287280 0.00188037
v 0.02660772 0.06870468 0.24742000
v 0.02640816 0.07355666 0.24739997
v 0.02661675 0.06201026 0.24754503
v 0.02641770 -0.01629213 0.07894244
v 0.02647460 -0.00991532 0.07442718
v 0.02640048 -0.00924641 0.07681008
v 0.02645408 -0.00401700 0.07391814
v 0.02643939 -0.00697261 0.07058021
v 0.02629575 0.02962624 0.00184973
v 0.02627324 0.04593835 0.00187200
v 0.02618287 0.01256571 0.00155904
v 0.02593309 -0.02745572 0.24996853
v 0.02562169 0.07862582 0.00184427
v 0.02492819 -0.05678891 0.00083680
v 0.02500313 -0.05683912 0.25041386
v 0.02661750 0.04080702 0.24840062
v 0.02648436 0.04926663 0.24832279
v 0.02501234 0.08840541 0.00265948
v 0.02507191 0.08869239 0.00962291
v 0.02503712 0.08916975 0.00780779
v 0.02530319 0.08278678 0.00184721
v 0.02518515 0.08519716 0.00143926
v 0.02495214 0.08862637 0.01823074
v 0.02494731 0.08864870 0.02802122
v 0.02496984 0.08865004 0.04146712
v 0.02496709 0.08869055 0.05435784
v 0.02480104 0.08915939 0.06728434
v 0.02494820 0.08650287 0.08029066
v 0.02476707 0.08915267 0.07710525
v 0.02508797 0.08508794 0.09309927
v 0.02474920 0.08910282 0.08957756
v 0.02502152 0.08916747 0.00140979
v 0.02591518 -0.01351770 0.00111871
v 0.02426835 -0.07084892 0.00030725
v 0.02558239 0.07803120 0.00151958
v 0.02653798 0.06474460 0.24842740
v 0.02623782 -0.01869531 0.25001167
v 0.02348987 -0.08840218 0.00280581
v 0.02478573 -0.05848292 0.00058398
v 0.02562274 -0.03701567 0.25023828
v 0.02576443 -0.03195139 0.25008017
v 0.02597913 -0.00214536 0.00130225
v 0.02490681 0.08931873 0.00193843
v 0.02358702 -0.08506095 0.00010902
v 0.02617868 0.05680863 0.00168694
v 0.02358930 -0.08820902 0.25135909
v 0.02486658 0.08921524 0.01960312
v 0.02490773 0.08919925 0.04336687
v 0.02364813 -0.08803477 0.22288107
v 0.02618725 0.07627860 0.24834604
v 0.02639778 0.03276618 0.24872331
v 0.02392680 -0.08799907 0.17995301
v 0.02379499 -0.08802192 0.20639218
v 0.02474551 0.08925486 0.18273888
v 0.02498556 0.08926270 0.22666671
v 0.02613519 -0.00919737 0.24982010
v 0.02608828 -0.00200105 0.24974634
v 0.02517690 0.08861215 0.24824920
v 0.02603913 0.01378928 0.24931280
v 0.02384966 -0.08811851 0.16509174
v 0.02359570 -0.08825618 0.02303805
v 0.02374290 -0.08821945 0.04349014
v 0.02595073 0.08102291 0.24839478
v 0.02629690 0.07257423 0.24827051
v 0.02592776 -0.00897024 0.00118728
v 0.02524911 0.08208153 0.00142940
v 0.02338847 -0.08814015 0.00020842
v 0.02484864 -0.05794770 0.25059067
v 0.02617297 0.02705683 0.24909488
v 0.02600024 -0.02406403 0.25008854
v 0.02369750 -0.08817584 0.11760484
v 0.02377578 -0.08812853 0.13597901
v 0.02388730 -0.08810222 0.14599338
v 0.02386504 -0.08810734 0.10725218
v 0.02372129 -0.08821643 0.05374690
v 0.02386120 -0.08815876 0.06809855
v 0.02509681 0.08928343 0.24552843
v 0.02378305 -0.08810190 0.08467765
v 0.02520105 -0.04273008 0.00068584
v 0.02608300 0.00880898 0.24971902
v 0.02620596 0.03181121 0.00169010
v 0.02479130 -0.05741640 0.00049826
v 0.02622600 0.02951886 0.00164884
v 0.02481433 -0.05437340 0.00046753
v 0.02529278 0.08674034 0.24865946
v 0.02589823 0.06741000 0.00163071
v 0.02607593 0.01537097 0.00157136
v 0.02621603 0.04648470 0.00172283
v 0.02609742 0.00490509 0.24975891
v 0.02592310 0.00152756 0.24991129
v 0.02616399 0.05935717 0.00172976
v 0.02623818 0.06840927 0.24879107
v 0.02492115 0.08913861 0.24863213
v 0.02605300 0.07314030 0.24879052
v 0.02627707 0.04816792 0.24882651
v 0.02628289 0.05530633 0.24882534
v 0.02594027 0.07042990 0.24902801
v 0.02632312 0.04136715 0.24897285
v 0.02622370 0.03317974 0.24903770
v 0.02615559 0.04275750 0.00172594
v 0.02599050 0.00305632 0.00144240
v 0.02629092 0.06362523 0.24886830
v 0.02615368 0.06097825 0.24904583
v 0.02584386 -0.02467705 0.25020464
v 0.02519598 -0.04643269 0.25034940
v 0.02561657 -0.02204321 0.00084109
v 0.02323070 -0.08836724 0.00033860
v 0.02566569 0.08077294 0.24878890
v 0.02558792 0.07703595 0.24904568
v 0.02472564 -0.05638127 0.25073399
v 0.02538140 -0.03371244 0.00073658
v 0.02586507 0.02069109 0.24947514
v 0.02594604 0.05605256 0.24921561
v 0.02562718 0.02519660 0.24970046
v 0.02576064 0.02896439 0.24950774
v 0.02583562 0.04124469 0.24944401
v 0.02583024 0.06722031 0.24921586
v 0.02576814 0.04383969 0.24941512
v 0.02607161 0.04625918 0.24911362
v -0.02646522 0.04745885 0.13636483
v -0.02645845 0.04999373 0.13082726
v -0.02644611 0.04691732 0.12283266
v -0.02638568 0.04151646 0.13048298
v -0.02643226 0.05013956 0.12058520
v -0.02647622 0.04610614 0.11241960
v -0.02647272 0.04230863 0.10938215
v -0.02635244 0.03988766 0.12135720
v -0.02643680 0.04738060 0.10422185
v -0.02645510 0.04987037 0.11134880
v -0.02647871 0.05639589 0.11482805
v -0.02644016 0.05815066 0.10790164
v -0.02653060 0.06164978 0.11969075
v -0.02650444 0.05572961 0.12704169
v -0.02658838 0.06183613 0.12971341
v -0.02649611 0.05490075 0.13634626
v -0.02640322 0.04935602 0.14839613
v -0.02643118 0.05342716 0.14830403
v -0.02644058 0.05768696 0.14773130
v -0.02646682 0.06282566 0.14614113
v -0.02643757 0.05969899 0.15611843
v -0.02643631 0.05487704 0.15374024
v -0.02642778 0.06752320 0.15517042
v -0.02644216 0.06747896 0.14835573
v -0.02654930 0.06742877 0.13648177
v -0.02654868 0.06802236 0.13085011
v -0.02647877 0.06794143 0.11955332
v -0.02647576 0.06462069 0.10467559
v -0.02640061 0.07156238 0.11211351
v -0.02639784 0.07363868 0.10311369
v -0.02641708 0.06498863 0.09862128
v -0.02635339 0.07370463 0.09547935
v -0.02631978 0.07447144 0.14183138
v -0.02632584 0.07455100 0.13784777
v -0.02628178 0.07495192 0.11723047
v -0.02623926 0.07785761 0.10497641
v -0.02622984 0.07786178 0.09563558
v -0.02628246 0.07707187 0.09150231
v -0.02614323 0.07777248 0.11885427
v -0.02618414 0.07715164 0.12688338
v -0.02614887 0.07779569 0.13820332
v -0.02633450 0.07405756 0.15312935
v -0.02622788 0.07782752 0.14595920
v -0.02624879 0.07780784 0.15298968
v -0.02631620 0.07781823 0.15879391
v -0.02639578 0.07095687 0.16029407
v -0.02638815 0.07380607 0.16839505
v -0.02632327 0.07780024 0.16846246
v -0.02642272 0.07733732 0.17695627
v -0.02641242 0.06603063 0.17102402
v -0.02643553 0.06528953 0.16536646
v -0.02646444 0.05889808 0.16364667
v -0.02646323 0.05889847 0.16859068
v -0.02648004 0.05275069 0.17366757
v -0.02644790 0.05898014 0.17656963
v -0.02641448 0.06880250 0.17963666
v -0.02642270 0.06421666 0.18630703
v -0.02645374 0.06039886 0.18912498
v -0.02643305 0.06419957 0.19828079
v -0.02643407 0.07032189 0.19114582
v -0.02643341 0.06932226 0.19890003
v -0.02643943 0.07716703 0.20276003
v -0.02645323 0.07727429 0.19334802
v -0.02643399 0.07358152 0.18372754
v -0.02638979 0.07790134 0.17759045
v -0.02647390 0.07729054 0.20862564
v -0.02647647 0.06925214 0.21295510
v -0.02646002 0.06552472 0.20575735
v -0.02652203 0.05870366 0.21411733
v -0.02648313 0.05866593 0.20249771
v -0.02653374 0.05128042 0.20451732
v -0.02657247 0.05178933 0.22419394
v -0.02652264 0.05792788 0.22173790
v -0.02654299 0.04876296 0.21254320
v -0.02651716 0.04661410 0.19888880
v -0.02654376 0.04486566 0.21261726
v -0.02647653 0.03726221 0.20299269
v -0.02650704 0.04222023 0.19867560
v -0.02651547 0.04474078 0.19298313
v -0.02649973 0.04881231 0.19339979
v -0.02655149 0.04784664 0.18529592
v -0.02651264 0.03620668 0.18471385
v -0.02647171 0.03780249 0.19284679
v -0.02643770 0.03793596 0.19949631
v -0.02640639 0.03167760 0.19992195
v -0.02643497 0.03082062 0.19016636
v -0.02639822 0.02786712 0.20673910
v -0.02629823 0.02050041 0.20760259
v -0.02621889 0.02011762 0.19902041
v -0.02626309 0.01416280 0.20621097
v -0.02618782 0.00936562 0.19405645
v -0.02621100 0.00741242 0.20249514
v -0.02611713 0.00105860 0.19685938
v -0.02620116 0.00457890 0.20574736
v -0.02614721 -0.00067911 0.21540781
v -0.02611914 -0.00282650 0.20438697
v -0.02610581 -0.00678364 0.21361341
v -0.02609264 -0.01100685 0.20758183
v -0.02609022 -0.01639036 0.21319548
v -0.02611036 -0.01672073 0.21554494
v -0.02606636 -0.00932523 0.21914647
v -0.02613670 -0.00243212 0.22130645
v -0.02619643 0.00475007 0.22281736
v -0.02625233 0.00511010 0.21561735
v -0.02612918 -0.00027907 0.19244943
v -0.02631364 0.01140316 0.21421081
v -0.02620277 0.00568980 0.19092039
v -0.02630329 0.01899183 0.21470766
v -0.02646134 0.02935111 0.21196251
v -0.02657883 0.05259830 0.18610829
v -0.02649998 0.04895060 0.17690384
v -0.02654836 0.04189952 0.18041617
v -0.02653047 0.05286140 0.19345339
v -0.02653966 0.05563684 0.18189447
v -0.02646676 0.07129195 0.21898274
v -0.02646655 0.05473079 0.16113022
v -0.02648110 0.06250666 0.10903044
v -0.02651685 0.04357612 0.16829378
v -0.02646354 0.04897572 0.17171335
v -0.02648264 0.04869677 0.15989040
v -0.02657709 0.04248653 0.17480847
v -0.02636214 0.02680521 0.19175062
v -0.02620211 0.01388396 0.19371272
v -0.02618883 0.00771043 0.18689945
v -0.02608370 -0.00269456 0.19086532
v -0.02607369 -0.00629343 0.19949375
v -0.02601865 -0.01092350 0.19248096
v -0.02599982 -0.01113002 0.18817983
v -0.02621853 -0.02619896 0.21064077
v -0.02617099 -0.02035867 0.20310085
v -0.02606282 -0.01411734 0.19887529
v -0.02606206 -0.01876724 0.19095495
v -0.02609667 -0.02163139 0.18159275
v -0.02605897 -0.01411537 0.18065489
v -0.02645389 -0.03806011 0.18904351
v -0.02628527 -0.03275283 0.18091723
v -0.02643944 -0.04034429 0.17955067
v -0.02642632 -0.04053286 0.20257280
v -0.02645946 -0.04537653 0.20005408
v -0.02648540 -0.04910900 0.20513111
v -0.02648072 -0.05092368 0.19544754
v -0.02653072 -0.05422967 0.20992694
v -0.02649873 -0.05136793 0.21676886
v -0.02650110 -0.04900804 0.19112993
v -0.02648076 -0.04284732 0.18564253
v -0.02651420 -0.05087722 0.18057702
v -0.02650619 -0.05606070 0.16651120
v -0.02652032 -0.04770048 0.16322657
v -0.02649284 -0.05236186 0.16209298
v -0.02647428 -0.04655820 0.17366522
v -0.02647261 -0.05164542 0.17273692
v -0.02644006 -0.04033769 0.17194345
v -0.02651086 -0.03982951 0.16630753
v -0.02652053 -0.03863506 0.15696804
v -0.02655532 -0.04251114 0.15144276
v -0.02641208 -0.03321923 0.15314123
v -0.02640902 -0.03505940 0.14448632
v -0.02664548 -0.04408612 0.14304632
v -0.02637907 -0.02841626 0.16648585
v -0.02643960 -0.03358395 0.16077314
v -0.02631603 -0.02663757 0.15354713
v -0.02631938 -0.01977360 0.16609589
v -0.02626638 -0.02025259 0.15613751
v -0.02616992 -0.01351353 0.16244934
v -0.02623901 -0.01894353 0.14864103
v -0.02630045 -0.02826247 0.14428306
v -0.02605548 -0.00870059 0.15398459
v -0.02608314 -0.00951401 0.14613305
v -0.02607347 -0.00187864 0.14359997
v -0.02609269 -0.00594119 0.14291865
v -0.02600712 0.00307508 0.13888751
v -0.02602846 -0.00178757 0.13478313
v -0.02595697 0.00363433 0.12917659
v -0.02603116 -0.00205081 0.12433332
v -0.02598842 0.00181483 0.11717810
v -0.02600911 0.00065072 0.10771254
v -0.02607559 -0.00238752 0.10827082
v -0.02594183 0.00701957 0.11762011
v -0.02600337 0.00417665 0.11027752
v -0.02600846 0.00787783 0.10678999
v -0.02594699 0.01019726 0.11346832
v -0.02597237 0.01388802 0.10582305
v -0.02600752 0.01189251 0.10176127
v -0.02582300 0.01483706 0.12077880
v -0.02586854 0.01212531 0.12453347
v -0.02576320 0.02012334 0.12766294
v -0.02577353 0.02124022 0.12293483
v -0.02587581 0.01889660 0.11534870
v -0.02578529 0.02382280 0.12795884
v -0.02582653 0.02448741 0.12302810
v -0.02593642 0.02273212 0.11458813
v -0.02598456 0.02144113 0.10650908
v -0.02610262 0.02082220 0.10044511
v -0.02603266 0.02653864 0.11476446
v -0.02612997 0.02637581 0.10491359
v -0.02620161 0.02440195 0.09776496
v -0.02609602 0.01840571 0.09736779
v -0.02622834 0.02478697 0.09488264
v -0.02582693 0.02196990 0.13443021
v -0.02583927 0.01703602 0.13393045
v -0.02595701 0.01534122 0.14023179
v -0.02593762 0.01044532 0.13667173
v -0.02608553 0.01179824 0.14764601
v -0.02604374 0.00652125 0.14139117
v -0.02606119 0.00250712 0.14466205
v -0.02609283 0.00544373 0.14785136
v -0.02609023 0.00193562 0.15218594
v -0.02611177 0.00531924 0.15595751
v -0.02614328 0.01031536 0.15691949
v -0.02609249 0.01655490 0.15482005
v -0.02608318 0.01460026 0.14738893
v -0.02607707 0.02016877 0.14776291
v -0.02608943 0.02438130 0.14545880
v -0.02618952 0.01862405 0.15998764
v -0.02625477 0.02756543 0.15311001
v -0.02631287 0.03259516 0.15129496
v -0.02632428 0.03421512 0.13988980
v -0.02632371 0.02530101 0.16193023
v -0.02624015 0.01269360 0.16774750
v -0.02617337 0.00716830 0.16369989
v -0.02585541 0.02533560 0.13324227
v -0.02602170 0.02465482 0.14069442
v -0.02597158 0.00756912 0.13177385
v -0.02604632 -0.00415018 0.15665602
v -0.02605803 0.00111838 0.15829912
v -0.02624185 0.00898344 0.18341882
v -0.02634548 0.01519182 0.18166639
v -0.02619481 0.00535263 0.17984563
v -0.02640125 0.02387739 0.17527251
v -0.02632387 0.01727353 0.17398822
v -0.02622015 0.00832822 0.17361990
v -0.02627585 0.01959314 0.16580761
v -0.02641447 0.02799416 0.16867882
v -0.02658737 0.03550013 0.17521610
v -0.02644404 0.03824961 0.16134176
v -0.02648847 0.04463907 0.15459744
v -0.02638701 0.03339586 0.15951293
v -0.02639342 0.03822725 0.15313711
v -0.02635175 0.03674662 0.14609227
v -0.02644540 0.04510978 0.14709512
v -0.02635857 0.03926205 0.14405605
v -0.02643307 0.04597698 0.14281678
v -0.02647114 0.03903683 0.10617000
v -0.02646523 0.03901610 0.09891402
v -0.02647184 0.04540333 0.09744755
v -0.02645075 0.04156779 0.09092580
v -0.02633894 0.03215887 0.09048358
v -0.02649503 0.03567962 0.10211097
v -0.02640142 0.03031964 0.09835220
v -0.02623941 0.02704695 0.09065198
v -0.02611094 0.02283585 0.09065285
v -0.02627653 0.02818494 0.08803709
v -0.02645696 0.03751022 0.08709955
v -0.02644032 0.04941328 0.08890181
v -0.02645752 0.04602363 0.08405494
v -0.02646344 0.04640550 0.07809033
v -0.02646480 0.05169995 0.07609521
v -0.02646805 0.05268217 0.08720798
v -0.02647686 0.05342756 0.08281513
v -0.02641420 0.05486781 0.09416636
v -0.02642268 0.05117931 0.09657262
v -0.02635747 0.05977300 0.09954468
v -0.02636228 0.05984233 0.09031922
v -0.02630794 0.06358487 0.08371824
v -0.02641828 0.05799262 0.07773091
v -0.02643411 0.06146075 0.07079441
v -0.02642539 0.05138971 0.10596434
v -0.02641441 0.05332920 0.10180044
v -0.02635433 0.06643774 0.08982007
v -0.02640459 0.06788353 0.06546590
v -0.02641904 0.07463791 0.07151176
v -0.02636419 0.06753849 0.05861220
v -0.02639839 0.05972783 0.06064826
v -0.02642356 0.05571542 0.06691646
v -0.02635606 0.03445432 0.07683012
v -0.02645968 0.04359253 0.06922565
v -0.02637433 0.03181594 0.06571023
v -0.02645876 0.04050719 0.06454037
v -0.02647768 0.03811714 0.05885104
v -0.02644193 0.04437490 0.07597155
v -0.02644490 0.05081532 0.06890490
v -0.02646745 0.04683362 0.06520714
v -0.02645710 0.04863050 0.05480489
v -0.02643689 0.05235153 0.05115700
v -0.02638751 0.05743050 0.05154817
v -0.02641385 0.05552891 0.04067786
v -0.02644653 0.05114253 0.03107421
v -0.02638889 0.05975360 0.02848905
v -0.02644251 0.05202037 0.02254060
v -0.02630844 0.06546279 0.05143394
v -0.02639596 0.06300115 0.03948499
v -0.02641371 0.07249350 0.03932202
v -0.02636916 0.06456718 0.03249800
v -0.02632181 0.06852888 0.02563474
v -0.02635961 0.07300493 0.02831200
v -0.02646295 0.07724483 0.03853267
v -0.02634729 0.07598928 0.01992189
v -0.02629430 0.07275722 0.00999158
v -0.02638129 0.07718205 0.00811505
v -0.02626256 0.07419539 0.00398151
v -0.02634473 0.07722865 0.00384542
v -0.02633725 0.06246300 0.01885977
v -0.02640280 0.05629879 0.02126296
v -0.02644611 0.04764521 0.02237085
v -0.02645498 0.04445291 0.03340622
v -0.02646670 0.04611422 0.04094057
v -0.02644523 0.04964991 0.04094472
v -0.02648451 0.04396240 0.05150602
v -0.02644122 0.03859268 0.04418691
v -0.02646059 0.03944727 0.05203992
v -0.02627502 0.02960370 0.07233509
v -0.02614870 0.02198195 0.06948722
v -0.02624109 0.02941437 0.08467805
v -0.02607233 0.02300825 0.07694059
v -0.02601140 0.02247940 0.08502930
v -0.02637949 0.03487805 0.08337811
v -0.02601953 0.01849709 0.09049876
v -0.02601303 -0.00068550 0.10276594
v -0.02611880 -0.00577702 0.10668175
v -0.02606159 -0.00506652 0.11604374
v -0.02601069 -0.00417478 0.12823295
v -0.02597601 -0.00685443 0.13735779
v -0.02611847 -0.00495851 0.09736590
v -0.02635561 -0.02252893 0.09405217
v -0.02620841 -0.01688984 0.09335124
v -0.02635050 -0.02267250 0.08650948
v -0.02644431 -0.02742567 0.08686797
v -0.02650083 -0.02969566 0.09115132
v -0.02642873 -0.02378490 0.07976486
v -0.02650158 -0.02869465 0.07984138
v -0.02646936 -0.03635496 0.08617238
v -0.02648469 -0.04008858 0.07926796
v -0.02644037 -0.04382070 0.08673863
v -0.02644447 -0.03906722 0.07452691
v -0.02642835 -0.02587691 0.07382168
v -0.02640316 -0.03487602 0.06967840
v -0.02633039 -0.02698960 0.06534653
v -0.02635545 -0.03510175 0.06443059
v -0.02641296 -0.04257595 0.06771767
v -0.02622340 -0.01702635 0.08047677
v -0.02607634 -0.00980577 0.09096003
v -0.02603587 -0.00900549 0.08468305
v -0.02614658 -0.01559794 0.08648950
v -0.02616302 -0.01311351 0.07879123
v -0.02601775 -0.00399169 0.08203503
v -0.02603326 -0.00395648 0.07722708
v -0.02601147 -0.00401113 0.07215724
v -0.02601499 -0.01161554 0.06850635
v -0.02613238 -0.01656676 0.07651376
v -0.02597851 -0.00296704 0.06917880
v -0.02602877 -0.00054158 0.07374222
v -0.02595681 0.00272795 0.07157031
v -0.02600795 0.00129954 0.07849036
v -0.02601079 -0.00502890 0.08466365
v -0.02594556 0.00057366 0.08622137
v -0.02592790 0.01131225 0.08976849
v -0.02599164 0.00484307 0.08244996
v -0.02593099 0.01258614 0.08637375
v -0.02598950 0.00710916 0.07830100
v -0.02596840 0.01081056 0.08045778
v -0.02602847 0.01564828 0.07931338
v -0.02599006 0.01213115 0.07466720
v -0.02605378 0.01817180 0.07557520
v -0.02616657 0.01517893 0.06076793
v -0.02599237 0.00921794 0.07013421
v -0.02601410 -0.00368527 0.05522710
v -0.02600494 -0.00203592 0.05259794
v -0.02603724 -0.01243496 0.05259872
v -0.02599522 0.00656781 0.06707126
v -0.02604227 0.00728984 0.05765934
v -0.02600621 0.00198484 0.05975478
v -0.02601254 0.00418269 0.04765151
v -0.02600959 -0.00164437 0.04214436
v -0.02621361 0.02132213 0.05928970
v -0.02606553 0.01199210 0.05195465
v -0.02611887 0.02044742 0.04906022
v -0.02627396 0.02500656 0.05889102
v -0.02604169 0.00788913 0.03559144
v -0.02610005 0.01566442 0.03801062
v -0.02613350 0.02074189 0.03404654
v -0.02604669 0.01263719 0.02343749
v -0.02609680 0.01824769 0.02437987
v -0.02600449 0.01400333 0.01847462
v -0.02601513 0.00660815 0.02471447
v -0.02596180 0.01180605 0.01039057
v -0.02602264 0.02134794 0.00936606
v -0.02606328 0.02007196 0.01967598
v -0.02616192 0.02629782 0.01352342
v -0.02631609 0.02736298 0.02553323
v -0.02600673 0.00847846 0.03014528
v -0.02600571 0.00168103 0.02766362
v -0.02599492 0.00399889 0.02117367
v -0.02596164 0.00183373 0.01811146
v -0.02601087 -0.00255048 0.03258065
v -0.02614492 0.01944394 0.04440638
v -0.02601625 0.00760854 0.04352933
v -0.02636622 0.03055826 0.05004957
v -0.02642446 0.03305762 0.04273719
v -0.02640055 0.03110057 0.03889082
v -0.02644703 0.03477551 0.03483769
v -0.02644487 0.04072118 0.03102355
v -0.02641336 0.03483361 0.02902748
v -0.02628843 0.03059671 0.01937000
v -0.02630299 0.03414289 0.00857240
v -0.02640264 0.03939522 0.02408375
v -0.02643485 0.04234945 0.01210983
v -0.02638289 0.03851907 0.01574775
v -0.02591378 0.01240307 0.00673317
v -0.02593824 -0.00387143 0.02333299
v -0.02599941 -0.00017494 0.04085158
v -0.02600777 -0.00830971 0.04798881
v -0.02611903 -0.02283485 0.04838207
v -0.02608487 -0.01526128 0.04576775
v -0.02613915 -0.02368165 0.05150329
v -0.02631489 -0.03455842 0.04748699
v -0.02632791 -0.03267447 0.05409804
v -0.02625776 -0.02304570 0.04119729
v -0.02627493 -0.02883818 0.04356278
v -0.02635201 -0.03830640 0.04819085
v -0.02630747 -0.02614211 0.05923693
v -0.02619364 -0.02301613 0.05419943
v -0.02642554 -0.04639044 0.07938973
v -0.02648098 -0.04283772 0.09151444
v -0.02656629 -0.03487814 0.09375040
v -0.02652006 -0.02762417 0.09494936
v -0.02660520 -0.03396515 0.09803366
v -0.02655613 -0.04144772 0.09660231
v -0.02656685 -0.04122986 0.10480889
v -0.02656701 -0.03648753 0.10309833
v -0.02655416 -0.03345973 0.10727360
v -0.02651368 -0.03666204 0.11193494
v -0.02655719 -0.02964508 0.09956434
v -0.02647140 -0.02941416 0.10903150
v -0.02648378 -0.04604806 0.10011489
v -0.02653194 -0.04232333 0.11149216
v -0.02656280 -0.03979160 0.11658009
v -0.02657621 -0.04448132 0.11804658
v -0.02658123 -0.04159541 0.12295200
v -0.02659318 -0.04849358 0.12602702
v -0.02655942 -0.04964307 0.12919935
v -0.02646449 -0.05332852 0.12306776
v -0.02651136 -0.05276433 0.13401137
v -0.02663707 -0.04890270 0.14029646
v -0.02646829 -0.05388588 0.13813402
v -0.02641037 -0.05510844 0.12745404
v -0.02653885 -0.05210427 0.14297612
v -0.02661704 -0.04820962 0.14605090
v -0.02654383 -0.04868967 0.15273946
v -0.02660633 -0.04726227 0.13333409
v -0.02648290 -0.05604437 0.14471590
v -0.02644076 -0.05807436 0.14371901
v -0.02647363 -0.05598252 0.15744892
v -0.02646198 -0.06074158 0.14519098
v -0.02640602 -0.06036559 0.13707851
v -0.02642420 -0.05977009 0.10681129
v -0.02646777 -0.05553537 0.10323942
v -0.02643310 -0.05763126 0.09959495
v -0.02641002 -0.05128693 0.09755271
v -0.02640929 -0.05621462 0.09068620
v -0.02634136 -0.05112035 0.08723880
v -0.02640944 -0.05571477 0.08382151
v -0.02641430 -0.05168679 0.07567184
v -0.02646969 -0.05685620 0.07605288
v -0.02645494 -0.06200187 0.06679991
v -0.02641703 -0.05884682 0.05823721
v -0.02642558 -0.06171879 0.05417094
v -0.02642805 -0.05552503 0.06266338
v -0.02645549 -0.05969968 0.07089986
v -0.02641613 -0.05089070 0.06873968
v -0.02640470 -0.05054706 0.05851067
v -0.02639909 -0.05507230 0.04940473
v -0.02634246 -0.05154580 0.03627490
v -0.02640687 -0.05625996 0.03776156
v -0.02641482 -0.05610224 0.03123107
v -0.02635500 -0.05198602 0.03121577
v -0.02642818 -0.03978359 0.05870079
v -0.02638140 -0.04479098 0.04957579
v -0.02636314 -0.04093740 0.04061122
v -0.02635367 -0.04577784 0.03572624
v -0.02635381 -0.03899110 0.03406834
v -0.02638508 -0.04544587 0.02694882
v -0.02633566 -0.03031451 0.03772027
v -0.02627023 -0.03358512 0.02873097
v -0.02635058 -0.04011059 0.02502986
v -0.02605637 -0.03171118 0.01702193
v -0.02595523 -0.03501934 0.00934561
v -0.02608047 -0.02134014 0.02550050
v -0.02623438 -0.03470741 0.02425821
v -0.02587659 -0.02787738 0.00896654
v -0.02586851 -0.01805731 0.01217847
v -0.02597735 -0.02393707 0.01703040
v -0.02581513 -0.00770620 0.00935990
v -0.02575664 -0.01615039 0.00676368
v -0.02612044 -0.04248409 0.01120390
v -0.02623936 -0.04278074 0.01835534
v -0.02635595 -0.05216757 0.02387744
v -0.02643734 -0.06106677 0.03404020
v -0.02638495 -0.05929704 0.04676106
v -0.02643800 -0.06555064 0.05851094
v -0.02646042 -0.06553081 0.07089013
v -0.02637940 -0.07056820 0.06427755
v -0.02637586 -0.06925350 0.05389652
v -0.02640495 -0.06478380 0.04676770
v -0.02637041 -0.06832304 0.04347927
v -0.02644826 -0.06499318 0.03380434
v -0.02635708 -0.07260964 0.03746288
v -0.02637800 -0.06964498 0.03006757
v -0.02632671 -0.07710231 0.02949158
v -0.02633971 -0.07291057 0.02146381
v -0.02626688 -0.08022907 0.01979053
v -0.02632123 -0.07542301 0.01539325
v -0.02635369 -0.06774239 0.01219525
v -0.02626581 -0.08025016 0.03070778
v -0.02624277 -0.07975223 0.04137410
v -0.02616400 -0.08396874 0.03265441
v -0.02618994 -0.08148032 0.04856742
v -0.02610048 -0.08484305 0.05653227
v -0.02610402 -0.08405543 0.07335520
v -0.02629603 -0.07706077 0.07000036
v -0.02631679 -0.07889225 0.07881414
v -0.02653066 -0.07546698 0.08853545
v -0.02646749 -0.07585018 0.08404769
v -0.02641076 -0.07925119 0.08570190
v -0.02648024 -0.06548305 0.07950881
v -0.02651527 -0.06452709 0.08424332
v -0.02644354 -0.06039368 0.07855455
v -0.02649390 -0.06685649 0.09819553
v -0.02648672 -0.06458526 0.08830625
v -0.02647053 -0.06933593 0.09115241
v -0.02647550 -0.06351108 0.10574543
v -0.02647113 -0.06210627 0.09792689
v -0.02656177 -0.06838818 0.11108669
v -0.02650658 -0.06299814 0.11854051
v -0.02650907 -0.06520539 0.12542306
v -0.02647204 -0.06250215 0.12545294
v -0.02651550 -0.06449417 0.13174486
v -0.02649327 -0.06894693 0.13937024
v -0.02650394 -0.06482769 0.14299522
v -0.02641845 -0.07156933 0.14944087
v -0.02633311 -0.07290025 0.15971167
v -0.02642570 -0.06805527 0.16313110
v -0.02628107 -0.07277415 0.16706106
v -0.02650345 -0.06539353 0.17409380
v -0.02634535 -0.07102607 0.17879056
v -0.02651163 -0.06463469 0.18445069
v -0.02634010 -0.07216525 0.18650777
v -0.02622909 -0.07579632 0.17495048
v -0.02601099 -0.08422584 0.17901800
v -0.02607116 -0.08465796 0.16699248
v -0.02614600 -0.08031329 0.18530631
v -0.02617125 -0.08191905 0.21323738
v -0.02619235 -0.08055484 0.20344331
v -0.02606691 -0.08677607 0.19565152
v -0.02608616 -0.08661705 0.21065118
v -0.02608707 -0.08663885 0.22499561
v -0.02625985 -0.07749818 0.22494628
v -0.02628515 -0.07705565 0.21279365
v -0.02636074 -0.07180465 0.21660605
v -0.02631921 -0.07195897 0.22742448
v -0.02634747 -0.07659765 0.23730449
v -0.02618999 -0.08412312 0.23485413
v -0.02633020 -0.07867156 0.24428459
v -0.02613203 -0.08584563 0.24416604
v -0.02645056 -0.07051876 0.24348070
v -0.02641103 -0.07518237 0.24900027
v -0.02636175 -0.08068637 0.24898477
v -0.02640091 -0.07966515 0.25154474
v -0.02649094 -0.06695336 0.24907163
v -0.02657609 -0.06384881 0.24498625
v -0.02643221 -0.06814179 0.23468116
v -0.02650880 -0.06399237 0.22917478
v -0.02651689 -0.06531684 0.21791765
v -0.02658128 -0.06304618 0.25033131
v -0.02615500 -0.08695450 0.23553513
v -0.02628367 -0.07695295 0.20390200
v -0.02640994 -0.06892185 0.19171898
v -0.02645691 -0.06640202 0.20019506
v -0.02625526 -0.07653716 0.19284667
v -0.02635003 -0.07189247 0.20688529
v -0.02636689 -0.06994205 0.19784014
v -0.02651066 -0.06224680 0.20201230
v -0.02653999 -0.06185190 0.22324455
v -0.02653960 -0.06183595 0.21376419
v -0.02655430 -0.05947236 0.23500422
v -0.02652761 -0.05896036 0.21114460
v -0.02654573 -0.05855237 0.24648309
v -0.02655344 -0.05762281 0.25059570
v -0.02654287 -0.05663930 0.18979160
v -0.02652031 -0.05950841 0.18698864
v -0.02653714 -0.05630567 0.20288799
v -0.02654564 -0.05686307 0.21890987
v -0.02658139 -0.05633521 0.24244570
v -0.02655019 -0.05236146 0.24308640
v -0.02652115 -0.05461550 0.24663672
v -0.02652021 -0.05381257 0.22301423
v -0.02650824 -0.05125102 0.23171027
v -0.02649091 -0.04694214 0.22820920
v -0.02649353 -0.04091547 0.23845195
v -0.02655191 -0.04029384 0.24445453
v -0.02656708 -0.05060597 0.25027056
v -0.02648616 -0.04582025 0.21587080
v -0.02646451 -0.04029618 0.23146554
v -0.02645841 -0.03968430 0.22020282
v -0.02646912 -0.04259599 0.21115752
v -0.02632270 -0.03142578 0.22175148
v -0.02636912 -0.03349653 0.21514688
v -0.02628810 -0.02937230 0.22877287
v -0.02636872 -0.03126233 0.24129218
v -0.02628195 -0.02679810 0.23492944
v -0.02616964 -0.01898177 0.23303834
v -0.02623382 -0.02016336 0.23932206
v -0.02609824 -0.01065071 0.23996986
v -0.02633620 -0.01845131 0.24945933
v -0.02629144 -0.02186813 0.24364530
v -0.02636674 -0.01996999 0.25012850
v -0.02639399 -0.02949030 0.25016757
v -0.02654144 -0.03986493 0.24566748
v -0.02647803 -0.03508698 0.24882338
v -0.02656376 -0.03829298 0.25010685
v -0.02664249 -0.04187413 0.25035231
v -0.02616669 -0.00854956 0.24948333
v -0.02616803 -0.02089171 0.21761039
v -0.02614094 -0.01902841 0.22743166
v -0.02608058 -0.01296972 0.22702989
v -0.02607706 -0.00946333 0.22323498
v -0.02615394 -0.00906507 0.24526873
v -0.02611997 -0.00516585 0.23721443
v -0.02616392 -0.00324965 0.24505675
v -0.02617318 0.00056788 0.24084356
v -0.02616600 0.00213705 0.23305505
v -0.02621210 0.00490857 0.24290589
v -0.02615782 0.00527309 0.24670742
v -0.02617423 0.00078823 0.25014139
v -0.02620148 -0.00247093 0.24990390
v -0.02617557 0.00841422 0.24896890
v -0.02620593 0.01358505 0.25015407
v -0.02624630 0.01595075 0.24572911
v -0.02610439 -0.00500309 0.22890119
v -0.02614069 -0.00009580 0.22592931
v -0.02620270 0.00871544 0.23219335
v -0.02623869 0.02195174 0.23853473
v -0.02638092 0.02780300 0.24947529
v -0.02634452 0.02840218 0.24362626
v -0.02636655 0.03127192 0.23900354
v -0.02639118 0.03207695 0.23368021
v -0.02623944 0.02055758 0.23003281
v -0.02643889 0.03367855 0.22643086
v -0.02637306 0.02822282 0.22199910
v -0.02652058 0.04177508 0.23377229
v -0.02651020 0.04022055 0.22208290
v -0.02648018 0.03602471 0.21645208
v -0.02656192 0.04437310 0.22741059
v -0.02659476 0.04631144 0.24090463
v -0.02646028 0.03438482 0.24925954
v -0.02660312 0.04501706 0.24712203
v -0.02663035 0.05119718 0.24997754
v -0.02661294 0.05082140 0.24591959
v -0.02661748 0.05286027 0.25019400
v -0.02660606 0.05493489 0.24347315
v -0.02661263 0.05235037 0.23864411
v -0.02654875 0.04041568 0.24939931
v -0.02666198 0.04629623 0.24945449
v -0.02632255 0.02075176 0.24996292
v -0.02630341 0.01690117 0.25020061
v -0.02622494 0.01454602 0.22622981
v -0.02625129 0.01306099 0.21954237
v -0.02627455 0.02162617 0.22160508
v -0.02650869 0.03974050 0.20997158
v -0.02657171 0.04767892 0.22523702
v -0.02658311 0.04997788 0.23225437
v -0.02653170 0.05817770 0.22797459
v -0.02651104 0.05966969 0.23712883
v -0.02645036 0.06270036 0.24313727
v -0.02649080 0.05870581 0.25010454
v -0.02640436 0.06484540 0.25008335
v -0.02643756 0.06557440 0.23533233
v -0.02640815 0.07131275 0.23866262
v -0.02640559 0.07031127 0.25030225
v -0.02644908 0.07485227 0.22160248
v -0.02641599 0.07725921 0.22304263
v -0.02644402 0.06772421 0.22876016
v -0.02641052 0.07721573 0.23149924
v -0.02637162 0.07516715 0.24492448
v -0.02631701 0.07487443 0.24996987
v -0.02630515 0.07799717 0.24795605
v -0.02636136 0.07796589 0.24076199
v -0.02598169 -0.08689174 0.17982347
v -0.02603348 -0.08730975 0.16663987
v -0.02602885 -0.08663563 0.16248967
v -0.02611968 -0.08167429 0.15965711
v -0.02606527 -0.08340889 0.14326596
v -0.02603643 -0.08648255 0.15268728
v -0.02603233 -0.08521950 0.13812381
v -0.02602222 -0.08316110 0.12844237
v -0.02602925 -0.08617044 0.12699288
v -0.02605998 -0.08796030 0.14860606
v -0.02603673 -0.08653179 0.11579304
v -0.02607582 -0.08897337 0.12320112
v -0.02610332 -0.08891970 0.11062419
v -0.02611887 -0.08899500 0.13233919
v -0.02603346 -0.08448337 0.11487928
v -0.02616737 -0.08761124 0.10394571
v -0.02625908 -0.07618560 0.16144692
v -0.02612153 -0.08189705 0.14688169
v -0.02636744 -0.07699600 0.13862186
v -0.02621333 -0.07906091 0.12582018
v -0.02608282 -0.08253698 0.11442252
v -0.02627073 -0.07877685 0.11249716
v -0.02635053 -0.07678289 0.12395949
v -0.02643108 -0.07639704 0.11140179
v -0.02651119 -0.07629208 0.10208365
v -0.02644430 -0.07453517 0.14332524
v -0.02650330 -0.07293833 0.13489834
v -0.02646833 -0.07279175 0.12581672
v -0.02649029 -0.07391492 0.11739116
v -0.02650380 -0.07488322 0.10819040
v -0.02633187 -0.07590279 0.15059120
v -0.02648505 -0.06984191 0.10434609
v -0.02653779 -0.07436327 0.10049562
v -0.02649877 -0.06890546 0.08538745
v -0.02639874 -0.07327888 0.07802705
v -0.02620634 -0.08486017 0.08555736
v -0.02608077 -0.08773468 0.07899734
v -0.02616498 -0.08682172 0.08737929
v -0.02623889 -0.08383328 0.10406602
v -0.02639784 -0.07964241 0.10212886
v -0.02614482 -0.08875244 0.09472694
v -0.02615691 -0.08884412 0.10355843
v -0.02611731 -0.08890959 0.08260995
v -0.02603751 -0.08692231 0.07076906
v -0.02605078 -0.08888602 0.07459456
v -0.02605143 -0.08888509 0.06546645
v -0.02605289 -0.08744967 0.06067667
v -0.02608465 -0.08900557 0.05306210
v -0.02607364 -0.08693082 0.04037437
v -0.02608283 -0.08885275 0.03507573
v -0.02613722 -0.08597881 0.02179022
v -0.02613477 -0.08880319 0.02049397
v -0.02615702 -0.08737086 0.00647130
v -0.02615477 -0.08472863 0.00715737
v -0.02627811 -0.07814675 0.00883810
v -0.02626870 -0.06900662 0.00686379
v -0.02607701 -0.07216345 0.00087883
v -0.02607238 -0.07656459 0.00033639
v -0.02609811 -0.07887509 0.00065472
v -0.02612140 -0.06882800 0.00082749
v -0.02629790 -0.06411998 0.00518428
v -0.02638828 -0.06317161 0.01030578
v -0.02630894 -0.07583603 0.04454176
v -0.02632289 -0.07660537 0.05424084
v -0.02623352 -0.07982320 0.06025780
v -0.02640471 -0.06264191 0.02031970
v -0.02631379 -0.05921451 0.00775461
v -0.02626669 -0.06364486 0.00084641
v -0.02615803 -0.05861573 0.00107414
v -0.02618052 -0.05419883 0.00409417
v -0.02605601 -0.05189114 0.00097052
v -0.02635268 -0.05580823 0.01859530
v -0.02633251 -0.05608287 0.00789514
v -0.02625084 -0.05129098 0.00839455
v -0.02618347 -0.04691671 0.01130713
v -0.02608660 -0.04742613 0.00660379
v -0.02581205 -0.04054904 0.00166375
v -0.02590099 -0.04598322 0.00161065
v -0.02577527 -0.03239009 0.00494709
v -0.02568876 -0.03085149 0.00124728
v -0.02562016 -0.02480588 0.00166903
v -0.02556320 -0.01725322 0.00092061
v -0.02642464 -0.06049499 0.08671218
v -0.02637785 -0.05070242 0.09244771
v -0.02640437 -0.05036641 0.10044454
v -0.02644364 -0.05033755 0.10370328
v -0.02643817 -0.05018591 0.11140192
v -0.02643125 -0.05694321 0.11850920
v -0.02644373 -0.06102053 0.12010632
v -0.02639219 -0.06003648 0.12833904
v -0.02637274 -0.05754767 0.12689870
v -0.02651989 -0.04968208 0.11721597
v -0.02636263 -0.04822343 0.08606887
v -0.02629266 -0.02443570 0.03737741
v -0.02625536 -0.02148979 0.03813142
v -0.02607477 -0.01353940 0.04001162
v -0.02600538 -0.01010910 0.04232655
v -0.02598229 -0.00904553 0.03101004
v -0.02599941 -0.01607306 0.02570884
v -0.02593388 -0.00930028 0.02180416
v -0.02596525 -0.01257735 0.02706282
v -0.02590912 -0.01406702 0.01678194
v -0.02613950 -0.02130662 0.02965749
v -0.02590902 -0.00608802 0.01593119
v -0.02592033 -0.00139571 0.00917940
v -0.02597716 0.00359880 0.00999450
v -0.02594058 0.00441456 0.00701541
v -0.02579598 0.01179792 0.00187937
v -0.02584094 0.00305667 0.00426145
v -0.02598016 0.02160483 0.00552335
v -0.02615711 0.03103289 0.00437050
v -0.02596104 0.02503522 0.00088712
v -0.02606381 0.03011175 0.00072978
v -0.02630174 0.04152419 0.00382833
v -0.02608024 0.03440214 0.00081878
v -0.02643036 0.04557720 0.00909295
v -0.02630595 0.04507579 0.00042315
v -0.02638857 0.02999029 0.03007935
v -0.02625962 0.02493069 0.04062431
v -0.02600471 -0.00188016 0.06344608
v -0.02604199 -0.01132803 0.06414164
v -0.02605984 -0.01137554 0.05795463
v -0.02610251 -0.01607239 0.06627912
v -0.02624942 -0.02130712 0.06308574
v -0.02624970 -0.02181685 0.06733925
v -0.02610243 -0.01640629 0.07093445
v -0.02629074 -0.02105543 0.07484358
v -0.02623262 -0.01811732 0.09712836
v -0.02615663 -0.01086861 0.09928504
v -0.02612022 -0.00898776 0.10278023
v -0.02607420 -0.01364979 0.10551823
v -0.02603473 -0.01121238 0.11367325
v -0.02589679 -0.00841819 0.12856386
v -0.02595254 -0.01259081 0.12051152
v -0.02587453 -0.01312997 0.12695858
v -0.02587230 -0.01017277 0.13105659
v -0.02587943 -0.01373324 0.13257014
v -0.02604472 -0.01075953 0.14158617
v -0.02615757 -0.01922604 0.10219584
v -0.02605971 -0.00411761 0.09188398
v -0.02596418 0.00164959 0.09307599
v -0.02593569 0.00339670 0.09670539
v -0.02593871 0.00322611 0.09993299
v -0.02596677 0.01100748 0.09497354
v -0.02599510 0.01992192 0.08178500
v -0.02630041 0.02579473 0.06186616
v -0.02635756 0.02923201 0.05703111
v -0.02640878 0.04902955 0.00948495
v -0.02628279 0.05073687 0.00195007
v -0.02642253 0.05305456 0.00778577
v -0.02634851 0.06024217 0.00816001
v -0.02628617 0.06919609 0.00835639
v -0.02619852 0.07008443 0.00061471
v -0.02618499 0.06563238 0.00074190
v -0.02625155 0.06421026 0.00481826
v -0.02617688 0.06019851 0.00079274
v -0.02637071 0.07724069 0.05247361
v -0.02640144 0.07720474 0.07001662
v -0.02623558 0.07787527 0.08400780
v -0.02629555 0.07453124 0.08340681
v -0.02639623 0.06611831 0.07611015
v -0.02644424 0.03458613 0.10750200
v -0.02638574 0.03496245 0.11258798
v -0.02631167 0.03635418 0.12443587
v -0.02636881 0.03839771 0.13674134
v -0.02624981 0.03406087 0.13195105
v -0.02608544 -0.00003280 0.17105944
v -0.02607461 0.00028472 0.18009514
v -0.02614956 0.00072088 0.18504565
v -0.02604199 -0.00813014 0.16353003
v -0.02608737 -0.00384556 0.17300314
v -0.02605929 -0.00881791 0.16784851
v -0.02610683 -0.01234687 0.17368239
v -0.02608500 -0.01330485 0.17890727
v -0.02607033 -0.00427790 0.17981272
v -0.02606619 -0.00845344 0.15913081
v -0.02649422 -0.05640759 0.17221695
v -0.02647688 -0.05971277 0.17034266
v -0.02651976 -0.05927797 0.17897424
v -0.02657666 -0.05625283 0.18150735
v -0.02652444 -0.06187835 0.17837204
v -0.02649259 -0.06340433 0.17052851
v -0.02647068 -0.06570580 0.15271368
v -0.02647560 -0.06272735 0.15399391
v -0.02653949 -0.06160522 0.18718323
v -0.02648932 -0.05261476 0.15484796
v -0.02666198 -0.04518020 0.14242791
v -0.02656600 -0.04336638 0.13184606
v -0.02655316 -0.04252623 0.12607966
v -0.02642030 -0.03708609 0.12435257
v -0.02643991 -0.03890442 0.13203740
v -0.02630418 -0.03469536 0.12826713
v -0.02633815 -0.03481787 0.13764809
v -0.02611654 -0.02500030 0.13471768
v -0.02617616 -0.01866607 0.14128722
v -0.02603675 -0.01829476 0.13561666
v -0.02597606 -0.01916368 0.13065531
v -0.02606054 -0.01393284 0.14012925
v -0.02609125 -0.02369961 0.12684210
v -0.02597130 -0.01865819 0.12653882
v -0.02607456 -0.01996115 0.11875448
v -0.02624338 -0.02613486 0.11821804
v -0.02642313 -0.03401940 0.11931636
v -0.02613329 -0.02068921 0.11216212
v -0.02617107 -0.02060541 0.10693921
v -0.02637217 -0.02445533 0.09963959
v -0.02646084 -0.04089224 0.17560724
v -0.02636376 -0.03513130 0.17300333
v -0.02625044 -0.02632689 0.17522633
v -0.02618000 -0.02778439 0.18194636
v -0.02625940 -0.01963680 0.17162670
v -0.02614521 -0.02827418 0.19103391
v -0.02606907 -0.02317179 0.19189161
v -0.02621545 -0.02822784 0.19970553
v -0.02626744 -0.03268937 0.20389244
v -0.02631313 -0.03302175 0.19418611
v -0.02640728 -0.03803640 0.19655302
v -0.02630725 -0.03386124 0.20738028
v -0.02602542 -0.01047385 0.18162890
v -0.02632339 0.01939986 0.18520684
v -0.02636817 0.02329012 0.18169475
v -0.02623362 0.01865574 0.19131860
v -0.02653776 0.03042801 0.17604160
v -0.02621433 0.03173264 0.13731544
v -0.02606489 0.03042298 0.12696107
v -0.02616488 0.03011685 0.11924160
v -0.02622746 0.03083635 0.11389317
v -0.02624825 -0.08629984 0.24880200
v -0.02603681 -0.08514361 0.00084991
v -0.02660758 -0.04639667 0.25035623
v -0.02604539 -0.08896170 0.15330182
v -0.02610084 -0.08890347 0.22596604
v -0.02615643 -0.08892693 0.23456487
v -0.02615898 -0.08885946 0.24247446
v -0.02610912 -0.08898488 0.20854455
v -0.02607835 -0.08902754 0.19013947
v -0.02602236 -0.08896820 0.17620144
v -0.02593201 0.01878394 0.00084317
v -0.02616785 -0.08879537 0.00957819
v -0.02578555 0.00690630 0.00094003
v -0.02624754 0.05457419 0.00060725
v -0.02612356 -0.08949091 0.00252164
v -0.02608063 -0.08910879 0.00025260
v -0.02659205 -0.05518868 0.25060935
v -0.02627373 -0.08503012 0.25205390
v -0.02625213 -0.08884593 0.24934220
v -0.02627769 -0.08881146 0.25193866
v -0.02574677 -0.00196329 0.00181675
v -0.02575194 0.00169987 0.00173926
v -0.02620398 0.05703914 0.00016067
v -0.02635258 -0.07351629 0.25108609
v -0.02636453 -0.06832469 0.25105534
v -0.02631568 0.04431330 0.00076661
v -0.02615146 0.07571849 0.00062692
v -0.02624497 0.07787679 0.00116107
v -0.02621851 0.04783573 0.00040800
v -0.02570504 -0.00596593 0.00504141
v -0.02550385 -0.00855396 0.00162192
v -0.02569279 -0.01051301 0.00575586
v -0.02550832 -0.01460791 0.00086389
v -0.02636348 0.07795559 0.00677259
v -0.02639813 0.07795452 0.03562919
v -0.02618264 -0.01401988 0.25029631
v -0.02613747 -0.00307306 0.25016380
v -0.02633778 0.07793850 0.05053935
v -0.02634426 0.07793461 0.07095220
v -0.02623321 0.07785435 0.25010548
v -0.02634545 0.02801718 0.25019389
v -0.02631321 0.02649783 0.25010806
v -0.02570011 0.01070998 0.00065847
v -0.02612511 0.00922092 0.25011875
v -0.02621555 0.00420571 0.25023438
v -0.02640302 0.07794062 0.19637280
v -0.02642819 0.07791561 0.21003229
v -0.02635393 0.07791488 0.22332170
v -0.02566708 -0.00267093 0.00095514
v -0.02582141 -0.04550512 0.00079649
v -0.02563005 -0.03111258 0.00087418
v -0.02605484 -0.08918710 0.03450121
v -0.02606424 -0.08930504 0.02341642
v -0.02610451 -0.08933395 0.01082755
v -0.02542867 -0.00914904 0.00094826
v -0.02639486 0.03552074 0.25007225
v -0.02650204 0.04269018 0.25018778
v -0.02657278 0.04683608 0.24995957
v -0.02602704 -0.08934132 0.13184159
v -0.02554824 -0.02482632 0.00091267
v -0.02563602 0.00245070 0.00077406
v -0.02607613 0.06157376 0.00009668
v -0.02615221 0.07120748 0.00009643
v -0.02605726 0.07582041 0.00001678
v -0.02589395 0.02093500 0.00049955
v -0.02592053 -0.08683535 0.00015837
v -0.02601148 0.03273271 0.00038266
v -0.02616461 0.04410820 0.00035039
v -0.02596589 -0.07093415 0.00039858
v -0.02581310 0.02273408 0.00042317
v -0.02599896 -0.08933840 0.18621064
v -0.02642134 -0.06480902 0.25101046
v -0.02593096 -0.08930094 0.17450380
v -0.02596028 -0.08927829 0.15430484
v -0.02602186 -0.08929934 0.20346057
v -0.02597040 0.07769021 0.00000000
v -0.02631311 -0.02318833 0.25038874
v -0.02610821 0.02143179 0.25020341
v -0.02601625 -0.08923917 0.22382082
v -0.02605416 -0.08924013 0.23237501
v -0.02608096 -0.08910067 0.24185817
v -0.02650590 -0.06112606 0.25064347
v -0.02568183 0.01306892 0.00058738
v -0.02599399 -0.08922186 0.10637525
v -0.02592509 -0.08926194 0.07720269
v -0.02593188 -0.08931501 0.05986367
v -0.02633416 -0.06107649 0.25081769
v -0.02607541 -0.08878776 0.25252020
v -0.02617519 -0.03157153 0.25032283
v -0.02589761 -0.05092484 0.00060764
v -0.02599544 -0.05963487 0.00053620
v -0.02611133 -0.06257473 0.00049088
v -0.02643011 -0.04932667 0.25051075
v -0.02614037 -0.08911663 0.24874210
v -0.02603847 0.07795649 0.25030305
v -0.02597041 -0.08921692 0.09217828
v -0.02594949 -0.08936782 0.03821552
v -0.02567600 -0.04398265 0.00063047
v -0.02540185 -0.02426398 0.00067452
v -0.02539867 -0.01636103 0.00069607
v -0.02601991 -0.01598858 0.25041568
v -0.02528976 -0.00883983 0.00076718
v -0.02601695 -0.08904477 0.25222669
v -0.02613215 -0.07238159 0.25127740
v -0.02600208 0.07819401 0.24939863
v -0.02597024 -0.00425383 0.25033872
v -0.02543883 -0.03093154 0.00067443
v -0.02554497 -0.00156717 0.00080481
v -0.02602286 0.07826310 0.24555440
v -0.00750891 -0.08732543 0.13394357
v -0.01124407 -0.08742066 0.12453756
v -0.00347209 -0.08725383 0.12576822
v -0.00418381 -0.08726228 0.11729522
v 0.00097692 -0.08714897 0.12146872
v -0.00608512 -0.08729823 0.10985723
v -0.01104261 -0.08741948 0.11759511
v -0.01212978 -0.08744822 0.10253277
v -0.00588505 -0.08730266 0.09910491
v -0.00047804 -0.08715146 0.10328312
v 0.00285442 -0.08710470 0.11219860
v -0.00207733 -0.08723932 0.09112452
v -0.00786378 -0.08735048 0.08861663
v -0.00096828 -0.08722866 0.08429285
v -0.00803575 -0.08735776 0.07223298
v -0.01187458 -0.08741388 0.09055978
v -0.01026366 -0.08739039 0.09751581
v -0.01630008 -0.08755692 0.09230812
v -0.01286942 -0.08745470 0.07489702
v -0.01846386 -0.08764264 0.07243789
v -0.01855264 -0.08761744 0.09301651
v -0.01677877 -0.08762609 0.10109950
v -0.01853392 -0.08767295 0.10144484
v -0.01883851 -0.08768177 0.11751778
v -0.01659916 -0.08760320 0.12777590
v -0.01194582 -0.08743264 0.13657826
v -0.01893879 -0.08765250 0.12837029
v -0.01895789 -0.08767851 0.13667646
v -0.01886334 -0.08770872 0.14515730
v 0.00228821 -0.08715427 0.09572035
v -0.00563311 -0.08726377 0.14278675
v -0.00105355 -0.08716645 0.13455084
v 0.00723159 -0.08704265 0.12905504
v 0.00581216 -0.08708482 0.10675851
v 0.01185098 -0.08717719 0.08009667
v 0.00405835 -0.08717482 0.08190834
v 0.00731343 -0.08716085 0.07514405
v 0.00636820 -0.08718810 0.06701517
v 0.00342738 -0.08722422 0.05701160
v 0.01091908 -0.08720370 0.06822701
v -0.00155077 -0.08725805 0.04923184
v 0.00118336 -0.08722484 0.04804688
v 0.00583353 -0.08722257 0.04850494
v 0.00038899 -0.08725476 0.03680739
v 0.00279070 -0.08725887 0.03424097
v 0.00772813 -0.08730072 0.03313796
v 0.00483243 -0.08731105 0.02395868
v -0.00037432 -0.08729770 0.02451416
v 0.01159170 -0.08729667 0.04336534
v -0.00402909 -0.08732307 0.03255180
v -0.00537976 -0.08732098 0.04511200
v -0.01178722 -0.08740199 0.04158443
v -0.00749749 -0.08735360 0.05381486
v -0.01316894 -0.08745033 0.05622657
v -0.00697565 -0.08734787 0.06073142
v 0.00293902 -0.08718195 0.07424713
v -0.00295660 -0.08727625 0.07085510
v 0.00157462 -0.08722112 0.06633028
v -0.01868347 -0.08762346 0.06314107
v -0.01694949 -0.08752564 0.03333974
v -0.01198742 -0.08739377 0.03279964
v -0.01465781 -0.08746500 0.02619794
v -0.01652904 -0.08751195 0.01529856
v -0.00084674 -0.08728217 0.01175677
v -0.00655659 -0.08734578 0.01611256
v -0.00818305 -0.08734451 0.00545466
v -0.00089067 -0.08723677 0.00318046
v -0.00585773 -0.08729241 0.00073395
v 0.00378905 -0.08728782 0.02058407
v 0.01399610 -0.08751308 0.01063154
v 0.00991839 -0.08738742 0.01781651
v 0.00608125 -0.08734888 0.00939818
v 0.01464586 -0.08740568 0.03123230
v 0.01093957 -0.08726134 0.05040836
v 0.01835837 -0.08723487 0.07949162
v 0.01477897 -0.08723625 0.07009785
v 0.01840499 -0.08727330 0.06559076
v 0.01143218 -0.08715887 0.09001038
v 0.00866080 -0.08711789 0.10053832
v 0.01253756 -0.08715962 0.09849012
v 0.01764951 -0.08721528 0.10636630
v 0.01009321 -0.08703476 0.11286566
v 0.01403129 -0.08706589 0.12965369
v 0.00961139 -0.08702199 0.13439949
v 0.00900871 -0.08702596 0.12153828
v 0.00920771 -0.08694483 0.14542293
v 0.01366232 -0.08700071 0.14235510
v 0.01397933 -0.08689530 0.18168224
v 0.01042917 -0.08691673 0.16849711
v 0.01409161 -0.08692433 0.17411066
v 0.01069220 -0.08697256 0.19935805
v 0.00889888 -0.08693921 0.19305648
v 0.01746791 -0.08704160 0.19562934
v 0.01756663 -0.08709818 0.20565182
v 0.01199135 -0.08705576 0.21210565
v 0.00894900 -0.08702638 0.21233460
v 0.00311133 -0.08707447 0.22511608
v 0.00940949 -0.08709947 0.22392218
v 0.00398105 -0.08709014 0.23260445
v -0.00167690 -0.08713265 0.23113668
v -0.00201106 -0.08715198 0.22441708
v 0.00021526 -0.08708128 0.21531918
v 0.00562801 -0.08699950 0.20351426
v 0.00297194 -0.08702896 0.19861280
v 0.00626391 -0.08694618 0.18352448
v -0.00051219 -0.08710985 0.19630849
v -0.00686558 -0.08729336 0.20597331
v -0.00687590 -0.08730531 0.19653708
v -0.00228765 -0.08717061 0.18548038
v -0.00776173 -0.08733696 0.18138642
v -0.00885383 -0.08736803 0.19027037
v -0.01252963 -0.08748068 0.19812827
v -0.01196572 -0.08744081 0.17395662
v -0.00361517 -0.08719119 0.17650069
v -0.01246790 -0.08746728 0.20678738
v -0.01140321 -0.08743236 0.21639459
v -0.00572428 -0.08726432 0.21753317
v -0.01241042 -0.08747697 0.22707731
v -0.01144231 -0.08745845 0.23803988
v -0.00439812 -0.08726452 0.24070946
v -0.00031178 -0.08718111 0.24150392
v -0.00871537 -0.08742028 0.24594589
v 0.00530307 -0.08719052 0.24134648
v 0.00500795 -0.08718831 0.24545579
v 0.00005862 -0.08714803 0.24642150
v 0.01731526 -0.08713152 0.21720496
v 0.01538614 -0.08726973 0.22981844
v 0.01532293 -0.08733896 0.23731842
v 0.00964743 -0.08726794 0.24120598
v 0.00624806 -0.08723530 0.24888852
v 0.00821354 -0.08689553 0.17871145
v 0.01061617 -0.08691713 0.18689872
v -0.00202545 -0.08717340 0.15967127
v -0.01181438 -0.08742688 0.16552374
v -0.00828174 -0.08733590 0.15760683
v -0.01151624 -0.08742246 0.15004298
v -0.00022634 -0.08707048 0.17475015
v 0.00462461 -0.08699162 0.16549864
v 0.00715476 -0.08696418 0.15210625
v 0.00055587 -0.08709388 0.14510135
v 0.00376414 -0.08703124 0.14268357
v -0.00384290 -0.08722070 0.15079004
v -0.01513570 -0.08756755 0.15278893
v -0.01939225 -0.08773853 0.15322948
v -0.01674949 -0.08768716 0.17451702
v -0.01977213 -0.08784151 0.17075704
v -0.01855539 -0.08773527 0.16527183
v -0.02109908 -0.08789928 0.16049139
v -0.01863785 -0.08783346 0.17992820
v -0.01340410 -0.08753187 0.18463234
v -0.01694917 -0.08773311 0.18787603
v -0.01722943 -0.08776881 0.22394241
v -0.01815608 -0.08785254 0.21088868
v -0.01466111 -0.08760645 0.21362659
v -0.01747609 -0.08777027 0.20127131
v -0.01678026 -0.08776725 0.23910977
v -0.01326205 -0.08764298 0.24551762
v -0.01422791 -0.08780231 0.25064879
v -0.00879067 -0.08749890 0.25118191
v 0.01927175 -0.08700559 0.18856454
v 0.01934125 -0.08708118 0.20385974
v 0.01931751 -0.08708240 0.21373258
v 0.01927452 -0.08726260 0.23433016
v 0.01921491 -0.08694135 0.18064581
v 0.01914939 -0.08698028 0.17319443
v 0.01941394 -0.08702350 0.16589806
v 0.01898724 -0.08701557 0.15573210
v 0.00951609 -0.08693793 0.15442615
v 0.01912057 -0.08701884 0.14865735
v 0.01908008 -0.08708429 0.14155044
v 0.01912863 -0.08714889 0.13532408
v 0.01924419 -0.08712112 0.11537973
v 0.02015054 -0.08720197 0.11021530
v 0.02014054 -0.08725397 0.10388185
v 0.01820693 -0.08719635 0.09377227
v 0.01839302 -0.08732047 0.05790982
v 0.01829141 -0.08735061 0.04882356
v 0.01775894 -0.08741580 0.04089208
v 0.01829137 -0.08744461 0.03026091
v 0.01812812 -0.08749613 0.01999610
v 0.01939925 -0.08762934 0.00918502
v 0.01545052 -0.08756081 0.00523809
v 0.01953188 -0.08767982 0.00340504
v 0.00691303 -0.08733476 0.00362594
v 0.01125402 -0.08740043 0.00014572
v 0.01707234 -0.08760557 0.00015029
v 0.00621713 -0.08724899 0.00065124
v 0.00123955 -0.08728494 0.00702292
v -0.01149732 -0.08740235 0.02266717
v -0.01197986 -0.08739209 0.01071004
v -0.01122339 -0.08734883 0.00276548
v -0.01851892 -0.08754261 0.00826971
v -0.01618215 -0.08747440 0.00256193
v -0.01610935 -0.08745201 0.00029459
v -0.00842876 -0.08723966 0.00080274
v -0.01859784 -0.08756234 0.01670151
v -0.01883057 -0.08757040 0.03207916
v -0.01858529 -0.08761467 0.04965656
v 0.00604359 -0.08714181 0.09115999
v 0.00408296 -0.08706958 0.13427504
v -0.00068705 -0.08718533 0.00064973
v 0.01946042 -0.08717784 0.09368166
v 0.01945906 -0.08742630 0.02867658
v 0.01948538 -0.08749072 0.01842295
v 0.01948659 -0.08732933 0.04651335
v 0.01946272 -0.08726029 0.06298724
v 0.01949686 -0.08721559 0.07683543
v -0.00399885 -0.08721507 0.24643975
v 0.01810197 -0.08732066 0.23525579
v -0.01864175 -0.08747406 0.00081585
v -0.00005228 -0.08718066 0.24979831
v -0.00633259 -0.08742988 0.25054424
v -0.00210225 -0.08726712 0.25128796
v 0.00505447 -0.08718972 0.25130688
v -0.01924776 -0.08758792 0.00477023
v 0.01936166 -0.08755292 0.24318119
v 0.01679833 -0.08752488 0.24427733
v 0.01983511 -0.08753982 0.24291368
v -0.02087518 -0.08774092 0.12932292
v -0.02082780 -0.08778293 0.11765153
v -0.02079599 -0.08780353 0.10317497
v -0.02147657 -0.08778109 0.09375922
v -0.02075498 -0.08775951 0.08656504
v -0.02080328 -0.08779333 0.07581211
v -0.02076249 -0.08775948 0.06441303
v -0.02080278 -0.08776263 0.05264381
v -0.02080866 -0.08777113 0.04347764
v -0.02066931 -0.08768273 0.02942956
v -0.02093893 -0.08770203 0.01945289
v -0.02079672 -0.08774051 0.01294906
v -0.02109465 -0.08789156 0.14942135
v -0.02110831 -0.08781189 0.14110078
v -0.02152174 -0.08777092 0.12272450
v -0.02154211 -0.08777286 0.11197645
v -0.02117294 -0.08768236 0.02887568
v -0.02148972 -0.08776693 0.08835460
v -0.02150588 -0.08780310 0.07601007
v -0.02153014 -0.08776897 0.06608415
v -0.02154637 -0.08777614 0.05513273
v -0.02156349 -0.08777313 0.04511904
v -0.02146617 -0.08780516 0.10564009
v -0.02156759 -0.08777042 0.00990958
v -0.02154749 -0.08774651 0.13437922
v -0.02154526 -0.08782880 0.14071131
v -0.01355350 -0.08775468 0.25129111
v 0.01993692 -0.08764921 0.00401460
v 0.02004230 -0.08763932 0.01251790
v -0.02159007 -0.08774235 0.02262659
v 0.01925241 -0.08773789 0.24810003
v 0.01301059 -0.08749942 0.24895958
v 0.01873320 -0.08785416 0.25136984
v 0.00884169 -0.08734757 0.25125571
v 0.02017178 -0.08721102 0.09423796
v 0.02019575 -0.08724357 0.07694485
v 0.02013393 -0.08729921 0.06359593
v 0.02015452 -0.08734244 0.05430249
v -0.01954476 -0.08818526 0.25046090
v -0.02028028 -0.08816903 0.24706892
v -0.01688577 -0.08788682 0.24457358
v -0.02126869 -0.08825802 0.24550614
v 0.02019453 -0.08716302 0.11677391
v 0.01942513 -0.08715831 0.12582815
v 0.02009671 -0.08722500 0.13449083
v 0.02018504 -0.08716656 0.14083083
v 0.02023078 -0.08711421 0.14682020
v -0.01913235 -0.08793462 0.23099851
v -0.01967960 -0.08799768 0.21152585
v -0.01995415 -0.08799064 0.20079485
v -0.01989386 -0.08797842 0.18790875
v -0.02013659 -0.08795919 0.17683448
v -0.02113018 -0.08799300 0.17128600
v -0.02120840 -0.08817522 0.23787026
v -0.00672390 -0.08740072 0.25110224
v 0.02019488 -0.08707437 0.16374977
v 0.02017218 -0.08703330 0.17355958
v 0.02017829 -0.08701315 0.17942734
v -0.02079597 -0.08763949 0.00015555
v 0.01932948 -0.08773158 0.00003419
v -0.01724171 -0.08808740 0.25141590
v -0.02106046 -0.08775846 0.00453939
v -0.02160258 -0.08780619 0.00495439
v 0.02012660 -0.08711534 0.19911646
v 0.02008002 -0.08715617 0.21138339
v 0.02014552 -0.08708366 0.18783087
v 0.02003717 -0.08726104 0.22492816
v 0.00425275 -0.08712944 0.00013751
v -0.00698971 -0.08719726 0.00022234
v -0.00977913 -0.08719479 0.00022385
v -0.02121365 -0.08817957 0.22161615
v -0.02120708 -0.08817728 0.20383764
v -0.02115401 -0.08810411 0.17705583
v -0.02116465 -0.08817363 0.18744264
v -0.02091038 -0.08840120 0.25146621
v 0.02057944 -0.08798414 0.25003845
v -0.02156328 -0.08775112 0.03173051
v -0.02199195 -0.08848238 0.24820795
v 0.02009838 -0.08749217 0.03839194
v 0.02149471 -0.08821827 0.25143492
v 0.02206667 -0.08822592 0.25030678
v 0.02320503 -0.08831366 0.25122511
v 0.02325935 -0.08818184 0.23818854
v 0.02220658 -0.08803909 0.23448206
v 0.02082836 -0.08797018 0.24545416
v 0.02216189 -0.08791261 0.21976027
v 0.02335276 -0.08803979 0.21275311
v 0.02216249 -0.08786505 0.20527665
v 0.02341632 -0.08802767 0.19251117
v 0.02210615 -0.08782968 0.19324393
v 0.02353605 -0.08800827 0.17845720
v 0.02392680 -0.08799907 0.17995301
v 0.02379499 -0.08802192 0.20639218
v 0.02364813 -0.08803477 0.22288107
v 0.02361309 -0.08813944 0.24184695
v 0.02384966 -0.08811851 0.16509174
v 0.02343165 -0.08815092 0.16225709
v 0.02344800 -0.08811306 0.15352092
v 0.02388730 -0.08810222 0.14599338
v 0.02342588 -0.08818554 0.13928727
v 0.02227982 -0.08793048 0.15003016
v 0.02220321 -0.08806504 0.13583925
v 0.02338929 -0.08822976 0.12429017
v 0.02223983 -0.08807543 0.12654360
v 0.02215958 -0.08805565 0.11090688
v 0.02339357 -0.08822459 0.11252183
v 0.02346831 -0.08813815 0.10186822
v 0.02221828 -0.08801693 0.09627899
v 0.02340818 -0.08819574 0.07847391
v 0.02220088 -0.08808517 0.07856206
v 0.02335273 -0.08832154 0.05870288
v 0.02218306 -0.08822198 0.06114806
v 0.02222775 -0.08827887 0.04593021
v 0.02337031 -0.08838295 0.03571678
v 0.02231184 -0.08836699 0.02755175
v 0.02329664 -0.08844101 0.01924555
v 0.02233410 -0.08839004 0.01908745
v 0.02316822 -0.08859643 0.00669591
v 0.02219568 -0.08847605 0.00487067
v 0.02335422 -0.08856457 0.00289994
v 0.02179800 -0.08827395 0.00017692
v 0.02323070 -0.08836724 0.00033860
v 0.02136347 -0.08774316 0.17243178
v 0.02223661 -0.08796449 0.16359447
v 0.02369750 -0.08817584 0.11760484
v 0.02377578 -0.08812853 0.13597901
v 0.02386504 -0.08810734 0.10725218
v 0.02378305 -0.08810190 0.08467765
v 0.02386120 -0.08815876 0.06809855
v 0.02134708 -0.08763542 0.17784212
v 0.02125133 -0.08765114 0.18892937
v 0.02110940 -0.08766719 0.20239102
v 0.02095683 -0.08763672 0.20953748
v 0.02086354 -0.08767162 0.22249802
v 0.02076219 -0.08773094 0.23257672
v 0.02089282 -0.08733786 0.17901918
v -0.01881964 -0.08732528 0.00006681
v 0.02000344 -0.08768007 0.24355353
v 0.02090235 -0.08812598 0.00070603
v 0.02094409 -0.08823512 0.00493909
v 0.01999426 -0.08737319 0.23208474
v 0.02132694 -0.08778839 0.16269947
v 0.02131944 -0.08775248 0.15142055
v 0.02109276 -0.08785345 0.13536080
v 0.02121482 -0.08787031 0.12577999
v 0.02118669 -0.08787803 0.11163284
v 0.02116774 -0.08781246 0.10515354
v 0.02110057 -0.08780121 0.09588245
v 0.02105790 -0.08785296 0.07977583
v 0.02093000 -0.08807951 0.01819674
v 0.02084725 -0.08799245 0.02694221
v 0.02089715 -0.08791571 0.06363623
v 0.02084918 -0.08796400 0.04053136
v 0.02099029 -0.08796618 0.05435251
v 0.02013113 -0.08758381 0.02714186
v -0.02175162 -0.08859311 0.25198621
v -0.02362585 -0.08894665 0.25239146
v -0.02207068 -0.08846895 0.24651607
v -0.02325592 -0.08881653 0.24959974
v -0.02489985 -0.08907812 0.25115773
v -0.02601695 -0.08904477 0.25222669
v -0.02614037 -0.08911663 0.24874210
v -0.02420841 -0.08893783 0.24347885
v -0.02608096 -0.08910067 0.24185817
v -0.02424728 -0.08912288 0.23195348
v -0.02605416 -0.08924013 0.23237501
v -0.02427871 -0.08911950 0.21833142
v -0.02601625 -0.08923917 0.22382082
v -0.02536928 -0.08919861 0.22034525
v -0.02508922 -0.08919753 0.20744227
v -0.02280489 -0.08900046 0.22893246
v -0.02290226 -0.08898504 0.21188265
v -0.02281481 -0.08911571 0.20182927
v -0.02602186 -0.08929934 0.20346057
v -0.02549577 -0.08932206 0.19941602
v -0.02284417 -0.08918191 0.18957846
v -0.02547204 -0.08934264 0.18965443
v -0.02283014 -0.08916550 0.17818113
v -0.02599896 -0.08933840 0.18621064
v -0.02593096 -0.08930094 0.17450380
v -0.02275653 -0.08927765 0.17010169
v -0.02454225 -0.08932016 0.16959951
v -0.02274626 -0.08929054 0.15869105
v -0.02519882 -0.08931595 0.15456926
v -0.02269880 -0.08925574 0.14562557
v -0.02540717 -0.08929657 0.14419467
v -0.02539627 -0.08934824 0.15766643
v -0.02531166 -0.08937111 0.13758431
v -0.02265192 -0.08934363 0.13745412
v -0.02264177 -0.08937076 0.12954975
v -0.02534177 -0.08938373 0.12760722
v -0.02393644 -0.08931641 0.11973682
v -0.02517860 -0.08928499 0.10582051
v -0.02261469 -0.08929664 0.10757858
v -0.02266205 -0.08933717 0.09706071
v -0.02538123 -0.08922758 0.08733359
v -0.02264828 -0.08927328 0.08566816
v -0.02267466 -0.08927811 0.07644573
v -0.02520328 -0.08931320 0.09759879
v -0.02529002 -0.08930313 0.07645850
v -0.02253943 -0.08926765 0.00996791
v -0.02610451 -0.08933395 0.01082755
v -0.02465825 -0.08940369 0.00383295
v -0.02260524 -0.08922673 0.02224780
v -0.02606424 -0.08930504 0.02341642
v -0.02261041 -0.08925641 0.02967369
v -0.02594949 -0.08936782 0.03821552
v -0.02263659 -0.08926090 0.04429531
v -0.02533687 -0.08931906 0.05067411
v -0.02593188 -0.08931501 0.05986367
v -0.02264863 -0.08928241 0.05980670
v -0.02516859 -0.08931803 0.06411143
v -0.02612356 -0.08949091 0.00252164
v -0.02267290 -0.08928349 0.00293249
v -0.02318308 -0.08925412 0.00020932
v -0.02564441 -0.08931392 0.00097708
v -0.02596028 -0.08927829 0.15430484
v -0.02602704 -0.08934132 0.13184159
v -0.02592509 -0.08926194 0.07720269
v -0.02597041 -0.08921692 0.09217828
v -0.02282075 -0.08890080 0.23805605
v -0.02599399 -0.08922186 0.10637525
v -0.02282061 -0.08876716 0.24431342
v -0.02184585 -0.08912174 0.08797773
v -0.02178366 -0.08915427 0.10079832
v -0.02182341 -0.08912801 0.10980242
v -0.02190740 -0.08908535 0.14465189
v -0.02184987 -0.08909659 0.07488130
v -0.02185763 -0.08915996 0.12707640
v -0.02195790 -0.08908677 0.17095303
v -0.02206541 -0.08898502 0.17929272
v -0.02192249 -0.08909991 0.15886217
v -0.02187614 -0.08909712 0.05434512
v -0.02208876 -0.08898474 0.18820176
v -0.02213007 -0.08892537 0.20239211
v -0.02190127 -0.08907374 0.02640052
v -0.02186122 -0.08907484 0.01291465
v -0.02189950 -0.08906619 0.04044012
v -0.02125128 -0.08822671 0.24124771
v -0.02223752 -0.08881155 0.20904686
v -0.02222052 -0.08879521 0.21956736
v -0.02217520 -0.08881074 0.22943935
v -0.02217550 -0.08869802 0.23951504
v -0.02608063 -0.08910879 0.00025260
v 0.02358930 -0.08820902 0.25135909
v -0.02112117 -0.08773567 0.00071221
v 0.02372129 -0.08821643 0.05374690
v 0.02374290 -0.08821945 0.04349014
v 0.02082326 -0.08795363 0.00005258
v -0.02194342 -0.08904336 0.00584486
v -0.02191146 -0.08845451 0.23991292
v 0.02034839 -0.08748326 0.22569493
v -0.02094194 -0.08825753 0.25189095
v 0.01461662 -0.08737293 0.00000000
v -0.02191865 -0.08847620 0.22117010
v 0.02013096 -0.08791467 0.00375306
v 0.02041713 -0.08764912 0.04662392
v 0.02022339 -0.08778354 0.01774965
v 0.02026422 -0.08772368 0.03487451
v 0.02359570 -0.08825618 0.02303805
v -0.02186945 -0.08850097 0.20519648
v -0.02182006 -0.08855563 0.18678540
v 0.02083368 -0.08738360 0.17030730
v 0.02090095 -0.08745642 0.15727598
v 0.02090698 -0.08746345 0.14577099
v 0.02348987 -0.08840218 0.00280581
v 0.00504308 -0.08702254 0.25143356
v -0.02189560 -0.08823694 0.00073864
v -0.01495106 -0.08732570 0.00017437
v -0.02160795 -0.08744833 0.00064265
v -0.02607541 -0.08878776 0.25252020
v 0.00592478 0.07993395 0.16886052
v 0.00947868 0.08044788 0.16057828
v 0.00628739 0.07996091 0.14890798
v 0.00334860 0.07957361 0.15556824
v 0.00252918 0.07944989 0.13897249
v -0.00089830 0.07901232 0.15628664
v -0.00225826 0.07884358 0.16822095
v -0.00412299 0.07859682 0.15651658
v -0.00739599 0.07820721 0.16536986
v -0.01017310 0.07786092 0.14849004
v -0.01006111 0.07788778 0.16300547
v -0.00929260 0.07799244 0.17820352
v -0.01285321 0.07753127 0.17260213
v -0.01360269 0.07747062 0.18755909
v -0.01786534 0.07693381 0.17873227
v -0.01785046 0.07694503 0.18986502
v -0.01785613 0.07692619 0.20202760
v -0.01191519 0.07768077 0.19601507
v -0.00655670 0.07832976 0.18657446
v -0.00590380 0.07841387 0.19824647
v -0.00940105 0.07800758 0.20414408
v -0.01281967 0.07758714 0.20947894
v -0.01616795 0.07715326 0.20490341
v -0.01648195 0.07711110 0.21850861
v -0.01112542 0.07779927 0.22291663
v -0.01551714 0.07720742 0.23119934
v -0.01052939 0.07790975 0.24056626
v -0.01418348 0.07740234 0.23952883
v -0.01500030 0.07733468 0.24401502
v -0.01069806 0.07792142 0.24358869
v -0.00758249 0.07823603 0.21885395
v -0.00690390 0.07834781 0.23606646
v -0.00563852 0.07850173 0.24341611
v -0.00279115 0.07886433 0.23567092
v -0.00345567 0.07873844 0.22137163
v 0.00227514 0.07951296 0.23318059
v 0.00409780 0.07970419 0.22382860
v -0.00179381 0.07892314 0.19952717
v -0.00518597 0.07851064 0.20808404
v 0.00648598 0.08007104 0.23398101
v 0.00583604 0.07997218 0.24331354
v 0.00911579 0.08043034 0.24321586
v 0.01134208 0.08076812 0.23128604
v 0.00617464 0.07999118 0.21299805
v 0.00158985 0.07937626 0.21163894
v 0.00555247 0.07990251 0.20136439
v 0.00335812 0.07960292 0.19203069
v -0.00257864 0.07882082 0.18763802
v -0.00435523 0.07856072 0.17602226
v 0.00182284 0.07939273 0.18452132
v 0.00596172 0.07991538 0.17722553
v 0.00082712 0.07924376 0.17236373
v 0.00672172 0.08006522 0.18650962
v 0.01162534 0.08080293 0.19731780
v 0.01434655 0.08120633 0.18210146
v 0.01087354 0.08066613 0.17560931
v 0.01196321 0.08080221 0.16525273
v 0.01015189 0.08058763 0.20910766
v 0.01223973 0.08088256 0.21722755
v 0.01502331 0.08125371 0.19850082
v 0.01628335 0.08139609 0.21352040
v 0.01583868 0.08128061 0.23288929
v 0.01543394 0.08118043 0.24229627
v 0.01218650 0.08081304 0.24264702
v -0.00043223 0.07921708 0.24327567
v -0.01602549 0.07708553 0.16503630
v -0.01601580 0.07710411 0.15729114
v -0.01132730 0.07770511 0.14181750
v -0.01658252 0.07700276 0.14583747
v -0.01578076 0.07702752 0.13699593
v -0.01586036 0.07699723 0.12636096
v -0.01095944 0.07771985 0.12206493
v -0.01504807 0.07708382 0.11566067
v -0.01019835 0.07780550 0.11550536
v -0.01254154 0.07746904 0.10023142
v -0.01628986 0.07696206 0.09488420
v -0.01779654 0.07672064 0.10284214
v -0.01776081 0.07673372 0.08635857
v -0.01622964 0.07695886 0.08350465
v -0.00990031 0.07783588 0.09440169
v -0.01294406 0.07739168 0.07982705
v -0.01775605 0.07684465 0.07091694
v -0.01288126 0.07745089 0.06022775
v -0.01770395 0.07686180 0.06340046
v -0.01771434 0.07683804 0.05124532
v -0.01314400 0.07732849 0.03844698
v -0.01769035 0.07679819 0.04368972
v -0.01767421 0.07677939 0.03125275
v -0.01294887 0.07735765 0.02721709
v -0.01360773 0.07719415 0.00568304
v -0.01769480 0.07673472 0.01958583
v -0.01768288 0.07666176 0.00955523
v -0.01752698 0.07668766 0.00488310
v -0.00963411 0.07777112 0.01527140
v -0.00970212 0.07772753 0.00620776
v -0.01060641 0.07765139 0.02265758
v -0.00618363 0.07821292 0.02903585
v -0.00232081 0.07867748 0.03072640
v -0.00220631 0.07867664 0.01778582
v -0.00193175 0.07868601 0.00883127
v -0.00692849 0.07800540 0.00294760
v -0.00983060 0.07763869 0.00245994
v -0.01343280 0.07714077 0.00242498
v 0.00242175 0.07929421 0.02666845
v 0.00549149 0.07970103 0.00434904
v 0.00010620 0.07897083 0.00276306
v -0.00285334 0.07854498 0.00283142
v 0.00451387 0.07957923 0.00283879
v 0.00698399 0.07993248 0.01768465
v 0.01179041 0.08067233 0.00701607
v 0.01179533 0.08064128 0.01980099
v 0.01570401 0.08120877 0.00811155
v 0.01595304 0.08120481 0.02074813
v 0.01516240 0.08115909 0.03261898
v 0.00844266 0.08014474 0.02800728
v 0.00574013 0.07975634 0.03613846
v 0.01063866 0.08049330 0.03993234
v 0.01702944 0.08144749 0.04241820
v 0.01725106 0.08149530 0.03381725
v 0.01729177 0.08141682 0.02003883
v 0.01753206 0.08149210 0.00897751
v 0.01564742 0.08123211 0.04558193
v 0.01880213 0.08175114 0.05194106
v 0.01555987 0.08123250 0.05940216
v 0.01873482 0.08176518 0.06176683
v 0.01637792 0.08136542 0.07118923
v 0.01082510 0.08052566 0.05038929
v 0.00710829 0.07998116 0.05710390
v 0.00510903 0.07968777 0.04643261
v 0.00122629 0.07914771 0.03968536
v -0.00425460 0.07847523 0.04781796
v -0.00566407 0.07828710 0.03815729
v -0.00949108 0.07783238 0.04290473
v -0.00212056 0.07877865 0.05857304
v -0.00735279 0.07814020 0.06067553
v -0.00936194 0.07788054 0.07116628
v -0.00576536 0.07831691 0.07110116
v -0.00105035 0.07889744 0.07681334
v -0.00518321 0.07838411 0.08474181
v -0.00587873 0.07830598 0.09942764
v -0.00862325 0.07798403 0.10811261
v -0.00111834 0.07889447 0.10300643
v -0.00190965 0.07878729 0.09512385
v 0.00249136 0.07935037 0.09490083
v 0.00648661 0.07985503 0.08814601
v 0.00335701 0.07946845 0.07634200
v 0.00231310 0.07934323 0.06331238
v 0.00742737 0.07999921 0.06829298
v 0.00302696 0.07942381 0.05134104
v 0.00660965 0.07989025 0.07921761
v 0.00668591 0.07989769 0.10052768
v 0.00429812 0.07961123 0.10676761
v -0.00065841 0.07898940 0.11104026
v 0.00184058 0.07934892 0.12044827
v -0.00447720 0.07854185 0.12224863
v -0.00103996 0.07900467 0.12928473
v 0.00634465 0.07993149 0.12866184
v 0.00622021 0.07988377 0.11597238
v -0.00218666 0.07884265 0.13801330
v -0.00957691 0.07794383 0.13478376
v -0.00459959 0.07851686 0.14488741
v -0.00935117 0.07796060 0.14015863
v 0.01094440 0.08053545 0.07427794
v 0.01157603 0.08062594 0.08101437
v 0.01700797 0.08138374 0.07748443
v 0.01876664 0.08164984 0.07557581
v 0.01648724 0.08122845 0.08609969
v 0.01881419 0.08154135 0.08763866
v 0.01220021 0.08068124 0.08769730
v 0.01672938 0.08130603 0.09284806
v 0.01415303 0.08096947 0.10330912
v 0.00973274 0.08035856 0.10313668
v 0.01115299 0.08059837 0.11304961
v 0.01111827 0.08065626 0.13448370
v 0.01877874 0.08161313 0.10058433
v 0.01731541 0.08136510 0.11019164
v 0.01743498 0.08136376 0.11628504
v 0.01748013 0.08141502 0.12369074
v 0.01249904 0.08080317 0.12614571
v 0.01736481 0.08145054 0.13341550
v 0.01737392 0.08146885 0.14119714
v 0.01078780 0.08061974 0.14724191
v 0.01530231 0.08122843 0.15242287
v 0.01715115 0.08149728 0.15408839
v 0.01594224 0.08130476 0.16475767
v 0.01708593 0.08147227 0.16592340
v 0.01660797 0.08141710 0.22247859
v 0.01956654 0.08176977 0.00935071
v 0.01875306 0.08167125 0.14943038
v 0.01881025 0.08169147 0.03313048
v 0.01883484 0.08161489 0.01717861
v 0.01877001 0.08168547 0.04386942
v 0.01844347 0.08163249 0.23923877
v 0.01969905 0.08177442 0.24255719
v -0.01785670 0.07688850 0.22183127
v -0.01789575 0.07682027 0.23926577
v -0.01783733 0.07686556 0.24158839
v 0.01474491 0.08095883 0.00249575
v 0.01013025 0.08032581 0.00281808
v 0.00610806 0.07974721 0.00250676
v 0.01849263 0.08154526 0.00379531
v 0.01984166 0.08173934 0.00357508
v 0.01958984 0.08173759 0.23145334
v 0.01955638 0.08174726 0.22194672
v 0.01954765 0.08181001 0.21267036
v 0.01708033 0.08156752 0.19535913
v 0.01865623 0.08185863 0.18126485
v 0.01715229 0.08165712 0.18249326
v 0.01950391 0.08187103 0.20316313
v 0.01958983 0.08192772 0.19490620
v 0.01943447 0.08176358 0.16583736
v 0.01949086 0.08176699 0.14775836
v 0.01929694 0.08184533 0.17291945
v -0.00423272 0.07833649 0.00247854
v -0.01781759 0.07681706 0.15658439
v -0.01780112 0.07680836 0.14649093
v -0.01786826 0.07665270 0.13469053
v -0.01779179 0.07662701 0.11788112
v -0.01780208 0.07682947 0.16706411
v 0.01981185 0.08177030 0.00261865
v 0.01957050 0.08161751 0.10905708
v 0.01968281 0.08153227 0.11426152
v 0.01963661 0.08163197 0.13494553
v 0.01965108 0.08158613 0.12395009
v 0.01956452 0.08184050 0.23866538
v 0.01966646 0.08185070 0.03783399
v 0.01967680 0.08178313 0.01657584
v 0.01981137 0.08207455 0.18101753
v 0.01596907 0.08117979 0.24322575
v 0.01958681 0.08170063 0.08715043
v 0.01786483 0.08138326 0.24355654
v 0.01953083 0.08179540 0.09884698
v 0.01952681 0.08194712 0.06232474
v 0.01958137 0.08190875 0.04752147
v 0.01959335 0.08181994 0.07727605
v -0.01664254 0.07720158 0.24412254
v -0.01553602 0.07697322 0.00282313
v -0.01807137 0.07675469 0.00230218
v -0.01084353 0.07784454 0.24407607
v -0.00531862 0.07845266 0.24385861
v -0.01843923 0.07714736 0.24445281
v -0.01856227 0.07646752 0.01726030
v -0.01861569 0.07648818 0.03189303
v -0.01863775 0.07652048 0.04842267
v -0.01862780 0.07638525 0.12003218
v -0.01873984 0.07642873 0.13913072
v -0.01868046 0.07641474 0.10918798
v 0.00068508 0.07927598 0.24373336
v -0.00702793 0.07791022 0.00249411
v -0.01847086 0.07636881 0.00387682
v 0.00106739 0.07902766 0.00249366
v -0.01867210 0.07651679 0.07571206
v -0.01863823 0.07653418 0.05916522
v -0.01861380 0.07645923 0.09171879
v -0.01862869 0.07646417 0.10046951
v 0.01963197 0.08161611 0.24334848
v -0.01876423 0.07648698 0.14766363
v 0.01997627 0.08200877 0.20952118
v 0.02004902 0.08192072 0.22592587
v -0.01839354 0.07709799 0.24474646
v 0.01984558 0.08205554 0.17569392
v 0.01976792 0.08199966 0.17126112
v 0.02022032 0.08189853 0.00298198
v -0.01869874 0.07650496 0.16513245
v -0.01875777 0.07646401 0.15402073
v -0.01879084 0.07659299 0.17868822
v -0.01871512 0.07654696 0.22163681
v -0.01875791 0.07657350 0.20591382
v -0.01870988 0.07651561 0.23322983
v -0.01877895 0.07659637 0.19166226
v -0.01871852 0.07650958 0.24105458
v -0.01817082 0.07693834 0.24278610
v 0.01988674 0.08204964 0.19286720
v 0.01998050 0.08167630 0.11318321
v 0.02000621 0.08193296 0.01215178
v 0.02010745 0.08195012 0.00600075
v -0.01553276 0.07685912 0.00242470
v 0.01995699 0.08199931 0.04059927
v 0.01999825 0.08178247 0.13427689
v 0.01997535 0.08203388 0.23945306
v 0.01969968 0.08187008 0.14829641
v 0.01977778 0.08190882 0.15805442
v 0.01976566 0.08186288 0.10392870
v 0.01976796 0.08192352 0.09529271
v 0.01011141 0.08022407 0.00251414
v 0.00564282 0.07980422 0.24374064
v -0.01612018 0.07700620 0.24471883
v -0.00053770 0.07900848 0.24380645
v 0.01981693 0.08182231 0.08770576
v -0.01876079 0.07666770 0.24328396
v 0.01698995 0.08126697 0.00242413
v 0.01983573 0.08169207 0.00214109
v -0.01410745 0.07715567 0.24458374
v 0.01094055 0.08046830 0.24357586
v -0.01911569 0.07610929 0.12319785
v -0.01919719 0.07607710 0.11204508
v -0.01923616 0.07613671 0.13823699
v 0.01980254 0.08210351 0.05063903
v 0.02012372 0.08204749 0.24247434
v 0.02003135 0.08184165 0.24352109
v -0.01979336 0.07565233 0.14327990
v -0.01912556 0.07611579 0.09860938
v -0.01973555 0.07569630 0.12630552
v -0.01971159 0.07567003 0.11285227
v -0.01927004 0.07606870 0.07918681
v -0.01915993 0.07606597 0.09232290
v -0.01929223 0.07603208 0.06520718
v -0.01972918 0.07575943 0.13849647
v -0.02021105 0.07593177 0.14020883
v -0.02027835 0.07585897 0.14389323
v -0.01936676 0.07586710 0.01972596
v -0.01936397 0.07614443 0.18355614
v -0.01971989 0.07558079 0.10827837
v -0.01931798 0.07592666 0.02882791
v -0.01922826 0.07598927 0.03672038
v -0.02021677 0.07589179 0.12466988
v -0.01978754 0.07565716 0.14997503
v -0.02031907 0.07581545 0.15688140
v 0.01978828 0.08196343 0.07807489
v -0.01974853 0.07558908 0.09321882
v -0.01922496 0.07607508 0.16591625
v -0.01929498 0.07607337 0.17106295
v -0.01933570 0.07612119 0.17677074
v -0.01917992 0.07608495 0.05910633
v -0.01931177 0.07602111 0.05103373
v -0.01919290 0.07603501 0.04608309
v -0.01984009 0.07554035 0.15697194
v -0.02021015 0.07522106 0.15748058
v -0.02023766 0.07517306 0.16774691
v -0.00931941 0.07781645 0.24431798
v -0.01905149 0.07596104 0.01442375
v 0.01975371 0.08226973 0.06679760
v -0.02018150 0.07588949 0.11202393
v -0.02023097 0.07583310 0.10765110
v -0.02023130 0.07581519 0.09318359
v -0.01932300 0.07610925 0.19161518
v -0.01927432 0.07606911 0.20451753
v 0.01600943 0.08091845 0.24359825
v -0.02009121 0.07520431 0.09264895
v -0.01929310 0.07562255 0.00515393
v -0.01936411 0.07564575 0.00353362
v -0.01937187 0.07541752 0.00278231
v -0.02019497 0.07516783 0.08207839
v -0.00448644 0.07822877 0.24423474
v -0.01927737 0.07588813 0.22058059
v -0.02021717 0.07512907 0.17202273
v -0.02013698 0.07509545 0.07316732
v -0.02026901 0.07511762 0.07571645
v -0.02022781 0.07510972 0.06196640
v -0.02009003 0.07510598 0.05863095
v -0.02025614 0.07508583 0.05462881
v -0.02011538 0.07510910 0.05099486
v -0.02022159 0.07511332 0.04931519
v -0.02008217 0.07505968 0.04351486
v -0.02030584 0.07503264 0.04009604
v -0.02013540 0.07502124 0.02778219
v -0.02014084 0.07503321 0.01887064
v -0.02038083 0.07503521 0.02470574
v -0.02029386 0.07490380 0.01088489
v -0.01999086 0.07494989 0.01259856
v -0.02008939 0.07473544 0.00363310
v -0.02051735 0.07474727 0.00371200
v -0.02031306 0.07503915 0.03154894
v -0.01932727 0.07590231 0.22492422
v -0.01921117 0.07586925 0.23908191
v -0.01934473 0.07598024 0.24352292
v -0.02016439 0.07511583 0.18538678
v -0.02003441 0.07501927 0.20359368
v -0.02026024 0.07504556 0.19395628
v -0.02023661 0.07501192 0.20352486
v -0.01994886 0.07493287 0.20845447
v -0.02031088 0.07510555 0.18676611
v -0.02014529 0.07507836 0.17745736
v -0.02026376 0.07491263 0.21023651
v -0.01994484 0.07490308 0.21992898
v -0.02031767 0.07508287 0.17724493
v -0.02027752 0.07493498 0.22301833
v -0.02003367 0.07496085 0.22705484
v -0.02028450 0.07495166 0.23337882
v -0.01990284 0.07495655 0.23637946
v -0.02015720 0.07473456 0.24125403
v -0.01986748 0.07474326 0.24144672
v -0.02006688 0.07434915 0.24203056
v -0.01959566 0.07526615 0.23941347
v -0.01974413 0.07471052 0.00275155
v -0.01980417 0.07516634 0.24356763
v -0.01975016 0.07562450 0.24448084
v -0.01913230 0.07567051 0.24439966
v 0.02222365 -0.02584237 0.00339861
v 0.02183999 -0.01774065 0.00337789
v 0.02258371 -0.02137923 0.00337862
v 0.00462471 -0.02290483 0.00341636
v 0.00569855 -0.01954455 0.00339699
v 0.02044894 -0.02171556 0.00339352
v 0.01294835 -0.01517393 0.00335012
v 0.02020130 -0.00877093 0.00322865
v 0.01327209 -0.00750224 0.00327542
v 0.01483685 0.00700085 0.00320547
v 0.02025840 0.00171194 0.00319625
v 0.00977173 -0.00139958 0.00324076
v 0.00259506 0.00878566 0.00315101
v 0.01366483 0.01876544 0.00305139
v 0.00212109 0.01664273 0.00305689
v 0.00697627 0.02245457 0.00298637
v 0.01187183 0.02432032 0.00299578
v 0.01646680 0.02624549 0.00297981
v 0.01740479 0.03710661 0.00295285
v 0.01273827 0.03995215 0.00291742
v 0.01461094 0.05908132 0.00278293
v 0.01026104 0.04876683 0.00281871
v 0.01184080 0.06210435 0.00274216
v 0.01795719 0.07361708 0.00272276
v 0.01024473 0.07077046 0.00267385
v 0.01442914 0.07903201 0.00259254
v 0.01859432 0.07714733 0.00266053
v 0.00928516 0.07878074 0.00255788
v 0.00158936 0.07789728 0.00253428
v -0.01149526 0.07595247 0.00250764
v -0.00702793 0.07791022 0.00249411
v -0.00653596 0.06909831 0.00262777
v -0.00014977 0.06185692 0.00268925
v -0.00125744 0.05320434 0.00272740
v -0.01434544 0.05167803 0.00269717
v -0.01480416 0.06852939 0.00261037
v -0.00387778 0.04716382 0.00278392
v 0.00312887 0.04520367 0.00281757
v 0.00853247 0.03487669 0.00291958
v -0.00381492 0.03466560 0.00288250
v 0.00283367 0.02992833 0.00292117
v 0.00781523 0.02911889 0.00294222
v -0.00135361 0.02390446 0.00296939
v -0.01063910 0.03105228 0.00287812
v -0.01165224 0.04258454 0.00278997
v -0.01751053 0.03706220 0.00276896
v -0.01608017 0.03110009 0.00280465
v -0.01590954 0.02476571 0.00285204
v -0.01021794 0.02185271 0.00296925
v -0.01826939 0.01584596 0.00299439
v -0.01670377 0.01187818 0.00309367
v -0.00704732 0.01503897 0.00307975
v -0.00932316 0.00837505 0.00314565
v -0.00801347 -0.00285146 0.00322217
v 0.00238760 -0.00448566 0.00323799
v -0.00367659 -0.01175996 0.00330493
v 0.00472362 -0.01444603 0.00333338
v -0.00900539 -0.01226643 0.00331318
v -0.00744102 -0.02014440 0.00338830
v -0.01741883 -0.01771477 0.00332720
v -0.01713416 -0.00962576 0.00323576
v -0.01677538 -0.00105440 0.00316696
v -0.02141169 0.00255287 0.00308692
v -0.02185073 0.01194587 0.00301118
v -0.02231704 0.00322507 0.00305681
v -0.02101614 -0.00500280 0.00306312
v -0.01835208 0.02119441 0.00284662
v -0.01668532 0.07495999 0.00249663
v -0.01908484 0.07314357 0.00248448
v -0.01930896 0.06917284 0.00253896
v 0.01067216 -0.03414983 0.00340101
v 0.00752171 -0.03004564 0.00340894
v 0.01477753 -0.02669822 0.00342407
v -0.00030313 -0.04183811 0.00333803
v -0.00098668 -0.03019910 0.00338041
v -0.00876987 -0.02435869 0.00338036
v -0.00890966 -0.03302232 0.00333995
v -0.01206930 -0.04088434 0.00328528
v -0.01442949 -0.03256980 0.00329197
v -0.01938816 -0.03469193 0.00321212
v 0.01545647 -0.03473248 0.00339246
v 0.02176757 -0.03200550 0.00335738
v 0.01841181 -0.04569429 0.00335364
v 0.00791637 -0.04591328 0.00337092
v -0.00319121 -0.04847503 0.00335271
v -0.01425879 -0.05282009 0.00335096
v 0.00492008 -0.05488601 0.00338745
v 0.00085322 -0.06042230 0.00336311
v 0.00838434 -0.06630742 0.00337384
v -0.00254670 -0.06475503 0.00335559
v 0.00251627 -0.07247598 0.00334572
v 0.01347952 -0.07675951 0.00333395
v -0.01282302 -0.07399088 0.00325475
v -0.00580321 -0.06918158 0.00332786
v -0.01608528 -0.06138690 0.00330392
v -0.01825477 -0.07258247 0.00316908
v -0.01756330 -0.08000781 0.00307049
v -0.02139142 -0.07906412 0.00300310
v -0.02190801 -0.05877295 0.00318534
v -0.01996295 -0.05119459 0.00326442
v -0.00334314 -0.07985624 0.00319556
v 0.01326137 -0.08072874 0.00327922
v 0.01447178 -0.05326215 0.00341235
v 0.01911873 -0.07535784 0.00327160
v 0.01830461 -0.06073184 0.00334812
v 0.02008436 -0.06603350 0.00329170
v 0.02052663 -0.06049102 0.00330287
v 0.01983819 -0.05469611 0.00329935
v 0.02052082 -0.04768404 0.00326815
v 0.01833521 -0.08323024 0.00319698
v -0.02199713 -0.04530719 0.00320042
v -0.02148136 -0.04237727 0.00317863
v 0.02075453 -0.01286144 0.00328908
v -0.02217503 -0.03390279 0.00312930
v -0.02179267 -0.02946263 0.00316938
v -0.02152231 -0.02477699 0.00318717
v -0.02231789 -0.02263049 0.00315759
v -0.02161249 -0.01359143 0.00315478
v -0.02118380 -0.00786841 0.00308220
v 0.02120802 -0.03911510 0.00331861
v 0.02161814 -0.03408835 0.00333249
v -0.01905713 0.06537656 0.00253882
v -0.01850030 0.04664149 0.00264656
v -0.02208235 0.04754549 0.00253055
v -0.02120119 0.04478756 0.00254399
v -0.02080229 0.06372352 0.00253914
v 0.01970589 -0.08300174 0.00322576
v 0.02030307 -0.07441518 0.00321921
v -0.02265849 -0.05433763 0.00323659
v -0.02227740 -0.04906140 0.00327176
v 0.01759225 0.04951885 0.00281609
v 0.01737759 0.06027155 0.00276566
v 0.02003907 0.04326462 0.00287507
v 0.01972659 0.03686795 0.00291075
v 0.01980455 0.03149245 0.00289576
v 0.01830112 0.02541377 0.00292634
v 0.01751081 0.01843653 0.00298504
v 0.01861591 0.00791738 0.00312027
v -0.02163381 0.00013584 0.00308737
v 0.01976604 0.05137688 0.00274255
v 0.02067911 0.06549620 0.00264079
v 0.01988868 0.06961580 0.00266787
v 0.02069543 0.06317518 0.00265310
v 0.02083630 0.04945591 0.00277588
v 0.01955681 0.07617319 0.00273574
v -0.02182420 0.02722353 0.00262576
v -0.02215691 0.02030107 0.00271269
v 0.02107139 0.05410616 0.00276309
v 0.02130790 0.05748910 0.00276011
v 0.02154936 0.06199991 0.00268656
v 0.00106739 0.07902766 0.00249366
v 0.00610806 0.07974721 0.00250676
v 0.01011141 0.08022407 0.00251414
v -0.00423272 0.07833649 0.00247854
v -0.02272002 -0.04147657 0.00312102
v -0.01553276 0.07685912 0.00242470
v -0.01343280 0.07714077 0.00242498
v -0.00983060 0.07763869 0.00245994
v 0.01474491 0.08095883 0.00249575
v -0.02185027 0.03692765 0.00259544
v -0.02247829 0.02955026 0.00256387
v 0.02168292 -0.00573479 0.00328706
v 0.02160725 -0.00752892 0.00330092
v 0.02206333 -0.01401734 0.00337776
v 0.02204684 0.00015397 0.00322522
v 0.02129672 0.00266551 0.00319319
v 0.02160160 0.00701399 0.00307616
v 0.02095231 0.01140845 0.00291877
v 0.02185155 0.01006801 0.00298696
v 0.01897219 0.01545165 0.00294175
v -0.02074921 -0.06932860 0.00311119
v -0.02112667 -0.06268211 0.00314476
v 0.01390220 -0.08383582 0.00315572
v 0.00827476 -0.08177178 0.00319807
v -0.00335199 -0.08266502 0.00306624
v 0.00960068 -0.08359549 0.00310377
v -0.01052314 -0.08230649 0.00303149
v -0.01563951 -0.08299795 0.00295305
v -0.01259324 -0.08471848 0.00287737
v -0.02142048 -0.08419485 0.00277411
v 0.01975729 0.07859243 0.00262017
v -0.02280869 -0.05724934 0.00316779
v 0.02093051 0.02520816 0.00274525
v 0.02143399 0.03320874 0.00289241
v 0.02082563 0.03818414 0.00300562
v 0.02102158 0.04239819 0.00302998
v 0.02180830 0.05221287 0.00272011
v 0.01698995 0.08126697 0.00242413
v 0.01878088 0.07932548 0.00252563
v -0.02231031 0.04291503 0.00244317
v -0.02212361 -0.06136640 0.00310981
v 0.02108745 -0.05335207 0.00320830
v -0.01807137 0.07675469 0.00230218
v -0.01912515 0.07472467 0.00237817
v 0.02135177 0.04542088 0.00299334
v -0.02251463 0.00066914 0.00293094
v -0.02195457 -0.00480790 0.00298267
v 0.02204512 0.01342405 0.00271981
v -0.00880113 -0.08433321 0.00283632
v -0.00606242 -0.08358267 0.00296075
v 0.00623356 -0.08440961 0.00297587
v 0.02120881 0.01489577 0.00277047
v 0.02041091 0.01830398 0.00274834
v -0.02288998 0.02400893 0.00251513
v 0.02240275 0.00559443 0.00298049
v 0.02235288 -0.01085078 0.00339441
v -0.02281025 0.01100888 0.00293926
v -0.02284471 0.00918425 0.00288405
v -0.02150039 -0.06585392 0.00306917
v -0.02228747 -0.07720742 0.00287395
v -0.02268424 -0.02784719 0.00298085
v -0.02258163 0.03814543 0.00247368
v 0.02288142 -0.01681361 0.00324616
v -0.02046820 -0.08527857 0.00265459
v -0.02205674 0.05699966 0.00244999
v -0.02141856 0.06653437 0.00244453
v -0.02265967 0.04875106 0.00246865
v 0.01942387 -0.08425779 0.00306812
v -0.01376371 -0.08475051 0.00282711
v -0.01714688 -0.08488369 0.00269978
v -0.02244605 -0.06583128 0.00282557
v 0.02164832 -0.04653943 0.00313485
v 0.02088293 -0.06735602 0.00319042
v 0.02154888 0.06423545 0.00247905
v 0.02237399 -0.00764309 0.00320619
v -0.02022700 0.07110181 0.00272037
v 0.02130455 -0.06141646 0.00311362
v -0.02288395 0.04426641 0.00236421
v 0.01983573 0.08169207 0.00214109
v 0.02022336 0.08099508 0.00219505
v -0.02301533 -0.04584575 0.00303429
v -0.02308046 -0.04701847 0.00302434
v 0.02209303 0.05713654 0.00250613
v 0.02161614 0.03820596 0.00288095
v 0.02271042 -0.01125500 0.00345884
v 0.02266840 -0.01350933 0.00345628
v -0.02228388 -0.08097742 0.00277421
v 0.02158660 0.02007691 0.00247804
v -0.02293889 0.03210064 0.00245929
v -0.02236656 -0.08507039 0.00255930
v -0.02320818 -0.05125370 0.00303867
v 0.02218115 -0.03965794 0.00314084
v 0.01103777 -0.08477784 0.00287259
v 0.01480169 -0.08475975 0.00291388
v -0.02298757 0.02100652 0.00253959
v -0.02312145 0.01741131 0.00263447
v -0.02328932 0.01276907 0.00277798
v 0.02249649 -0.03516711 0.00305317
v 0.02012722 0.07245172 0.00261840
v 0.02074618 0.06810186 0.00248061
v -0.02228413 -0.00888443 0.00280999
v -0.02325773 0.02765830 0.00238589
v -0.02302375 -0.05965519 0.00285899
v -0.02086160 0.07147960 0.00256969
v -0.00604465 -0.08447938 0.00273673
v -0.00208027 -0.08457556 0.00273532
v 0.02018699 0.07612864 0.00258671
v 0.02038613 0.07932831 0.00238636
v -0.02274668 -0.00146257 0.00266835
v -0.02246619 -0.06719074 0.00277077
v 0.02208290 0.02963484 0.00252299
v -0.00677371 -0.08490303 0.00259880
v -0.02301569 -0.03086808 0.00277981
v -0.02077757 0.07289231 0.00267913
v -0.02020445 0.07279923 0.00282787
v 0.02227159 0.01557029 0.00241889
v 0.01041389 -0.08518431 0.00274969
v -0.02280524 0.04218628 0.00225553
v 0.02298054 -0.01392967 0.00311144
v -0.02251816 -0.07048499 0.00275463
v 0.02157842 -0.05882578 0.00290511
v -0.01998886 0.07375222 0.00275660
v -0.01974413 0.07471052 0.00275155
v 0.02175891 0.06728222 0.00217272
v -0.02302479 -0.03279097 0.00282885
v -0.02325058 -0.03838615 0.00286289
v -0.02335861 -0.05614220 0.00298768
v 0.01837620 -0.08493098 0.00283441
v -0.02293779 0.00404110 0.00284415
v 0.02142065 0.03889091 0.00320387
v 0.02171576 0.04494860 0.00316227
v 0.02023975 -0.08495096 0.00270142
v -0.02270228 -0.07676563 0.00272350
v -0.02332879 0.02415095 0.00235408
v 0.02275182 -0.03233350 0.00285527
v -0.02292901 -0.06540762 0.00260806
v -0.01598937 -0.08505467 0.00265740
v -0.02327180 0.01034026 0.00274002
v -0.01731548 -0.08565816 0.00238518
v -0.02341505 0.02212571 0.00215601
v -0.02347951 -0.04512407 0.00283952
v -0.02275063 -0.01426923 0.00268628
v 0.02236505 0.01990729 0.00216938
v 0.02313607 0.01536293 0.00207630
v 0.02287149 0.01421141 0.00226132
v 0.02217367 0.06179572 0.00242837
v 0.02259902 0.00733011 0.00263043
v 0.02260974 0.00988801 0.00264805
v -0.02315376 -0.00086455 0.00242956
v 0.02120744 0.06850807 0.00223052
v 0.02021637 -0.08162386 0.00304266
v 0.02060094 -0.07647903 0.00302700
v -0.01598024 -0.08589330 0.00204198
v -0.02200680 0.06182009 0.00231963
v -0.02296195 -0.01946760 0.00274848
v 0.02117758 -0.06844600 0.00295765
v -0.02088684 -0.08582613 0.00238748
v -0.02190453 -0.08573625 0.00216946
v 0.02049989 0.08098996 0.00206755
v 0.02256377 -0.00544884 0.00283421
v 0.02286919 -0.02973482 0.00286439
v -0.02317273 -0.02479379 0.00272360
v -0.02309678 -0.02294456 0.00274711
v -0.02273894 -0.00623343 0.00252811
v 0.02225107 0.06461007 0.00209380
v 0.02248462 0.06306140 0.00208487
v 0.02190584 -0.05243026 0.00278887
v -0.02341690 -0.05910492 0.00265456
v 0.02230675 -0.04637184 0.00271323
v 0.02201407 0.03456803 0.00257948
v -0.01488494 -0.08519098 0.00256481
v 0.02197573 0.04525338 0.00263303
v -0.02315164 -0.01368329 0.00232121
v 0.02328301 -0.02243244 0.00287147
v -0.02345124 -0.03133910 0.00244084
v -0.02058540 0.07331784 0.00311521
v 0.02230147 0.05225928 0.00238177
v 0.02262887 0.05414298 0.00205440
v -0.02321010 0.03546384 0.00207193
v -0.01937187 0.07541752 0.00278231
v -0.01701009 -0.08646984 0.00174747
v -0.01491015 -0.08562737 0.00196857
v -0.02350361 -0.04635069 0.00257939
v 0.02251212 0.05724073 0.00206630
v 0.02052250 0.07715547 0.00223320
v 0.02207390 0.03825301 0.00238547
v 0.02210067 0.04153368 0.00226303
v -0.02008939 0.07473544 0.00363310
v -0.02051735 0.07474727 0.00371200
v -0.02056812 0.07739435 0.13743406
v -0.02111927 0.07745819 0.12576669
v -0.02375729 0.07768623 0.12388186
v -0.02050489 0.07739919 0.11118418
v -0.02358414 0.07775582 0.10416963
v -0.02392503 0.07770185 0.11477075
v -0.02107997 0.07752105 0.10599356
v -0.02516987 0.07784747 0.11737694
v -0.02589211 0.07801240 0.10731464
v -0.02387317 0.07772253 0.13818479
v -0.02357718 0.07771445 0.14469275
v -0.02590655 0.07789372 0.11721614
v -0.02380791 0.07778805 0.09592295
v -0.02514886 0.07797300 0.09327256
v -0.02390438 0.07784749 0.08855041
v -0.02108690 0.07757843 0.08921644
v -0.02377320 0.07784055 0.07873002
v -0.02111455 0.07759676 0.07763277
v -0.02372875 0.07789029 0.07041789
v -0.02115242 0.07766536 0.05814485
v -0.02512287 0.07800478 0.07832203
v -0.02501355 0.07803840 0.05364369
v -0.02592893 0.07803746 0.09117734
v -0.02597650 0.07810540 0.07043741
v -0.02377728 0.07787677 0.04397113
v -0.02358386 0.07786587 0.00679217
v -0.02102635 0.07764856 0.00993645
v -0.02102964 0.07763060 0.00459663
v -0.02238827 0.07773848 0.00057934
v -0.02594078 0.07803877 0.00222758
v -0.02378041 0.07786549 0.01784667
v -0.02116501 0.07760277 0.02329856
v -0.02362445 0.07785717 0.02780372
v -0.02593239 0.07810148 0.01969299
v -0.02594766 0.07813588 0.03460945
v -0.02594696 0.07812046 0.00832064
v -0.02112501 0.07763734 0.03174935
v -0.02112472 0.07762535 0.04237130
v -0.02597529 0.07810432 0.04475074
v -0.02054797 0.07737160 0.11615832
v -0.02521034 0.07791304 0.14338086
v -0.02515540 0.07788305 0.12787447
v -0.02514741 0.07787530 0.16833655
v -0.02602516 0.07793177 0.16887377
v -0.02592413 0.07794928 0.14198762
v -0.02603205 0.07804853 0.17749662
v -0.02342447 0.07769833 0.15919299
v -0.02116363 0.07751106 0.16916507
v -0.02115085 0.07750928 0.15867393
v -0.02112973 0.07750979 0.14448312
v -0.02602286 0.07826310 0.24555440
v -0.02348806 0.07801928 0.24849193
v -0.02389302 0.07790280 0.23619548
v -0.02525104 0.07806553 0.23705624
v -0.02519687 0.07802398 0.22280077
v -0.02354624 0.07784767 0.22062005
v -0.02355128 0.07782764 0.20895264
v -0.02519432 0.07799958 0.20583815
v -0.02434887 0.07791571 0.19370669
v -0.02605795 0.07809045 0.19699668
v -0.02604235 0.07807951 0.22163780
v -0.02356844 0.07778668 0.17733019
v -0.02605103 0.07810929 0.23633046
v -0.02118432 0.07764302 0.19242901
v -0.02112670 0.07760453 0.17736638
v -0.02519804 0.07819467 0.24952388
v -0.02121985 0.07766978 0.23195855
v -0.02116306 0.07777220 0.24510281
v -0.02118530 0.07765724 0.21164977
v -0.02057149 0.07742578 0.16781572
v -0.02054238 0.07740912 0.14252477
v -0.02052735 0.07741218 0.15326540
v -0.02043739 0.07747625 0.17767849
v -0.02133998 0.07796101 0.25017652
v -0.02036110 0.07783504 0.24914535
v -0.02520332 0.07820047 0.25019697
v -0.02104669 0.07750929 0.00023731
v -0.02046321 0.07741566 0.10257345
v -0.02574053 0.07791889 0.00069781
v -0.02045874 0.07750091 0.19629853
v -0.02600208 0.07819401 0.24939863
v -0.02045328 0.07744221 0.08881162
v -0.02049698 0.07750906 0.21409343
v -0.02061915 0.07750892 0.22745059
v -0.02050547 0.07753654 0.23983879
v -0.02049774 0.07744737 0.07565651
v -0.02047284 0.07747397 0.06360004
v -0.02024508 0.07754229 0.24492723
v -0.02045831 0.07746404 0.04635698
v -0.02053011 0.07746077 0.03148795
v -0.02055741 0.07744096 0.01902479
v -0.02049258 0.07747602 0.00781673
v -0.02051261 0.07738985 0.00241971
v -0.02215097 0.07759110 0.00012088
v -0.02603847 0.07795649 0.25030305
v -0.02597040 0.07769021 0.00000000
v -0.02624497 0.07787679 0.00116107
v -0.01981078 0.07739724 0.24584091
v -0.02068139 0.07739008 0.00120119
v -0.02639813 0.07795452 0.03562919
v -0.02633778 0.07793850 0.05053935
v -0.02636348 0.07795559 0.00677259
v -0.02638979 0.07790134 0.17759045
v -0.02632327 0.07780024 0.16846246
v -0.02640302 0.07794062 0.19637280
v -0.02642819 0.07791561 0.21003229
v -0.02081164 0.07761011 0.25033450
v -0.02631620 0.07781823 0.15879391
v -0.02624879 0.07780784 0.15298968
v -0.02622788 0.07782752 0.14595920
v -0.02634426 0.07793461 0.07095220
v -0.02623558 0.07787527 0.08400780
v -0.02636136 0.07796589 0.24076199
v -0.02635393 0.07791488 0.22332170
v -0.02623926 0.07785761 0.10497641
v -0.02622984 0.07786178 0.09563558
v -0.02614323 0.07777248 0.11885427
v -0.02614887 0.07779569 0.13820332
v -0.02023799 0.07739273 0.24992975
v -0.02001029 0.07752748 0.24852825
v -0.02630515 0.07799717 0.24795605
v 0.02018206 0.08549219 0.17422121
v 0.02007132 0.08730627 0.16986508
v 0.02001141 0.08551877 0.16773864
v 0.02051249 0.08782213 0.17832542
v 0.02013415 0.08809265 0.16961889
v 0.02035813 0.08613042 0.17921249
v 0.02004959 0.08333213 0.17864989
v 0.01996440 0.08321579 0.17332134
v 0.01984558 0.08205554 0.17569392
v 0.01988908 0.08320675 0.16766885
v 0.01976792 0.08199966 0.17126112
v 0.01977778 0.08190882 0.15805442
v 0.01991154 0.08362358 0.15585392
v 0.01969968 0.08187008 0.14829641
v 0.02017056 0.08805895 0.15713847
v 0.02008662 0.08685881 0.15586497
v 0.02018331 0.08807088 0.14660150
v 0.02011398 0.08693468 0.14563211
v 0.01999491 0.08516256 0.14964152
v 0.01982326 0.08264478 0.14660870
v 0.01999832 0.08525402 0.15978781
v 0.02012597 0.08526759 0.14308084
v 0.02010805 0.08241798 0.13524081
v 0.02036414 0.08544907 0.13522798
v 0.02049810 0.08769418 0.13533532
v 0.02040858 0.08549667 0.12463543
v 0.02010638 0.08231613 0.12259367
v 0.02033701 0.08506547 0.11537052
v 0.02006427 0.08216569 0.11339642
v 0.02054323 0.08768282 0.11484450
v 0.02047310 0.08767952 0.11091072
v 0.01993569 0.08373871 0.10366305
v 0.02058853 0.08783569 0.12355367
v 0.01976566 0.08186288 0.10392870
v 0.01995238 0.08361582 0.09407576
v 0.02035279 0.08703442 0.10605571
v 0.02025332 0.08664522 0.10108529
v 0.01976796 0.08192352 0.09529271
v 0.01991232 0.08235588 0.08614638
v 0.02009192 0.08447929 0.08507218
v 0.02000267 0.08385795 0.07686557
v 0.01978828 0.08196343 0.07807489
v 0.01988957 0.08255151 0.07521174
v 0.01983940 0.08263898 0.07040447
v 0.02044436 0.08757114 0.07787388
v 0.02030607 0.08681922 0.07027979
v 0.01984459 0.08262248 0.06384722
v 0.02026688 0.08666818 0.06208208
v 0.01996944 0.08357468 0.05794222
v 0.01992523 0.08260967 0.04977289
v 0.02024105 0.08672152 0.05191512
v 0.02038328 0.08806160 0.05177306
v 0.02043276 0.08750249 0.08886546
v 0.02041372 0.08772146 0.09304814
v 0.02046636 0.08802972 0.10231152
v 0.02045006 0.08801443 0.06382966
v 0.02053861 0.08788489 0.04108769
v 0.02026139 0.08478057 0.04173911
v 0.02028345 0.08462073 0.01110235
v 0.02056495 0.08779895 0.01672037
v 0.02055873 0.08759912 0.00378404
v 0.02019266 0.08343627 0.00380794
v 0.02019473 0.08337843 0.01666924
v 0.02012455 0.08238328 0.01067213
v 0.02018001 0.08325855 0.02782805
v 0.02057859 0.08778916 0.02684618
v 0.02021327 0.08376632 0.03327545
v 0.02005313 0.08244026 0.04196764
v 0.02007649 0.08233654 0.02157886
v 0.02010745 0.08195012 0.00600075
v 0.02045349 0.08732494 0.00182625
v 0.02005472 0.08267564 0.00197072
v 0.02047139 0.08660832 0.19056904
v 0.02018017 0.08376517 0.20053143
v 0.02010318 0.08321478 0.19078015
v 0.02047918 0.08669481 0.20075277
v 0.02061508 0.08805727 0.18504601
v 0.02023550 0.08453998 0.21408505
v 0.02042869 0.08689172 0.21573074
v 0.02057946 0.08806173 0.21407200
v 0.02067398 0.08805049 0.20004348
v 0.01999953 0.08240510 0.19309787
v 0.02011245 0.08244903 0.21075517
v 0.02027278 0.08369683 0.22510336
v 0.02010975 0.08244605 0.21531335
v 0.02016529 0.08238290 0.22445144
v 0.02012322 0.08249349 0.23965216
v 0.02049291 0.08711557 0.24459491
v 0.02053619 0.08710095 0.23651523
v 0.02026834 0.08495932 0.24509798
v 0.02030734 0.08455191 0.23206903
v 0.02051029 0.08687147 0.22547293
v 0.02022526 0.08341910 0.23987984
v 0.02011342 0.08317981 0.24480818
v 0.02012372 0.08204749 0.24247434
v 0.02019519 0.08310041 0.24743840
v 0.02066717 0.08811634 0.22500284
v 0.02065366 0.08807444 0.24069253
v 0.02062728 0.08703576 0.24846835
v 0.01981693 0.08182231 0.08770576
v 0.02003135 0.08184165 0.24352109
v 0.02068591 0.08860175 0.18343176
v 0.02059832 0.08874396 0.17564898
v 0.02082703 0.08928344 0.00514638
v 0.02077544 0.08907527 0.00192337
v 0.01998050 0.08167630 0.11318321
v 0.01981137 0.08207455 0.18101753
v 0.02069916 0.08860509 0.11416518
v 0.02071502 0.08861728 0.12571057
v 0.01999825 0.08178247 0.13427689
v 0.02069996 0.08881610 0.04139030
v 0.02054753 0.08880849 0.05264816
v 0.02076677 0.08886401 0.02443578
v 0.02065438 0.08873437 0.07340781
v 0.02066714 0.08858367 0.08027703
v 0.01975371 0.08226973 0.06679760
v 0.02095183 0.08892784 0.24831824
v 0.02083539 0.08898272 0.24279639
v 0.02084455 0.08898583 0.22116427
v 0.02003100 0.08081845 0.24386447
v 0.02015723 0.07973132 0.24761769
v 0.02065441 0.08862428 0.09169326
v 0.02022032 0.08189853 0.00298198
v 0.02069293 0.08863905 0.13614397
v 0.02000621 0.08193296 0.01215178
v 0.02025393 0.08114268 0.24851755
v 0.01980254 0.08210351 0.05063903
v 0.01995699 0.08199931 0.04059927
v 0.02064398 0.08864151 0.10351855
v 0.02023488 0.07528513 0.24527656
v 0.02032374 0.07245146 0.24741651
v 0.02036734 0.06924649 0.24566505
v 0.02038038 0.06919465 0.24824185
v 0.02041536 0.06509580 0.24713063
v 0.02038952 0.06426353 0.24568364
v 0.02027258 0.05888824 0.24568802
v 0.02039749 0.06048660 0.24864330
v 0.02049467 0.06839386 0.24858488
v 0.02028108 0.05639115 0.24589831
v 0.02026454 0.05361639 0.24866733
v 0.02018631 0.05222783 0.24771844
v 0.01998345 0.04762716 0.24581734
v 0.02019381 0.04922815 0.24865199
v 0.02014983 0.04699302 0.24724358
v 0.02010640 0.04412169 0.24593193
v 0.02024506 0.07167881 0.24438367
v 0.02043755 0.07307017 0.24864950
v 0.02029990 0.06525760 0.24495340
v 0.02021508 0.05829849 0.24514349
v 0.02012390 0.07577446 0.24427118
v 0.02045105 0.04354289 0.24860468
v 0.02048900 0.04413956 0.24914355
v 0.02034799 0.05430333 0.24915707
v 0.02063930 0.03987180 0.24598235
v 0.02107029 0.03895096 0.24914535
v 0.02108493 0.03817903 0.24861676
v 0.02102407 0.03701190 0.24606423
v 0.02132004 0.03395493 0.24864753
v 0.02124816 0.03187510 0.24731673
v 0.02134963 0.02944753 0.24855450
v 0.02139312 0.02462926 0.24724984
v 0.02160643 0.01946037 0.24868518
v 0.02143933 0.02099807 0.24640397
v 0.02156691 0.01839240 0.24718488
v 0.02169962 0.01656349 0.24863030
v 0.02163673 0.01334964 0.24732708
v 0.02120244 0.02623081 0.24616703
v 0.02113717 0.03134681 0.24618488
v 0.02143082 0.02981115 0.24913850
v 0.02136360 0.03831140 0.24921949
v 0.02143329 0.01791195 0.24625761
v 0.02131923 0.01662664 0.24602073
v 0.02189948 0.01122310 0.24855410
v 0.02154319 0.01160451 0.24632158
v 0.02185133 0.00906397 0.24722943
v 0.02212575 0.00316713 0.24730906
v 0.02223502 0.00371370 0.24869962
v 0.02226714 0.00041199 0.24722559
v 0.02234431 0.00131573 0.24864517
v 0.02236799 0.00166634 0.24919837
v 0.02241730 -0.00573933 0.24861096
v 0.02205984 0.00292839 0.24634841
v 0.02229924 -0.00762181 0.24727007
v 0.02241224 -0.00939151 0.24807719
v 0.02226770 -0.00819109 0.24637831
v 0.02241189 -0.01250088 0.24623484
v 0.02123851 0.02151082 0.24623881
v 0.02104388 0.03180637 0.24612663
v 0.02255636 -0.00996701 0.24864634
v 0.02262496 -0.00912194 0.24912950
v 0.02260234 -0.01690746 0.24868550
v 0.02244838 -0.01760318 0.24734402
v 0.02226733 -0.02268562 0.24746443
v 0.02236460 -0.02489554 0.24886852
v 0.02212483 -0.02762362 0.24811301
v 0.02222247 -0.02340570 0.24656380
v 0.02172087 -0.03344380 0.24638079
v 0.02229689 -0.01671885 0.24622097
v 0.02218999 -0.02813727 0.24859514
v 0.02178132 -0.03734649 0.24861960
v 0.02126420 -0.04383354 0.24737841
v 0.02140058 -0.04462438 0.24860288
v 0.02118077 -0.05027507 0.24729609
v 0.02150447 -0.05056968 0.24960157
v 0.02101630 -0.05386941 0.24679294
v 0.02121748 -0.05584396 0.24855151
v 0.02133808 -0.05441435 0.24955235
v 0.02107392 -0.06008876 0.24973209
v 0.02096723 -0.06152348 0.24826383
v 0.02065207 -0.06673941 0.24839396
v 0.02100496 -0.06251057 0.25052757
v 0.02011579 -0.07596886 0.25065020
v 0.02000447 -0.07657933 0.24836180
v 0.02020256 -0.07268219 0.24687395
v 0.02079489 -0.06332964 0.24712336
v 0.02104573 -0.05690647 0.24732737
v 0.01963152 -0.08137939 0.25065207
v 0.01955876 -0.08104900 0.24685042
v 0.01961699 -0.08405682 0.25068675
v 0.01955505 -0.07959240 0.24619533
v 0.01950896 -0.08397992 0.24634508
v 0.02147541 -0.05523814 0.25040607
v 0.01970329 -0.08427596 0.25125238
v 0.02070302 -0.06156005 0.24616947
v 0.01964168 -0.08439105 0.24890473
v 0.02048021 -0.06593210 0.24620925
v 0.02020795 -0.07100184 0.24615424
v 0.02052268 0.07040870 0.24902349
v 0.01939225 -0.08532003 0.25062953
v 0.02003187 0.05884686 0.24513339
v 0.02203157 -0.02259784 0.24630470
v 0.02101994 -0.04512260 0.24630397
v 0.02125019 -0.04061817 0.24635999
v 0.02071882 -0.05735571 0.24595577
v 0.01942978 -0.08526721 0.24949556
v 0.01958786 -0.08425686 0.24727356
v 0.01973182 -0.08489472 0.24676104
v 0.02180824 -0.05013886 0.25025926
v 0.02004902 0.08192072 0.22592587
v 0.01997627 0.08200877 0.20952118
v 0.02166661 0.00700100 0.24620790
v 0.02164984 -0.04767628 0.24989820
v 0.02180159 -0.04253752 0.24958114
v 0.02094101 0.03610201 0.24573627
v 0.02058099 -0.06333883 0.24629569
v 0.02069015 -0.06185934 0.24560181
v 0.02047906 -0.06480862 0.24562126
v 0.02057880 -0.06078352 0.24584196
v 0.01944649 -0.08537804 0.25124839
v 0.02198882 -0.00339744 0.24631582
v 0.02084754 -0.05383732 0.24633942
v 0.02085201 0.08923049 0.03047925
v 0.02086787 0.08922023 0.02046324
v 0.02196542 -0.00725739 0.24613130
v 0.01974659 0.04423732 0.24546866
v 0.02091799 0.08900452 0.19103186
v 0.02085323 0.08898335 0.18420042
v 0.02093913 0.08900279 0.20268362
v 0.02040123 0.08875536 0.14614745
v 0.02244419 0.00402099 0.24936868
v 0.01997535 0.08203388 0.23945306
v 0.02257530 0.00124374 0.24937853
v 0.02061495 0.07660229 0.24907744
v 0.01988674 0.08204964 0.19286720
v 0.02035380 0.08877305 0.16981596
v 0.02040011 0.08877957 0.15804963
v 0.01933201 -0.08503563 0.24760608
v 0.02057474 0.03940142 0.24556709
v 0.02222494 0.01131900 0.24930584
v 0.02020305 0.04179264 0.24542501
v 0.02230710 -0.03305379 0.24943975
v 0.02083090 0.08921208 0.04491920
v 0.02256952 -0.02260276 0.24919389
v 0.02172555 0.00346136 0.24622977
v 0.02204562 0.01410146 0.24929033
v 0.02199644 0.01186356 0.24915842
v 0.02169419 0.02518174 0.24921271
v 0.02168774 0.01982324 0.24918374
v 0.02221883 0.01756749 0.24937921
v 0.02288590 -0.01536374 0.24923940
v 0.02273227 -0.00481232 0.24937686
v 0.02043327 0.04908226 0.24921607
v 0.02071435 0.06306028 0.24911535
v 0.02087416 0.08909323 0.17685476
v 0.02084126 0.08921310 0.06975391
v 0.02026985 -0.07671848 0.25114544
v 0.02093239 -0.06723904 0.25106346
v 0.02195288 -0.04298326 0.24994677
v 0.02019162 0.06814081 0.24452702
v 0.02265310 -0.02707421 0.24940300
v 0.02078119 0.08562701 0.24897234
v 0.02252610 -0.03469239 0.24984406
v 0.02030430 -0.06585923 0.24586480
v 0.02008169 -0.07071962 0.24587926
v 0.02106645 -0.04081015 0.24602410
v 0.02127538 -0.03489384 0.24604942
v 0.02089651 -0.04433459 0.24599003
v 0.02043248 -0.05561858 0.24589231
v 0.02171913 -0.02941897 0.24607011
v 0.02076482 0.04352676 0.24918415
v 0.02057010 0.05375445 0.24919624
v 0.01920959 -0.08564990 0.25008935
v 0.02213244 -0.01700476 0.24596995
v 0.02175352 0.02937374 0.24920934
v 0.02120500 0.08944762 0.24560837
v 0.01921886 -0.08474664 0.24596552
v 0.01949973 -0.07829464 0.24598413
v 0.01992843 0.07395936 0.24408248
v 0.02087334 0.06909244 0.24909375
v 0.02098053 0.08887874 0.07902984
v 0.02077051 -0.06282430 0.24582853
v 0.02075767 -0.06378673 0.24578695
v 0.02082880 0.08911366 0.17209915
v 0.02305371 -0.00983009 0.24930178
v 0.02143746 -0.06028457 0.25079555
v 0.02200506 -0.05342190 0.25067187
v 0.02121297 0.01080086 0.24592352
v 0.02171434 -0.02328463 0.24597751
v 0.02137395 0.00917630 0.24597941
v 0.02098547 0.08874134 0.00156427
v 0.02126571 0.08945538 0.23745831
v 0.02324269 -0.02497461 0.24975893
v 0.01952681 0.08194712 0.06232474
v 0.02125756 0.08945584 0.22621370
v 0.02143436 0.08930789 0.24878070
v 0.02264284 0.00465190 0.24960671
v 0.02139215 0.08948350 0.19416745
v 0.02138731 0.08941866 0.21117294
v 0.02126584 0.08926433 0.00149575
v 0.01981185 0.08177030 0.00261865
v 0.01983573 0.08169207 0.00214109
v 0.02179983 0.08899482 0.12111440
v 0.02441587 0.08908176 0.12031009
v 0.02175968 0.08906238 0.10859319
v 0.02435308 0.08914073 0.12949866
v 0.02178707 0.08902064 0.12709360
v 0.02192088 0.08902019 0.13529626
v 0.02433882 0.08913689 0.13701339
v 0.02431747 0.08923674 0.14526737
v 0.02144302 0.08918552 0.14708088
v 0.02136261 0.08921000 0.15798885
v 0.02437813 0.08921683 0.15495218
v 0.02330949 0.08928918 0.16172299
v 0.02343858 0.08928530 0.16796009
v 0.02133749 0.08922751 0.16863279
v 0.02144852 0.08937796 0.17585195
v 0.02280796 0.08945798 0.17989639
v 0.02141721 0.08945685 0.18274488
v 0.02448047 0.08910792 0.10653066
v 0.02454210 0.08912732 0.09738473
v 0.02163803 0.08911547 0.09233127
v 0.02450421 0.08919660 0.08077304
v 0.02166723 0.08912611 0.08327513
v 0.02150622 0.08924268 0.07719705
v 0.02453618 0.08923865 0.07043400
v 0.02243839 0.08946233 0.18853446
v 0.02139215 0.08948350 0.19416745
v 0.02236450 0.08949091 0.20156193
v 0.02138731 0.08941866 0.21117294
v 0.02254912 0.08943581 0.21530748
v 0.02125756 0.08945584 0.22621370
v 0.02224899 0.08948866 0.23212547
v 0.02126571 0.08945538 0.23745831
v 0.02456729 0.08941525 0.23316769
v 0.02451775 0.08943614 0.24626603
v 0.02255896 0.08948217 0.24830693
v 0.02120500 0.08944762 0.24560837
v 0.02452881 0.08937139 0.22045206
v 0.02453781 0.08938357 0.20006679
v 0.02448167 0.08935369 0.18082200
v 0.02445500 0.08925087 0.16641357
v 0.02130032 0.08933618 0.07164206
v 0.02126067 0.08930669 0.06318758
v 0.02123310 0.08930692 0.00979321
v 0.02460657 0.08921466 0.00950449
v 0.02305197 0.08928248 0.00343550
v 0.02460695 0.08927752 0.01826810
v 0.02128515 0.08933504 0.02074939
v 0.02356896 0.08928051 0.02546595
v 0.02461955 0.08926675 0.04228231
v 0.02128245 0.08934003 0.02995997
v 0.02133298 0.08936294 0.04161862
v 0.02127325 0.08930020 0.05176214
v 0.02366932 0.08920686 0.05411398
v 0.02458039 0.08919488 0.05833735
v 0.02082703 0.08928344 0.00514638
v 0.02126584 0.08926433 0.00149575
v 0.02490681 0.08931873 0.00193843
v 0.02247999 0.08931158 0.00151647
v 0.02442528 0.08936613 0.24824170
v 0.02503712 0.08916975 0.00780779
v 0.02468617 0.08908122 0.11030736
v 0.02477912 0.08908329 0.10109817
v 0.02463387 0.08904930 0.12121643
v 0.02086787 0.08922023 0.02046324
v 0.02085201 0.08923049 0.03047925
v 0.02474920 0.08910282 0.08957756
v 0.02143436 0.08930789 0.24878070
v 0.02490773 0.08919925 0.04336687
v 0.02480104 0.08915939 0.06728434
v 0.02486658 0.08921524 0.01960312
v 0.02476707 0.08915267 0.07710525
v 0.02498556 0.08926270 0.22666671
v 0.02079541 0.08910506 0.16396759
v 0.02509681 0.08928343 0.24552843
v 0.02454712 0.08914865 0.14290228
v 0.02082880 0.08911366 0.17209915
v 0.02124996 0.08886613 0.13545209
v 0.02089141 0.08906880 0.14765589
v 0.02086535 0.08906960 0.15636495
v 0.02126696 0.08886692 0.12748805
v 0.02084126 0.08921310 0.06975391
v 0.02083090 0.08921208 0.04491920
v 0.02502152 0.08916747 0.00140979
v 0.02123510 0.08882494 0.11284691
v 0.02278841 0.08932943 0.24882405
v 0.02492115 0.08913861 0.24863213
v 0.02466884 0.08913292 0.15671692
v 0.02491016 0.08926033 0.19672057
v 0.02474551 0.08925486 0.18273888
v 0.02108022 0.08890457 0.09677161
v 0.02471662 0.08915541 0.16835839
v 0.02069293 0.08863905 0.13614397
v 0.02113503 0.08886267 0.08593751
v 0.02098053 0.08887874 0.07902984
v 0.02077544 0.08907527 0.00192337
v 0.02040123 0.08875536 0.14614745
v 0.02071502 0.08861728 0.12571057
v 0.02069916 0.08860509 0.11416518
v 0.02064398 0.08864151 0.10351855
v 0.02087416 0.08909323 0.17685476
v 0.02065441 0.08862428 0.09169326
v 0.02066714 0.08858367 0.08027703
v 0.02453027 0.08897008 0.13373257
v 0.02040011 0.08877957 0.15804963
v 0.02035380 0.08877305 0.16981596
v 0.02085323 0.08898335 0.18420042
v 0.02091799 0.08900452 0.19103186
v 0.02065438 0.08873437 0.07340781
v -0.02562439 -0.00962563 0.25041451
v -0.02498964 0.00046442 0.25026931
v -0.02597024 -0.00425383 0.25033872
v -0.02423968 -0.00756320 0.25034398
v -0.02497100 -0.01269851 0.25044470
v -0.02584601 0.00046706 0.25025306
v -0.02601991 -0.01598858 0.25041568
v -0.02541570 0.00675623 0.25025380
v -0.02621555 0.00420571 0.25023438
v -0.02591016 0.01232622 0.25025061
v -0.02525781 0.01474400 0.25024307
v -0.02324485 0.00676095 0.25006013
v -0.02310275 -0.00040424 0.25009132
v -0.02306629 0.01249959 0.25002969
v -0.02454258 -0.01828664 0.25043727
v -0.02548440 -0.01973509 0.25052690
v -0.02259859 0.02089185 0.24981488
v -0.02493017 -0.02631852 0.25038772
v -0.02593644 -0.02731852 0.25040380
v -0.02617519 -0.03157153 0.25032283
v -0.02549091 0.02135416 0.25019777
v -0.02530341 0.02800399 0.25018331
v -0.02634545 0.02801718 0.25019389
v -0.02446316 0.03433682 0.25012379
v -0.02630341 0.01690117 0.25020061
v -0.02610821 0.02143179 0.25020341
v -0.02529524 0.03671590 0.25028635
v -0.02234737 0.02718505 0.24971173
v -0.02272613 0.02894284 0.24976165
v -0.02261985 0.03197589 0.24976459
v -0.02504729 0.04204804 0.25022988
v -0.02316136 0.04561227 0.24991581
v -0.02420243 0.04878640 0.25005462
v -0.02217813 0.05189332 0.24991488
v -0.02618291 0.04795502 0.25015961
v -0.02595578 0.05361314 0.25022400
v -0.02307726 0.05837596 0.25017119
v -0.02230423 0.05476790 0.25004581
v -0.02147306 0.06626405 0.25013549
v -0.02520414 0.06538727 0.25031699
v -0.02174881 0.06979390 0.25024430
v -0.02081164 0.07761011 0.25033450
v -0.02585271 0.07144481 0.25038455
v -0.02606328 0.04014736 0.25026465
v -0.02527049 0.07787357 0.25039344
v -0.02617430 0.03535518 0.25026520
v -0.02620129 0.06296496 0.25027679
v -0.02661748 0.05286027 0.25019400
v -0.02650204 0.04269018 0.25018778
v -0.02101362 0.07133798 0.25017161
v -0.02549259 -0.03180407 0.25038036
v -0.02664249 -0.04187413 0.25035231
v -0.02458186 -0.03222859 0.25024637
v -0.02503963 -0.04430956 0.25035021
v -0.02394384 -0.04064597 0.25017578
v -0.02350964 -0.04214820 0.25012399
v -0.02626764 -0.04532488 0.25046860
v -0.02569122 -0.04788182 0.25055517
v -0.02404454 -0.05029486 0.25050048
v -0.02601999 -0.05621308 0.25077343
v -0.02350917 -0.05625454 0.25064150
v -0.02553111 -0.06105596 0.25093017
v -0.02332299 -0.06186255 0.25089291
v -0.02590466 -0.06787784 0.25117220
v -0.02354844 -0.04531741 0.25020818
v -0.02280912 -0.06286304 0.25097083
v -0.02279430 -0.06814380 0.25114125
v -0.02515561 -0.07078950 0.25123462
v -0.02613215 -0.07238159 0.25127740
v -0.02262273 -0.07375201 0.25127105
v -0.02568556 -0.07658068 0.25147425
v -0.02244136 -0.06860267 0.25113175
v -0.02285807 -0.07893000 0.25159064
v -0.02580072 -0.08018275 0.25171425
v -0.02296655 -0.08615952 0.25224281
v -0.02600203 -0.08652245 0.25227992
v -0.02348236 -0.08829866 0.25233322
v -0.02640091 -0.07966515 0.25154474
v -0.02642134 -0.06480902 0.25101046
v -0.02643011 -0.04932667 0.25051075
v -0.02607541 -0.08878776 0.25252020
v -0.02362585 -0.08894665 0.25239146
v -0.02631311 -0.02318833 0.25038874
v -0.02640559 0.07031127 0.25030225
v -0.02603847 0.07795649 0.25030305
v -0.02633416 -0.06107649 0.25081769
v -0.02358900 -0.02951390 0.25003417
v -0.02412382 -0.02161643 0.25029681
v -0.02417726 -0.02676304 0.25021930
v -0.02175162 -0.08859311 0.25198621
v -0.02618264 -0.01401988 0.25029631
v -0.02276223 0.00581333 0.24996481
v -0.02287124 0.03538214 0.24975147
v -0.02264338 0.04521277 0.24978639
v -0.02094194 -0.08825753 0.25189095
v -0.02118632 -0.08762161 0.25200897
v -0.02223519 -0.08742559 0.25213900
v -0.02248187 -0.08659621 0.25211814
v -0.02627373 -0.08503012 0.25205390
v -0.02659205 -0.05518868 0.25060935
v -0.01755798 -0.08733782 0.25151895
v -0.01724171 -0.08808740 0.25141590
v -0.01355350 -0.08775468 0.25129111
v -0.01641137 -0.08715690 0.25140669
v -0.01432174 -0.08714686 0.25135872
v -0.00780846 -0.08713014 0.25121788
v -0.01196328 -0.08608030 0.25118881
v -0.00636001 -0.08550630 0.25117780
v 0.00363682 -0.08624745 0.25143304
v 0.00504308 -0.08702254 0.25143356
v 0.01009642 -0.08667085 0.25148886
v 0.00594412 -0.08573080 0.25142507
v 0.01339439 -0.08609214 0.25142597
v 0.02011799 -0.08680486 0.25137853
v 0.01873320 -0.08785416 0.25136984
v 0.02149471 -0.08821827 0.25143492
v 0.02369315 -0.08739342 0.25136250
v 0.02379178 -0.08402832 0.25126343
v 0.02069006 -0.08003203 0.25119922
v 0.02381785 -0.07852432 0.25119650
v 0.02389038 -0.06957016 0.25111759
v 0.02285251 -0.06856260 0.25107938
v 0.02093239 -0.06723904 0.25106346
v 0.02436390 -0.05963411 0.25078294
v 0.02143746 -0.06028457 0.25079555
v 0.02200506 -0.05342190 0.25067187
v 0.02472564 -0.05638127 0.25073399
v 0.02466510 -0.04651593 0.25040653
v 0.02284487 -0.04659102 0.25039796
v 0.02516896 -0.03445912 0.25028182
v 0.02358930 -0.08820902 0.25135909
v 0.02026985 -0.07671848 0.25114544
v 0.01970329 -0.08427596 0.25125238
v 0.02343825 -0.03963061 0.25029928
v 0.02462177 -0.03092776 0.25019529
v 0.02584386 -0.02467705 0.25020464
v 0.02543233 -0.02408546 0.25017627
v -0.01147070 -0.08564253 0.25114849
v -0.00239294 -0.08496169 0.25117862
v -0.00593867 -0.08498677 0.25111715
v 0.02519598 -0.04643269 0.25034940
v 0.02562274 -0.03701567 0.25023828
v 0.01597480 -0.08536897 0.25127920
v 0.01837608 -0.08560770 0.25124335
v 0.01944649 -0.08537804 0.25124839
v -0.00210225 -0.08726712 0.25128796
v 0.02366863 -0.02976584 0.25000456
v 0.02585854 -0.01512896 0.25013360
v 0.02523801 -0.01241568 0.25002890
v 0.02599457 -0.01059832 0.24999786
v 0.02552710 -0.00867637 0.25005233
v -0.00879067 -0.08749890 0.25118191
v 0.02600024 -0.02406403 0.25008854
v 0.02623782 -0.01869531 0.25001167
v 0.02454170 -0.06721780 0.25092197
v 0.02576443 -0.03195139 0.25008017
v -0.00672390 -0.08740072 0.25110224
v 0.01271754 -0.08548441 0.25125765
v 0.00744965 -0.08523762 0.25127175
v -0.02330014 -0.00393822 0.25012198
v -0.02636453 -0.06832469 0.25105534
v -0.02356364 -0.00930033 0.25012873
v -0.02331516 -0.01550601 0.24999297
v 0.02415556 -0.07460161 0.25104889
v 0.02400867 -0.01053202 0.24965603
v 0.02380088 -0.01659558 0.24968649
v 0.02300074 -0.00588682 0.24952578
v 0.02485440 -0.00306908 0.24990668
v 0.02575197 -0.00279157 0.24999446
v 0.02519923 0.00079065 0.24996285
v 0.02592310 0.00152756 0.24991129
v 0.02549789 0.00477045 0.24999443
v 0.02469150 0.00811086 0.24994844
v 0.02564596 0.00982635 0.24994802
v 0.02500729 0.01160049 0.24997132
v 0.02379420 0.01120452 0.24983284
v 0.02526284 0.01797153 0.24986183
v 0.02456115 0.01906762 0.24987824
v 0.02562718 0.02519660 0.24970046
v 0.02307205 0.00166024 0.24965985
v 0.02264284 0.00465190 0.24960671
v 0.02504665 0.02742685 0.24984222
v 0.02369874 0.02341249 0.24969650
v 0.02441168 0.03215449 0.24968549
v 0.02534512 0.03403273 0.24967840
v 0.02473939 0.03627333 0.24966601
v 0.02583562 0.04124469 0.24944401
v 0.02274907 0.03489384 0.24940683
v 0.02501434 0.04070352 0.24961037
v 0.02205422 0.03874974 0.24934077
v 0.02504359 0.04262357 0.24950805
v 0.02481602 0.05017468 0.24940413
v 0.02537257 0.04431211 0.24944815
v 0.02576814 0.04383969 0.24941512
v 0.02190329 0.04513432 0.24931884
v 0.02133195 0.05492099 0.24926544
v 0.02533289 0.05711489 0.24935788
v 0.02487894 0.06413744 0.24930457
v 0.02170303 0.06832539 0.24915578
v 0.02522934 0.06941027 0.24924393
v 0.02537072 0.07202476 0.24919077
v 0.02560133 0.06196449 0.24930964
v 0.02222679 0.07727466 0.24915743
v 0.02480020 0.07868926 0.24917050
v 0.02284631 0.08483718 0.24922410
v 0.02418170 0.08400538 0.24918496
v 0.02557441 0.04828176 0.24938012
v 0.02583024 0.06722031 0.24921586
v 0.02159257 0.08506522 0.24917094
v 0.02087334 0.06909244 0.24909375
v 0.02061495 0.07660229 0.24907744
v 0.02071435 0.06306028 0.24911535
v 0.02232274 0.08887885 0.24901692
v 0.02425254 0.08861524 0.24897327
v 0.02043327 0.04908226 0.24921607
v 0.02499986 0.08122763 0.24911911
v 0.02057010 0.05375445 0.24919624
v 0.02034799 0.05430333 0.24915707
v 0.02076482 0.04352676 0.24918415
v 0.02175352 0.02937374 0.24920934
v 0.02499810 0.08531547 0.24896231
v 0.02136360 0.03831140 0.24921949
v 0.02169419 0.02518174 0.24921271
v 0.02558792 0.07703595 0.24904568
v 0.02048900 0.04413956 0.24914355
v 0.02107029 0.03895096 0.24914535
v 0.02607161 0.04625918 0.24911362
v 0.02078119 0.08562701 0.24897234
v 0.02221883 0.01756749 0.24937921
v 0.02283427 0.01188177 0.24962222
v 0.02594027 0.07042990 0.24902801
v 0.02575682 0.01270421 0.24971732
v 0.02052268 0.07040870 0.24902349
v 0.02594604 0.05605256 0.24921561
v 0.02143436 0.08930789 0.24878070
v 0.02143082 0.02981115 0.24913850
v 0.02615368 0.06097825 0.24904583
v 0.02566569 0.08077294 0.24878890
v 0.02324269 -0.02497461 0.24975893
v 0.02252610 -0.03469239 0.24984406
v 0.00218593 -0.08513015 0.25122443
v 0.02484864 -0.05794770 0.25059067
v -0.01468515 -0.08638404 0.25108713
v -0.02639486 0.03552074 0.25007225
v -0.02655344 -0.05762281 0.25059570
v -0.02617423 0.00078823 0.25014139
v 0.02195288 -0.04298326 0.24994677
v 0.02219657 -0.04625203 0.25015687
v -0.02231686 0.03658863 0.24952902
v -0.02660758 -0.04639667 0.25035623
v -0.02359014 -0.04900408 0.25030802
v -0.02317595 -0.05211482 0.25024808
v 0.01329179 -0.08519094 0.25115571
v 0.02180824 -0.05013886 0.25025926
v -0.02014013 -0.08712170 0.25170933
v 0.02613519 -0.00919737 0.24982010
v 0.02305371 -0.00983009 0.24930178
v 0.02609742 0.00490509 0.24975891
v 0.02576064 0.02896439 0.24950774
v -0.02649080 0.05870581 0.25010454
v 0.02168774 0.01982324 0.24918374
v -0.02040159 0.07541580 0.25007188
v 0.02278841 0.08932943 0.24882405
v 0.02492115 0.08913861 0.24863213
v 0.02529278 0.08674034 0.24865946
v 0.02204562 0.01410146 0.24929033
v -0.02620593 0.01358505 0.25015407
v -0.02612511 0.00922092 0.25011875
v 0.02605300 0.07314030 0.24879052
v 0.02288590 -0.01536374 0.24923940
v 0.02256952 -0.02260276 0.24919389
v 0.02222494 0.01131900 0.24930584
v 0.02586507 0.02069109 0.24947514
v 0.02262496 -0.00912194 0.24912950
v 0.02629092 0.06362523 0.24886830
v 0.02257530 0.00124374 0.24937853
v 0.02608300 0.00880898 0.24971902
v -0.02116389 0.06549084 0.24993226
v -0.02520332 0.07820047 0.25019697
v -0.02133998 0.07796101 0.25017652
v 0.02164984 -0.04767628 0.24989820
v -0.02055240 0.07239871 0.24980841
v 0.02273227 -0.00481232 0.24937686
v -0.02220019 0.02943614 0.24940671
v -0.02380195 -0.02443440 0.25002168
v -0.02266181 0.00735163 0.24956903
v -0.02657278 0.04683608 0.24995957
v -0.02663035 0.05119718 0.24997754
v 0.02608828 -0.00200105 0.24974634
v -0.02023799 0.07739273 0.24992975
v 0.02603913 0.01378928 0.24931280
v 0.00505447 -0.08718972 0.25130688
v -0.02345990 -0.02834085 0.24982679
v 0.02265310 -0.02707421 0.24940300
v -0.02311591 -0.01302293 0.24981426
v 0.02199644 0.01186356 0.24915842
v -0.02218959 0.04548207 0.24942512
v 0.02627707 0.04816792 0.24882651
v 0.02628289 0.05530633 0.24882534
v -0.02215703 0.03491121 0.24939430
v -0.02204078 0.03738353 0.24930972
v -0.02191024 0.04500297 0.24916034
v -0.02258720 -0.07888069 0.25136496
v -0.02273113 -0.08599404 0.25175120
v -0.02263662 0.01086004 0.24954983
v -0.02335566 -0.02685868 0.24944521
v -0.02205883 -0.08707372 0.25162040
v -0.02381924 -0.00793737 0.00081247
v -0.02528976 -0.00883983 0.00076718
v -0.02432702 -0.00213019 0.00082226
v -0.02539867 -0.01636103 0.00069607
v -0.02554497 -0.00156717 0.00080481
v -0.02504165 -0.02034835 0.00063680
v -0.02563602 0.00245070 0.00077406
v -0.02418310 0.00545172 0.00078339
v -0.02460011 0.00865884 0.00070539
v -0.02570011 0.01070998 0.00065847
v -0.02568183 0.01306892 0.00058738
v -0.02430425 0.01390066 0.00063844
v -0.02449399 0.01977626 0.00051154
v -0.02581310 0.02273408 0.00042317
v -0.02406459 0.02677639 0.00044633
v -0.02554658 0.02872941 0.00036140
v -0.02399539 0.02969098 0.00050842
v -0.02449134 0.03198454 0.00043454
v -0.02533103 0.03396561 0.00030693
v -0.02452222 -0.02173226 0.00070216
v -0.02540185 -0.02426398 0.00067452
v -0.02391785 -0.02379936 0.00069440
v -0.02543883 -0.03093154 0.00067443
v -0.02450815 -0.03365966 0.00066435
v -0.02567600 -0.04398265 0.00063047
v -0.02374465 0.04376425 0.00047235
v -0.02417015 0.04742789 0.00039309
v -0.02578471 0.03788772 0.00028565
v -0.02548680 0.04668087 0.00031584
v -0.02584431 0.05144037 0.00020003
v -0.02298579 0.05664742 0.00025150
v -0.02616461 0.04410820 0.00035039
v -0.02500541 0.05637901 0.00016123
v -0.02274473 0.07509992 0.00012860
v -0.02243796 0.06491870 0.00020886
v -0.02558690 0.06895890 0.00008514
v -0.02605726 0.07582041 0.00001678
v -0.02597040 0.07769021 0.00000000
v -0.02215097 0.07759110 0.00012088
v -0.02607613 0.06157376 0.00009668
v -0.02620398 0.05703914 0.00016067
v -0.02157016 0.07286631 0.00023917
v -0.02615221 0.07120748 0.00009643
v -0.02334382 0.04819617 0.00046912
v -0.02129240 0.07335041 0.00027434
v -0.02132155 0.07457076 0.00029567
v -0.02145924 0.07658902 0.00024741
v -0.02104669 0.07750929 0.00023731
v -0.02290192 0.05276919 0.00036002
v -0.02260956 0.05620022 0.00031510
v -0.02601148 0.03273271 0.00038266
v -0.02417401 -0.03653423 0.00076289
v -0.02464488 -0.04701460 0.00067339
v -0.02589761 -0.05092484 0.00060764
v -0.02400506 -0.05232926 0.00063354
v -0.02422249 -0.05965979 0.00058008
v -0.02599544 -0.05963487 0.00053620
v -0.02356284 -0.06103051 0.00059180
v -0.02558307 -0.06477549 0.00039863
v -0.02369692 -0.06572802 0.00050666
v -0.02371005 -0.06690205 0.00046288
v -0.02583089 -0.07571289 0.00029778
v -0.02327854 -0.07600920 0.00031583
v -0.02473211 -0.08331842 0.00020928
v -0.02592053 -0.08683535 0.00015837
v -0.02266562 -0.08621887 0.00018115
v -0.02282778 -0.07662327 0.00030065
v -0.02239308 -0.08881896 0.00014217
v -0.02478861 -0.08890727 0.00011200
v -0.02308138 -0.06745847 0.00047318
v -0.02611133 -0.06257473 0.00049088
v -0.02212589 -0.08694163 0.00020592
v -0.02608063 -0.08910879 0.00025260
v -0.02596589 -0.07093415 0.00039858
v -0.02318308 -0.08925412 0.00020932
v -0.02607238 -0.07656459 0.00033639
v -0.02371142 -0.00176791 0.00099242
v -0.02388810 -0.00026216 0.00096082
v -0.02621851 0.04783573 0.00040800
v -0.02406277 -0.04703608 0.00083633
v -0.02421240 -0.04579226 0.00088035
v -0.02362167 0.00265283 0.00097743
v -0.02344897 0.00658721 0.00101397
v -0.02404811 0.01837044 0.00068784
v -0.02397559 -0.02095588 0.00097826
v -0.02343685 0.00887760 0.00115760
v -0.02396832 0.01035088 0.00094562
v -0.02409117 -0.04310620 0.00097710
v -0.02589395 0.02093500 0.00049955
v -0.02630595 0.04507579 0.00042315
v -0.02371941 -0.03299553 0.00107246
v -0.02138994 0.07059084 0.00077694
v -0.02386328 -0.03123536 0.00093353
v -0.02368038 -0.01374972 0.00102610
v -0.02338032 -0.00596656 0.00108497
v -0.02331500 -0.00209155 0.00116021
v -0.02389117 0.02053320 0.00088791
v -0.02358740 -0.04719874 0.00111150
v -0.02358041 -0.05985174 0.00091729
v -0.02374253 -0.05823971 0.00091308
v -0.02364406 -0.02544849 0.00092424
v -0.02382531 -0.05303818 0.00084541
v -0.02311182 -0.06672371 0.00091906
v -0.02160795 -0.08744833 0.00064265
v -0.02385211 -0.03723120 0.00103453
v -0.02396278 0.01326147 0.00092768
v -0.02376503 0.01944778 0.00101672
v -0.02029464 0.07686737 0.18006487
v -0.02035885 0.07576596 0.18874575
v -0.02031767 0.07508287 0.17724493
v -0.02039595 0.07688157 0.17304442
v -0.02031088 0.07510555 0.18676611
v -0.02033721 0.07687975 0.19499871
v -0.02035107 0.07579623 0.19841673
v -0.02030017 0.07685247 0.20482419
v -0.02028846 0.07579647 0.20491191
v -0.02033976 0.07578322 0.21444277
v -0.02036220 0.07689310 0.21796777
v -0.02044297 0.07586102 0.22842677
v -0.02026376 0.07491263 0.21023651
v -0.02023661 0.07501192 0.20352486
v -0.02050415 0.07689574 0.22778557
v -0.02037898 0.07693396 0.23915784
v -0.02034792 0.07571922 0.23796251
v -0.02015720 0.07473456 0.24125403
v -0.02021717 0.07512907 0.17202273
v -0.02027752 0.07493498 0.22301833
v -0.02026024 0.07504556 0.19395628
v -0.02057149 0.07742578 0.16781572
v -0.02028450 0.07495166 0.23337882
v -0.02037621 0.07579041 0.16677661
v -0.02052735 0.07741218 0.15326540
v -0.02031907 0.07581545 0.15688140
v -0.02027835 0.07585897 0.14389323
v -0.02054238 0.07740912 0.14252477
v -0.02043739 0.07747625 0.17767849
v -0.02061915 0.07750892 0.22745059
v -0.02045874 0.07750091 0.19629853
v -0.02021015 0.07522106 0.15748058
v -0.02023766 0.07517306 0.16774691
v -0.02021105 0.07593177 0.14020883
v -0.02050547 0.07753654 0.23983879
v -0.02049698 0.07750906 0.21409343
v -0.02056812 0.07739435 0.13743406
v -0.02021677 0.07589179 0.12466988
v -0.02054797 0.07737160 0.11615832
v -0.02018150 0.07588949 0.11202393
v -0.02050489 0.07739919 0.11118418
v -0.02023097 0.07583310 0.10765110
v -0.02046321 0.07741566 0.10257345
v -0.02023130 0.07581519 0.09318359
v -0.02045328 0.07744221 0.08881162
v -0.02028183 0.07568766 0.08328142
v -0.02049774 0.07744737 0.07565651
v -0.02037897 0.07583746 0.07422415
v -0.02026901 0.07511762 0.07571645
v -0.02038375 0.07687460 0.06292888
v -0.02022781 0.07510972 0.06196640
v -0.02025614 0.07508583 0.05462881
v -0.02035097 0.07683876 0.04599879
v -0.02022159 0.07511332 0.04931519
v -0.02047284 0.07747397 0.06360004
v -0.02030584 0.07503264 0.04009604
v -0.02044601 0.07688511 0.03873136
v -0.02031306 0.07503915 0.03154894
v -0.02043447 0.07686777 0.03145104
v -0.02048196 0.07606884 0.02715904
v -0.02038083 0.07503521 0.02470574
v -0.02044888 0.07589503 0.01775480
v -0.02055741 0.07744096 0.01902479
v -0.02041551 0.07685050 0.01118138
v -0.02029386 0.07490380 0.01088489
v -0.02042106 0.07591429 0.01037714
v -0.02051735 0.07474727 0.00371200
v -0.02057075 0.07569842 0.00365673
v -0.02053011 0.07746077 0.03148795
v -0.02045831 0.07746404 0.04635698
v -0.02049258 0.07747602 0.00781673
v -0.02051261 0.07738985 0.00241971
v -0.02019497 0.07516783 0.08207839
v -0.02009121 0.07520431 0.09264895
v -0.02074935 0.07496425 0.00230042
v -0.02006688 0.07434915 0.24203056
v -0.01995126 0.07677963 0.24439075
v -0.01997127 0.07563002 0.24363307
v -0.01983816 0.07708184 0.24536805
v -0.02058540 0.07331784 0.00311521
v -0.02024508 0.07754229 0.24492723
v -0.02068139 0.07739008 0.00120119
v -0.02110380 0.07483705 0.00073889
v -0.02077757 0.07289231 0.00267913
v -0.02114318 0.07088388 0.00198097
v -0.02138994 0.07059084 0.00077694
v -0.02129240 0.07335041 0.00027434
v -0.02209996 0.06487915 0.00079578
v -0.02158223 0.06683652 0.00225904
v -0.02200680 0.06182009 0.00231963
v -0.02252735 0.05616358 0.00156942
v -0.02258716 0.05659601 0.00086334
v -0.02260956 0.05620022 0.00031510
v -0.02290192 0.05276919 0.00036002
v -0.02244820 0.05556156 0.00193680
v -0.02301963 0.04821717 0.00186197
v -0.02334382 0.04819617 0.00046912
v -0.02342897 0.04500333 0.00090693
v -0.02317886 0.04267429 0.00176882
v -0.02356168 0.03935193 0.00097291
v -0.02368335 0.03340554 0.00146493
v -0.02387179 0.03253201 0.00099422
v -0.02398400 0.03092776 0.00073145
v -0.01975016 0.07562450 0.24448084
v -0.01988214 0.07458088 0.24525766
v -0.01981078 0.07739724 0.24584091
v -0.02023799 0.07739273 0.24992975
v -0.02051056 0.07005772 0.24827082
v -0.02055240 0.07239871 0.24980841
v -0.02016895 0.07101443 0.24580129
v -0.02023104 0.06812712 0.24488797
v -0.02084945 0.06325634 0.24586748
v -0.02123309 0.06142996 0.24847482
v -0.02150274 0.05574794 0.24709868
v -0.02131201 0.05647634 0.24575886
v -0.02171602 0.05289964 0.24850668
v -0.02187172 0.04808455 0.24858489
v -0.02183455 0.04702594 0.24706912
v -0.02188317 0.04538779 0.24859809
v -0.02181768 0.04329216 0.24710647
v -0.02185337 0.04038813 0.24858125
v -0.02188954 0.03762075 0.24707933
v -0.02196910 0.03444561 0.24852909
v -0.02207946 0.02948871 0.24850531
v -0.02202443 0.03089429 0.24703305
v -0.02208870 0.02536803 0.24746282
v -0.02212558 0.02898676 0.24925369
v -0.02212207 0.02454986 0.24838752
v -0.02191024 0.04500297 0.24916034
v -0.02174479 0.04357838 0.24605850
v -0.02169528 0.04717463 0.24578592
v -0.02227812 0.02229273 0.24942754
v -0.02200852 0.02430733 0.24692364
v -0.02217151 0.01849059 0.24681747
v -0.02246450 0.01759145 0.24948649
v -0.02263662 0.01086004 0.24954983
v -0.02230368 0.01133020 0.24676188
v -0.02227041 0.00493194 0.24679812
v -0.02256874 0.00705327 0.24922215
v -0.02246076 0.00515571 0.24825088
v -0.02237227 -0.00201373 0.24688310
v -0.02164919 0.04303451 0.24584621
v -0.02184598 0.03168187 0.24594400
v -0.02190329 0.02560456 0.24617204
v -0.02116389 0.06549084 0.24993226
v -0.02181029 0.05544400 0.24957900
v -0.02204078 0.03738353 0.24930972
v -0.02288386 -0.00348614 0.24956009
v -0.02276223 0.00581333 0.24996481
v -0.02266181 0.00735163 0.24956903
v -0.02210800 0.04888354 0.24945708
v -0.02218959 0.04548207 0.24942512
v -0.02237247 -0.00681178 0.24718077
v -0.02040159 0.07541580 0.25007188
v -0.02220019 0.02943614 0.24940671
v -0.02215703 0.03491121 0.24939430
v -0.02287267 -0.00893470 0.24946875
v -0.02240611 -0.01026623 0.24705311
v -0.02286906 -0.01572736 0.24834042
v -0.02262136 -0.01593658 0.24696477
v -0.02310870 -0.02111074 0.24836490
v -0.02269884 -0.02074879 0.24629817
v -0.02278201 -0.02452958 0.24641738
v -0.02335566 -0.02685868 0.24944521
v -0.02292098 -0.02629687 0.24690710
v -0.02295466 -0.02916485 0.24685806
v -0.02345990 -0.02834085 0.24982679
v -0.02343513 -0.03435058 0.24961390
v -0.02300007 -0.03433761 0.24688954
v -0.02293819 -0.04168629 0.24684369
v -0.02338009 -0.04085428 0.24962599
v -0.02309409 -0.04483993 0.24825680
v -0.02327084 -0.04553764 0.24964707
v -0.02292971 -0.05123703 0.24817083
v -0.02280083 -0.04594465 0.24684747
v -0.02306820 -0.05153745 0.24961588
v -0.02300595 -0.05542119 0.24955292
v -0.02282703 -0.05573307 0.24797580
v -0.02273005 -0.05537895 0.24711073
v -0.02272278 -0.05805875 0.24798380
v -0.02282706 -0.05888330 0.24944921
v -0.02231654 -0.06193481 0.24788165
v -0.02246279 -0.06215053 0.24936348
v -0.02252710 -0.06524577 0.25056122
v -0.02236207 -0.06559128 0.24775970
v -0.02242228 -0.07086800 0.24918897
v -0.02238401 -0.07295200 0.24770283
v -0.02245117 -0.07656359 0.24915937
v -0.02242561 -0.07793840 0.24772604
v -0.02240494 -0.07470895 0.25056075
v -0.02259351 -0.08200106 0.25054600
v -0.02263334 -0.08350699 0.24908839
v -0.02273113 -0.08599404 0.25175120
v -0.02274453 -0.08643674 0.24928074
v -0.02265480 -0.08515275 0.24791101
v -0.02244136 -0.06860267 0.25113175
v -0.02244644 -0.06814059 0.25065711
v -0.02258720 -0.07888069 0.25136496
v -0.02271346 -0.08693297 0.24967558
v -0.02247514 -0.08616249 0.24707864
v -0.02247858 -0.08545770 0.24679689
v -0.02317595 -0.05211482 0.25024808
v -0.02213853 -0.06201759 0.24701235
v -0.02218684 -0.06604803 0.24695816
v -0.02233475 -0.07257874 0.24706440
v -0.02340301 -0.02217434 0.24952558
v -0.02311591 -0.01302293 0.24981426
v -0.02263844 -0.05084514 0.24683692
v -0.02232266 -0.05907606 0.24687621
v -0.02262433 -0.08688725 0.25091709
v -0.02269581 -0.06207829 0.25044586
v -0.02222637 -0.07755147 0.24692338
v -0.02299606 -0.06027890 0.25042132
v -0.02325545 -0.05680703 0.25041530
v -0.01971365 0.07451803 0.24464447
v -0.02157393 0.04433535 0.24543332
v -0.02252087 -0.05584205 0.24691070
v -0.02262273 -0.07375201 0.25127105
v -0.02139593 0.05042142 0.24522410
v -0.02093603 0.05847770 0.24507200
v -0.02217864 -0.00543197 0.24645287
v -0.02280947 -0.04099897 0.24640422
v -0.02217813 0.05189332 0.24991488
v -0.02238775 -0.01546592 0.24632036
v -0.02359014 -0.04900408 0.25030802
v -0.02280912 -0.06286304 0.25097083
v -0.02350964 -0.04214820 0.25012399
v -0.02205423 0.01208992 0.24604978
v -0.02213986 0.00642006 0.24620195
v -0.02210580 -0.07318232 0.24689447
v -0.02248187 -0.08659621 0.25211814
v -0.02222419 -0.08271284 0.24658008
v -0.02189789 -0.00629113 0.24629339
v -0.02354844 -0.04531741 0.25020818
v -0.02363345 0.03106492 0.00155319
v -0.02325773 0.02765830 0.00238589
v -0.02399539 0.02969098 0.00050842
v -0.02371230 0.02688196 0.00082492
v -0.02332879 0.02415095 0.00235408
v -0.02389117 0.02053320 0.00088791
v -0.02354367 0.02024060 0.00172447
v -0.02341505 0.02212571 0.00215601
v -0.02376503 0.01944778 0.00101672
v -0.02354259 0.01417627 0.00199014
v -0.02396278 0.01326147 0.00092768
v -0.02396832 0.01035088 0.00094562
v -0.02288395 0.04426641 0.00236421
v -0.02234737 0.02718505 0.24971173
v -0.02253486 -0.04876473 0.24645190
v -0.02086160 0.07147960 0.00256969
v -0.02141856 0.06653437 0.00244453
v -0.02205152 -0.00147694 0.24618330
v -0.02156692 0.02514949 0.24603740
v -0.02374465 0.04376425 0.00047235
v -0.02331516 -0.01550601 0.24999297
v -0.01980417 0.07516634 0.24356763
v -0.02271278 -0.03342406 0.24631888
v -0.02002623 0.06927276 0.24461566
v -0.02080431 0.05899059 0.24493160
v -0.02132155 0.07457076 0.00029567
v -0.02099640 0.07636203 0.00074169
v -0.02104669 0.07750929 0.00023731
v -0.02242033 -0.05295039 0.24658520
v -0.02265967 0.04875106 0.00246865
v -0.02312145 0.01741131 0.00263447
v -0.02328932 0.01276907 0.00277798
v -0.02327180 0.01034026 0.00274002
v -0.02343701 0.01007434 0.00175423
v -0.02329762 0.00911634 0.00197901
v -0.02343685 0.00887760 0.00115760
v -0.02344897 0.00658721 0.00101397
v -0.02322717 0.00550359 0.00189730
v -0.02362167 0.00265283 0.00097743
v -0.02326385 -0.00030105 0.00188613
v -0.02293779 0.00404110 0.00284415
v -0.02315376 -0.00086455 0.00242956
v -0.02326220 -0.00169588 0.00162992
v -0.02284471 0.00918425 0.00288405
v -0.02358900 -0.02951390 0.25003417
v -0.02205674 0.05699966 0.00244999
v -0.02380195 -0.02443440 0.25002168
v -0.02279430 -0.06814380 0.25114125
v -0.02243796 0.06491870 0.00020886
v -0.02001029 0.07752748 0.24852825
v -0.02257058 -0.04188136 0.24637915
v -0.02298757 0.02100652 0.00253959
v -0.02394384 -0.04064597 0.25017578
v -0.02177198 0.00551391 0.24604912
v -0.02170598 0.03025040 0.24575947
v -0.02247890 -0.02564817 0.24625713
v -0.02298579 0.05664742 0.00025150
v -0.02310275 -0.00040424 0.25009132
v -0.02321010 0.03546384 0.00207193
v -0.02388810 -0.00026216 0.00096082
v -0.02293889 0.03210064 0.00245929
v -0.02280524 0.04218628 0.00225553
v -0.02330014 -0.00393822 0.25012198
v -0.02264338 0.04521277 0.24978639
v -0.02371142 -0.00176791 0.00099242
v -0.02259859 0.02089185 0.24981488
v -0.02036110 0.07783504 0.24914535
v -0.02274668 -0.00146257 0.00266835
v -0.02312907 -0.00335086 0.00171749
v -0.02331500 -0.00209155 0.00116021
v -0.02338032 -0.00596656 0.00108497
v -0.02273894 -0.00623343 0.00252811
v -0.02297918 -0.00769493 0.00184865
v -0.02315164 -0.01368329 0.00232121
v -0.02326616 -0.01376482 0.00182824
v -0.02353867 -0.01793138 0.00150152
v -0.02334413 -0.01688357 0.00209140
v -0.02347231 -0.01972588 0.00182885
v -0.02373436 -0.02208702 0.00113423
v -0.02309678 -0.02294456 0.00274711
v -0.02332777 -0.02439995 0.00201984
v -0.02317273 -0.02479379 0.00272360
v -0.02346937 -0.03026502 0.00187990
v -0.02345124 -0.03133910 0.00244084
v -0.02354491 -0.03273621 0.00177539
v -0.02364406 -0.02544849 0.00092424
v -0.02386328 -0.03123536 0.00093353
v -0.02371941 -0.03299553 0.00107246
v -0.02385211 -0.03723120 0.00103453
v -0.02361350 -0.03881857 0.00199182
v -0.02409117 -0.04310620 0.00097710
v -0.02325058 -0.03838615 0.00286289
v -0.02347951 -0.04512407 0.00283952
v -0.02367977 -0.04320050 0.00192411
v -0.02357884 -0.04582415 0.00204414
v -0.02350361 -0.04635069 0.00257939
v -0.02358740 -0.04719874 0.00111150
v -0.02349856 -0.04715383 0.00196746
v -0.02353406 -0.05177117 0.00195578
v -0.02382531 -0.05303818 0.00084541
v -0.02335861 -0.05614220 0.00298768
v -0.02374253 -0.05823971 0.00091308
v -0.02344101 -0.05971169 0.00194585
v -0.02341690 -0.05910492 0.00265456
v -0.02358041 -0.05985174 0.00091729
v -0.02356284 -0.06103051 0.00059180
v -0.02328766 -0.06523247 0.00100362
v -0.02319822 -0.06335782 0.00194408
v -0.02292901 -0.06540762 0.00260806
v -0.02311182 -0.06672371 0.00091906
v -0.02289427 -0.06694455 0.00192510
v -0.02308138 -0.06745847 0.00047318
v -0.02280049 -0.07111677 0.00081743
v -0.02273218 -0.06976601 0.00194479
v -0.02273826 -0.07351782 0.00193405
v -0.02276017 -0.07603545 0.00079619
v -0.02270228 -0.07676563 0.00272350
v -0.02271869 -0.07717917 0.00191181
v -0.02266886 -0.07935734 0.00070092
v -0.02250494 -0.08103428 0.00199119
v -0.02249647 -0.08429320 0.00073996
v -0.02241058 -0.08520084 0.00200228
v -0.02236826 -0.08600257 0.00071775
v -0.02251816 -0.07048499 0.00275463
v -0.02282778 -0.07662327 0.00030065
v -0.02246619 -0.06719074 0.00277077
v -0.02228388 -0.08097742 0.00277421
v -0.02236656 -0.08507039 0.00255930
v -0.02320818 -0.05125370 0.00303867
v -0.02266562 -0.08621887 0.00018115
v -0.02308046 -0.04701847 0.00302434
v -0.02217160 -0.08625869 0.00136116
v -0.02228747 -0.07720742 0.00287395
v -0.02302375 -0.05965519 0.00285899
v -0.02302479 -0.03279097 0.00282885
v -0.02244605 -0.06583128 0.00282557
v -0.02368038 -0.01374972 0.00102610
v -0.02296195 -0.01946760 0.00274848
v -0.02421240 -0.04579226 0.00088035
v -0.02397559 -0.02095588 0.00097826
v -0.02193494 -0.08665591 0.00075143
v -0.02391785 -0.02379936 0.00069440
v -0.02275063 -0.01426923 0.00268628
v -0.02306629 0.01249959 0.25002969
v -0.02369692 -0.06572802 0.00050666
v -0.02400506 -0.05232926 0.00063354
v -0.02149578 0.03697115 0.24561974
v -0.02197675 -0.06642387 0.24671515
v -0.02183587 -0.06167310 0.24664895
v -0.02206815 -0.05885033 0.24657361
v -0.02327854 -0.07600920 0.00031583
v -0.02449134 0.03198454 0.00043454
v -0.02145924 0.07658902 0.00024741
v -0.02406459 0.02677639 0.00044633
v -0.02190453 -0.08573625 0.00216946
v -0.02212589 -0.08694163 0.00020592
v -0.02160795 -0.08744833 0.00064265
v -0.02350917 -0.05625454 0.25064150
v -0.02332299 -0.06186255 0.25089291
v -0.02356364 -0.00930033 0.25012873
v -0.00597347 -0.08491863 0.24788246
v -0.00351668 -0.08460127 0.24701840
v -0.00551772 -0.08478242 0.24689158
v -0.01039712 -0.08524654 0.24686493
v -0.01106176 -0.08542406 0.24779699
v -0.00665819 -0.08498516 0.25056329
v -0.01229762 -0.08552862 0.24965554
v -0.00443710 -0.08471257 0.25053835
v -0.00963577 -0.08530034 0.25063874
v -0.00260431 -0.08459934 0.25051329
v -0.01233745 -0.08560583 0.25060141
v -0.01520565 -0.08604461 0.24798783
v -0.01135644 -0.08544497 0.24692975
v -0.01634631 -0.08626628 0.24923650
v -0.01513831 -0.08592261 0.24692128
v -0.01581104 -0.08617417 0.24715675
v -0.01919494 -0.08645981 0.24933194
v -0.02110870 -0.08657200 0.24796991
v -0.02212312 -0.08665648 0.24807745
v 0.00103856 -0.08448683 0.24696451
v 0.00266538 -0.08454197 0.24863272
v 0.00163143 -0.08459009 0.25046910
v -0.02067996 -0.08642290 0.24702265
v -0.02181657 -0.08695995 0.25046720
v -0.00593867 -0.08498677 0.25111715
v -0.01510214 -0.08626930 0.25064551
v 0.00880454 -0.08479200 0.24804293
v 0.01289040 -0.08492119 0.24648056
v 0.01155258 -0.08494224 0.24875895
v 0.00538119 -0.08475488 0.25050161
v 0.01384143 -0.08494503 0.24763909
v 0.01481695 -0.08516343 0.25026913
v 0.01740054 -0.08523407 0.24735657
v 0.01834629 -0.08529437 0.24816029
v 0.01691789 -0.08526553 0.25063403
v 0.01852661 -0.08516999 0.24649040
v 0.01697402 -0.08528288 0.24645251
v 0.01267440 -0.08516458 0.25046227
v 0.01329179 -0.08519094 0.25115571
v 0.01597480 -0.08536897 0.25127920
v -0.00103042 -0.08432786 0.24650858
v 0.01576062 -0.08515398 0.24631297
v 0.01850253 -0.08541995 0.24948862
v 0.01849516 -0.08550150 0.25062031
v 0.01942978 -0.08526721 0.24949556
v 0.01933201 -0.08503563 0.24760608
v 0.01973182 -0.08489472 0.24676104
v -0.02214004 -0.08685078 0.24932649
v -0.02271346 -0.08693297 0.24967558
v -0.02262433 -0.08688725 0.25091709
v -0.02014013 -0.08712170 0.25170933
v -0.02105458 -0.08707240 0.25149012
v -0.02205883 -0.08707372 0.25162040
v -0.01147070 -0.08564253 0.25114849
v -0.01703143 -0.08608244 0.24660890
v 0.01837608 -0.08560770 0.25124335
v 0.01944649 -0.08537804 0.25124839
v 0.01939225 -0.08532003 0.25062953
v -0.02247514 -0.08616249 0.24707864
v -0.01882571 -0.08704720 0.25107614
v -0.01755798 -0.08733782 0.25151895
v -0.01707716 -0.08671597 0.25022466
v -0.00239294 -0.08496169 0.25117862
v 0.01920959 -0.08564990 0.25008935
v -0.01641137 -0.08715690 0.25140669
v -0.01468515 -0.08638404 0.25108713
v -0.01205667 -0.08534451 0.24649998
v -0.00665037 -0.08471630 0.24650077
v 0.00744965 -0.08523762 0.25127175
v 0.01271754 -0.08548441 0.25125765
v -0.00506399 -0.08435869 0.24650931
v 0.01921886 -0.08474664 0.24596552
v 0.00218593 -0.08513015 0.25122443
v -0.02118629 -0.08613418 0.24669950
v -0.02223519 -0.08742559 0.25213900
v -0.00636001 -0.08550630 0.25117780
v -0.01070450 -0.08489630 0.24644883
v -0.01196328 -0.08608030 0.25118881
v -0.02274453 -0.08643674 0.24928074
v -0.01560366 -0.08560553 0.24656885
v -0.02118632 -0.08762161 0.25200897
v -0.02248187 -0.08659621 0.25211814
v 0.02138276 -0.06727713 0.00217464
v 0.02157654 -0.06297501 0.00283551
v 0.02198868 -0.06020482 0.00089461
v 0.02191796 -0.05889146 0.00197694
v 0.02123099 -0.07063498 0.00089030
v 0.02077985 -0.07617633 0.00211131
v 0.02084920 -0.07630011 0.00089640
v 0.02117758 -0.06844600 0.00295765
v 0.02060094 -0.07647903 0.00302700
v 0.02047933 -0.08008229 0.00089988
v 0.02036839 -0.08084999 0.00209386
v 0.02021637 -0.08162386 0.00304266
v 0.02028488 -0.08430959 0.00082130
v 0.02186944 -0.05928606 0.00256114
v 0.02199606 -0.05912139 0.00076037
v 0.02216253 -0.05767141 0.00055774
v 0.02231540 -0.05503190 0.00092597
v 0.02023975 -0.08495096 0.00270142
v 0.02020782 -0.08500111 0.00120732
v 0.02224785 -0.05189184 0.00188208
v 0.02275979 -0.04622051 0.00101498
v 0.02230675 -0.04637184 0.00271323
v 0.02313523 -0.03773953 0.00182014
v 0.02355606 -0.03443330 0.00105894
v 0.02297627 -0.03693837 0.00263733
v 0.02344159 -0.03066132 0.00157228
v 0.02263097 -0.05257648 0.00061651
v 0.02324614 -0.03048716 0.00223239
v 0.02354202 -0.02675670 0.00181535
v 0.02190584 -0.05243026 0.00278887
v 0.02157842 -0.05882578 0.00290511
v 0.02412299 -0.02040481 0.00125583
v 0.02328301 -0.02243244 0.00287147
v 0.02391186 -0.01823475 0.00190288
v 0.02286919 -0.02973482 0.00286439
v 0.02351308 -0.01729732 0.00271768
v 0.02368192 -0.01436591 0.00236968
v 0.02393496 -0.02664011 0.00107527
v 0.02062605 -0.08433157 0.00021799
v 0.02445008 -0.01587524 0.00129996
v 0.02015341 -0.08472378 0.00026755
v 0.02369281 -0.01314901 0.00218371
v 0.02275182 -0.03233350 0.00285527
v 0.02249649 -0.03516711 0.00305317
v 0.02141520 -0.07519916 0.00033780
v 0.02130455 -0.06141646 0.00311362
v 0.02298054 -0.01392967 0.00311144
v 0.02266840 -0.01350933 0.00345628
v 0.02271042 -0.01125500 0.00345884
v 0.02301064 -0.01091094 0.00298913
v 0.02356072 -0.00943943 0.00204478
v 0.02297688 -0.00827739 0.00271901
v 0.02316147 -0.00564425 0.00199052
v 0.02256377 -0.00544884 0.00283421
v 0.02329149 -0.00254963 0.00158709
v 0.02328256 0.00283601 0.00194837
v 0.02280046 0.00318201 0.00271591
v 0.02346572 0.00606264 0.00194228
v 0.02288142 -0.01681361 0.00324616
v 0.02393966 -0.00824826 0.00148035
v 0.02356185 0.00258078 0.00163970
v 0.02403052 -0.03322514 0.00077652
v 0.02386886 0.00578227 0.00165865
v 0.02460565 -0.01126634 0.00139340
v 0.02211769 -0.06629251 0.00039775
v 0.02240275 0.00559443 0.00298049
v 0.02304339 0.00754391 0.00216520
v 0.02259902 0.00733011 0.00263043
v 0.02260974 0.00988801 0.00264805
v 0.02309453 0.01251851 0.00210293
v 0.02287149 0.01421141 0.00226132
v 0.02237399 -0.00764309 0.00320619
v 0.02235288 -0.01085078 0.00339441
v 0.02445112 -0.01982158 0.00102583
v 0.02258371 -0.02137923 0.00337862
v 0.02218115 -0.03965794 0.00314084
v 0.02421583 -0.00963723 0.00153888
v 0.02088293 -0.06735602 0.00319042
v 0.02381451 -0.00533171 0.00149452
v 0.02313607 0.01536293 0.00207630
v 0.02204684 0.00015397 0.00322522
v -0.00209879 -0.08491221 0.00198699
v 0.00395588 -0.08522528 0.00088690
v -0.00408321 -0.08503183 0.00024351
v 0.00504770 -0.08520272 0.00208305
v -0.00513695 -0.08492468 0.00190516
v 0.00832850 -0.08530507 0.00094008
v 0.00923138 -0.08526953 0.00216579
v -0.00523546 -0.08501041 0.00110086
v -0.00677371 -0.08490303 0.00259880
v -0.00922104 -0.08489803 0.00205323
v -0.01259324 -0.08471848 0.00287737
v 0.00976285 -0.08525138 0.00079508
v 0.01129434 -0.08519673 0.00205398
v 0.01041389 -0.08518431 0.00274969
v -0.00933622 -0.08483992 0.00078060
v -0.00897974 -0.08475540 0.00026884
v -0.01172093 -0.08493029 0.00091993
v -0.01212431 -0.08496158 0.00212452
v 0.01018052 -0.08517123 0.00025526
v 0.01279491 -0.08498533 0.00080774
v 0.01449476 -0.08505574 0.00211135
v 0.01531305 -0.08495371 0.00076810
v 0.01843691 -0.08522912 0.00193734
v 0.01866737 -0.08524188 0.00074447
v 0.01975761 -0.08510981 0.00075633
v 0.01969367 -0.08516233 0.00193713
v 0.01202894 -0.08511872 0.00010860
v -0.01400817 -0.08528905 0.00205487
v -0.01348204 -0.08535267 0.00030282
v 0.02020782 -0.08500111 0.00120732
v 0.00525515 -0.08550401 0.00018819
v 0.01553581 -0.08518888 0.00008028
v 0.01962624 -0.08543499 0.00016407
v 0.01837620 -0.08493098 0.00283441
v 0.02023975 -0.08495096 0.00270142
v 0.01480169 -0.08475975 0.00291388
v 0.01103777 -0.08477784 0.00287259
v 0.00939208 -0.08562108 0.00019995
v -0.01423270 -0.08549647 0.00096813
v -0.00208027 -0.08457556 0.00273532
v -0.01491015 -0.08562737 0.00196857
v -0.00604465 -0.08447938 0.00273673
v -0.00936657 -0.08520979 0.00022421
v -0.01376371 -0.08475051 0.00282711
v -0.01488494 -0.08519098 0.00256481
v -0.01598937 -0.08505467 0.00265740
v 0.02015341 -0.08472378 0.00026755
v -0.01529069 -0.08644725 0.00070085
v -0.01557434 -0.08634547 0.00140832
v -0.01650039 -0.08705451 0.00017032
v -0.01754644 -0.08683871 0.00090033
v -0.02050748 -0.08707020 0.00029323
v -0.01701009 -0.08646984 0.00174747
v -0.01598024 -0.08589330 0.00204198
v -0.02088473 -0.08639674 0.00179330
v -0.02091128 -0.08695170 0.00078080
v -0.02217160 -0.08625869 0.00136116
v -0.02193494 -0.08665591 0.00075143
v -0.01505694 -0.08679606 0.00025750
v -0.02088684 -0.08582613 0.00238748
v -0.02190453 -0.08573625 0.00216946
v -0.01416830 -0.08594592 0.00032896
v 0.02069136 -0.08603468 0.00009657
v 0.01773470 -0.08636352 0.00000000
v 0.01962624 -0.08543499 0.00016407
v 0.02015341 -0.08472378 0.00026755
v 0.01553581 -0.08518888 0.00008028
v 0.01034840 -0.08615303 0.00006083
v 0.01018052 -0.08517123 0.00025526
v 0.01202894 -0.08511872 0.00010860
v 0.00939208 -0.08562108 0.00019995
v 0.00430286 -0.08624588 0.00006192
v 0.00525515 -0.08550401 0.00018819
v -0.00408321 -0.08503183 0.00024351
v -0.00936657 -0.08520979 0.00022421
v -0.00897974 -0.08475540 0.00026884
v -0.00790558 -0.08683704 0.00013842
v -0.01348204 -0.08535267 0.00030282
v -0.01495106 -0.08732570 0.00017437
v 0.00481791 -0.08686064 0.00005493
v 0.01461662 -0.08737293 0.00000000
v 0.01932948 -0.08773158 0.00003419
v 0.02082326 -0.08795363 0.00005258
v 0.02358702 -0.08506095 0.00010902
v 0.02227950 -0.08074040 0.00019977
v 0.02377957 -0.08156307 0.00017352
v 0.02289276 -0.08806252 0.00006928
v 0.02342511 -0.07845431 0.00018733
v 0.02406533 -0.06656100 0.00031372
v 0.02141520 -0.07519916 0.00033780
v 0.02062605 -0.08433157 0.00021799
v 0.02211769 -0.06629251 0.00039775
v 0.02264507 -0.05944676 0.00047525
v 0.02414610 -0.05556939 0.00043671
v 0.02365514 -0.04947443 0.00055332
v 0.02464710 -0.04652288 0.00056859
v 0.02481433 -0.05437340 0.00046753
v 0.02468302 -0.03359332 0.00070861
v 0.02538140 -0.03371244 0.00073658
v 0.02561657 -0.02204321 0.00084109
v 0.02463900 -0.02417398 0.00083525
v 0.02573786 -0.00988085 0.00107269
v 0.02426835 -0.07084892 0.00030725
v 0.02479130 -0.05741640 0.00049826
v 0.02403052 -0.03322514 0.00077652
v 0.02263097 -0.05257648 0.00061651
v 0.02216253 -0.05767141 0.00055774
v 0.02520105 -0.04273008 0.00068584
v 0.02508483 -0.01299542 0.00111471
v 0.02445112 -0.01982158 0.00102583
v 0.02478573 -0.05848292 0.00058398
v 0.02551337 -0.00899380 0.00116207
v 0.02592776 -0.00897024 0.00118728
v 0.02597913 -0.00214536 0.00130225
v -0.00698971 -0.08719726 0.00022234
v -0.00977913 -0.08719479 0.00022385
v 0.02338847 -0.08814015 0.00020842
v 0.00425275 -0.08712944 0.00013751
v 0.01125402 -0.08740043 0.00014572
v 0.02578850 -0.00269112 0.00124238
v 0.02393966 -0.00824826 0.00148035
v 0.02381451 -0.00533171 0.00149452
v 0.02329149 -0.00254963 0.00158709
v 0.02529943 0.00495309 0.00149558
v 0.02599050 0.00305632 0.00144240
v 0.02623002 0.00903524 0.00152808
v 0.02356185 0.00258078 0.00163970
v 0.02386886 0.00578227 0.00165865
v 0.02468834 0.00707629 0.00167142
v 0.02402577 0.00867514 0.00187030
v 0.02607593 0.01537097 0.00157136
v 0.02469103 0.01726014 0.00177973
v 0.02622600 0.02951886 0.00164884
v 0.02634722 0.02200118 0.00157412
v 0.02393332 0.01191707 0.00188581
v 0.02372996 0.01996522 0.00189797
v 0.02380476 0.03123457 0.00194685
v 0.02620596 0.03181121 0.00169010
v 0.02615559 0.04275750 0.00172594
v 0.02558447 0.05805895 0.00176837
v 0.02423243 0.05935173 0.00184922
v 0.02616399 0.05935717 0.00172976
v 0.02621930 0.06124543 0.00170321
v 0.02353459 0.06404629 0.00188736
v 0.02333800 0.04902481 0.00196023
v 0.02564698 0.04598625 0.00178803
v 0.02412999 0.04474949 0.00191871
v 0.02589823 0.06741000 0.00163071
v 0.02606366 0.06558044 0.00165238
v 0.02251212 0.05724073 0.00206630
v 0.02262887 0.05414298 0.00205440
v 0.02223550 0.04510443 0.00215003
v 0.02260223 0.03831245 0.00211314
v 0.02617868 0.05680863 0.00168694
v 0.02627324 0.04593835 0.00187200
v 0.02225107 0.06461007 0.00209380
v 0.02269293 0.06918786 0.00198009
v 0.02433264 0.07544979 0.00176090
v 0.02235516 0.07810057 0.00193485
v 0.02439366 0.08032177 0.00164108
v 0.02125968 0.08047932 0.00193975
v 0.02179943 0.08222555 0.00174128
v 0.02405885 0.08332703 0.00160439
v 0.02051008 0.08390792 0.00166204
v 0.02342900 0.08812551 0.00154151
v 0.02070525 0.08652036 0.00154226
v 0.02098547 0.08874134 0.00156427
v 0.02126584 0.08926433 0.00149575
v 0.02247999 0.08931158 0.00151647
v 0.02500471 0.08791621 0.00136357
v 0.02502152 0.08916747 0.00140979
v 0.02518515 0.08519716 0.00143926
v 0.02052250 0.07715547 0.00223320
v 0.02524911 0.08208153 0.00142940
v 0.02558239 0.07803120 0.00151958
v 0.02120744 0.06850807 0.00223052
v 0.02175891 0.06728222 0.00217272
v 0.02318436 0.02807784 0.00203283
v 0.02618287 0.01256571 0.00155904
v 0.02597090 0.07074938 0.00154682
v 0.02254015 0.02828157 0.00217732
v 0.02248462 0.06306140 0.00208487
v 0.02313607 0.01536293 0.00207630
v 0.02620805 0.05845160 0.00191509
v 0.02629665 0.03632252 0.00168469
v 0.02049989 0.08098996 0.00206755
v 0.02236505 0.01990729 0.00216938
v 0.02309453 0.01251851 0.00210293
v 0.02421583 -0.00963723 0.00153888
v 0.02621603 0.04648470 0.00172283
v 0.02617055 0.05365926 0.00166235
v 0.02304339 0.00754391 0.00216520
v 0.02460565 -0.01126634 0.00139340
v 0.02005472 0.08267564 0.00197072
v 0.01983573 0.08169207 0.00214109
v -0.01416830 -0.08594592 0.00032896
v -0.01505694 -0.08679606 0.00025750
v -0.01650039 -0.08705451 0.00017032
v -0.01881964 -0.08732528 0.00006681
v 0.02158660 0.02007691 0.00247804
v 0.02210067 0.04153368 0.00226303
v 0.02179800 -0.08827395 0.00017692
v 0.02393496 -0.02664011 0.00107527
v 0.02445008 -0.01587524 0.00129996
v 0.02199606 -0.05912139 0.00076037
v 0.02012722 0.07245172 0.00261840
v 0.02074618 0.06810186 0.00248061
v 0.02207390 0.03825301 0.00238547
v 0.02201407 0.03456803 0.00257948
v 0.02198868 -0.06020482 0.00089461
v 0.02591518 -0.01351770 0.00111871
v -0.02050748 -0.08707020 0.00029323
v -0.02079597 -0.08763949 0.00015555
v 0.02208290 0.02963484 0.00252299
v 0.02323070 -0.08836724 0.00033860
v 0.02045349 0.08732494 0.00182625
v -0.02091128 -0.08695170 0.00078080
v -0.02160795 -0.08744833 0.00064265
v -0.02193494 -0.08665591 0.00075143
v 0.02161614 0.03820596 0.00288095
v 0.02197573 0.04525338 0.00263303
v 0.02171576 0.04494860 0.00316227
v 0.02132764 -0.00660107 0.24603865
v 0.02196542 -0.00725739 0.24613130
v 0.02198882 -0.00339744 0.24631582
v 0.02144070 -0.00227888 0.24615926
v 0.02205984 0.00292839 0.24634841
v 0.02172555 0.00346136 0.24622977
v -0.01084008 -0.00915899 0.24632090
v 0.00594388 -0.00650132 0.24631105
v 0.00307609 0.00241950 0.24623473
v 0.01377907 -0.00069872 0.24628967
v 0.01502474 0.00751295 0.24621544
v 0.01438388 -0.01024508 0.24633059
v 0.00730102 -0.01814386 0.24638259
v 0.00102876 -0.01780369 0.24639108
v 0.00580445 -0.02980396 0.24644233
v 0.01203532 -0.02063281 0.24637798
v 0.01057307 -0.03650860 0.24643171
v 0.00586501 -0.04505114 0.24647164
v -0.00023908 -0.03865154 0.24647971
v 0.00063008 -0.05419202 0.24650430
v -0.00902649 -0.05070248 0.24652312
v 0.01019630 -0.05474857 0.24646576
v 0.00144321 -0.06294023 0.24649639
v -0.00956957 -0.06600347 0.24653163
v 0.00090707 -0.07122029 0.24649219
v 0.00933744 -0.06607471 0.24645819
v 0.00696618 -0.07820614 0.24644778
v -0.00457199 -0.07889992 0.24646762
v -0.00647112 -0.07421308 0.24650760
v 0.00758405 -0.08249506 0.24644651
v -0.00502070 -0.08252495 0.24647937
v -0.00990035 -0.08171731 0.24651022
v 0.01203039 -0.08277676 0.24639079
v 0.01081777 -0.07727327 0.24640482
v 0.00938826 -0.08435704 0.24641284
v 0.01169201 -0.06683127 0.24641368
v 0.01264348 -0.06161060 0.24637203
v 0.01355547 -0.05143701 0.24635167
v 0.01336406 -0.04437204 0.24636408
v 0.01035334 -0.04579407 0.24643451
v 0.01429071 -0.03117165 0.24633859
v 0.01582665 -0.01697860 0.24629487
v 0.01834847 -0.00566888 0.24621678
v 0.02106008 0.00163565 0.24615510
v -0.00373598 -0.02732786 0.24644550
v -0.00799680 -0.02283707 0.24641049
v -0.01131703 -0.01913998 0.24637602
v -0.01289130 -0.03319930 0.24645340
v -0.01483801 -0.02740740 0.24638519
v -0.00790031 -0.03529289 0.24647583
v 0.01182213 0.01084756 0.24616861
v 0.01489108 0.01561694 0.24610014
v 0.01379544 0.02807403 0.24591850
v 0.01589110 0.02450686 0.24600777
v 0.01927389 0.03052646 0.24590505
v 0.01842817 0.03675664 0.24572641
v 0.00214908 0.04324255 0.24528773
v 0.00614222 0.04952888 0.24508285
v -0.00141609 0.04919267 0.24504550
v -0.00498312 0.04041631 0.24534397
v -0.00027003 0.05433109 0.24492024
v -0.00669390 0.05219029 0.24496392
v 0.01161429 0.04884881 0.24519496
v 0.00568725 0.05584532 0.24489994
v 0.01731763 0.04582871 0.24533841
v 0.00927741 0.04134371 0.24542607
v 0.01198261 0.05653016 0.24494272
v -0.00740808 0.05841278 0.24478509
v -0.00725257 0.04529633 0.24515831
v -0.00131650 0.03603895 0.24553788
v -0.01472505 0.02040230 0.24587500
v -0.00990531 0.03011115 0.24567329
v -0.01558553 0.02837586 0.24570071
v -0.00056816 0.03103678 0.24571230
v 0.00919990 0.03312168 0.24572100
v 0.00010005 0.02680809 0.24584184
v 0.00676627 0.02837909 0.24585736
v 0.00223669 0.02056839 0.24597470
v -0.00114534 0.01575382 0.24603499
v 0.00850124 0.01518093 0.24608867
v 0.00075862 0.00750132 0.24616053
v -0.00879281 0.00630951 0.24612396
v -0.00597508 0.00028100 0.24622714
v -0.01585580 -0.01359948 0.24626319
v -0.00673003 -0.04322083 0.24649671
v -0.01910496 -0.08537611 0.24652704
v -0.01205667 -0.08534451 0.24649998
v -0.01479940 -0.08348633 0.24653761
v -0.01846506 -0.07566958 0.24658340
v -0.02222419 -0.08271284 0.24658008
v -0.02169289 -0.07242833 0.24666392
v -0.01826558 -0.06611644 0.24657632
v -0.01829378 -0.05170008 0.24656929
v -0.02080421 -0.05920646 0.24659538
v -0.02109651 -0.05192344 0.24659669
v -0.01866056 -0.04747267 0.24651676
v -0.01492725 -0.04299553 0.24649993
v -0.02040897 -0.04140399 0.24637995
v -0.01955805 -0.03030957 0.24628576
v -0.02232931 -0.03771928 0.24626214
v -0.02159903 -0.02429562 0.24615030
v -0.02021296 -0.01727087 0.24617061
v -0.01480098 -0.00485641 0.24622356
v -0.01843207 -0.00337890 0.24611177
v -0.01314247 0.00797453 0.24605569
v -0.01830474 0.00662834 0.24595293
v -0.00892891 0.02321080 0.24588731
v -0.01371913 0.04247590 0.24521993
v -0.01383154 0.05186865 0.24494406
v -0.01185985 0.06639394 0.24456545
v -0.01731977 0.06779638 0.24456210
v -0.01785066 0.05627349 0.24487104
v -0.01840169 0.04533793 0.24520061
v -0.01789456 0.03515180 0.24550533
v -0.01876685 0.02776249 0.24572929
v -0.01816728 0.02023098 0.24586438
v -0.00644697 0.06677134 0.24456446
v 0.00102622 0.06324768 0.24462989
v 0.01289906 0.07011899 0.24431041
v 0.00168315 0.07569457 0.24423020
v 0.00671190 0.07905156 0.24407264
v 0.00006475 0.07838675 0.24415790
v 0.01197151 0.07959948 0.24396445
v 0.01826954 0.07365872 0.24413586
v -0.00944895 0.07156812 0.24451730
v 0.00830577 0.06584299 0.24452301
v 0.01202518 0.06084068 0.24476855
v 0.01810861 0.05723404 0.24502381
v 0.01939840 0.06391508 0.24472029
v 0.01822611 0.06883482 0.24441348
v 0.01960165 0.05303496 0.24516970
v 0.01898290 0.04260902 0.24543729
v -0.01775250 0.07155424 0.24457597
v -0.02101057 -0.00399945 0.24609987
v -0.02113275 0.00500826 0.24593006
v -0.02231529 -0.02227000 0.24615310
v -0.02188944 -0.01619391 0.24615684
v -0.02156577 0.00893927 0.24593738
v -0.02095691 0.02180611 0.24589270
v -0.02065356 0.02619037 0.24581071
v 0.02033494 0.02024211 0.24603182
v 0.01959049 0.01187679 0.24604356
v 0.01879118 0.00577337 0.24613076
v 0.02112193 0.00726364 0.24599929
v 0.02131923 0.01662664 0.24602073
v 0.02073716 0.02630692 0.24598350
v 0.02074627 0.03071744 0.24590077
v 0.02094101 0.03610201 0.24573627
v 0.02057474 0.03940142 0.24556709
v -0.01946987 0.06992537 0.24454085
v -0.01911770 0.07466420 0.24459638
v -0.02209506 -0.05483683 0.24656560
v -0.02206815 -0.05885033 0.24657361
v -0.02183587 -0.06167310 0.24664895
v -0.02197675 -0.06642387 0.24671515
v -0.02242033 -0.05295039 0.24658520
v 0.01973588 0.05800296 0.24505424
v -0.02167563 -0.00293420 0.24609747
v -0.01070450 -0.08489630 0.24644883
v -0.00841924 -0.08424005 0.24638399
v -0.02097819 0.04897594 0.24517708
v -0.02031520 0.05801638 0.24493101
v -0.02080431 0.05899059 0.24493160
v -0.02253486 -0.04876473 0.24645190
v -0.02171234 -0.04013629 0.24629773
v -0.00747260 -0.08337396 0.24644324
v -0.00030648 -0.08382253 0.24640219
v 0.01482318 -0.08214518 0.24630921
v 0.01822113 -0.05205973 0.24598256
v 0.01838856 -0.04300115 0.24609521
v 0.01583229 -0.07269854 0.24622954
v 0.01896292 -0.06734111 0.24598662
v 0.01653907 -0.06695619 0.24617619
v 0.01855721 -0.05821937 0.24594219
v 0.01488534 -0.05977429 0.24622929
v 0.01992518 -0.00918822 0.24612829
v 0.02167543 -0.01665165 0.24599464
v 0.02187292 -0.01072491 0.24599818
v 0.02171434 -0.02328463 0.24597751
v 0.02213244 -0.01700476 0.24596995
v 0.02123193 -0.03017370 0.24595377
v 0.02053484 -0.03542979 0.24601185
v -0.02140789 0.02741336 0.24583660
v -0.02149578 0.03697115 0.24561974
v -0.02120884 0.04355703 0.24539697
v 0.01602750 0.08014390 0.24385566
v 0.01937103 0.08010548 0.24389117
v 0.01992843 0.07395936 0.24408248
v 0.02003100 0.08081845 0.24386447
v -0.00231439 0.07733078 0.24427305
v -0.00618623 0.07344408 0.24444923
v -0.00914856 0.07508586 0.24452733
v -0.01521141 0.07411055 0.24468296
v -0.01805767 0.07412395 0.24468338
v 0.02089651 -0.04433459 0.24599003
v 0.01975695 -0.05442694 0.24588280
v 0.02043248 -0.05561858 0.24589231
v -0.02257058 -0.04188136 0.24637915
v -0.02170598 0.03025040 0.24575947
v 0.01835957 -0.08031729 0.24612228
v 0.02127538 -0.03489384 0.24604942
v 0.02007145 -0.06220472 0.24581528
v 0.02057880 -0.06078352 0.24584196
v -0.00888258 0.07706762 0.24456592
v -0.00255452 0.07823421 0.24421215
v 0.01983678 -0.06480905 0.24588164
v 0.02019162 0.06814081 0.24452702
v 0.02121297 0.01080086 0.24592352
v -0.02139770 -0.08472810 0.24663351
v -0.02118629 -0.08613418 0.24669950
v -0.00665037 -0.08471630 0.24650077
v -0.00506399 -0.08435869 0.24650931
v -0.01303778 0.07693851 0.24481736
v 0.02020305 0.04179264 0.24542501
v 0.01974659 0.04423732 0.24546866
v 0.01468623 -0.08382749 0.24621394
v -0.02247890 -0.02564817 0.24625713
v 0.01853777 -0.08332093 0.24600868
v 0.01294291 -0.08457232 0.24633387
v -0.01971365 0.07451803 0.24464447
v -0.02189789 -0.00629113 0.24629339
v -0.02002623 0.06927276 0.24461566
v 0.02008169 -0.07071962 0.24587926
v 0.01949973 -0.07829464 0.24598413
v 0.02030430 -0.06585923 0.24586480
v 0.01921886 -0.08474664 0.24596552
v 0.01815384 -0.08464635 0.24592843
v 0.01581199 -0.08451043 0.24604694
v 0.02137395 0.00917630 0.24597941
v -0.02247858 -0.08545770 0.24679689
v 0.00810364 0.07971996 0.24396980
v 0.01935572 0.08104958 0.24375375
v -0.01624683 0.07644865 0.24497114
v -0.01872544 0.07526187 0.24479067
v -0.01839354 0.07709799 0.24474646
v -0.01449356 0.07638369 0.24491711
v 0.01289040 -0.08492119 0.24648056
v -0.01703143 -0.08608244 0.24660890
v -0.01560366 -0.08560553 0.24656885
v 0.02106848 0.01868425 0.24607057
v -0.00799996 0.07763857 0.24444506
v -0.02139593 0.05042142 0.24522410
v 0.02177817 -0.00705243 0.24596813
v -0.02157393 0.04433535 0.24543332
v -0.02156692 0.02514949 0.24603740
v -0.02280947 -0.04099897 0.24640422
v -0.00103042 -0.08432786 0.24650858
v 0.02123851 0.02151082 0.24623881
v -0.02271278 -0.03342406 0.24631888
v -0.01913230 0.07567051 0.24439966
v -0.01975016 0.07562450 0.24448084
v -0.02205423 0.01208992 0.24604978
v 0.00151066 0.07899915 0.24403547
v -0.02177198 0.00551391 0.24604912
v -0.02205152 -0.00147694 0.24618330
v 0.02021508 0.05829849 0.24514349
v 0.02003187 0.05884686 0.24513339
v 0.01271687 0.08029928 0.24380136
v -0.02093603 0.05847770 0.24507200
v -0.02238775 -0.01546592 0.24632036
v -0.02269884 -0.02074879 0.24629817
v -0.00448644 0.07822877 0.24423474
v 0.02171913 -0.02941897 0.24607011
v -0.00931941 0.07781645 0.24431798
v 0.01600943 0.08091845 0.24359825
v 0.01786483 0.08138326 0.24355654
v 0.00564282 0.07980422 0.24374064
v 0.01094055 0.08046830 0.24357586
v 0.02071882 -0.05735571 0.24595577
v -0.02213986 0.00642006 0.24620195
v 0.02166661 0.00700100 0.24620790
v -0.01410745 0.07715567 0.24458374
v -0.01612018 0.07700620 0.24471883
v 0.01576062 -0.08515398 0.24631297
v 0.02120244 0.02623081 0.24616703
v 0.02029990 0.06525760 0.24495340
v 0.02241189 -0.01250088 0.24623484
v 0.02229689 -0.01671885 0.24622097
v -0.02190329 0.02560456 0.24617204
v 0.02106645 -0.04081015 0.24602410
v 0.02047906 -0.06480862 0.24562126
v -0.00053770 0.07900848 0.24380645
v -0.02217864 -0.00543197 0.24645287
v 0.02028938 -0.06378451 0.24548683
v -0.02278201 -0.02452958 0.24641738
v -0.02247514 -0.08616249 0.24707864
v 0.02069015 -0.06185934 0.24560181
v -0.02210580 -0.07318232 0.24689447
v -0.02252087 -0.05584205 0.24691070
v 0.02024506 0.07167881 0.24438367
v 0.01963197 0.08161611 0.24334848
v 0.02075767 -0.06378673 0.24578695
v 0.02077051 -0.06282430 0.24582853
v 0.02037509 -0.06267292 0.24545653
v 0.01697402 -0.08528288 0.24645251
v 0.02003135 0.08184165 0.24352109
v 0.00068508 0.07927598 0.24373336
v 0.02113717 0.03134681 0.24618488
v 0.02104388 0.03180637 0.24612663
v -0.02164919 0.04303451 0.24584621
v -0.01843923 0.07714736 0.24445281
v -0.02233475 -0.07257874 0.24706440
v 0.02143329 0.01791195 0.24625761
v 0.02143933 0.02099807 0.24640397
v -0.02160795 -0.08744833 0.00064265
v -0.02189560 -0.08823694 0.00073864
v -0.02239308 -0.08881896 0.00014217
v -0.02194342 -0.08904336 0.00584486
v -0.02267290 -0.08928349 0.00293249
v -0.02318308 -0.08925412 0.00020932
v -0.02150588 -0.08780310 0.07601007
v -0.02187614 -0.08909712 0.05434512
v -0.02153014 -0.08776897 0.06608415
v -0.02184987 -0.08909659 0.07488130
v -0.02178366 -0.08915427 0.10079832
v -0.02184585 -0.08912174 0.08797773
v -0.02148972 -0.08776693 0.08835460
v -0.02147657 -0.08778109 0.09375922
v -0.02146617 -0.08780516 0.10564009
v -0.02182341 -0.08912801 0.10980242
v -0.02154211 -0.08777286 0.11197645
v -0.02154637 -0.08777614 0.05513273
v -0.02156349 -0.08777313 0.04511904
v -0.02189950 -0.08906619 0.04044012
v -0.02156328 -0.08775112 0.03173051
v -0.02190127 -0.08907374 0.02640052
v -0.02159007 -0.08774235 0.02262659
v -0.02186122 -0.08907484 0.01291465
v -0.02156759 -0.08777042 0.00990958
v -0.02174868 -0.08823356 0.00460116
v -0.02152174 -0.08777092 0.12272450
v -0.02185763 -0.08915996 0.12707640
v -0.02168305 -0.08838088 0.14118182
v -0.02190740 -0.08908535 0.14465189
v -0.02154749 -0.08774651 0.13437922
v -0.02154526 -0.08782880 0.14071131
v -0.02169509 -0.08842996 0.16101127
v -0.02160258 -0.08780619 0.00495439
v -0.02192249 -0.08909991 0.15886217
v -0.02195790 -0.08908677 0.17095303
v -0.02174643 -0.08849762 0.17382168
v -0.02206541 -0.08898502 0.17929272
v -0.02182006 -0.08855563 0.18678540
v -0.02208876 -0.08898474 0.18820176
v -0.02186945 -0.08850097 0.20519648
v -0.02213007 -0.08892537 0.20239211
v -0.02223752 -0.08881155 0.20904686
v -0.02191865 -0.08847620 0.22117010
v -0.02222052 -0.08879521 0.21956736
v -0.02109465 -0.08789156 0.14942135
v -0.02110831 -0.08781189 0.14110078
v -0.02109908 -0.08789928 0.16049139
v -0.02113018 -0.08799300 0.17128600
v -0.02115401 -0.08810411 0.17705583
v -0.02106046 -0.08775846 0.00453939
v -0.01872544 0.07526187 0.24479067
v -0.01839354 0.07709799 0.24474646
v -0.01843923 0.07714736 0.24445281
v -0.02112117 -0.08773567 0.00071221
v -0.02189560 -0.08823694 0.00073864
v -0.02160795 -0.08744833 0.00064265
v 0.02196542 -0.00725739 0.24613130
v 0.02132764 -0.00660107 0.24603865
v 0.02177817 -0.00705243 0.24596813
vn 0.99999536 0.00076047 -0.00295061
vn 0.99994051 -0.01046725 -0.00306970
vn 0.99996258 -0.00862389 0.00068393
vn 0.99999745 0.00102087 0.00201612
vn 0.99999507 0.00155253 0.00272918
vn 0.99997525 0.00209190 -0.00671738
vn 0.99998866 0.00257072 0.00400774
vn 0.99996272 -0.00813303 0.00290134
vn 0.99995560 -0.00938270 -0.00086976
vn 0.99998532 0.00297538 -0.00452768
vn 0.99999754 -0.00074937 -0.00208816
vn 0.99996211 -0.00092114 0.00865666
vn 0.99999300 -0.00273372 -0.00255497
vn 0.99998091 -0.00617937 -0.00005035
vn 0.99996424 -0.00681376 -0.00500862
vn 0.99988435 -0.01452027 -0.00452174
vn 0.99991261 -0.01231459 -0.00480924
vn 0.99992152 -0.01250828 -0.00070224
vn 0.99998903 -0.00295846 -0.00363140
vn 0.99991233 -0.01266566 -0.00386207
vn 0.99998246 -0.00481081 -0.00345374
vn 0.99999292 -0.00136541 -0.00350786
vn 0.99993931 -0.00991279 -0.00480812
vn 0.99996347 -0.00844173 -0.00134027
vn 0.99999901 -0.00118696 -0.00075593
vn 0.99999085 0.00422637 -0.00065688
vn 0.99988528 0.01514707 -0.00002363
vn 0.99991075 0.01329004 0.00136483
vn 0.99999724 0.00214606 -0.00096004
vn 0.99995711 0.00901951 0.00210167
vn 0.99990855 0.01336066 0.00209334
vn 0.99987272 0.01555454 0.00355052
vn 0.99999489 -0.00200109 0.00249459
vn 0.99995377 -0.00945801 -0.00173381
vn 0.99996310 0.00016765 0.00858863
vn 0.99993501 0.01134205 0.00115467
vn 0.99993377 0.01124446 0.00245484
vn 0.99990967 0.01341598 0.00081830
vn 0.99998476 0.00551822 0.00014416
vn 0.99998262 0.00379177 -0.00451414
vn 0.99999375 -0.00261495 -0.00237804
vn 0.99999554 0.00283476 0.00093593
vn 0.99992509 0.01198943 -0.00246460
vn 0.99994473 0.00908072 -0.00529831
vn 0.99994493 0.00392054 -0.00973497
vn 0.99998383 -0.00138636 -0.00551536
vn 0.99993127 0.00653268 -0.00973542
vn 0.99998237 0.00062211 -0.00590475
vn 0.99997174 0.00428636 -0.00617700
vn 0.99991973 -0.00082504 -0.01264293
vn 0.99993851 -0.00187984 -0.01092869
vn 0.99997956 0.00621816 -0.00148554
vn 0.99994922 0.00986555 -0.00205586
vn 0.99999647 0.00140485 -0.00225609
vn 0.99993783 -0.01043422 0.00393206
vn 0.99994398 -0.00988209 0.00379163
vn 0.99985527 -0.01533424 -0.00736846
vn 0.99995833 0.00141465 -0.00901917
vn 0.99991753 0.01077238 -0.00699238
vn 0.99991832 -0.00067680 -0.01276331
vn 0.99990659 0.00892157 -0.01035419
vn 0.99977148 0.02134914 0.00109327
vn 0.99991711 0.01285421 0.00074254
vn 0.99983152 0.01817297 0.00258192
vn 0.99991545 0.01299506 0.00046390
vn 0.99980740 0.01957858 0.00135986
vn 0.99989491 0.01437776 0.00185550
vn 0.99985596 0.01500070 0.00794019
vn 0.99992430 0.01199963 0.00272170
vn 0.99993584 0.00318493 0.01087062
vn 0.99992654 0.00924528 0.00783889
vn 0.99997547 0.00613632 0.00337665
vn 0.99994705 0.00880482 0.00532626
vn 0.99997767 0.00635815 0.00205744
vn 0.99989512 0.01075268 -0.00970233
vn 0.99996242 0.00815567 -0.00294010
vn 0.99985938 0.01449468 -0.00843412
vn 0.99996095 0.00644910 -0.00604136
vn 0.99993721 0.00349686 -0.01064629
vn 0.99995172 0.00733860 -0.00653506
vn 0.99989624 0.00668932 0.01275812
vn 0.99998059 0.00475860 -0.00402196
vn 0.99999487 0.00266110 0.00178361
vn 0.99997739 0.00367010 0.00563444
vn 0.99994118 0.01049234 0.00274600
vn 0.99994082 0.00061593 0.01086175
vn 0.99996393 0.00494170 0.00690720
vn 0.99993651 0.01126046 -0.00041876
vn 0.99998216 0.00210934 -0.00558827
vn 0.99998462 0.00057550 0.00551615
vn 0.99992212 -0.00694024 -0.01037261
vn 0.99994558 -0.00598811 0.00854237
vn 0.99994861 -0.00942070 -0.00374619
vn 0.99995116 -0.00694398 -0.00703215
vn 0.99999510 -0.00227294 0.00215122
vn 0.99997160 -0.00455285 -0.00600567
vn 0.99999354 -0.00359216 -0.00008918
vn 0.99999531 -0.00305063 -0.00027602
vn 0.99999896 0.00029362 -0.00141096
vn 0.99999764 0.00149564 0.00157357
vn 0.99998043 -0.00556713 0.00285483
vn 0.99999720 -0.00232060 0.00047062
vn 0.99996416 -0.00838605 -0.00116550
vn 0.99996187 -0.00686441 -0.00539821
vn 0.99997561 -0.00531994 -0.00452459
vn 0.99996650 -0.00781937 -0.00242005
vn 0.99993452 -0.01144318 -0.00002241
vn 0.99999020 -0.00435120 0.00081463
vn 0.99996792 -0.00693995 -0.00399834
vn 0.99997434 -0.00481050 -0.00530872
vn 0.99999495 -0.00195119 -0.00250923
vn 0.99994491 -0.00894433 -0.00549301
vn 0.99997829 -0.00436670 0.00493505
vn 0.99991364 -0.01312497 -0.00066745
vn 0.99997757 -0.00602936 0.00291699
vn 0.99997927 0.00617716 0.00181853
vn 0.99989052 0.01316051 0.00676402
vn 0.99984457 0.01759904 0.00105435
vn 0.99988888 0.00361197 0.01446295
vn 0.99998776 0.00491301 0.00059225
vn 0.99999448 -0.00050297 0.00328459
vn 0.99996229 -0.00381551 0.00780087
vn 0.99999411 -0.00087997 0.00331809
vn 0.99998913 0.00353497 0.00304187
vn 0.99999512 0.00272024 0.00153812
vn 0.99996239 0.00848530 0.00179125
vn 0.99997864 0.00649548 -0.00072506
vn 0.99996547 0.00473210 0.00683163
vn 0.99987911 0.00998041 0.01192280
vn 0.99989246 0.00517119 0.01372303
vn 0.99978669 0.01861710 0.00894279
vn 0.99981405 0.01301038 0.01423375
vn 0.99997544 -0.00626119 0.00314909
vn 0.99994345 -0.01063460 0.00009709
vn 0.99976530 -0.02050084 -0.00700370
vn 0.99942020 -0.03403544 0.00092447
vn 0.99970647 -0.02350576 0.00586893
vn 0.99964941 -0.02537803 0.00755016
vn 0.99992499 -0.01220854 -0.00098604
vn 0.99910118 -0.04235208 0.00177171
vn 0.99881700 -0.04852168 0.00319969
vn 0.99901058 -0.04441986 -0.00217539
vn 0.99925988 -0.03683868 -0.01107232
vn 0.99942426 -0.03048728 -0.01488899
vn 0.99942557 -0.03388956 -0.00016793
vn 0.99873219 -0.05026485 -0.00272970
vn 0.99867408 -0.05145908 0.00142833
vn 0.99859678 -0.05216086 -0.00914911
vn 0.99892523 -0.04508020 -0.01077748
vn 0.99881569 -0.04832651 0.00563587
vn 0.99897230 -0.04511488 0.00435826
vn 0.99961798 -0.02758197 -0.00176849
vn 0.99930374 -0.03651472 0.00766293
vn 0.99897438 -0.04492096 0.00568311
vn 0.99937223 -0.03539578 0.00150878
vn 0.99918908 -0.03975989 0.00635130
vn 0.99928416 -0.03782863 -0.00039095
vn 0.99902145 -0.04341585 0.00843782
vn 0.99941968 -0.03393968 0.00289927
vn 0.99932899 -0.03659191 0.00161336
vn 0.99958357 -0.02877661 0.00214268
vn 0.99958750 -0.02871921 -0.00016761
vn 0.99928823 -0.03771960 0.00051927
vn 0.99906372 -0.04324100 0.00138006
vn 0.99946107 -0.03269887 0.00289047
vn 0.99959255 -0.02854075 -0.00039064
vn 0.99974593 -0.02252058 -0.00094299
vn 0.99974712 -0.02247024 0.00088660
vn 0.99975607 -0.02204918 0.00127977
vn 0.99974752 -0.02245683 0.00076823
vn 0.99971575 -0.02381323 0.00116008
vn 0.99972073 -0.02360084 0.00121066
vn 0.99968573 -0.02506534 0.00040905
vn 0.99961870 -0.02760976 0.00038282
vn 0.99956394 -0.02952097 0.00066421
vn 0.99963771 -0.02691163 0.00046122
vn 0.99967944 -0.02530913 0.00068527
vn 0.99964979 -0.02646214 -0.00020780
vn 0.99943135 -0.03370143 -0.00109211
vn 0.99969654 -0.02347928 -0.00745278
vn 0.99919866 -0.03826550 -0.01173833
vn 0.99833119 -0.03151794 -0.04838861
vn 0.99910946 -0.04211464 -0.00257861
vn 0.99888489 -0.04704907 -0.00392059
vn 0.99866421 -0.05087657 -0.00902047
vn 0.99860012 -0.05069293 -0.01510080
vn 0.99880955 -0.04404364 -0.02096759
vn 0.99156354 -0.04361530 -0.12206335
vn 0.99797865 -0.05199172 -0.03654423
vn 0.99872365 -0.04873386 -0.01326948
vn 0.99425002 -0.10691102 -0.00607667
vn 0.98800694 -0.13561993 -0.07382084
vn 0.99799720 -0.05338586 -0.03393432
vn 0.99871426 -0.05044619 -0.00500121
vn 0.99868340 -0.05100676 -0.00545702
vn 0.99334100 -0.11504406 -0.00620674
vn 0.99884789 -0.04784161 -0.00375131
vn 0.99891970 -0.04617511 -0.00522483
vn 0.99905005 -0.04352783 -0.00207763
vn 0.99144268 -0.13054200 -0.00044815
vn 0.99082954 -0.13510424 -0.00191711
vn 0.99902732 -0.04381910 -0.00492894
vn 0.99918877 -0.04022187 -0.00200196
vn 0.99919560 -0.03997073 -0.00324010
vn 0.99943771 -0.03351909 -0.00086152
vn 0.99932298 -0.03678108 -0.00085320
vn 0.99942947 -0.03376504 0.00080604
vn 0.99943172 -0.03369600 0.00090788
vn 0.99967435 -0.02530944 0.00325930
vn 0.99965123 -0.02619708 0.00333566
vn 0.99940600 -0.03446221 -0.00002593
vn 0.99946234 -0.03246207 -0.00460956
vn 0.99930738 -0.03717708 -0.00162108
vn 0.99902503 -0.04402841 -0.00323791
vn 0.99925580 -0.03833051 -0.00431419
vn 0.98829969 -0.15247682 0.00381216
vn 0.98993376 -0.14151873 0.00189498
vn 0.99905185 -0.04310703 -0.00609852
vn 0.99977109 -0.02108118 -0.00365528
vn 0.99971361 -0.02378929 -0.00260317
vn 0.99898651 -0.04500432 0.00074774
vn 0.99975257 -0.02208376 -0.00266569
vn 0.99866305 -0.05158104 -0.00339393
vn 0.99967353 -0.02541313 -0.00264649
vn 0.99855107 -0.05380378 -0.00095462
vn 0.99884206 -0.04810827 0.00037602
vn 0.99977214 -0.02132838 0.00087920
vn 0.99966123 -0.02600331 0.00112184
vn 0.99891858 -0.04628275 0.00442446
vn 0.99970706 -0.02408003 0.00243857
vn 0.99937348 -0.03384441 0.01035371
vn 0.99973233 -0.02260144 0.00494369
vn 0.99955023 -0.02780055 0.01124592
vn 0.99975890 -0.02091077 0.00669997
vn 0.99974892 -0.02240744 0.00000276
vn 0.99971947 -0.02364391 -0.00139874
vn 0.99949821 -0.03166614 -0.00075912
vn 0.99951062 -0.03125656 0.00124415
vn 0.99961679 -0.02730599 0.00454568
vn 0.99934465 -0.03612979 0.00221455
vn 0.99933837 -0.03615173 0.00398348
vn 0.99941186 -0.03419354 0.00259465
vn 0.99944985 -0.03228027 0.00761472
vn 0.99951816 -0.03086398 0.00329640
vn 0.99928420 -0.03704150 0.00768214
vn 0.99906070 -0.04323390 0.00292328
vn 0.99127070 -0.13182640 0.00204719
vn 0.99812875 -0.06112792 -0.00153922
vn 0.99694044 -0.07815927 -0.00094123
vn 0.99746591 -0.07108590 0.00292556
vn 0.98589508 -0.16736226 -0.00087829
vn 0.98531109 -0.17072562 -0.00384971
vn 0.98867679 -0.14934042 0.01468458
vn 0.99161715 -0.12882713 0.00994962
vn 0.98963106 -0.14360727 -0.00270364
vn 0.99007850 -0.14046137 -0.00389572
vn 0.98980036 -0.14246121 -0.00021708
vn 0.99485099 -0.10134281 -0.00107187
vn 0.99458547 -0.10391905 -0.00075701
vn 0.99932158 -0.03679535 0.00157537
vn 0.99947048 -0.03248431 0.00187601
vn 0.99948696 -0.03202217 0.00062280
vn 0.99951584 -0.03099832 0.00268143
vn 0.99956513 -0.02940996 0.00214522
vn 0.99945181 -0.03309195 0.00100280
vn 0.99951261 -0.03120346 0.00093998
vn 0.99940680 -0.03442290 0.00105860
vn 0.99940541 -0.03447800 0.00031571
vn 0.99941367 -0.03420715 0.00147890
vn 0.99943887 -0.03341116 0.00237656
vn 0.99945760 -0.03288260 0.00179884
vn 0.99921823 -0.03944154 0.00270005
vn 0.99913715 -0.04142263 0.00301894
vn 0.99915555 -0.04084722 0.00443797
vn 0.99926263 -0.03814851 0.00434542
vn 0.99920239 -0.03938728 0.00657533
vn 0.99915671 -0.04092433 -0.00332682
vn 0.99913246 -0.04161344 -0.00162879
vn 0.99924623 -0.03870343 -0.00300220
vn 0.99938688 -0.03500317 0.00079627
vn 0.99986888 -0.01553879 -0.00455629
vn 0.99907613 -0.04286533 -0.00307474
vn 0.99922545 -0.03872032 -0.00701661
vn 0.99912471 -0.04174102 -0.00273965
vn 0.99900993 -0.04438594 -0.00300773
vn 0.99886354 -0.04765893 0.00050729
vn 0.99898267 -0.04509331 0.00046729
vn 0.99904035 -0.04327737 -0.00674157
vn 0.99929896 -0.03737253 0.00220997
vn 0.99940296 -0.03447488 -0.00228054
vn 0.99952932 -0.02954047 -0.00827658
vn 0.99956034 -0.02963559 0.00092139
vn 0.99955828 -0.02969717 0.00115315
vn 0.99936398 -0.03553406 -0.00299339
vn 0.99923626 -0.03907522 0.00014099
vn 0.99943913 -0.03347284 0.00099355
vn 0.99936208 -0.03565034 0.00211948
vn 0.99953145 -0.03060775 -0.00022619
vn 0.99931559 -0.03670347 -0.00460550
vn 0.99927522 -0.03771240 -0.00517831
vn 0.99950995 -0.03113311 -0.00325448
vn 0.99951322 -0.03119112 -0.00066250
vn 0.99961353 -0.02777472 -0.00116591
vn 0.99951833 -0.03102542 0.00072356
vn 0.99965539 -0.02614535 -0.00234901
vn 0.99955010 -0.02982201 -0.00320170
vn 0.99949780 -0.03153390 0.00312551
vn 0.99941427 -0.03350836 0.00694971
vn 0.99984500 -0.01757438 0.00106100
vn 0.99960552 -0.02799937 -0.00220018
vn 0.99983194 -0.01815135 -0.00257444
vn 0.99978466 -0.01965617 -0.00665383
vn 0.99983005 -0.01833500 -0.00192328
vn 0.99975728 -0.02156630 -0.00450300
vn 0.99975658 -0.02204017 -0.00100336
vn 0.99969745 -0.02456733 0.00120549
vn 0.99959606 -0.02839233 0.00126198
vn 0.99956945 -0.02933652 0.00053249
vn 0.99939750 -0.03469022 0.00110341
vn 0.99940043 -0.03462199 -0.00030284
vn 0.99929639 -0.03747740 0.00146968
vn 0.99937412 -0.03536994 -0.00057490
vn 0.99939741 -0.03466375 0.00180096
vn 0.99925350 -0.03861652 -0.00109575
vn 0.99932447 -0.03672076 -0.00148116
vn 0.99941167 -0.03428752 -0.00082297
vn 0.99937025 -0.03548393 -0.00001703
vn 0.99930753 -0.03714162 -0.00222609
vn 0.99967636 -0.02541921 0.00102113
vn 0.99961010 -0.02783892 0.00215414
vn 0.99979641 -0.02011095 0.00164138
vn 0.99975738 -0.02202299 0.00040624
vn 0.99984765 -0.01742419 0.00103442
vn 0.99987413 -0.01586064 0.00040526
vn 0.99988736 -0.01492273 0.00160361
vn 0.99931410 -0.03677235 0.00437270
vn 0.99947015 -0.03220058 0.00474697
vn 0.99940879 -0.03394876 0.00543632
vn 0.99951836 -0.02871747 0.01176256
vn 0.99961266 -0.02523122 0.01174387
vn 0.99975409 -0.01361052 0.01750772
vn 0.99990308 -0.00088180 0.01389438
vn 0.99949373 -0.03026139 0.00982549
vn 0.99995220 -0.00854755 0.00474685
vn 0.99945601 -0.03278939 0.00354014
vn 0.99925276 -0.03719806 0.01049851
vn 0.99961338 -0.02779902 0.00055617
vn 0.99937899 -0.03508854 0.00322848
vn 0.99938771 -0.03498826 0.00014459
vn 0.99908293 -0.04280948 -0.00080501
vn 0.99921584 -0.03958516 -0.00084397
vn 0.99898340 -0.04505828 -0.00138342
vn 0.99107346 -0.13331435 -0.00083004
vn 0.99991257 -0.00559400 0.01198124
vn 0.99986326 -0.00412995 0.01601246
vn 0.99992480 -0.00317155 0.01184609
vn 0.99996656 -0.00560650 0.00595287
vn 0.99991606 -0.00136067 0.01288530
vn 0.99997659 -0.00635315 -0.00253921
vn 0.99997868 -0.00649884 0.00063523
vn 0.99999909 0.00114705 0.00070378
vn 0.99999523 0.00219270 0.00217427
vn 0.99995533 -0.00920659 0.00213732
vn 0.99998310 -0.00559394 0.00158629
vn 0.99994211 -0.01075295 0.00037582
vn 0.99994893 -0.00989766 -0.00204208
vn 0.99987498 -0.01562906 -0.00239945
vn 0.99995078 -0.00972626 0.00195676
vn 0.99989014 -0.01438057 -0.00359243
vn 0.99996082 -0.00710096 0.00528458
vn 0.99998006 -0.00600187 -0.00196468
vn 0.99998437 -0.00442503 -0.00341630
vn 0.99999546 0.00023698 -0.00300270
vn 0.99998708 -0.00420941 0.00284911
vn 0.99998895 -0.00096568 0.00460101
vn 0.99998158 -0.00265054 0.00545962
vn 0.99996518 -0.00625310 0.00552604
vn 0.99999341 -0.00121693 0.00342089
vn 0.99999728 0.00214867 -0.00090309
vn 0.99999664 0.00076549 0.00247615
vn 0.99998902 0.00222123 -0.00412521
vn 0.99998522 0.00252774 -0.00481367
vn 0.99998710 -0.00081510 -0.00501352
vn 0.99997494 -0.00009691 -0.00707862
vn 0.99997116 -0.00375296 0.00660258
vn 0.99994347 0.01017392 -0.00308922
vn 0.99997784 -0.00105002 0.00657394
vn 0.99998039 0.00625859 0.00020336
vn 0.99996521 0.00353178 -0.00755633
vn 0.99996184 0.00782090 -0.00389172
vn 0.99997079 -0.00755809 -0.00113469
vn 0.99996879 -0.00459209 -0.00642870
vn 0.99997222 0.00382898 -0.00639534
vn 0.99998127 0.00600612 0.00117473
vn 0.99999292 0.00163455 -0.00338811
vn 0.99997939 -0.00591312 0.00249907
vn 0.99999736 0.00034440 0.00227060
vn 0.99997207 0.00440721 0.00603617
vn 0.99995487 0.00548093 0.00775953
vn 0.99997669 -0.00094793 0.00676189
vn 0.99996485 -0.00399645 0.00737098
vn 0.99999369 0.00127395 0.00331632
vn 0.99980327 -0.01975065 0.00182645
vn 0.99974128 -0.02078613 0.00923662
vn 0.99978241 -0.01790983 0.01069434
vn 0.99998156 -0.00526750 0.00302184
vn 0.99992412 -0.01204172 -0.00259977
vn 0.99998429 -0.00554603 -0.00081793
vn 0.99999795 -0.00202335 -0.00004095
vn 0.99999053 0.00357365 0.00248362
vn 0.99996007 0.00029001 -0.00893134
vn 0.99998522 0.00238250 0.00488691
vn 0.99998113 -0.00614344 -0.00008308
vn 0.99999024 -0.00323597 0.00300702
vn 0.99998280 0.00115603 0.00575054
vn 0.99999844 0.00009662 0.00176095
vn 0.99999652 0.00059884 -0.00256912
vn 0.99997764 -0.00363044 -0.00561669
vn 0.99994965 0.00803491 0.00601122
vn 0.99991676 -0.00483103 0.01196372
vn 0.99979080 -0.00156865 0.02039352
vn 0.99998797 -0.00350855 0.00342757
vn 0.99996592 -0.00783132 0.00261498
vn 0.99966338 0.00827650 0.02458923
vn 0.99996057 0.00729346 -0.00506583
vn 0.99990355 0.00716818 -0.01189600
vn 0.99998247 0.00103360 -0.00583021
vn 0.99996479 -0.00810261 -0.00218511
vn 0.99995350 0.00914824 -0.00305147
vn 0.99994996 0.00958751 0.00285513
vn 0.99938179 -0.03501892 -0.00311540
vn 0.99950799 -0.03091293 0.00530825
vn 0.99900348 -0.04414003 0.00661101
vn 0.99958198 -0.02881391 -0.00236985
vn 0.99914326 -0.04128379 -0.00289899
vn 0.99940562 -0.03413680 -0.00480540
vn 0.99914850 -0.04088539 -0.00553678
vn 0.99907348 -0.04255779 -0.00640492
vn 0.99917769 -0.04054360 -0.00040138
vn 0.99874551 -0.04938564 -0.00827382
vn 0.99933393 -0.03331762 -0.01488731
vn 0.99884213 -0.04599541 -0.01410075
vn 0.99973380 -0.02306850 0.00042434
vn 0.99971791 -0.02124879 0.01061063
vn 0.99987390 -0.01499697 0.00522221
vn 0.99993395 -0.00466265 -0.01050463
vn 0.99934798 -0.03610333 -0.00041265
vn 0.99926275 -0.03796318 -0.00572356
vn 0.99920270 -0.03938032 -0.00656891
vn 0.99912222 -0.04133847 -0.00677614
vn 0.99932051 -0.03682882 -0.00146502
vn 0.99944083 -0.03330345 -0.00298418
vn 0.99943739 -0.03349874 -0.00165235
vn 0.99960237 -0.02811519 -0.00215577
vn 0.99962028 -0.02755359 0.00031397
vn 0.99975065 -0.02204231 -0.00357416
vn 0.99953420 -0.03041854 -0.00246867
vn 0.99977430 -0.02097431 -0.00338016
vn 0.99993826 -0.01087289 -0.00229448
vn 0.99985962 -0.01576840 -0.00566535
vn 0.99960280 -0.02817159 -0.00077304
vn 0.99972734 -0.02211005 -0.00750981
vn 0.99999268 -0.00338520 -0.00178214
vn 0.99999107 0.00257317 -0.00335203
vn 0.99938144 -0.02979665 -0.01867860
vn 0.99976070 -0.01296833 -0.01761730
vn 0.99992004 -0.00300634 -0.01228285
vn 0.99926911 -0.03748186 -0.00750640
vn 0.99933535 -0.03643850 0.00104740
vn 0.99943525 -0.03358930 -0.00096994
vn 0.99939900 -0.03461400 0.00187395
vn 0.99944533 -0.03328381 0.00110861
vn 0.99933483 -0.03637492 0.00260151
vn 0.99946429 -0.03244463 0.00429805
vn 0.99938723 -0.03500087 0.00032983
vn 0.99962549 -0.02657157 -0.00654390
vn 0.99948589 -0.03204865 0.00091459
vn 0.99950478 -0.03142193 -0.00169180
vn 0.99972023 -0.02360216 -0.00155160
vn 0.99961673 -0.02725762 -0.00483900
vn 0.99967808 -0.02524572 -0.00252756
vn 0.99966674 -0.02345626 -0.01077989
vn 0.99971648 -0.02016569 -0.01266120
vn 0.99946557 -0.03191741 -0.00706072
vn 0.99943487 -0.03356533 -0.00181951
vn 0.99933341 -0.03601971 -0.00594344
vn 0.99951061 -0.03119276 0.00235822
vn 0.99985288 -0.01646526 -0.00480834
vn 0.99997283 -0.00693259 -0.00250764
vn 0.99993571 -0.00966212 -0.00593462
vn 0.99978197 -0.02018530 -0.00534396
vn 0.99975188 -0.02179156 -0.00461493
vn 0.99978211 -0.01987249 -0.00638924
vn 0.99988147 -0.01425655 -0.00581416
vn 0.99974248 -0.02154099 -0.00713835
vn 0.99981321 -0.01745858 -0.00829124
vn 0.99993275 -0.00802027 -0.00837661
vn 0.99968246 -0.02499833 -0.00317225
vn 0.99976252 -0.02111639 -0.00538516
vn 0.99975407 -0.02162610 -0.00491083
vn 0.99974586 -0.02117410 -0.00773773
vn 0.99953533 -0.03015720 -0.00443468
vn 0.99975336 -0.02188496 -0.00377649
vn 0.99976969 -0.01784036 -0.01192878
vn 0.99998745 -0.00392106 -0.00311846
vn 0.99996540 -0.00594157 -0.00582137
vn 0.99990645 -0.00985973 -0.00947995
vn 0.99999901 -0.00069947 -0.00122408
vn 0.99989584 0.01443192 -0.00014006
vn 0.99988729 0.01080236 -0.01042654
vn 0.99987374 0.01437610 -0.00677066
vn 0.99992478 0.01225817 -0.00040221
vn 0.99998396 -0.00562692 0.00064021
vn 0.99996267 -0.00488864 -0.00712525
vn 0.99990117 -0.01404788 -0.00054543
vn 0.99995022 -0.00811053 0.00581171
vn 0.99986798 -0.01624831 0.00011587
vn 0.99985831 -0.01635342 0.00399168
vn 0.99994629 -0.01021806 -0.00173620
vn 0.99989622 -0.01356122 -0.00486178
vn 0.99994528 -0.01031787 0.00172399
vn 0.99995873 -0.00541597 0.00729474
vn 0.99999820 0.00139648 0.00128750
vn 0.99991976 -0.00485685 0.01169973
vn 0.99990609 -0.01031959 0.00901782
vn 0.99998934 -0.00312299 0.00340131
vn 0.99997401 -0.00695113 0.00191405
vn 0.99996115 -0.00666823 0.00576425
vn 0.99998226 -0.00572616 0.00164303
vn 0.99996125 -0.00859134 0.00192278
vn 0.99998597 0.00170629 0.00501514
vn 0.99998370 -0.00522438 0.00230274
vn 0.99998584 0.00484309 0.00220715
vn 0.99998379 0.00564987 0.00070746
vn 0.99999190 0.00365783 -0.00167825
vn 0.99999872 -0.00066199 -0.00145733
vn 0.99999880 0.00002551 -0.00154961
vn 0.99999796 0.00018592 0.00201096
vn 0.99999679 -0.00184483 -0.00173783
vn 0.99998767 -0.00487310 -0.00095813
vn 0.99998819 0.00311202 -0.00373232
vn 0.99998368 -0.00501934 0.00273037
vn 0.99993728 -0.01116659 -0.00085739
vn 0.99998558 -0.00454647 -0.00285793
vn 0.99995469 -0.00828203 0.00469359
vn 0.99994858 -0.00949252 0.00356920
vn 0.99991992 -0.01247546 0.00212634
vn 0.99999923 -0.00070661 0.00102139
vn 0.99997302 -0.00734269 -0.00021712
vn 0.99999435 -0.00245904 -0.00229282
vn 0.99992929 -0.01183253 0.00118194
vn 0.99985227 -0.01717918 -0.00055414
vn 0.99995097 -0.00950314 -0.00278434
vn 0.99986086 -0.01287344 -0.01060872
vn 0.99982861 -0.01148306 -0.01452187
vn 0.96220074 -0.00815444 -0.27221910
vn 0.99992816 0.00065640 -0.01196870
vn 0.99762318 -0.01305550 -0.06765755
vn 0.99995930 -0.00830683 -0.00352200
vn 0.99988279 -0.01504355 -0.00284588
vn 0.99987630 -0.01342946 -0.00818721
vn 0.99997298 -0.00664794 -0.00313739
vn 0.99996851 -0.00632432 -0.00479436
vn 0.99997213 -0.00713477 -0.00219727
vn 0.99999830 0.00170445 -0.00069856
vn 0.99995212 -0.00192104 -0.00959487
vn 0.99998693 0.00509752 -0.00038744
vn 0.99992313 0.00369588 -0.01183538
vn 0.99996375 0.00714220 -0.00463582
vn 0.99997117 0.00724469 0.00227375
vn 0.99994625 0.00994671 -0.00292575
vn 0.99998272 0.00523072 0.00268479
vn 0.99994107 0.01043121 -0.00300616
vn 0.99989881 0.01214511 -0.00740751
vn 0.99996491 0.00717231 -0.00432789
vn 0.99998106 0.00570877 -0.00229902
vn 0.99992167 0.01230778 -0.00227488
vn 0.99986489 0.01435600 -0.00800644
vn 0.99992658 0.01208868 -0.00083252
vn 0.99995160 0.00979938 -0.00087476
vn 0.99926769 0.03826132 0.00040191
vn 0.99958274 0.02887568 -0.00073453
vn 0.99955617 0.02926632 -0.00556295
vn 0.99910566 0.04226708 -0.00117590
vn 0.99952381 0.03080932 -0.00171557
vn 0.99888061 0.04716076 -0.00365992
vn 0.99922586 0.03911371 -0.00421771
vn 0.99961905 0.02650715 -0.00768877
vn 0.99967408 0.02397950 -0.00875870
vn 0.99907121 0.04260293 -0.00645836
vn 0.99975295 0.01912613 -0.01132357
vn 0.99923730 0.03770134 -0.01016999
vn 0.99985182 0.01481393 -0.00876870
vn 0.99992131 0.01243467 -0.00165791
vn 0.99924709 0.03876432 -0.00160484
vn 0.99996641 0.00531990 -0.00623580
vn 0.99994996 0.00899109 -0.00438533
vn 0.99991767 0.01237663 -0.00338837
vn 0.99998279 -0.00358973 -0.00464027
vn 0.99998920 -0.00168321 -0.00433226
vn 0.99997171 -0.00087874 0.00746974
vn 0.99999112 -0.00105243 -0.00408017
vn 0.99996130 0.00426476 0.00769518
vn 0.99999815 0.00188188 -0.00040956
vn 0.99999832 -0.00073389 0.00167692
vn 0.99999612 -0.00144902 -0.00237861
vn 0.99995803 0.00910918 -0.00098373
vn 0.99999686 -0.00216852 -0.00125622
vn 0.99998286 0.00583691 -0.00045945
vn 0.99999552 0.00265134 0.00138734
vn 0.99999960 0.00055498 0.00070124
vn 0.99986080 0.00367586 -0.01627465
vn 0.99992756 -0.00258279 -0.01175609
vn 0.99990805 0.00949710 -0.00968002
vn 0.99990101 -0.00203391 -0.01392254
vn 0.99978159 0.01880209 -0.00912460
vn 0.99999239 0.00007216 0.00389961
vn 0.99996115 -0.00230814 -0.00850707
vn 0.99863902 0.00273776 0.05208266
vn 0.99991200 -0.00515470 -0.01222363
vn 0.99983362 -0.00877010 -0.01599447
vn 0.99974716 -0.00845632 0.02083525
vn 0.99997494 -0.00205353 -0.00677550
vn 0.99985961 -0.01230032 -0.01137805
vn 0.99952873 -0.02442735 -0.01859076
vn 0.99982042 -0.01894738 -0.00035974
vn 0.99992020 -0.01132200 -0.00560476
vn 0.99993346 -0.01093652 -0.00366879
vn 0.99992380 -0.01222069 -0.00174844
vn 0.99525342 -0.01123577 0.09666633
vn 0.99508139 -0.02277590 0.09640687
vn 0.99741451 0.00855124 0.07135243
vn 0.99999748 -0.00220288 -0.00042987
vn 0.99995973 -0.00839478 -0.00317342
vn 0.99997468 -0.00688521 -0.00179788
vn 0.99999684 0.00246935 -0.00046588
vn 0.99998432 0.00396772 0.00395208
vn 0.99999977 -0.00064548 -0.00022394
vn 0.99999751 0.00180145 -0.00131496
vn 0.99998874 -0.00462463 -0.00106389
vn 0.99999664 -0.00159467 -0.00204372
vn 0.99999645 -0.00229591 -0.00135094
vn 0.99999746 0.00045681 -0.00220649
vn 0.99999736 0.00179384 0.00143407
vn 0.99998031 -0.00002126 0.00627561
vn 0.99995524 -0.00468695 0.00821879
vn 0.99998311 -0.00448251 0.00370006
vn 0.99983461 -0.01703260 0.00637446
vn 0.99996371 -0.00576605 0.00627162
vn 0.99982424 -0.01871760 0.00106997
vn 0.99956724 -0.02907333 0.00447999
vn 0.99979536 -0.01993297 0.00345087
vn 0.99959295 -0.02765498 0.00700944
vn 0.99948030 -0.03218145 0.00186529
vn 0.99935750 -0.03577156 0.00223059
vn 0.99924160 -0.03888748 0.00199669
vn 0.99931058 -0.03704213 -0.00250060
vn 0.99953006 -0.03047390 -0.00331621
vn 0.99974285 -0.02156946 -0.00699910
vn 0.99996554 -0.00769929 -0.00310500
vn 0.99985952 -0.00965343 -0.01370212
vn 0.99964487 -0.02541437 -0.00801492
vn 0.99822860 -0.00483774 0.05929803
vn 0.99998638 0.00521703 0.00014552
vn 0.99995953 0.00243666 -0.00866035
vn 0.99999074 0.00272344 -0.00333185
vn 0.99553869 0.00796773 0.09401716
vn 0.99707698 -0.00372388 0.07631272
vn 0.99945222 -0.03265889 -0.00535395
vn 0.99950048 -0.03065279 0.00769432
vn 0.99563024 -0.03576940 0.08626110
vn 0.99931103 -0.03710425 -0.00086179
vn 0.99913521 -0.04136162 -0.00424807
vn 0.99919497 -0.03997227 -0.00341140
vn 0.99924547 -0.03883735 -0.00038534
vn 0.99939622 -0.03472214 -0.00125153
vn 0.99948618 -0.03205042 0.00037111
vn 0.99917929 -0.04048929 -0.00116964
vn 0.99914823 -0.04124709 0.00122475
vn 0.99918221 -0.04042448 0.00088252
vn 0.99958505 -0.02880479 0.00008926
vn 0.99956561 -0.02947182 0.00005959
vn 0.99932385 -0.03366071 -0.01479185
vn 0.99948387 -0.03211687 -0.00070862
vn 0.99957930 -0.02899542 0.00069702
vn 0.99935096 -0.03600626 0.00109613
vn 0.99910104 -0.04211809 0.00481417
vn 0.99905176 -0.04347491 0.00234807
vn 0.99932347 -0.03677356 0.00055515
vn 0.99885176 -0.04658637 0.01117438
vn 0.99885706 -0.04778367 0.00113830
vn 0.99886191 -0.04746882 0.00464759
vn 0.99909845 -0.04232256 0.00333080
vn 0.99902609 -0.04359226 0.00682593
vn 0.99902409 -0.04392175 0.00466269
vn 0.99919425 -0.04013462 0.00025149
vn 0.99616106 -0.08743120 0.00435167
vn 0.99242602 -0.12265014 0.00689467
vn 0.99923568 -0.03888315 0.00402046
vn 0.99919612 -0.04008604 -0.00048011
vn 0.99720397 -0.07465817 -0.00322377
vn 0.99947479 -0.03202298 -0.00496704
vn 0.99931867 -0.03647969 -0.00560552
vn 0.99877631 -0.04552951 0.01931190
vn 0.99902303 -0.04370370 0.00655549
vn 0.99582720 -0.03364952 0.08482868
vn 0.99927806 -0.03311373 -0.01862355
vn 0.99886618 -0.04680094 0.00871971
vn 0.99917210 -0.04043698 -0.00446811
vn 0.94518741 -0.02674555 0.32543115
vn 0.95783854 -0.03102617 0.28562688
vn 0.99815566 -0.03315701 0.05085169
vn 0.98454169 0.00076497 0.17514872
vn 0.98884135 0.02135427 0.14743399
vn 0.99999132 -0.00387423 0.00153591
vn 0.99981990 0.00277497 0.01877417
vn 0.99996056 0.00332517 0.00823508
vn 0.99998004 0.00329916 0.00538782
vn 0.99997158 -0.00021064 0.00753631
vn 0.99999540 0.00171312 0.00250255
vn 0.99999494 -0.00248483 -0.00198856
vn 0.99998882 0.00115541 -0.00458473
vn 0.99995544 -0.00448272 0.00830813
vn 0.99984778 -0.00464805 0.01681673
vn 0.99999049 0.00409984 0.00148797
vn 0.99999474 0.00195434 -0.00258746
vn 0.99997562 0.00506305 -0.00480862
vn 0.99987675 0.00820004 0.01338811
vn 0.99997366 0.00714276 0.00129015
vn 0.99964321 0.01493064 0.02214784
vn 0.99979230 0.00419310 0.01994430
vn 0.99999288 0.00297009 -0.00232613
vn 0.99999791 -0.00204317 -0.00009768
vn 0.99969835 -0.02425944 0.00383279
vn 0.99946650 -0.03250999 0.00313334
vn 0.99930767 -0.03713279 0.00231038
vn 0.99906159 -0.04307573 0.00451974
vn 0.99946854 -0.03259742 -0.00021479
vn 0.99955131 -0.02994742 -0.00058172
vn 0.99936611 -0.03548829 0.00282007
vn 0.99929789 -0.03744258 0.00133256
vn 0.99658937 -0.08240339 0.00439411
vn 0.99947128 -0.03224202 0.00419711
vn 0.99913644 -0.04118526 0.00549036
vn 0.99999740 0.00216905 -0.00070791
vn 0.99991646 0.01282622 -0.00160225
vn 0.99978999 0.01998129 -0.00455336
vn 0.99992736 0.01189076 -0.00197059
vn 0.99982556 0.01861796 0.00149240
vn 0.99998363 0.00501153 0.00276093
vn 0.99979563 0.02013310 0.00183124
vn 0.99999974 0.00010194 0.00070980
vn 0.99987368 0.01523645 0.00452400
vn 0.99999728 0.00159885 0.00169747
vn 0.99995962 0.00869969 0.00225300
vn 0.99999173 0.00396197 0.00091511
vn 0.99999205 0.00392996 0.00067409
vn 0.99990214 0.01353661 -0.00353149
vn 0.99910946 0.04202737 -0.00374099
vn 0.99940281 0.03389138 -0.00673715
vn 0.99831364 0.05776986 -0.00570221
vn 0.99957141 0.02927415 -0.00014497
vn 0.99874633 0.04956158 -0.00703028
vn 0.99812000 0.06121237 -0.00308316
vn 0.99711952 0.07582464 -0.00181234
vn 0.99719928 0.07478020 -0.00122918
vn 0.99835066 0.05740934 0.00034357
vn 0.99724591 0.07412809 0.00237182
vn 0.99773312 0.06729255 -0.00058192
vn 0.99771051 0.06744218 0.00502935
vn 0.99838367 0.05682563 0.00094884
vn 0.99759725 0.06916448 0.00399901
vn 0.99848915 0.05470388 -0.00518758
vn 0.99821457 0.05962178 -0.00359343
vn 0.99878585 0.04888220 -0.00611194
vn 0.99604550 0.08857665 0.00689536
vn 0.99778371 0.06628064 0.00587794
vn 0.99612704 0.08792535 -0.00023768
vn 0.99566739 0.09297073 0.00170055
vn 0.99587757 0.09063897 -0.00352737
vn 0.99539751 0.09565902 -0.00575680
vn 0.99507945 0.09904185 -0.00275749
vn 0.99344099 0.11371353 -0.01200937
vn 0.99660037 0.08202703 -0.00769904
vn 0.99724125 0.07393935 -0.00654646
vn 0.99737847 0.07219720 -0.00487358
vn 0.99767266 0.06803082 -0.00459049
vn 0.99524665 0.09737338 -0.00159161
vn 0.99300335 0.11761778 -0.01050743
vn 0.99384716 0.11074395 0.00189518
vn 0.99170893 0.12839316 -0.00534694
vn 0.99160547 0.12924773 0.00369084
vn 0.99359396 0.11281154 0.00667783
vn 0.99401541 0.10891413 0.00843079
vn 0.99663637 0.08194671 0.00082243
vn 0.99294194 0.11855774 0.00321998
vn 0.99095560 0.13410947 0.00465304
vn 0.99255532 0.12177612 0.00212448
vn 0.99388144 0.11041074 -0.00302422
vn 0.99272722 0.12017616 -0.00709648
vn 0.99678424 0.07999510 -0.00468731
vn 0.99376920 0.11145745 -0.00006924
vn 0.99559957 0.09359473 -0.00464027
vn 0.99652187 0.08319841 -0.00471012
vn 0.99515375 0.09831600 -0.00172323
vn 0.99471225 0.10258642 -0.00485447
vn 0.99598547 0.08945409 -0.00330176
vn 0.99607996 0.08808718 -0.00808440
vn 0.99656012 0.08242360 -0.00861857
vn 0.99710702 0.07554083 -0.00843640
vn 0.99661997 0.08193846 -0.00589304
vn 0.98959913 0.14381702 -0.00319837
vn 0.99684176 0.07936604 -0.00274439
vn 0.99431347 0.10625977 -0.00704185
vn 0.99613491 0.08750222 -0.00765543
vn 0.99524438 0.09634277 -0.01437720
vn 0.98489606 0.17314132 -0.00135506
vn 0.99667295 0.08142060 -0.00370489
vn 0.99730082 0.07337443 -0.00269627
vn 0.99792829 0.06420626 -0.00408374
vn 0.99851294 0.05449464 -0.00149628
vn 0.99817066 0.06044561 -0.00129110
vn 0.99683919 0.07932529 -0.00437354
vn 0.99775370 0.06683994 -0.00447033
vn 0.99916965 0.04071290 -0.00156936
vn 0.99921605 0.03954415 -0.00188338
vn 0.99737423 0.07241612 0.00073700
vn 0.99771473 0.06737659 0.00507065
vn 0.99925673 0.03853608 -0.00097489
vn 0.99930144 0.03554092 -0.01155287
vn 0.99823436 0.05734727 -0.01547413
vn 0.99922107 0.03488666 -0.01844396
vn 0.99709032 0.07421211 -0.01742017
vn 0.99660671 0.08145011 -0.01187173
vn 0.99854887 0.05382144 -0.00184640
vn 0.99530384 0.09535529 -0.01666240
vn 0.99294730 0.11853107 -0.00245877
vn 0.99538680 0.06996140 0.06565459
vn 0.97033543 0.10040005 0.21992951
vn 0.99603793 0.08860633 -0.00757367
vn 0.99555420 0.09418974 -0.00036375
vn 0.99496996 0.09993845 0.00686159
vn 0.99413095 0.10817271 0.00152161
vn 0.99681101 0.07966941 0.00453914
vn 0.99511372 0.09855709 0.00593234
vn 0.99040670 0.13768445 0.01172895
vn 0.99227706 0.12402646 0.00191679
vn 0.99290200 0.11885583 -0.00434975
vn 0.99464468 0.10301284 -0.00838520
vn 0.99823017 0.05872736 -0.00936037
vn 0.99917905 0.03828937 -0.01323437
vn 0.99873983 0.04705644 0.01744823
vn 0.99951207 0.02683875 -0.01597831
vn 0.99989594 0.00547839 -0.01334521
vn 0.99885760 0.02503812 -0.04070120
vn 0.98297849 0.00837325 -0.18352979
vn 0.99863122 0.04612530 0.02466067
vn 0.99985088 0.01712891 -0.00219622
vn 0.99997604 0.00686673 0.00087887
vn 0.99994606 0.00888792 -0.00537455
vn 0.99985049 0.00387039 -0.01685267
vn 0.99991130 0.00664782 -0.01154134
vn 0.99959633 0.00144784 -0.02837394
vn 0.99934039 -0.00724235 -0.03558572
vn 0.99948721 0.02725204 0.01681193
vn 0.99993791 0.00542864 -0.00973155
vn 0.99998470 0.00475595 -0.00282441
vn 0.99997630 -0.00147803 -0.00672492
vn 0.99992366 -0.00991102 -0.00737932
vn 0.99992594 -0.00688520 -0.01003552
vn 0.98215603 -0.02110283 -0.18688017
vn 0.99990377 -0.00604807 -0.01248515
vn 0.97156982 0.01103821 -0.23649578
vn 0.99995801 -0.00903434 0.00153790
vn 0.99995405 0.00851396 -0.00440469
vn 0.99995883 0.00828171 0.00370788
vn 0.99999262 0.00199732 0.00328187
vn 0.99999873 -0.00157379 0.00023975
vn 0.99997811 0.00548806 0.00369581
vn 0.99999851 0.00143468 0.00095657
vn 0.99999319 -0.00186063 -0.00318744
vn 0.99981135 -0.00698032 -0.01812563
vn 0.99638766 -0.00783591 -0.08455909
vn 0.99917308 -0.01778053 -0.03656514
vn 0.99979872 -0.01930237 -0.00547203
vn 0.99972335 -0.02159056 -0.00933074
vn 0.93704617 -0.01533678 -0.34886854
vn 0.99902295 -0.01691004 -0.04083130
vn 0.99947725 -0.03134176 -0.00793219
vn 0.99163928 -0.03009171 -0.12548315
vn 0.97681154 -0.02780597 -0.21228765
vn 0.98391787 -0.02563700 -0.17677206
vn 0.99920070 -0.03990872 0.00229225
vn 0.99940903 -0.03430388 0.00220000
vn 0.99979869 -0.01866188 -0.00736981
vn 0.99996910 -0.00731842 0.00287046
vn 0.99998629 -0.00517895 0.00077549
vn 0.99990007 0.01154141 -0.00816377
vn 0.99997445 -0.00676883 0.00229788
vn 0.99989386 -0.01455177 -0.00072000
vn 0.99989328 -0.01406127 -0.00396370
vn 0.99999139 0.00358365 0.00209457
vn 0.99998761 0.00190712 0.00459774
vn 0.99982198 -0.00198067 0.01876401
vn 0.99998164 -0.00364779 -0.00483904
vn 0.99999171 -0.00079632 -0.00399344
vn 0.99994589 -0.00958440 -0.00404409
vn 0.99988899 -0.01357721 -0.00613704
vn 0.99969749 -0.02361793 0.00686415
vn 0.99978443 -0.01989073 0.00595367
vn 0.99981702 -0.01748430 0.00776099
vn 0.99977569 -0.01936606 0.00857510
vn 0.99986035 -0.01669016 0.00084333
vn 0.99985603 -0.01575504 0.00630035
vn 0.99989870 0.00311937 0.01388733
vn 0.99997743 -0.00118821 0.00661279
vn 0.99917723 0.03956088 0.00893258
vn 0.99949843 0.02942125 0.01171636
vn 0.99944445 0.03322383 0.00264134
vn 0.99940937 0.03436317 -0.00028364
vn 0.99922381 0.03909334 0.00484730
vn 0.99921034 0.03970368 0.00151919
vn 0.99974985 0.02236507 0.00020882
vn 0.99970089 0.02444229 -0.00083675
vn 0.99977371 0.01079242 -0.01833175
vn 0.99903791 0.04382427 0.00163964
vn 0.99847594 0.05518832 0.00022924
vn 0.99819275 0.05935056 0.00942058
vn 0.99826816 0.05881716 0.00110671
vn 0.99088380 0.13470662 -0.00184834
vn 0.99955476 -0.02927977 -0.00574295
vn 0.99999432 -0.00153353 0.00300093
vn 0.99034370 0.13860056 0.00304117
vn 0.99290158 0.11877404 0.00625882
vn 0.99657713 0.08184259 0.01165439
vn 0.99520207 0.09783193 0.00132456
vn 0.99998054 0.00533462 0.00323539
vn 0.99969793 0.00715961 0.02351135
vn 0.99895243 0.00293459 -0.04566652
vn 0.98822542 -0.00276760 -0.15297995
vn 0.99986278 0.00774778 -0.01464238
vn 0.95820062 -0.00507492 -0.28605212
vn 0.99472269 0.02660286 0.09909117
vn 0.99562298 0.03692232 0.08585818
vn 0.99827897 -0.00302400 0.05856582
vn 0.99950296 0.00153440 0.03148779
vn 0.99988506 0.00696328 0.01346772
vn 0.99940991 0.00634853 0.03375684
vn 0.99987771 0.01541037 0.00266342
vn 0.99983714 0.01158522 -0.01383782
vn 0.97683343 0.00321872 -0.21397684
vn 0.99784702 0.01966547 -0.06256676
vn 0.99701840 -0.01640867 -0.07539937
vn 0.95365737 -0.03023473 0.29937182
vn 0.99151099 0.06141483 -0.11460447
vn 0.98791340 -0.01707052 -0.15406396
vn 0.94616974 -0.02152064 0.32295461
vn 0.96658112 -0.00000466 0.25636095
vn 0.96926929 0.00390632 0.24597109
vn 0.99722547 0.07381901 0.00959798
vn 0.99678948 0.07982496 0.00622167
vn 0.99890965 0.04589804 -0.00853661
vn 0.99503062 0.04826460 -0.08708960
vn 0.99880393 0.04879028 -0.00319594
vn 0.99646178 0.08352265 0.00937482
vn 0.99612939 0.08788597 -0.00151440
vn 0.99620428 0.08704396 -0.00062118
vn 0.99110964 0.13296049 0.00481477
vn 0.99836527 0.05690054 0.00539664
vn 0.99709967 0.07608950 -0.00162266
vn 0.99740606 0.07191316 0.00310507
vn 0.99628937 0.08606239 -0.00086866
vn 0.99668833 0.08130002 -0.00163754
vn 0.98852725 0.12562243 0.08386233
vn 0.99095100 -0.01805293 -0.13300452
vn 0.97765811 -0.04763821 -0.20473207
vn 0.98354012 0.03665225 -0.17693343
vn 0.95061760 0.00997021 0.31020439
vn 0.99459325 -0.02189581 0.10151276
vn 0.99133241 -0.13042730 -0.01577239
vn 0.99009266 -0.05509323 -0.12915596
vn 0.99477793 -0.02728608 0.09834809
vn 0.98152379 -0.03178362 0.18868189
vn 0.99045537 -0.00543269 -0.13772673
vn 0.97789155 0.18695432 0.09368135
vn 0.99238771 -0.05414853 -0.11061000
vn 0.99325403 -0.00165738 -0.11594691
vn 0.99198845 -0.12631898 0.00155743
vn 0.99031500 0.13882468 0.00197750
vn 0.99338571 0.11482502 -0.00021011
vn 0.98535616 -0.17023591 0.00964251
vn 0.94559783 0.03939935 0.32294338
vn 0.95058589 -0.01308949 0.31018564
vn 0.99033976 -0.13859760 0.00422613
vn 0.98867688 -0.14999191 0.00452205
vn 0.98904318 0.14724315 -0.01063258
vn 0.98871407 0.14981004 -0.00119691
vn 0.98036343 0.01102811 0.19689065
vn 0.97622047 0.00601209 0.21669667
vn 0.95502376 0.22655378 0.19131911
vn 0.98622090 0.01019057 0.16511959
vn 0.98247740 -0.18636512 0.00248795
vn 0.98204152 -0.18858422 -0.00551742
vn 0.98214616 -0.18801508 -0.00626478
vn 0.91916638 0.05755404 0.38964175
vn 0.95301793 0.02413139 0.30195115
vn 0.98161713 -0.00397715 -0.19081924
vn 0.96980244 0.06487077 -0.23510639
vn 0.93908202 -0.32308539 -0.11722116
vn 0.90935102 -0.05581261 0.41226894
vn 0.88156538 -0.00186134 0.47205828
vn 0.96652887 -0.03006747 0.25478990
vn 0.97619489 -0.21689512 0.00022084
vn 0.97826170 -0.20720037 -0.00848789
vn 0.97850727 -0.20604684 -0.00825980
vn 0.97746287 -0.21088479 0.00969226
vn 0.97321267 -0.22983203 -0.00585969
vn 0.97225338 -0.23389972 -0.00377933
vn 0.97466411 0.22301415 0.01716278
vn 0.96978894 -0.24392641 -0.00305283
vn 0.93693049 -0.03122150 -0.34811847
vn 0.96608751 0.01916274 0.25750284
vn 0.93416443 0.00635676 -0.35678622
vn 0.94341281 -0.02750678 -0.33047790
vn 0.94168716 0.01704382 -0.33605774
vn 0.92590546 -0.01514507 -0.37745159
vn 0.93351492 0.12329833 0.33667109
vn 0.91097543 0.04771398 -0.40969152
vn 0.87620284 0.00637804 -0.48190030
vn 0.93731623 0.00300354 -0.34846701
vn 0.96127402 -0.03219045 0.27370794
vn 0.81587199 0.00944175 0.57815548
vn 0.92509559 -0.03241868 -0.37834796
vn 0.82320909 0.02892297 0.56700110
vn 0.93069104 0.30235557 0.20590117
vn 0.90293914 0.01541662 0.42949183
vn 0.90556144 0.01471104 0.42395998
vn 0.88186901 -0.00622378 0.47145340
vn 0.82879674 0.04939768 0.55736508
vn 0.80395021 0.01127694 0.59458969
vn 0.80095735 -0.00236120 0.59871675
vn 0.85838457 0.01257091 -0.51285271
vn 0.84229465 -0.01579099 -0.53878602
vn 0.87689772 -0.00957453 0.48058165
vn 0.85042847 -0.00168635 0.52608799
vn 0.69514467 -0.03867268 0.71782889
vn 0.83139987 -0.02302037 0.55519755
vn 0.80199212 -0.00868372 -0.59727149
vn 0.79235294 -0.60312027 -0.09177558
vn 0.79827002 0.03750031 0.60113118
vn 0.73814696 0.04274715 0.67328430
vn 0.75223736 -0.00580914 0.65886661
vn 0.77208291 -0.01178544 -0.63541253
vn 0.74861491 0.00339451 0.66299637
vn 0.74868912 -0.00871195 0.66286401
vn 0.73446592 0.00542744 0.67862387
vn 0.71169422 0.00159628 0.70248757
vn 0.69412787 0.01007078 0.71978127
vn 0.69385085 0.01913016 0.71986459
vn 0.68173352 0.02011799 0.73132392
vn 0.81119310 -0.17141576 -0.55909068
vn -0.99999518 -0.00232684 0.00205358
vn -0.99999205 -0.00395792 -0.00049378
vn -0.99998933 -0.00458657 0.00055028
vn -0.99993090 -0.01166631 -0.00144622
vn -0.99999871 -0.00159483 -0.00018287
vn -0.99999848 0.00171250 0.00033848
vn -0.99999371 -0.00309189 0.00173953
vn -0.99993334 -0.01076106 0.00418490
vn -0.99999723 0.00226709 0.00062848
vn -0.99999611 0.00184151 -0.00209711
vn -0.99998172 -0.00529217 -0.00292471
vn -0.99996553 -0.00303140 -0.00773033
vn -0.99999156 -0.00068849 -0.00405082
vn -0.99994278 -0.01037915 -0.00259205
vn -0.99999570 -0.00280810 -0.00084306
vn -0.99995919 -0.00818362 0.00382600
vn -0.99999653 0.00228683 -0.00130636
vn -0.99998599 -0.00465013 0.00252813
vn -0.99999173 -0.00277523 0.00297215
vn -0.99998374 -0.00119810 0.00557534
vn -0.99999887 0.00068740 -0.00133330
vn -0.99999619 -0.00006263 -0.00276114
vn -0.99996676 0.00815233 0.00009768
vn -0.99991827 0.01208148 0.00418139
vn -0.99988271 0.01433119 0.00540122
vn -0.99979013 0.02041756 -0.00167943
vn -0.99985060 0.01686432 -0.00378977
vn -0.99997758 -0.00208894 -0.00636173
vn -0.99978828 0.02048144 0.00197493
vn -0.99972786 0.02322021 -0.00224009
vn -0.99997691 -0.00207006 -0.00647301
vn -0.99986325 0.01631143 -0.00272385
vn -0.99946252 0.03278155 -0.00020219
vn -0.99906452 0.04323140 0.00105879
vn -0.99929193 0.03753857 0.00254736
vn -0.99933474 0.03642354 0.00184590
vn -0.99949536 0.03166162 0.00256170
vn -0.99920484 0.03987010 -0.00025170
vn -0.99882514 0.04843302 0.00160544
vn -0.99869982 0.05097695 0.00013830
vn -0.99870684 0.05079523 -0.00211884
vn -0.99984512 0.01722004 -0.00363467
vn -0.99955656 0.02963886 -0.00286770
vn -0.99971922 0.02258293 -0.00717522
vn -0.99989571 0.01367602 -0.00464106
vn -0.99995481 0.00942221 -0.00126508
vn -0.99996115 0.00827138 -0.00304525
vn -0.99983199 0.01739951 -0.00576648
vn -0.99945989 0.03284240 -0.00114600
vn -0.99998843 0.00477974 0.00054235
vn -0.99997484 0.00686099 0.00180369
vn -0.99999568 0.00272813 -0.00109521
vn -0.99998927 0.00448014 0.00117919
vn -0.99999176 0.00156362 -0.00374637
vn -0.99996590 0.00790092 -0.00240276
vn -0.99999878 0.00068093 -0.00140593
vn -0.99999418 0.00329952 -0.00086490
vn -0.99994383 0.01059788 0.00011909
vn -0.99999093 0.00375166 -0.00201608
vn -0.99999848 -0.00163764 -0.00060175
vn -0.99999862 -0.00006206 -0.00166203
vn -0.99984004 0.01768076 -0.00269891
vn -0.99928880 0.03770699 -0.00029492
vn -0.99999739 0.00069610 -0.00217773
vn -0.99921824 0.03864876 0.00831768
vn -0.99901227 0.04425844 -0.00396033
vn -0.99999702 0.00213451 -0.00118461
vn -0.99998837 0.00315590 -0.00364702
vn -0.99998640 0.00499998 -0.00148516
vn -0.99997569 0.00661349 -0.00220718
vn -0.99999702 0.00176461 -0.00168411
vn -0.99999581 0.00222338 -0.00185501
vn -0.99999974 -0.00041545 -0.00059741
vn -0.99999748 -0.00106941 -0.00197421
vn -0.99999827 -0.00116030 -0.00145635
vn -0.99999326 -0.00310858 -0.00195290
vn -0.99991886 -0.01002046 -0.00786544
vn -0.99995795 -0.00900749 -0.00172096
vn -0.99999420 -0.00216333 0.00262903
vn -0.99999525 -0.00208592 0.00227110
vn -0.99999621 -0.00273402 0.00033604
vn -0.99995632 -0.00695525 0.00624306
vn -0.99996443 -0.00646891 0.00541131
vn -0.99992004 -0.01164769 -0.00492439
vn -0.99995388 -0.00960326 0.00010102
vn -0.99991966 -0.01183862 0.00453086
vn -0.99988453 -0.01348539 -0.00700554
vn -0.99993680 -0.00987853 -0.00536736
vn -0.99995182 -0.00946196 -0.00261392
vn -0.99997733 -0.00266932 -0.00618199
vn -0.99999172 -0.00406754 -0.00014030
vn -0.99995521 -0.00787753 -0.00524536
vn -0.99999140 -0.00414423 0.00017338
vn -0.99990775 -0.01283830 -0.00443436
vn -0.99993339 -0.01154079 -0.00013939
vn -0.99998615 -0.00472403 -0.00231881
vn -0.99999059 -0.00410452 0.00140716
vn -0.99999804 0.00159977 -0.00116901
vn -0.99997620 0.00685641 -0.00077143
vn -0.99995159 0.00824351 -0.00537292
vn -0.99999966 -0.00053035 0.00063828
vn -0.99996349 -0.00853872 0.00034440
vn -0.99996553 -0.00760408 0.00333387
vn -0.99991735 -0.01259913 0.00256183
vn -0.99993008 -0.01180114 0.00075990
vn -0.99998789 -0.00409768 0.00272562
vn -0.99997465 -0.00707400 0.00081384
vn -0.99997256 -0.00702742 0.00234365
vn -0.99993797 -0.01112893 -0.00045140
vn -0.99999466 0.00306007 0.00114819
vn -0.99997820 0.00377228 -0.00541989
vn -0.99999263 0.00153364 0.00351840
vn -0.99999568 0.00189564 0.00224842
vn -0.99991268 0.01226732 -0.00491412
vn -0.99999299 0.00287539 0.00239934
vn -0.99999413 0.00243097 -0.00241607
vn -0.99994050 -0.00837975 -0.00698391
vn -0.99998354 0.00223704 -0.00528321
vn -0.99998667 0.00435306 -0.00277734
vn -0.99998884 0.00398669 -0.00253315
vn -0.99997560 0.00670486 -0.00195871
vn -0.99985561 -0.01616422 0.00524129
vn -0.99997964 -0.00467476 0.00434415
vn -0.99994793 -0.00938455 0.00400850
vn -0.99990440 -0.01378597 -0.00106685
vn -0.99997596 -0.00575109 -0.00387460
vn -0.99999012 -0.00101387 -0.00432818
vn -0.99999999 0.00010153 -0.00001518
vn -0.99991489 0.01262486 -0.00329123
vn -0.99994896 0.00889094 -0.00479878
vn -0.99996124 0.00638036 -0.00606714
vn -0.99998557 0.00499079 -0.00198756
vn -0.99965714 0.01197764 0.02328372
vn -0.99991045 0.00677270 0.01154179
vn -0.99985630 0.01695205 -0.00003605
vn -0.99975713 0.02109623 0.00637402
vn -0.99992336 0.01236474 0.00061942
vn -0.99992110 0.01256167 -0.00006714
vn -0.99998608 0.00516053 0.00110005
vn -0.99997987 0.00616760 -0.00148788
vn -0.99998324 0.00530202 0.00232494
vn -0.99997533 0.00702212 -0.00018195
vn -0.99998077 0.00620136 -0.00001278
vn -0.99998504 0.00439125 0.00326224
vn -0.99998169 0.00589646 -0.00135905
vn -0.99996669 0.00765945 -0.00282107
vn -0.99998666 -0.00510372 -0.00078879
vn -0.99999604 -0.00188091 0.00209182
vn -0.99998751 -0.00377958 -0.00327084
vn -0.99999787 0.00205251 0.00020916
vn -0.99999597 0.00253761 -0.00127017
vn -0.99992702 0.01047033 0.00602760
vn -0.99995480 0.00698643 0.00644868
vn -0.99994097 0.01086460 -0.00016156
vn -0.99995365 0.00891274 0.00364250
vn -0.99987032 0.01572018 -0.00349602
vn -0.99978974 0.01984373 -0.00516803
vn -0.99980817 0.01952333 0.00157144
vn -0.99994032 0.00969980 0.00502708
vn -0.99989689 0.01433442 -0.00085836
vn -0.99992864 0.01151763 -0.00317032
vn -0.99985271 0.01680973 0.00346390
vn -0.99990857 0.01313038 -0.00323144
vn -0.99978295 0.02083112 -0.00032932
vn -0.99990028 0.01340525 -0.00444216
vn -0.99987405 0.01329198 -0.00867245
vn -0.99995342 0.00965149 0.00000987
vn -0.99997676 0.00634371 -0.00249677
vn -0.99998831 0.00342669 -0.00341087
vn -0.99998587 -0.00139256 -0.00513006
vn -0.99996112 0.00451846 -0.00757223
vn -0.99999388 0.00024465 -0.00348900
vn -0.99996187 0.00820249 -0.00299692
vn -0.99998359 0.00534797 0.00205422
vn -0.99994930 0.00989832 0.00184779
vn -0.99990648 0.01339019 -0.00278041
vn -0.99986773 0.01626386 -0.00011401
vn -0.99995888 0.00796488 0.00433661
vn -0.99999603 0.00237973 0.00150757
vn -0.99999956 0.00022832 0.00091094
vn -0.99992730 0.00962661 0.00726131
vn -0.99994420 0.00076060 0.01053668
vn -0.99998021 -0.00612874 0.00142166
vn -0.99991597 0.01183055 0.00530052
vn -0.99991079 0.01328748 -0.00136269
vn -0.99998762 0.00368142 -0.00334854
vn -0.99993367 -0.00632515 0.00962494
vn -0.99991726 -0.00533845 0.01170363
vn -0.99973106 -0.02313589 -0.00159108
vn -0.99946975 -0.03055584 0.01125000
vn -0.99972684 -0.01958006 0.01276199
vn -0.99978520 -0.01432422 0.01497880
vn -0.99980343 -0.01391476 0.01412356
vn -0.99925812 -0.03673453 0.01156652
vn -0.99930353 -0.03432848 0.01462913
vn -0.99962354 -0.02517037 0.01091968
vn -0.99987170 -0.01591494 -0.00181724
vn -0.99962451 -0.02663204 -0.00644735
vn -0.99985243 -0.00650231 -0.01590084
vn -0.99990380 0.00876411 -0.01075132
vn -0.99984969 0.00492870 -0.01662214
vn -0.99991783 0.00966815 -0.00841745
vn -0.99996281 0.00207936 -0.00836930
vn -0.99991029 0.00268521 -0.01312283
vn -0.99997745 0.00038445 -0.00670502
vn -0.99998665 -0.00188703 -0.00481098
vn -0.99996835 -0.00792963 0.00065524
vn -0.99996697 -0.00758160 -0.00292982
vn -0.99996375 -0.00206566 -0.00825967
vn -0.99993707 -0.00318129 -0.01075788
vn -0.99995038 0.00076588 -0.00993242
vn -0.99994315 -0.00347911 -0.01007918
vn -0.99969749 -0.02034548 -0.01382025
vn -0.99986655 -0.01023744 -0.01273074
vn -0.99977067 -0.01683229 -0.01323947
vn -0.99985989 -0.01524775 -0.00690730
vn -0.99975749 -0.02131833 -0.00552140
vn -0.99984880 -0.01417448 -0.01007280
vn -0.99994372 -0.00809845 -0.00685329
vn -0.99992285 -0.01132925 -0.00509402
vn -0.99944813 -0.03031450 -0.01358213
vn -0.99927483 -0.03350444 -0.01809067
vn -0.99995929 0.00743313 -0.00511461
vn -0.99999973 -0.00000304 0.00073849
vn -0.99996341 -0.00853218 -0.00061367
vn -0.99983761 -0.01658141 0.00705721
vn -0.99994785 -0.00952528 0.00368220
vn -0.99986029 -0.01668152 -0.00106179
vn -0.99990071 -0.01384875 -0.00260387
vn -0.99992141 -0.01078216 -0.00639641
vn -0.99990409 -0.01332007 -0.00379426
vn -0.99987454 -0.01182007 -0.01054501
vn -0.99988348 -0.01171420 -0.00978762
vn -0.99997759 -0.00529344 -0.00409867
vn -0.99993650 -0.01069291 -0.00355774
vn -0.99998387 -0.00266047 -0.00501819
vn -0.99993481 -0.00893189 -0.00711325
vn -0.99990990 -0.01218824 -0.00562561
vn -0.99995067 -0.00966658 -0.00228371
vn -0.99998958 -0.00113967 -0.00442031
vn -0.99996938 -0.00748791 -0.00227291
vn -0.99998965 -0.00438356 0.00122212
vn -0.99999238 -0.00048287 0.00387331
vn -0.99999073 -0.00120308 -0.00413402
vn -0.99999633 0.00265058 0.00055406
vn -0.99999332 -0.00365515 0.00004578
vn -0.99987384 -0.01582608 -0.00135922
vn -0.99997786 -0.00662388 -0.00064159
vn -0.99968864 -0.02493924 0.00080643
vn -0.99965955 -0.02562259 -0.00492513
vn -0.99953329 -0.02742084 -0.01346511
vn -0.99959297 -0.02711548 -0.00886790
vn -0.99992786 -0.01179886 0.00224980
vn -0.99999750 -0.00009597 0.00223501
vn -0.99999809 0.00106820 0.00163530
vn -0.99999062 -0.00302525 -0.00309927
vn -0.99999601 0.00209823 -0.00189077
vn -0.99999097 0.00259785 0.00336298
vn -0.99998562 0.00508243 0.00170993
vn -0.99996899 0.00713239 0.00333879
vn -0.99997631 0.00683939 0.00077043
vn -0.99998762 -0.00266155 -0.00420468
vn -0.99997450 0.00694094 -0.00168204
vn -0.99998078 0.00590891 0.00187587
vn -0.99994831 0.00984077 0.00255635
vn -0.99999899 0.00069585 0.00124043
vn -0.99999364 0.00204840 -0.00292059
vn -0.99998421 0.00480917 -0.00290658
vn -0.99997502 0.00208865 -0.00675201
vn -0.99998469 0.00232695 -0.00502017
vn -0.99997012 0.00608188 0.00477110
vn -0.99998272 -0.00023151 -0.00587369
vn -0.99998680 0.00331281 -0.00392632
vn -0.99999458 0.00291666 -0.00152483
vn -0.99988542 -0.01512336 0.00065231
vn -0.99998844 -0.00358847 0.00320165
vn -0.99987892 -0.01444305 0.00579195
vn -0.99990192 -0.01165053 0.00777310
vn -0.99997332 -0.00721439 0.00114162
vn -0.99998349 -0.00571614 -0.00058242
vn -0.99999606 0.00276290 -0.00049978
vn -0.99999521 0.00282499 0.00126090
vn -0.99998403 0.00565092 -0.00011406
vn -0.99997533 0.00701954 -0.00024843
vn -0.99995536 0.00941005 -0.00085372
vn -0.99997950 0.00634690 0.00085110
vn -0.99999251 0.00387023 0.00003715
vn -0.99997616 0.00673399 -0.00152766
vn -0.99998987 0.00434197 -0.00118419
vn -0.99999904 0.00132111 -0.00040768
vn -0.99999876 0.00066506 0.00142618
vn -0.99998126 -0.00605583 0.00089650
vn -0.99999003 0.00241212 -0.00375791
vn -0.99999270 0.00000947 -0.00381990
vn -0.99995428 -0.00819512 -0.00492733
vn -0.99889895 0.04687768 0.00183644
vn -0.99955274 -0.02976521 -0.00289005
vn -0.99994799 -0.00959398 -0.00346127
vn -0.99998732 -0.00252367 -0.00435821
vn -0.99971766 -0.01229128 -0.02033524
vn -0.99961554 0.01135053 -0.02529714
vn -0.99997007 0.00751412 -0.00184232
vn -0.99995502 0.00933981 -0.00165277
vn -0.99999919 0.00036021 -0.00122236
vn -0.99999959 -0.00067745 -0.00060274
vn -0.99999719 0.00182577 -0.00151177
vn -0.99999371 0.00352723 -0.00036245
vn -0.99999932 0.00045508 -0.00107830
vn -0.99998719 -0.00505871 0.00016508
vn -0.99996701 -0.00757540 -0.00293272
vn -0.99972283 -0.02246448 0.00704353
vn -0.99983624 -0.01440604 0.01095304
vn -0.99960181 -0.02699524 -0.00821466
vn -0.99979107 -0.01863759 0.00839413
vn -0.99971682 -0.02324538 -0.00509309
vn -0.99965337 -0.02624680 -0.00205898
vn -0.99983226 -0.01506917 -0.01041040
vn -0.99980879 0.01948496 -0.00165208
vn -0.99998616 0.00456566 0.00261359
vn -0.99997644 -0.00331033 0.00601381
vn -0.99987328 -0.01587600 0.00116990
vn -0.99984087 -0.01142579 -0.01370018
vn -0.99989421 0.01428021 -0.00276521
vn -0.99965450 0.02628245 0.00032217
vn -0.99980704 0.01925613 -0.00388318
vn -0.99969778 0.02442229 0.00281127
vn -0.99991611 0.01291991 0.00092523
vn -0.99987800 0.01190534 -0.01011202
vn -0.99971786 0.02371654 -0.00131526
vn -0.99997950 0.00621791 -0.00153156
vn -0.99999464 -0.00147267 -0.00292544
vn -0.99997877 -0.00541757 -0.00362075
vn -0.99993658 -0.01113560 -0.00168430
vn -0.99997558 -0.00140341 -0.00684649
vn -0.99982527 0.01565115 -0.01022093
vn -0.99995903 0.00260286 -0.00866943
vn -0.99993388 0.00943993 -0.00656724
vn -0.99997833 0.00637219 -0.00165557
vn -0.99999756 0.00124877 -0.00181987
vn -0.99970049 0.02428207 -0.00305227
vn -0.99989482 0.01090554 -0.00956120
vn -0.99992472 0.01178811 0.00340440
vn -0.99974997 0.02234598 0.00081500
vn -0.99993605 0.01052720 -0.00413151
vn -0.99995581 0.00767465 0.00542901
vn -0.99996699 0.00812391 0.00013474
vn -0.99995371 0.00382997 -0.00882663
vn -0.99995064 0.00983150 -0.00143538
vn -0.99966216 0.02187902 -0.01403139
vn -0.99998996 0.00383517 -0.00231866
vn -0.99994498 0.00835219 -0.00634636
vn -0.99999348 0.00281674 -0.00226061
vn -0.99998795 0.00469709 0.00142838
vn -0.99996909 0.00786237 0.00007067
vn -0.99997613 0.00668399 0.00175106
vn -0.99998708 -0.00405715 -0.00306266
vn -0.99998321 0.00080177 0.00573981
vn -0.99999541 -0.00270726 0.00135810
vn -0.99999613 0.00277872 -0.00010228
vn -0.99998794 -0.00087394 0.00483235
vn -0.99991389 -0.00613152 0.01160236
vn -0.99994780 -0.00902852 0.00478382
vn -0.99993650 -0.00748842 0.00842143
vn -0.99991266 -0.01318974 -0.00083416
vn -0.99994870 -0.00870804 0.00517395
vn -0.99999402 0.00329752 -0.00103937
vn -0.99999958 0.00014617 -0.00090262
vn -0.99995670 0.00865233 -0.00342596
vn -0.99997899 -0.00453934 0.00462738
vn -0.99996363 -0.00849794 0.00072911
vn -0.99999344 -0.00222535 0.00285835
vn -0.99999485 -0.00286484 -0.00144325
vn -0.99999097 0.00035968 -0.00423539
vn -0.99919321 -0.01831264 -0.03574333
vn -0.99995923 -0.00816386 -0.00385955
vn -0.99987596 -0.01574510 -0.00038322
vn -0.99981272 -0.01847142 -0.00577364
vn -0.99998301 -0.00575701 -0.00091200
vn -0.99996333 -0.00854240 -0.00059924
vn -0.99984558 -0.01754323 -0.00102167
vn -0.99995058 -0.00765299 -0.00634551
vn -0.99988065 -0.01413604 -0.00623296
vn -0.99996071 -0.00595461 -0.00656673
vn -0.99999307 -0.00326500 -0.00178923
vn -0.99996601 -0.00281095 -0.00775105
vn -0.99983939 -0.01545970 -0.00906544
vn -0.99981323 -0.01668790 -0.00974761
vn -0.99973024 -0.02198205 -0.00749932
vn -0.99980423 -0.01861930 -0.00669448
vn -0.99992551 -0.01132485 -0.00455153
vn -0.99998840 -0.00380228 -0.00295814
vn -0.99447105 0.08077907 -0.06709744
vn -0.99998000 -0.00547176 -0.00317211
vn -0.99999247 -0.00264814 -0.00283656
vn -0.99989667 -0.01372758 0.00426723
vn -0.99998339 -0.00574616 0.00044196
vn -0.99986011 -0.01672224 -0.00036640
vn -0.99995339 -0.00927474 0.00268237
vn -0.99983152 -0.01834800 0.00053242
vn -0.99998926 -0.00462257 -0.00031942
vn -0.99999360 -0.00297621 -0.00198567
vn -0.99995500 -0.00594243 -0.00739454
vn -0.99988352 -0.01331039 -0.00746866
vn -0.99978055 -0.01643904 -0.01298528
vn -0.99990036 -0.01354530 -0.00397490
vn -0.99995605 -0.00798201 -0.00491815
vn -0.99990162 -0.01393474 -0.00160505
vn -0.99982415 -0.00372968 -0.01837820
vn -0.99998045 -0.00389888 -0.00488851
vn -0.99999969 -0.00054228 -0.00057812
vn -0.99999586 0.00240638 -0.00157574
vn -0.99990698 0.01178646 0.00686308
vn -0.99989330 0.01366222 0.00517111
vn -0.99983073 0.01365102 -0.01233547
vn -0.99994109 0.01084951 -0.00031142
vn -0.99989456 0.01179678 -0.00846779
vn -0.99986576 0.01206184 0.01108918
vn -0.99986982 0.01176612 0.01104109
vn -0.99997734 0.00660254 -0.00131572
vn -0.99990805 0.01180700 -0.00666974
vn -0.99974352 0.01279279 -0.01868815
vn -0.99997002 -0.00745750 0.00208374
vn -0.99989868 -0.01046502 -0.00964975
vn -0.99993938 0.00032267 -0.01100602
vn -0.99970340 0.02341439 -0.00669862
vn -0.99999269 0.00299975 -0.00236890
vn -0.99992084 -0.01101853 -0.00607444
vn -0.99997439 -0.00680867 0.00220485
vn -0.99998156 0.00029944 0.00606617
vn -0.99991994 0.00797643 0.00982268
vn -0.99999503 0.00297160 -0.00105281
vn -0.99975162 0.02178903 0.00468364
vn -0.99962592 0.02518510 0.01066463
vn -0.99985684 -0.01652136 -0.00365338
vn -0.99998889 -0.00426011 -0.00201620
vn -0.99995538 0.00942060 -0.00069804
vn -0.99997131 -0.00411171 -0.00636132
vn -0.99984828 0.01548194 0.00798235
vn -0.99993038 -0.01175056 -0.00107329
vn -0.99975909 -0.02191779 -0.00116827
vn -0.99980434 -0.01976976 0.00065996
vn -0.99947445 -0.03233351 -0.00231744
vn -0.99984125 -0.01779452 -0.00090607
vn -0.99971606 -0.02364043 -0.00298757
vn -0.99970087 -0.02445213 -0.00050826
vn -0.99976031 -0.02188767 0.00050866
vn -0.99986282 -0.01379370 0.00916927
vn -0.99995829 -0.00756822 0.00511353
vn -0.99998567 -0.00102784 -0.00525353
vn -0.99986087 -0.01660581 -0.00157712
vn -0.99997178 -0.00622764 -0.00420260
vn -0.99998681 -0.00499242 -0.00120826
vn -0.99995771 0.00899725 -0.00190466
vn -0.99994068 0.01065145 -0.00227630
vn -0.99998578 0.00527791 0.00076466
vn -0.99999481 -0.00244336 -0.00209768
vn -0.99999314 0.00274427 -0.00248663
vn -0.99992583 0.01147693 -0.00407730
vn -0.99997536 0.00660671 -0.00237305
vn -0.99999871 0.00087290 -0.00135149
vn -0.99996425 0.00761565 0.00367401
vn -0.99998717 0.00429519 0.00268610
vn -0.99999284 0.00256245 0.00278333
vn -0.99999596 0.00208778 -0.00192775
vn -0.99999309 0.00281577 -0.00242718
vn -0.99998879 0.00369850 -0.00295498
vn -0.99999490 0.00229862 -0.00221748
vn -0.99999909 -0.00102963 -0.00087120
vn -0.99999429 0.00326983 -0.00085676
vn -0.99999775 0.00105278 -0.00184334
vn -0.99999617 0.00181451 -0.00208890
vn -0.99998423 0.00560925 0.00026088
vn -0.99996547 0.00817740 0.00148256
vn -0.99996574 0.00816427 -0.00136211
vn -0.99998103 0.00601472 0.00132920
vn -0.99998711 0.00468075 -0.00196930
vn -0.99999454 0.00140903 -0.00298753
vn -0.99999382 0.00342197 -0.00081171
vn -0.99999933 -0.00095918 0.00065473
vn -0.99998852 0.00457884 -0.00141202
vn -0.99999093 0.00082481 -0.00417865
vn -0.99998148 0.00602315 -0.00086954
vn -0.99988198 0.01192250 -0.00968890
vn -0.99988453 0.01031062 -0.01116285
vn -0.99974605 0.01314926 -0.01830129
vn -0.99957248 0.01431158 -0.02549598
vn -0.99982934 0.01255655 -0.01355081
vn -0.99974516 0.01679128 -0.01508881
vn -0.99968479 0.00720733 -0.02404941
vn -0.99986372 0.00463301 -0.01584509
vn -0.99984845 0.00818815 -0.01536342
vn -0.99973793 -0.00770851 -0.02155573
vn -0.99954988 0.00459661 -0.02964644
vn -0.99967446 0.01498859 -0.02064763
vn -0.99987577 0.00314807 -0.01544486
vn -0.99996798 0.00516607 -0.00611173
vn -0.99999367 0.00355270 0.00021631
vn -0.99999966 0.00082593 -0.00005234
vn -0.99997420 -0.00677953 -0.00237489
vn -0.99997259 -0.00693402 -0.00259581
vn -0.99989629 -0.01427421 -0.00191025
vn -0.99994584 -0.01025282 -0.00178790
vn -0.99999389 -0.00348132 -0.00030406
vn -0.99994861 -0.01003075 0.00147306
vn -0.99997977 -0.00633620 0.00056149
vn -0.99997090 -0.00745498 0.00162199
vn -0.99994986 -0.00995816 -0.00105127
vn -0.99991618 -0.01294751 -0.00003155
vn -0.99997162 -0.00735346 -0.00163737
vn -0.99985574 -0.01696359 -0.00085972
vn -0.99996296 -0.00847696 -0.00148847
vn -0.99994189 -0.00776742 -0.00747508
vn -0.99975394 -0.02209081 0.00201546
vn -0.99976709 -0.02142871 0.00256608
vn -0.99976937 -0.02131679 0.00260760
vn -0.99974473 -0.02258581 0.00060321
vn -0.99975978 -0.02190604 0.00071296
vn -0.99967809 -0.02475798 -0.00554529
vn -0.99978603 -0.02049344 -0.00281218
vn -0.99961458 -0.02514703 -0.01176074
vn -0.99992447 -0.01162721 -0.00398174
vn -0.99980952 -0.01340685 -0.01418400
vn -0.99947791 -0.03114702 -0.00858888
vn -0.99998528 -0.00193809 -0.00506770
vn -0.99997630 0.00686602 0.00050523
vn -0.99999194 0.00370683 0.00153962
vn -0.99999316 0.00368974 -0.00027393
vn -0.99997443 0.00666139 0.00260016
vn -0.99999486 0.00319139 0.00031446
vn -0.99995219 0.00952304 -0.00222228
vn -0.99997032 0.00770380 -0.00013127
vn -0.99999483 0.00148079 -0.00285424
vn -0.99981835 0.01901156 0.00134998
vn -0.99999198 0.00381851 0.00121015
vn -0.99974681 0.02241797 0.00193832
vn -0.99993113 0.01173507 -0.00017915
vn -0.99998502 -0.00385103 0.00389068
vn -0.99999425 0.00331668 0.00070752
vn -0.99989646 -0.01303113 0.00610466
vn -0.99975883 -0.02103654 0.00630450
vn -0.99979862 -0.01992826 0.00236232
vn -0.99978188 -0.02075130 0.00236035
vn -0.99988352 -0.01513476 -0.00197122
vn -0.99969380 -0.02470030 -0.00148092
vn -0.99987508 -0.01580137 -0.00037200
vn -0.99974235 -0.02264356 -0.00158194
vn -0.99975073 -0.02232660 0.00002361
vn -0.99982656 -0.01862065 -0.00034286
vn -0.99983035 -0.01832469 0.00186411
vn -0.99971517 -0.02349023 -0.00421779
vn -0.99979128 -0.02042887 -0.00023521
vn -0.99976002 -0.02184935 -0.00158194
vn -0.99999006 -0.00363808 -0.00257912
vn -0.99999149 -0.00410386 -0.00041905
vn -0.99997340 -0.00676025 -0.00273992
vn -0.99987787 -0.01554152 -0.00164754
vn -0.99982302 -0.01881317 -0.00000586
vn -0.99981660 -0.01913222 0.00085561
vn -0.99986734 -0.01622414 -0.00143881
vn -0.99987900 -0.01471307 -0.00505059
vn -0.99984308 -0.01743387 -0.00314218
vn -0.99979547 -0.01904817 -0.00679538
vn -0.99990923 -0.00467583 -0.01263577
vn -0.99988698 -0.01466129 -0.00332634
vn -0.99996312 -0.00476231 0.00714632
vn -0.99976344 -0.01811353 -0.01204032
vn -0.99992239 -0.01167267 0.00435510
vn -0.99951418 -0.02229193 0.02178256
vn -0.99996233 -0.00866545 -0.00048978
vn -0.99977890 -0.02036993 -0.00521632
vn -0.99986226 -0.01659515 -0.00026040
vn -0.99986848 -0.01621056 0.00049684
vn -0.98719982 0.00812181 0.15928137
vn -0.99998876 -0.00450231 -0.00148445
vn -0.99981408 -0.01921776 -0.00157866
vn -0.99976301 -0.02173153 0.00128777
vn -0.99982588 -0.01865450 -0.00045961
vn -0.99977350 -0.02120648 -0.00180070
vn -0.99985987 -0.01671344 -0.00094826
vn -0.99978154 -0.02090122 0.00007961
vn -0.99996555 -0.00828359 -0.00053618
vn -0.99998751 -0.00499117 0.00025212
vn -0.99999633 -0.00243275 -0.00118965
vn -0.99998647 -0.00486688 -0.00183450
vn -0.99999714 -0.00208839 -0.00116258
vn -0.99999647 0.00257975 -0.00064015
vn -0.99975488 -0.00693456 0.02102612
vn -0.99999778 -0.00117259 0.00174864
vn -0.99999998 0.00009240 -0.00016619
vn -0.99999509 0.00311379 -0.00036480
vn -0.99999841 0.00166901 -0.00062673
vn -0.99999272 -0.00085014 0.00371978
vn -0.99999718 0.00237007 0.00012496
vn -0.99999658 0.00089149 -0.00245853
vn -0.99995611 0.00928873 -0.00122202
vn -0.99997305 0.00689220 -0.00252947
vn -0.99999272 0.00361432 -0.00122380
vn -0.99994192 0.00887033 -0.00612183
vn -0.99990768 0.01151663 -0.00721096
vn -0.98319291 0.01275320 0.18212376
vn -0.99999406 0.00341093 -0.00048927
vn -0.99994252 0.01054621 -0.00193078
vn -0.99994613 0.01037655 -0.00023505
vn -0.99997231 0.00718260 -0.00194469
vn -0.99987617 0.01569856 0.00109589
vn -0.99987501 0.01556912 -0.00275241
vn -0.99989129 0.01461565 -0.00194617
vn -0.99989113 0.01352955 -0.00588925
vn -0.99990732 0.01254802 -0.00528215
vn -0.99989349 0.01329760 -0.00601570
vn -0.99988115 0.01249722 -0.00902784
vn -0.99996618 0.00393147 -0.00722313
vn -0.99977701 0.02061272 0.00458748
vn -0.99992281 0.00735010 -0.01001756
vn -0.95830553 0.02164831 0.28492431
vn -0.91731172 -0.00246886 0.39816217
vn -0.99962065 0.02700888 -0.00539205
vn -0.99977145 0.01824187 -0.01114833
vn -0.98597849 0.03246604 0.16368376
vn -0.99995732 0.00559405 -0.00735290
vn -0.99998104 0.00428208 0.00442462
vn -0.99991790 0.01271393 -0.00159687
vn -0.99992520 0.01207171 -0.00196493
vn -0.99998596 0.00529732 -0.00014608
vn -0.99999941 -0.00107546 -0.00017501
vn -0.99976317 -0.02171131 -0.00148930
vn -0.99997732 -0.00593147 -0.00319133
vn -0.99999126 -0.00159801 -0.00386251
vn -0.99997965 -0.00636794 -0.00038992
vn -0.99997314 -0.00720331 -0.00135569
vn -0.99993395 -0.00902179 0.00712030
vn -0.99998461 -0.00421653 0.00360629
vn -0.99997602 0.00197737 0.00663712
vn -0.99443559 -0.00340995 0.10529114
vn -0.99990357 0.00044380 0.01387993
vn -0.99986330 -0.01596122 0.00431501
vn -0.99995880 -0.00842653 -0.00337581
vn -0.99998163 -0.00600908 -0.00079270
vn -0.99996076 -0.00877150 0.00124340
vn -0.99999278 -0.00378912 -0.00029612
vn -0.99996140 -0.00852898 -0.00210871
vn -0.99957330 -0.01310425 0.02610565
vn -0.99990186 -0.01279237 -0.00571202
vn -0.99989956 -0.01412951 -0.00110358
vn -0.99990144 -0.01371924 0.00298191
vn -0.99996217 -0.00844246 0.00209373
vn -0.99991866 -0.01256938 0.00216244
vn -0.99990152 -0.01329089 0.00450647
vn -0.99989462 -0.01450870 0.00049383
vn -0.99666810 -0.06816578 0.04478987
vn -0.99996213 -0.00838862 0.00231576
vn -0.99996039 -0.00888919 -0.00044609
vn -0.99996302 -0.00829579 -0.00226723
vn -0.99909259 -0.01091580 0.04116845
vn -0.99990888 -0.01000950 -0.00905779
vn -0.99998929 0.00456112 -0.00078666
vn -0.99999665 0.00077919 -0.00246780
vn -0.99992671 0.01210630 0.00005617
vn -0.99992692 0.01207438 0.00060506
vn -0.99999071 0.00360533 -0.00236169
vn -0.99858254 -0.01613294 0.05072119
vn -0.99728060 -0.00435415 0.07356930
vn -0.94797738 0.00962091 0.31819229
vn -0.99987008 -0.01489236 0.00616741
vn -0.99998886 -0.00378210 0.00282289
vn -0.99996322 -0.00379271 0.00769266
vn -0.99992804 -0.01047763 0.00584270
vn -0.99998232 -0.00571441 -0.00164670
vn -0.99999772 -0.00112650 -0.00181492
vn -0.99999330 -0.00294913 -0.00217012
vn -0.99995724 0.00921995 -0.00071775
vn -0.99989591 0.01442751 0.00015322
vn -0.99987843 0.01534015 0.00279221
vn -0.99982288 0.01868865 0.00222338
vn -0.98784817 0.00995843 -0.15510260
vn -0.99996511 0.00800033 0.00240161
vn -0.99998979 0.00375903 0.00250825
vn -0.99992095 0.00770928 0.00993282
vn -0.99997287 0.00673111 0.00299104
vn -0.99859744 0.05288891 0.00243369
vn -0.99998418 0.00496688 0.00263971
vn -0.99926514 0.03830804 0.00129556
vn -0.99991628 0.01148638 0.00595804
vn -0.98080481 0.03104680 0.19250458
vn -0.99449692 0.10254108 0.02147559
vn -0.99947177 0.03212285 0.00492993
vn -0.99997930 0.00608312 -0.00209632
vn -0.99998025 -0.00620449 0.00099733
vn -0.99999535 -0.00303401 -0.00029922
vn -0.99974219 -0.02267432 -0.00119299
vn -0.99957796 -0.02904662 -0.00043265
vn -0.99999545 0.00292253 0.00074400
vn -0.99999757 -0.00134566 -0.00174711
vn -0.99972468 -0.02344305 -0.00098912
vn -0.99992194 0.01242664 -0.00129897
vn -0.99996836 0.00767716 0.00208323
vn -0.99992419 0.01177075 0.00361479
vn -0.99931841 -0.03691104 0.00054150
vn -0.98827512 -0.15264567 0.00340471
vn -0.99337886 -0.11487722 0.00128983
vn -0.99991443 -0.01005550 0.00836777
vn -0.99989981 -0.01289836 0.00583132
vn -0.99976485 -0.02140637 0.00346648
vn -0.99921485 -0.03948914 0.00320927
vn -0.99913901 -0.04148490 -0.00049046
vn -0.99857408 -0.05338357 0.00005409
vn -0.99935791 -0.03430989 0.01032484
vn -0.99859861 -0.05210636 0.00925923
vn -0.99898805 -0.04486126 0.00321769
vn -0.99874033 -0.04982306 0.00595112
vn -0.99968808 -0.02446619 0.00501546
vn -0.99971652 -0.02296008 0.00630230
vn -0.99982767 -0.01854222 -0.00090790
vn -0.99985266 -0.01715126 0.00070081
vn -0.99975076 -0.02179502 0.00483722
vn -0.99984879 -0.01709498 0.00318831
vn -0.99955150 -0.02901925 0.00739446
vn -0.99999300 0.00339090 -0.00158323
vn -0.99999655 -0.00216794 0.00147991
vn -0.99999510 -0.00174759 -0.00259610
vn -0.99989312 -0.01170380 -0.00876229
vn -0.99953633 -0.02982384 -0.00613684
vn -0.99993204 -0.00786101 -0.00860902
vn -0.99980214 -0.01972296 -0.00258440
vn -0.99959317 -0.02691560 0.00943619
vn -0.99938177 -0.03456301 0.00643970
vn -0.99966100 -0.02600152 -0.00134065
vn -0.97751908 -0.21084664 0.00037048
vn -0.97111164 -0.23856700 -0.00528891
vn -0.99996097 -0.00879015 -0.00089435
vn -0.98667045 -0.16270800 -0.00274574
vn -0.98997839 -0.14121257 0.00133986
vn -0.99999168 -0.00344091 0.00219034
vn -0.97900985 -0.20380638 0.00163495
vn -0.99995252 -0.00961258 0.00160013
vn -0.99887788 -0.04732646 0.00178617
vn -0.99992026 -0.01255705 0.00134102
vn -0.99816832 -0.06043103 0.00284404
vn -0.99996382 0.00228389 -0.00819396
vn -0.99993063 -0.00733392 -0.00921682
vn -0.99987800 -0.00940130 -0.01247365
vn -0.99975828 -0.00840111 -0.02031752
vn -0.99465889 0.00461810 -0.10311338
vn -0.99934758 0.00431366 -0.03585818
vn -0.99586009 -0.00635130 -0.09067716
vn -0.99190177 -0.02171096 -0.12513799
vn -0.99957768 -0.02545521 -0.01401785
vn -0.99996551 0.00134139 -0.00819653
vn -0.99990172 -0.01400019 0.00073977
vn -0.99985744 -0.01688125 -0.00036443
vn -0.99964017 -0.02680791 0.00093086
vn -0.99994828 0.00975935 -0.00286392
vn -0.99987319 0.00728472 -0.01416078
vn -0.97574232 -0.00586293 -0.21884367
vn -0.98522949 0.01699039 -0.17039417
vn -0.99945406 0.01659741 -0.02856773
vn -0.97894419 0.01764684 -0.20336388
vn -0.99996874 0.00611544 -0.00501251
vn -0.99978631 0.00502688 -0.02005169
vn -0.99958541 0.02203436 -0.01853371
vn -0.99974825 0.01655765 -0.01514173
vn -0.99934061 0.02383810 -0.02738792
vn -0.99867412 0.01511861 -0.04920795
vn -0.99819809 0.02464842 -0.05470864
vn -0.99955922 0.01122235 -0.02748496
vn -0.99528574 0.01516862 -0.09579255
vn -0.99800815 0.00599175 -0.06279995
vn -0.94509759 0.00554658 -0.32674116
vn -0.99993892 0.01098230 0.00124346
vn -0.99997551 -0.00372083 -0.00592717
vn -0.99996866 -0.00459839 -0.00644505
vn -0.99997682 -0.00494201 -0.00468375
vn -0.99996234 -0.00797627 -0.00342053
vn -0.99999289 -0.00374305 0.00045535
vn -0.99983629 0.01788863 0.00271880
vn -0.99983893 0.01787316 0.00163132
vn -0.99999164 -0.00265292 0.00311270
vn -0.99988219 -0.01247715 -0.00893983
vn -0.99993410 -0.01147478 -0.00033953
vn -0.99993567 0.01056353 -0.00413167
vn -0.99982989 0.01833739 -0.00198413
vn -0.99981418 0.01927141 -0.00046948
vn -0.99996155 0.00876548 0.00023642
vn -0.99998106 0.00262242 -0.00556805
vn -0.99987591 0.01342285 -0.00824620
vn -0.99998437 0.00191586 -0.00525348
vn -0.99989479 0.01048574 -0.01002335
vn -0.99993584 0.00388477 -0.01064055
vn -0.99979776 0.01439447 -0.01404430
vn -0.99996761 -0.00467478 -0.00655102
vn -0.99980106 -0.01300663 -0.01512182
vn -0.99995487 -0.00510549 -0.00801219
vn -0.99969778 -0.01193215 -0.02149370
vn -0.99917281 -0.01082601 -0.03919820
vn -0.99959787 -0.00778056 -0.02726843
vn -0.99982047 -0.01462627 -0.01204547
vn -0.99959634 -0.01661321 -0.02304676
vn -0.99438496 -0.01976375 -0.10396128
vn -0.98730672 -0.01659966 -0.15795535
vn -0.99972208 -0.01586196 -0.01744032
vn -0.99739242 -0.01316613 -0.07095780
vn -0.99995052 -0.00053971 -0.00993272
vn -0.99802131 -0.01435286 -0.06121655
vn -0.99985663 -0.01646568 -0.00394972
vn -0.99973576 -0.02298066 -0.00054882
vn -0.99999061 0.00308198 0.00304773
vn -0.99993370 0.01080522 0.00398109
vn -0.99989409 -0.01450361 0.00120413
vn -0.99975592 0.02094933 0.00701570
vn -0.99982946 0.01846405 -0.00035537
vn -0.99970173 0.02408077 -0.00406953
vn -0.99969710 0.02436708 -0.00345841
vn -0.99940043 0.03326005 -0.00962039
vn -0.99981732 0.01737454 0.00796597
vn -0.99993757 0.00622205 0.00928141
vn -0.99998210 -0.00092203 0.00591104
vn -0.99996041 0.00411097 0.00789227
vn -0.99996466 -0.00042261 0.00839611
vn -0.99982941 -0.01841202 0.00146644
vn -0.99993208 0.00316474 0.01121669
vn -0.99995793 0.00548332 0.00735399
vn -0.99993721 -0.01025862 -0.00450935
vn -0.99988222 0.01038341 -0.01130149
vn -0.99988649 0.00333005 -0.01469421
vn -0.99970155 0.02136713 0.01184307
vn -0.99990476 0.01125768 -0.00798393
vn -0.99993864 0.01088404 -0.00206189
vn -0.99998758 0.00486845 0.00106267
vn -0.99999268 0.00333513 -0.00187376
vn -0.99995308 -0.00773491 -0.00583221
vn -0.99994142 -0.00803666 0.00725015
vn -0.99986867 -0.01573131 0.00389588
vn -0.99985808 -0.01682027 -0.00094273
vn -0.99996721 0.00093027 -0.00804400
vn -0.99961135 0.00295557 -0.02772020
vn -0.99990613 0.00187980 -0.01357190
vn -0.99989399 0.00879468 -0.01160451
vn -0.99997343 0.00133882 -0.00716542
vn -0.99836502 -0.00217138 -0.05711894
vn -0.99776212 -0.00423151 -0.06672971
vn -0.99981433 0.00408722 -0.01883070
vn -0.99821495 0.01366268 -0.05813986
vn -0.99979411 0.02029093 -0.00014331
vn -0.99913206 0.04160265 0.00208412
vn -0.99980275 0.01970447 0.00249013
vn -0.99994587 0.00983181 0.00340411
vn -0.99995414 -0.00016898 0.00957564
vn -0.99975163 -0.01938970 0.01098755
vn -0.99973975 -0.02038888 0.01023343
vn -0.99969817 -0.02434429 0.00330384
vn -0.99991900 -0.01251177 -0.00233605
vn -0.99935384 -0.03555033 -0.00529800
vn -0.99996088 -0.00860070 -0.00206329
vn -0.99990943 -0.01187199 -0.00633862
vn -0.99992680 -0.01193865 -0.00196494
vn -0.99994433 0.01055160 0.00002062
vn -0.99999947 0.00036176 -0.00096315
vn -0.99995736 0.00903283 -0.00192098
vn -0.99992486 0.01179209 0.00335116
vn -0.99988746 0.00668424 0.01343074
vn -0.99999272 -0.00359169 0.00128978
vn -0.99991406 0.01308237 0.00085026
vn -0.99999541 -0.00017204 -0.00302595
vn -0.99999733 -0.00067243 -0.00221175
vn -0.99998086 -0.00496926 -0.00368581
vn -0.99998827 -0.00463690 -0.00139761
vn -0.99999725 -0.00078747 -0.00221016
vn -0.99999288 -0.00102079 -0.00363384
vn -0.99997491 -0.00683154 0.00187545
vn -0.99999728 0.00232170 -0.00023663
vn -0.99999986 -0.00010536 0.00050889
vn -0.99996570 -0.00808456 0.00179760
vn -0.99998856 0.00467868 0.00099376
vn -0.99982904 0.01835256 -0.00225311
vn -0.99984813 0.01638637 0.00593287
vn -0.99952242 0.02797730 0.01312252
vn -0.99955294 0.02988805 -0.00079301
vn -0.99961970 0.02689915 0.00607335
vn -0.99968222 0.02422345 -0.00697703
vn -0.99980886 0.01712117 -0.00943982
vn -0.99976849 0.01580005 -0.01460598
vn -0.99963533 0.01769405 -0.02039906
vn -0.99978207 0.02034830 -0.00466514
vn -0.99969039 0.01653673 -0.01859187
vn -0.99971595 0.02309249 0.00589518
vn -0.99978394 0.01981156 0.00629066
vn -0.99975541 0.02045520 0.00840905
vn -0.99957720 0.02658558 0.01177424
vn -0.99963388 0.02339520 0.01359301
vn -0.99970337 0.02297259 0.00808858
vn -0.99962690 0.02647437 0.00672105
vn -0.99938998 0.03344162 0.01006653
vn -0.99995394 0.00956514 -0.00079272
vn -0.99991029 0.01270302 0.00424738
vn -0.99987044 0.01036233 0.01231744
vn -0.99982762 0.01588912 0.00960519
vn -0.99985287 0.01301315 0.01117565
vn -0.99972322 0.02207698 -0.00812978
vn -0.99994849 0.00935260 -0.00394302
vn -0.99990036 0.01384120 -0.00277358
vn -0.99987131 0.01599781 -0.00119380
vn -0.99971330 0.02394327 0.00016656
vn -0.99974173 0.02192329 0.00598665
vn -0.99978334 0.01945157 -0.00740954
vn -0.99993731 0.00039756 0.01118990
vn -0.99992090 -0.00113005 0.01252684
vn -0.99992762 -0.00984264 0.00691995
vn -0.99993739 -0.00708313 0.00866284
vn -0.99989727 -0.01432401 -0.00052580
vn -0.99919429 -0.03782885 -0.01340709
vn -0.99908061 -0.04285376 -0.00122405
vn -0.99901991 -0.04202716 0.01389026
vn -0.99916829 -0.03973881 0.00914083
vn -0.99988580 -0.00704853 -0.01336782
vn -0.99687465 -0.00340379 -0.07892618
vn -0.99995508 -0.00920686 -0.00225183
vn -0.99167356 -0.12875124 0.00258418
vn -0.99408365 -0.10854096 -0.00406807
vn -0.98684693 -0.16165205 -0.00132638
vn -0.99037347 -0.13817510 -0.00824815
vn -0.99044001 -0.13794415 0.00007081
vn -0.99382930 -0.11088185 -0.00292227
vn -0.99377108 -0.11142449 -0.00190307
vn -0.98935887 -0.02142941 -0.14390906
vn -0.99892139 -0.04634742 0.00282496
vn -0.97115348 -0.00739893 -0.23834047
vn -0.99885991 0.00511458 -0.04746284
vn -0.99986654 0.00796499 -0.01426411
vn -0.99868489 0.01825452 -0.04790884
vn -0.99999039 -0.00021808 -0.00437751
vn -0.99983837 -0.01268411 0.01274158
vn -0.98177033 -0.18990119 -0.00803512
vn -0.92529895 -0.35319962 0.13810097
vn -0.99831181 -0.01374227 -0.05643299
vn -0.99694194 -0.00766993 -0.07776848
vn -0.99938555 0.01354699 -0.03232647
vn -0.94177757 0.02534340 0.33528006
vn -0.99732462 -0.01595656 0.07133716
vn -0.99181697 -0.02680544 -0.12482212
vn -0.99494453 -0.00593563 -0.10025048
vn -0.99383667 0.00084940 -0.11085105
vn -0.99557283 0.02542260 -0.09048992
vn -0.99924979 -0.02144155 -0.03225076
vn -0.99772612 -0.01732710 -0.06513338
vn -0.99921778 0.00041777 -0.03954313
vn -0.92613441 0.01496359 -0.37689673
vn -0.99986198 0.01442195 -0.00824768
vn -0.99670569 0.08107102 -0.00229217
vn -0.99216808 0.01627988 0.12384453
vn -0.89013439 -0.00982029 0.45559229
vn -0.99792408 0.06415051 0.00567814
vn -0.99755683 0.06953528 0.00672396
vn -0.86885433 0.34554775 0.35452631
vn -0.99811673 -0.01608066 0.05919800
vn -0.98408346 -0.01944972 0.17663932
vn -0.99500064 0.00331937 -0.09981338
vn -0.99877499 -0.00728304 0.04894361
vn -0.99832554 -0.00775356 -0.05732361
vn -0.99789045 0.06489407 0.00184394
vn -0.99803623 0.06251185 0.00399311
vn -0.99573178 0.09226709 0.00223866
vn -0.90849462 -0.02403775 -0.41720464
vn -0.95431929 0.02627433 -0.29763123
vn -0.89812675 0.01200877 -0.43957267
vn -0.96624173 -0.25761577 0.00332180
vn -0.99246357 -0.12249976 0.00314078
vn -0.99394810 -0.10980613 0.00312701
vn -0.92979785 0.00671104 -0.36800940
vn -0.99481573 -0.01458652 0.10064243
vn -0.99269140 -0.01919592 0.11914405
vn -0.98242182 -0.01197249 0.18629018
vn -0.96801927 -0.25085396 -0.00331465
vn -0.95200220 0.00943644 -0.30594568
vn -0.98888478 -0.02062530 -0.14724632
vn -0.99030947 0.00120323 -0.13887301
vn -0.99837508 0.01615876 -0.05464524
vn -0.98646204 0.00949456 -0.16371468
vn -0.98813885 -0.00361719 -0.15352048
vn -0.96001119 0.04668567 -0.27604161
vn -0.98781930 -0.00251332 -0.15558509
vn -0.94812445 -0.05546532 -0.31302337
vn -0.96655604 -0.01262433 -0.25614458
vn -0.91815659 0.02046566 -0.39568881
vn -0.98132411 -0.19230487 -0.00467207
vn -0.97764713 -0.00775774 0.21010929
vn -0.96374181 -0.26683617 0.00042396
vn -0.96678946 -0.25557048 0.00136454
vn -0.96763591 -0.25234849 -0.00099026
vn -0.97069083 0.04297045 -0.23645899
vn -0.96456173 0.00443670 0.26381999
vn -0.73484011 -0.00968203 0.67817127
vn -0.96757042 -0.25259788 0.00134044
vn -0.96345439 -0.26779296 -0.00652494
vn -0.95067076 -0.31020119 0.00057240
vn -0.85020713 -0.03231556 0.52545555
vn -0.82707686 -0.01105232 -0.56198017
vn -0.92630764 -0.37675885 0.00263138
vn -0.92878936 -0.37051760 -0.00818696
vn -0.94138795 -0.33727904 0.00561924
vn -0.73740003 -0.02821959 0.67486654
vn -0.92285182 -0.20002163 0.32914415
vn -0.55940370 0.00443059 0.82888351
vn -0.93722126 0.02320602 -0.34796233
vn -0.93869151 0.03266909 -0.34320692
vn -0.95101469 0.03606242 -0.30703510
vn -0.82967953 -0.01594079 0.55801233
vn -0.92530270 -0.37916974 -0.00672382
vn -0.76012728 0.40385067 0.50902962
vn -0.89829236 -0.43939812 -0.00035178
vn -0.89024995 -0.45546204 0.00305870
vn -0.81409632 0.01459251 -0.58054650
vn -0.85411202 0.00347221 -0.52007749
vn -0.81224048 0.00445097 -0.58330574
vn -0.62257733 -0.00221082 0.78255516
vn -0.77691110 -0.01773568 -0.62936046
vn -0.77096433 -0.60083040 0.21122697
vn -0.67556477 0.00692999 0.73726808
vn -0.73633235 0.67163609 0.08197335
vn -0.68476918 0.01096596 0.72867751
vn -0.72577941 0.00763423 -0.68788514
vn -0.69414770 -0.02120184 -0.71952029
vn -0.67627466 0.73664662 0.00208167
vn 0.02411402 -0.99970785 0.00165341
vn 0.02824982 -0.99960072 0.00058735
vn 0.02127978 -0.99977332 0.00069718
vn 0.02262942 -0.99974362 -0.00077972
vn 0.01945221 -0.99981007 -0.00119589
vn 0.02376803 -0.99971735 -0.00055144
vn 0.02193816 -0.99975931 0.00019425
vn 0.03081806 -0.99952408 -0.00136067
vn 0.02310795 -0.99973231 0.00115425
vn 0.01802841 -0.99983595 0.00174680
vn 0.01539656 -0.99988147 0.00003118
vn 0.01853291 -0.99982636 0.00194255
vn 0.01732836 -0.99984971 0.00053831
vn 0.01518212 -0.99988390 0.00130235
vn 0.01797395 -0.99983836 0.00044820
vn 0.02428421 -0.99970504 -0.00031835
vn 0.02183481 -0.99976022 -0.00165428
vn 0.02985208 -0.99955287 -0.00170483
vn 0.02688215 -0.99963860 0.00016399
vn 0.04775694 -0.99885758 -0.00167599
vn 0.04092160 -0.99915954 -0.00237499
vn 0.03244390 -0.99946714 -0.00358053
vn 0.04023559 -0.99918369 -0.00361196
vn 0.04128423 -0.99914628 0.00152159
vn 0.02887171 -0.99958303 0.00042922
vn 0.03188745 -0.99949146 0.00010279
vn 0.03374014 -0.99943057 0.00038582
vn 0.03470118 -0.99938887 -0.00420995
vn 0.05122192 -0.99867946 -0.00395636
vn 0.00936164 -0.99995007 0.00349567
vn 0.02637399 -0.99965185 0.00077075
vn 0.02187564 -0.99975305 0.00391068
vn 0.01293061 -0.99991586 0.00103275
vn 0.00613581 -0.99997337 0.00395169
vn -0.00531759 -0.99998491 0.00137698
vn 0.00551815 -0.99998449 0.00075226
vn -0.00075672 -0.99999880 0.00135549
vn 0.00041504 -0.99999285 0.00375868
vn 0.00346995 -0.99999361 0.00085978
vn -0.00732293 -0.99996660 0.00362987
vn 0.01339437 -0.99991029 -0.00002818
vn 0.00653987 -0.99997840 0.00065362
vn -0.00416685 -0.99998866 0.00230543
vn 0.00724196 -0.99997100 0.00235761
vn -0.00272682 -0.99998997 0.00355383
vn -0.01072015 -0.99993172 0.00465117
vn -0.00892262 -0.99995975 0.00093837
vn 0.00450963 -0.99998972 0.00047405
vn -0.01232341 -0.99991093 0.00512423
vn 0.01116955 -0.99993657 0.00144481
vn 0.01385254 -0.99990376 0.00075775
vn 0.01853997 -0.99982800 -0.00049931
vn 0.01592242 -0.99987298 -0.00070380
vn 0.02397167 -0.99971235 -0.00075486
vn 0.01572077 -0.99987641 0.00015250
vn 0.00952214 -0.99995327 0.00167028
vn 0.01531920 -0.99988168 0.00139468
vn 0.01033879 -0.99994477 0.00188738
vn 0.04800225 -0.99884659 -0.00112716
vn 0.02600410 -0.99966087 -0.00139155
vn 0.01756961 -0.99984562 -0.00020672
vn 0.02398249 -0.99971216 0.00066387
vn 0.02365595 -0.99971897 -0.00154386
vn 0.00130030 -0.99999805 -0.00148656
vn 0.00985413 -0.99995037 -0.00146708
vn 0.00886341 -0.99992978 -0.00786658
vn 0.00275164 -0.99992386 -0.01202964
vn 0.00668745 -0.99392034 -0.10989832
vn -0.00799666 -0.99996743 -0.00109468
vn -0.02060385 -0.99977588 0.00486525
vn -0.01583085 -0.99986873 0.00345177
vn -0.01494252 -0.99988785 -0.00100697
vn -0.01224426 -0.99991581 0.00429600
vn -0.00918022 -0.99995589 0.00198414
vn 0.00780268 -0.99996584 0.00272558
vn -0.00870458 -0.99995517 0.00372556
vn 0.00883363 -0.99995100 0.00446894
vn -0.00471567 -0.99998600 0.00240214
vn -0.00459744 -0.99998143 0.00399987
vn -0.00974598 -0.99995248 -0.00022230
vn -0.01220872 -0.99989792 0.00742280
vn -0.00287583 -0.99998552 0.00454827
vn -0.01183379 -0.99992960 -0.00086623
vn -0.00182074 -0.99999182 0.00361103
vn 0.00282599 -0.99999590 0.00046845
vn 0.00271358 -0.99999035 0.00345496
vn -0.01108997 -0.99990900 0.00768144
vn -0.00532506 -0.99998299 -0.00238140
vn 0.00039030 -0.99999543 0.00299683
vn -0.00897255 -0.99994945 0.00453841
vn -0.00651162 -0.99996876 -0.00448076
vn 0.00202987 -0.99999028 -0.00391364
vn -0.00572209 -0.99996877 -0.00545130
vn -0.00192849 -0.99999298 -0.00321377
vn -0.01062841 -0.99993129 -0.00494548
vn -0.00568707 -0.99997078 -0.00510808
vn 0.00514670 -0.99998381 -0.00242569
vn -0.01082341 -0.99991039 -0.00787839
vn -0.00371913 -0.99997039 -0.00673675
vn 0.02033213 -0.99978991 -0.00259648
vn 0.02229736 -0.99975137 0.00017172
vn 0.02034777 -0.99979206 -0.00134397
vn 0.00792309 -0.99996585 -0.00235226
vn 0.01828096 -0.99983267 -0.00066193
vn 0.01787644 -0.99983550 -0.00306556
vn 0.02703866 -0.99963427 0.00048333
vn 0.03044208 -0.99953639 0.00053288
vn 0.03089962 -0.99952221 0.00075689
vn 0.02881702 -0.99958438 -0.00080837
vn 0.02949182 -0.99956373 -0.00160477
vn 0.03110008 -0.99951623 0.00031366
vn 0.04477154 -0.99899717 0.00041580
vn 0.03937700 -0.99922330 -0.00150033
vn 0.03268985 -0.99946497 -0.00106673
vn 0.04603100 -0.99894001 0.00007989
vn 0.04092465 -0.99916215 -0.00041930
vn 0.03039631 -0.99953783 -0.00042867
vn 0.04678105 -0.99890461 -0.00105873
vn 0.04396473 -0.99901614 -0.00581785
vn 0.02714837 -0.99962958 -0.00191430
vn 0.00901592 -0.99995883 -0.00102814
vn 0.04403524 -0.99895615 -0.01214541
vn -0.01096008 -0.99992338 -0.00575451
vn -0.01815840 -0.99983195 -0.00252029
vn 0.00352624 -0.99999157 -0.00210549
vn 0.00059242 -0.99997258 -0.00738225
vn -0.00850766 -0.99990923 -0.01044714
vn -0.01644828 -0.99972148 -0.01692357
vn -0.02294118 -0.99968426 -0.01025113
vn -0.02532367 -0.99967153 -0.00394315
vn 0.01027082 -0.99994719 -0.00035887
vn 0.00451532 -0.99998567 -0.00287475
vn 0.02571106 -0.99966891 0.00100409
vn 0.03511760 -0.99938269 -0.00100028
vn 0.02610436 -0.99965921 0.00013855
vn 0.03293894 -0.99945735 -0.00020111
vn 0.02834957 -0.99959797 0.00045349
vn 0.01841272 -0.99982717 0.00256946
vn 0.01593298 -0.99987304 0.00021490
vn 0.02375603 -0.99971757 0.00064937
vn 0.01768562 -0.99983831 0.00325035
vn 0.02716250 -0.99963097 -0.00034484
vn 0.04007286 -0.99919676 -0.00007391
vn 0.06580918 -0.99783198 -0.00070721
vn 0.05549003 -0.99844770 -0.00480131
vn 0.08362888 -0.99646384 -0.00812545
vn 0.05862679 -0.99827433 -0.00335570
vn 0.07584474 -0.99710937 -0.00452442
vn 0.07687557 -0.99703040 -0.00453142
vn 0.05918375 -0.99824697 -0.00052372
vn 0.06900269 -0.99761606 -0.00090391
vn 0.07506661 -0.99717851 -0.00016825
vn 0.08323256 -0.99652817 -0.00198657
vn 0.06220301 -0.99806328 -0.00068956
vn 0.07431894 -0.99723426 -0.00072296
vn 0.07458940 -0.99716786 -0.00962677
vn 0.05943512 -0.99808640 -0.01705904
vn 0.07199802 -0.99725526 -0.01726925
vn 0.04287817 -0.99906145 -0.00613879
vn -0.05092353 -0.99868491 -0.00593753
vn -0.03075686 -0.99951935 -0.00388518
vn -0.05036962 -0.99871640 -0.00533333
vn -0.08316322 -0.99637008 -0.01818068
vn -0.04564826 -0.99895205 -0.00332091
vn -0.03165897 -0.99948763 0.00470964
vn -0.03363425 -0.99943001 0.00289573
vn -0.03600400 -0.99935051 0.00150346
vn 0.00150057 -0.99999851 0.00085469
vn -0.04720603 -0.99888333 0.00191876
vn -0.04100688 -0.99911236 0.00963968
vn -0.04323838 -0.99904890 0.00563281
vn -0.03023706 -0.99952988 0.00507375
vn -0.28801110 -0.95761431 0.00494262
vn -0.25030294 -0.96816749 -0.00039384
vn 0.00293686 -0.99999460 -0.00147392
vn 0.01269919 -0.99991137 0.00399823
vn 0.00646093 -0.99996965 0.00435391
vn 0.00858915 -0.99994853 0.00539973
vn 0.00717118 -0.99996371 0.00459849
vn -0.00086690 -0.99997588 0.00689150
vn -0.02234523 -0.99973753 0.00505593
vn -0.02663881 -0.99964506 -0.00036079
vn -0.17196878 -0.98442805 0.03644372
vn -0.01959275 -0.99972987 -0.01250245
vn -0.02875584 -0.99924117 -0.02627154
vn -0.05543814 -0.98487563 -0.16415421
vn -0.02786639 -0.99794382 -0.05772004
vn -0.01212813 -0.99991422 -0.00494609
vn 0.01536305 -0.99988197 0.00015571
vn 0.01706007 -0.99985168 -0.00235927
vn 0.02272878 -0.99967145 -0.01184901
vn 0.04899958 -0.99879625 -0.00225796
vn 0.02245548 -0.99970739 -0.00899349
vn 0.01657371 -0.93998954 -0.34080049
vn 0.00188892 -0.99846252 -0.05539873
vn 0.04639066 -0.99892184 0.00175062
vn 0.04643149 -0.99891791 -0.00266965
vn 0.05038905 -0.99872935 -0.00079547
vn 0.00172810 -0.99999462 0.00278818
vn 0.01506374 -0.99987331 0.00514354
vn 0.00509305 -0.99910051 -0.04209777
vn -0.01546937 -0.99987942 -0.00135604
vn -0.09578281 -0.99538403 0.00602449
vn -0.09392602 -0.99553704 0.00916031
vn -0.05209320 -0.99861324 0.00760889
vn -0.01737070 -0.99983707 0.00490904
vn -0.00887454 -0.99995604 0.00302802
vn 0.03272002 -0.99942827 -0.00851643
vn 0.01149919 -0.99971842 -0.02075709
vn 0.04309801 -0.99438805 -0.09661762
vn 0.00921928 -0.99971179 -0.02216632
vn 0.03502107 -0.99919274 0.01968206
vn 0.02896506 -0.99929694 -0.02380460
vn -0.01792788 -0.95103665 0.30855774
vn 0.06461175 -0.99789381 -0.00576832
vn -0.05061034 -0.99703347 -0.05799004
vn -0.03013221 -0.99921884 -0.02556870
vn -0.29804663 -0.95239255 -0.06416107
vn 0.03381239 -0.99942806 0.00052782
vn 0.01785740 -0.99983955 0.00141236
vn 0.02683188 -0.99963885 -0.00149181
vn 0.05200409 -0.99864304 -0.00276615
vn 0.03886290 -0.99924234 0.00210237
vn 0.04025389 -0.99918929 0.00061978
vn 0.03828858 -0.99926606 -0.00114877
vn 0.04183852 -0.99912439 -0.00001453
vn 0.03510795 -0.99937521 -0.00407789
vn 0.03340566 -0.99943865 -0.00253996
vn 0.06632466 -0.99779565 0.00221067
vn 0.04901127 -0.99879608 0.00207091
vn 0.08267538 -0.99657651 -0.00021872
vn 0.05178507 -0.99863558 -0.00672892
vn 0.00866817 -0.99995652 0.00343960
vn -0.02350153 -0.99972280 0.00141480
vn 0.08022157 -0.99677686 -0.00063030
vn 0.00536669 -0.99998375 -0.00192228
vn 0.01387549 -0.99990361 0.00048910
vn 0.00608272 -0.99997733 -0.00288804
vn 0.01854633 -0.99982799 0.00016495
vn 0.00437792 -0.99999042 -0.00001039
vn 0.01986734 -0.99979139 0.00473872
vn 0.07078903 -0.99748414 -0.00378164
vn -0.03868094 -0.99922959 -0.00663335
vn 0.05024690 -0.99865227 -0.01299617
vn 0.06287884 -0.99798926 0.00798049
vn -0.42741269 -0.89853357 0.09977883
vn -0.48801558 -0.87272398 0.01391609
vn 0.08287292 -0.99655256 0.00388289
vn -0.08246389 -0.99579772 -0.03983218
vn -0.04392134 -0.99869564 -0.02603718
vn -0.07816482 -0.99579319 -0.04781412
vn -0.04717603 -0.96436324 0.26034201
vn -0.30254009 -0.95313655 0.00046173
vn -0.33318976 -0.94284218 0.00576278
vn -0.36126757 -0.93245314 0.00410982
vn -0.34890971 -0.93714334 0.00493776
vn 0.09485357 -0.99402121 -0.05407982
vn 0.11074078 -0.99361689 -0.02149304
vn 0.07504853 -0.99703206 -0.01716918
vn 0.16867548 -0.98559985 -0.01189588
vn -0.32276965 -0.94647749 0.00033546
vn -0.07195221 -0.99740412 -0.00281053
vn -0.31315571 -0.94969935 0.00215684
vn -0.27188903 -0.96224965 0.01232714
vn -0.26978649 -0.96290571 0.00527576
vn 0.09725835 -0.99525819 -0.00139937
vn 0.10616388 -0.99434831 -0.00081257
vn 0.11809075 -0.99300243 -0.00086210
vn 0.11785019 -0.99302845 -0.00241553
vn 0.12188881 -0.99247324 -0.01183134
vn 0.10837424 -0.99404383 -0.01148440
vn 0.23466029 -0.97206972 -0.00387346
vn 0.04297050 -0.99569268 0.08215611
vn -0.26442584 -0.96440319 0.00233581
vn -0.25053736 -0.96809109 0.00553821
vn -0.24715001 -0.96897658 -0.00112163
vn 0.01308460 -0.99144381 -0.12987675
vn -0.13826868 -0.99026712 -0.01589995
vn 0.07710845 -0.99511569 -0.06163641
vn 0.12286943 -0.99240811 -0.00540865
vn 0.09265238 -0.99567709 0.00653234
vn -0.27890446 -0.96030438 -0.00527293
vn -0.30424279 -0.95257782 -0.00564127
vn -0.27557765 -0.96124498 -0.00806511
vn -0.34854018 -0.93724555 -0.00951402
vn -0.01096407 -0.98345446 -0.18082343
vn -0.01567917 -0.99099331 -0.13299028
vn 0.03309846 -0.98695580 -0.15755236
vn 0.25499790 -0.96694161 0.00001584
vn 0.29528320 -0.95540977 0.00012101
vn 0.14846936 -0.98885967 -0.01064885
vn 0.33447212 -0.94240268 -0.00236405
vn 0.18431847 -0.97650589 0.11163759
vn -0.13827756 -0.98919721 -0.04866407
vn 0.16204740 -0.98678166 -0.00161139
vn 0.21696957 -0.97605291 -0.01564985
vn -0.46506690 -0.88521912 0.00999407
vn -0.10872292 -0.99339162 -0.03677524
vn -0.10283194 -0.99437661 -0.02531312
vn 0.07750634 -0.96596233 0.24679859
vn 0.04048675 -0.99914194 -0.00873020
vn -0.14624470 -0.98917710 -0.01188083
vn -0.22349855 -0.97457707 -0.01574596
vn -0.16600483 -0.98611105 -0.00523356
vn -0.04597858 -0.99894059 -0.00191729
vn -0.16214504 -0.98676665 -0.00075678
vn -0.05592030 -0.99843399 -0.00157455
vn -0.16988066 -0.98546052 -0.00285169
vn -0.08539823 -0.99632737 0.00623779
vn 0.02521844 -0.99968188 -0.00040008
vn 0.03335376 -0.99944349 -0.00049520
vn 0.18022884 -0.98361313 -0.00477304
vn 0.20982824 -0.97769821 -0.00884983
vn 0.02137841 -0.99973855 0.00811168
vn -0.02682090 -0.99963878 -0.00171768
vn -0.06548828 -0.99785102 -0.00215257
vn 0.10772653 -0.99416939 0.00471284
vn 0.02082086 -0.99977033 0.00507741
vn -0.16982344 -0.98545956 0.00542653
vn -0.15011497 -0.98865464 0.00524390
vn 0.03680376 -0.99932229 0.00066707
vn -0.16385295 -0.98648477 -0.00007343
vn -0.15565349 -0.98779062 -0.00645616
vn 0.03716039 -0.99930556 -0.00274024
vn 0.00075455 -0.99999815 -0.00176862
vn -0.14890144 -0.98885024 0.00188625
vn 0.04376842 -0.99903026 0.00478178
vn -0.14139433 -0.98993460 0.00609269
vn 0.10662863 -0.99429537 0.00265473
vn -0.14772722 -0.98901331 0.00541750
vn -0.14969936 -0.98872830 0.00253860
vn 0.19424204 -0.98095234 0.00159000
vn -0.14694698 -0.98914007 0.00291509
vn 0.22929101 -0.97334135 0.00567861
vn -0.13947162 -0.99019520 0.00781815
vn 0.09986247 -0.99498147 0.00627461
vn -0.14900356 -0.98878428 -0.01017800
vn 0.37112870 -0.92793371 -0.03467745
vn -0.15808588 -0.98409236 -0.08106215
vn -0.01993588 -0.99692038 -0.07584399
vn -0.37624119 -0.92647126 0.00967333
vn -0.16869621 -0.98565317 0.00542392
vn 0.16623319 -0.98608639 -0.00040797
vn 0.18296792 -0.98311601 0.00237925
vn 0.16804113 -0.98575801 -0.00658223
vn 0.21215057 -0.97723517 0.00188787
vn 0.20968394 -0.97775346 0.00555098
vn -0.35434203 -0.93504570 0.01145735
vn -0.31993618 -0.94742361 -0.00541697
vn -0.33256215 -0.94307514 -0.00341862
vn -0.34860819 -0.93725404 -0.00521515
vn -0.28613509 -0.95816831 -0.00634053
vn -0.24984080 -0.96819968 -0.01299861
vn -0.48653985 -0.87365592 -0.00207680
vn 0.06943664 -0.97273559 -0.22127816
vn -0.24768451 -0.96786438 -0.04348475
vn -0.22576951 -0.97060227 -0.08342277
vn -0.28133682 -0.95960885 -0.00067069
vn -0.42014791 -0.90725446 -0.01910719
vn -0.41740969 -0.90871840 0.00012559
vn -0.39008428 -0.92077915 -0.00010583
vn -0.37474462 -0.92708513 0.00892375
vn -0.37123500 -0.92853410 -0.00300164
vn -0.37452842 -0.92721462 0.00122508
vn -0.35616636 -0.93442255 0.00015266
vn -0.37227200 -0.92811957 0.00276119
vn -0.39572015 -0.91836486 0.00339623
vn -0.30592933 -0.95202285 0.00772891
vn -0.31079365 -0.95047190 0.00323766
vn -0.43647025 -0.89970492 0.00497833
vn -0.35857693 -0.93347089 0.00739456
vn -0.41914938 -0.90790914 0.00384485
vn -0.61227211 -0.79061499 0.00712754
vn 0.21711020 -0.97608939 0.01061410
vn 0.12699649 -0.99149913 0.02830853
vn 0.33733847 -0.94120156 -0.01850323
vn 0.20199820 -0.97937056 -0.00548054
vn 0.06062217 -0.99803556 0.01581046
vn -0.00051975 -0.92968585 0.36835303
vn 0.05068915 -0.99868978 -0.00702435
vn 0.09782665 -0.99518007 0.00682512
vn 0.07690311 -0.99697855 0.01094013
vn 0.08457655 -0.99638514 0.00796613
vn 0.06687133 -0.99772629 0.00839509
vn 0.08292848 -0.99655550 0.00002668
vn 0.06435430 -0.99792708 0.00027132
vn 0.07200900 -0.99740334 0.00112985
vn 0.08268339 -0.99654749 0.00752036
vn 0.18867737 -0.98203843 0.00116972
vn 0.17756070 -0.98410793 0.00194564
vn 0.16627349 -0.98603027 0.00987089
vn 0.05444607 -0.99844962 0.01157494
vn 0.02331557 -0.99971688 0.00474808
vn 0.16105044 -0.98694379 0.00217170
vn 0.02038410 -0.99979186 0.00085181
vn 0.12890940 -0.99163593 0.00636803
vn 0.03531679 -0.99935821 -0.00599056
vn 0.02683696 -0.99960129 0.00877743
vn 0.12628532 -0.99197596 0.00597647
vn 0.01038802 -0.99993836 0.00391969
vn 0.11959057 -0.99282323 -0.00035650
vn -0.01388568 -0.99988970 -0.00526981
vn 0.11335700 -0.99355270 0.00179468
vn 0.01224747 -0.99991369 0.00475529
vn -0.01184733 -0.99992532 -0.00299863
vn -0.05238697 -0.99859360 0.00815062
vn 0.14829995 -0.98892357 0.00610677
vn 0.13800141 -0.99043143 0.00109509
vn -0.04172090 -0.99911886 -0.00456822
vn 0.00362193 -0.99998561 -0.00395726
vn -0.04084572 -0.99916434 0.00150110
vn 0.09837758 -0.99514809 0.00145707
vn 0.10295859 -0.99468112 -0.00299949
vn -0.00706968 -0.99997496 -0.00031231
vn 0.08539933 -0.99634628 -0.00102281
vn 0.11015983 -0.99391333 0.00105137
vn -0.06351642 -0.99798013 -0.00114969
vn -0.02496402 -0.99968036 0.00399666
vn 0.16619005 -0.98609337 0.00085312
vn 0.02228238 -0.99971705 0.00832567
vn 0.05018734 -0.99872803 -0.00485372
vn 0.11697942 -0.99313432 0.00021798
vn 0.02224629 -0.99975127 -0.00158103
vn 0.13772908 -0.99046822 -0.00184304
vn 0.03065818 -0.99952988 -0.00031023
vn 0.13599898 -0.99070891 -0.00037841
vn 0.02436139 -0.99970284 0.00087065
vn 0.00859508 -0.99996295 -0.00046503
vn 0.12194619 -0.99253664 -0.00037017
vn 0.00229007 -0.99999730 0.00039191
vn 0.07572174 -0.99543505 -0.05809713
vn 0.07547762 -0.99708219 -0.01141240
vn 0.01454143 -0.99770382 -0.06614860
vn -0.06526547 -0.98679240 -0.14826053
vn -0.05004243 -0.99873440 -0.00503450
vn -0.05542732 -0.99846188 0.00130018
vn -0.05690997 -0.99836341 0.00563444
vn -0.07461886 -0.99719200 -0.00633524
vn 0.18367073 -0.98288790 0.01401568
vn -0.07995543 -0.99679581 -0.00228773
vn 0.21564492 -0.97637807 0.01353277
vn 0.19973798 -0.97983818 -0.00467848
vn 0.19412778 -0.98097314 0.00247205
vn 0.21061698 -0.97756832 -0.00081227
vn 0.22326046 -0.97472135 0.00854730
vn 0.21554863 -0.97649309 0.00017628
vn 0.25272422 -0.96753576 -0.00224180
vn 0.21989832 -0.97544887 0.01200938
vn 0.22499553 -0.97435383 0.00341037
vn 0.22532289 -0.97428394 0.00063552
vn 0.22607832 -0.97410843 -0.00116749
vn 0.25180804 -0.96777720 -0.00010979
vn 0.25551092 -0.96667278 0.01605967
vn 0.23319782 -0.97242411 -0.00318279
vn 0.25740323 -0.96629737 0.00360205
vn 0.25525764 -0.96687307 -0.00000176
vn 0.50694853 -0.86197632 -0.00005918
vn 0.30612321 -0.95188633 0.01417747
vn 0.33148087 -0.94345827 -0.00263259
vn 0.56758478 -0.82330583 0.00387605
vn 0.47756867 -0.87846489 0.01508644
vn -0.09634425 -0.97139821 -0.21703296
vn 0.21043429 -0.96590839 0.15079252
vn 0.14080698 -0.98000053 -0.14061417
vn 0.28528489 -0.95844235 0.00088824
vn 0.35336867 -0.93548026 0.00269451
vn -0.19963987 -0.95315862 -0.22722802
vn 0.32607092 -0.94533557 -0.00429166
vn 0.51417551 -0.85767859 0.00331307
vn -0.47599301 -0.87936219 -0.01236125
vn 0.25444646 -0.91019888 0.32679505
vn -0.02544602 -0.71799446 -0.69558353
vn 0.56898090 -0.82234811 -0.00207834
vn -0.46350235 -0.88335119 0.06968681
vn -0.58465128 -0.81124839 0.00767716
vn -0.55253686 -0.83345996 0.00689277
vn -0.61469288 -0.78876175 0.00275059
vn 0.51787304 -0.85545716 0.00075161
vn 0.44390861 -0.89606728 0.00292938
vn 0.50535127 -0.86290692 -0.00342685
vn -0.51905597 -0.85472815 0.00454799
vn -0.53438144 -0.84524333 -0.00043192
vn -0.57844967 -0.81563217 0.01183848
vn 0.75002823 -0.65938585 -0.05165222
vn -0.01565025 -0.61450446 0.78875810
vn 0.54300226 -0.83962087 -0.01361438
vn 0.02558801 -0.80227288 -0.59640882
vn -0.42612269 -0.81630160 -0.38996302
vn -0.01435404 -0.75367356 0.65709218
vn -0.13921277 0.99026244 0.00033537
vn -0.14130942 0.98996413 -0.00163683
vn -0.13902523 0.99028814 -0.00118010
vn -0.13211644 0.99123368 -0.00101477
vn -0.12902401 0.99164143 -0.00028234
vn -0.12968461 0.99155483 -0.00096415
vn -0.12788194 0.99178913 0.00072530
vn -0.12375113 0.99231274 -0.00104509
vn -0.11994377 0.99278054 -0.00054743
vn -0.12395619 0.99228729 -0.00088779
vn -0.12509555 0.99214456 -0.00052518
vn -0.12030333 0.99273600 -0.00153290
vn -0.12674857 0.99193117 -0.00271120
vn -0.12232644 0.99248980 -0.00048396
vn -0.23604659 0.97173321 -0.00407139
vn -0.23824154 0.97120582 0.00047455
vn -0.24444908 0.96966208 0.00032517
vn -0.12336245 0.99236141 -0.00073763
vn -0.12100183 0.99265127 -0.00141878
vn -0.12132733 0.99261200 -0.00104297
vn -0.12083665 0.99267147 -0.00136361
vn -0.12558403 0.99208293 -0.00032416
vn -0.12982467 0.99153652 -0.00094040
vn -0.14155425 0.98992932 0.00152944
vn -0.12676836 0.99193235 -0.00007236
vn -0.14276529 0.98975573 0.00129284
vn -0.12713821 0.99187079 -0.00531173
vn -0.14412812 0.98954373 -0.00550455
vn -0.09753739 0.97937767 0.17693457
vn -0.11895380 0.99135461 0.05537169
vn -0.12128532 0.99261718 -0.00100685
vn -0.12308451 0.99239536 -0.00128895
vn -0.11994961 0.98835896 0.09358773
vn -0.12798974 0.99177062 -0.00310915
vn -0.12335860 0.99236025 -0.00194444
vn -0.12846120 0.99170922 -0.00324605
vn -0.13504459 0.99083683 -0.00230836
vn -0.12723993 0.99187183 -0.00052170
vn -0.12043725 0.99272046 -0.00097955
vn -0.13693683 0.99057970 -0.00039574
vn -0.12402283 0.97919097 0.16063430
vn -0.11897090 0.97025117 0.21085207
vn -0.12807731 0.99176353 0.00114316
vn -0.14010091 0.99013719 0.00029158
vn -0.13694138 0.99057844 0.00119222
vn -0.13950722 0.99022099 -0.00035610
vn -0.13334278 0.99106997 -0.00015924
vn -0.12625908 0.99199626 -0.00143964
vn -0.12264173 0.99245072 -0.00075525
vn -0.13188652 0.99126191 -0.00240397
vn -0.14110754 0.98999379 -0.00098128
vn -0.13114657 0.99136148 0.00173134
vn -0.14238580 0.98981010 -0.00149780
vn -0.13988814 0.99016700 0.00078823
vn -0.15137562 0.98847363 -0.00230183
vn -0.14899644 0.98883666 -0.00145724
vn -0.13300943 0.99111176 -0.00244323
vn -0.14257563 0.98978390 0.00016360
vn -0.13368997 0.99102276 0.00093734
vn -0.13915767 0.99026748 0.00233667
vn -0.12567037 0.99206822 0.00275623
vn -0.12005900 0.99276501 0.00186234
vn -0.12037191 0.99204391 0.03687107
vn -0.11309171 0.99272815 0.04124433
vn -0.13730213 0.97846745 0.15410895
vn -0.13906409 0.99028183 -0.00175244
vn -0.14409265 0.98956412 0.00039373
vn -0.13466412 0.99088694 -0.00294060
vn -0.14934673 0.98876429 -0.00638164
vn -0.15613795 0.98771327 -0.00659105
vn -0.16299302 0.98662431 -0.00239867
vn -0.13762070 0.99048071 -0.00291592
vn -0.15358616 0.98813502 0.00068176
vn -0.13505608 0.99083577 -0.00207980
vn -0.13568657 0.99075084 0.00138602
vn -0.14423629 0.98954327 0.00009778
vn -0.22461977 0.97444168 0.00306136
vn -0.21466890 0.97668414 0.00231556
vn -0.13299005 0.99111331 0.00283758
vn -0.12667418 0.99194438 -0.00007224
vn -0.13097405 0.99138492 0.00132102
vn -0.22924051 0.97336841 0.00165089
vn -0.12260380 0.99245523 -0.00096352
vn -0.22741930 0.97379689 0.00028373
vn -0.22122747 0.97521804 -0.00286008
vn -0.12728492 0.99186525 -0.00137032
vn -0.20784129 0.97815587 -0.00361842
vn -0.21004485 0.97768991 -0.00189727
vn -0.12642997 0.99197323 -0.00214082
vn -0.13091786 0.99131814 -0.01220053
vn -0.20685430 0.97836558 -0.00347730
vn -0.21446645 0.97670607 -0.00702881
vn -0.21870446 0.97564865 0.01667569
vn -0.12749541 0.99183469 -0.00297920
vn -0.12678421 0.99186881 -0.01104670
vn -0.12528596 0.99212044 -0.00067532
vn -0.12062781 0.99269608 -0.00184981
vn -0.12425613 0.99224929 -0.00132441
vn -0.12397073 0.99228321 -0.00230095
vn -0.12961336 0.99156107 -0.00265144
vn -0.12463657 0.98829026 -0.08802320
vn -0.12712213 0.99147996 -0.02841561
vn -0.12431479 0.99185222 -0.02783898
vn -0.13416384 0.99095892 -0.00069326
vn -0.13608841 0.99067347 -0.00678438
vn -0.13269533 0.98378228 -0.12068297
vn -0.13928021 0.99012706 -0.01579311
vn -0.13245285 0.98788986 -0.08080766
vn -0.14417293 0.98955250 0.00008515
vn -0.14058777 0.99000525 -0.01116618
vn -0.14110116 0.98999511 0.00037413
vn -0.14185873 0.98984914 -0.00864724
vn -0.14614786 0.98926023 -0.00223518
vn -0.15121066 0.98849755 -0.00281697
vn -0.14575599 0.98932036 -0.00065250
vn -0.14092838 0.99001894 -0.00129990
vn -0.14770786 0.98903082 -0.00064680
vn -0.14348479 0.98965251 0.00013971
vn -0.14228856 0.98982381 -0.00167146
vn -0.14506699 0.98942068 -0.00151521
vn -0.14302447 0.98970550 -0.00519833
vn -0.15185246 0.98840299 -0.00059371
vn -0.18840208 0.98208849 -0.00261893
vn -0.15552288 0.98783215 -0.00051681
vn -0.19348693 0.98110277 0.00041001
vn -0.14328447 0.98966385 0.00591732
vn -0.14555236 0.98935029 -0.00071064
vn -0.13845442 0.99036881 0.00001066
vn -0.13798753 0.99043154 -0.00219270
vn -0.13015343 0.99149171 -0.00206778
vn -0.12171369 0.99255927 -0.00344721
vn -0.11975216 0.99280258 -0.00156863
vn -0.12602902 0.99202309 -0.00262103
vn -0.12527659 0.99212134 -0.00100903
vn -0.12246816 0.99247110 -0.00163150
vn -0.12512453 0.99214044 0.00109783
vn -0.12140436 0.99260297 0.00056847
vn -0.12537795 0.99210883 0.00066596
vn -0.11913222 0.99287839 0.00007958
vn -0.11902227 0.99289137 -0.00065323
vn -0.12421911 0.99225194 -0.00238568
vn -0.12518165 0.99213034 -0.00263593
vn -0.12388302 0.99229666 -0.00058125
vn -0.12730494 0.99186303 -0.00109039
vn -0.13859598 0.99034899 -0.00019301
vn -0.12864955 0.99168966 0.00094952
vn -0.12831562 0.99173215 0.00156275
vn -0.13913438 0.99027333 0.00059773
vn -0.13050120 0.99144286 -0.00323966
vn -0.13847652 0.99036507 0.00113066
vn -0.13736619 0.99051758 -0.00233595
vn -0.12739932 0.99184522 -0.00353185
vn -0.12621562 0.99199550 -0.00381295
vn -0.12585992 0.99204332 -0.00305560
vn -0.12623455 0.99199532 -0.00318036
vn -0.12514267 0.99213798 -0.00124302
vn -0.13595692 0.99071287 -0.00193042
vn -0.13463581 0.99089101 -0.00286428
vn -0.12531672 0.99211358 0.00252292
vn -0.13180159 0.99127601 -0.00047211
vn -0.12344818 0.99235099 0.00023767
vn -0.12216872 0.99250830 0.00143986
vn -0.14665608 0.98918662 0.00134987
vn -0.13924530 0.99025303 0.00311145
vn -0.13880770 0.99028376 0.00839674
vn -0.17900745 0.98379803 0.00988826
vn -0.13217264 0.99122298 0.00271846
vn -0.16841285 0.98571407 -0.00220874
vn -0.13092313 0.99139216 0.00084666
vn -0.13096889 0.99137760 -0.00419591
vn -0.13496484 0.99085035 -0.00025970
vn -0.14217846 0.98983639 -0.00303375
vn -0.13410899 0.99096426 -0.00214590
vn -0.13686915 0.99058634 -0.00235161
vn -0.16813279 0.98573806 0.00720006
vn -0.11258760 0.99361790 0.00689152
vn -0.09858759 0.99512229 -0.00348071
vn -0.10034834 0.99494129 -0.00469454
vn -0.12316879 0.99238151 -0.00289462
vn -0.10215776 0.99476119 -0.00373781
vn -0.11179873 0.99372020 -0.00460503
vn -0.13777629 0.99046241 -0.00137869
vn -0.13635942 0.99065741 -0.00200249
vn -0.12458315 0.99220911 0.00035339
vn -0.13519864 0.99081709 -0.00167867
vn -0.13243056 0.99117364 -0.00608037
vn -0.12562807 0.99207224 0.00320366
vn -0.23724733 0.97144180 -0.00381235
vn -0.12462142 0.99220029 -0.00284395
vn -0.14708367 0.98911821 -0.00339975
vn -0.15509881 0.98789671 0.00210761
vn -0.18061205 0.98353480 -0.00621220
vn -0.15549919 0.98781408 0.00658392
vn -0.34741696 0.93366491 0.08701313
vn -0.26207425 0.96504255 0.00315627
vn -0.25742175 0.96629250 -0.00358339
vn -0.22107553 0.97292997 -0.06732674
vn -0.14192920 0.98935900 -0.03201375
vn -0.13786869 0.97714896 -0.16177807
vn -0.12891971 0.99100990 -0.03576445
vn -0.14851795 0.98890802 -0.00183187
vn -0.28183690 0.95946113 -0.00151733
vn -0.29982536 0.95398152 -0.00489994
vn -0.24641452 0.96914905 0.00547760
vn -0.25380776 0.96723547 0.00609632
vn -0.14283658 0.98973807 0.00403354
vn -0.15984348 0.98713330 -0.00423252
vn -0.14499432 0.98943249 -0.00000952
vn -0.22818504 0.97361105 0.00362155
vn -0.25374091 0.96726046 0.00476977
vn -0.32009461 0.94736052 -0.00689120
vn -0.28668531 0.95795239 -0.01177885
vn -0.23182364 0.97270948 -0.00969906
vn -0.13421812 0.98831549 -0.07223569
vn -0.25327775 0.96739344 -0.00055563
vn -0.24169727 0.97033584 -0.00554894
vn -0.22150537 0.97515039 -0.00413388
vn -0.21894622 0.97573655 0.00085830
vn -0.23999169 0.97074600 -0.00749631
vn -0.19277097 0.97999849 -0.04941983
vn -0.26299973 0.96457846 0.02048250
vn -0.26872534 0.96321666 -0.00059285
vn -0.24608394 0.96921361 -0.00822620
vn -0.23854634 0.97111876 -0.00489948
vn -0.30009589 0.95389963 -0.00423705
vn -0.30976440 0.95081123 -0.00200507
vn -0.32291067 0.94642793 -0.00169534
vn -0.18974483 0.98181781 -0.00554029
vn -0.12537061 0.93898791 0.32028724
vn -0.34468395 0.93870186 0.00563935
vn -0.14150485 0.97696850 0.15971514
vn -0.32574551 0.94545620 0.00155872
vn -0.25065276 0.96806338 0.00514676
vn -0.38073503 0.92460996 -0.01171595
vn -0.45089425 0.89241734 0.01690188
vn -0.03298220 0.99501378 0.09412623
vn -0.07663389 0.99346620 -0.08457040
vn -0.38898115 0.92102403 0.02020913
vn -0.10039623 0.92615197 0.36354247
vn -0.09389018 0.90638797 0.41188043
vn -0.31491882 0.94774082 0.05112217
vn -0.47167433 0.88165835 -0.01420882
vn -0.47006808 0.88262971 -0.00088963
vn -0.47572322 0.87955971 -0.00788231
vn -0.38816757 0.92158863 -0.00058111
vn -0.42215813 0.90652021 0.00190138
vn -0.45884971 0.88851168 -0.00198292
vn -0.12819621 0.97276058 0.19313879
vn -0.11673234 0.97682007 -0.17943274
vn -0.55318720 0.83271096 0.02400803
vn -0.12801538 0.95956556 -0.25069105
vn -0.46125007 0.88726571 0.00281765
vn -0.48876370 0.87241339 -0.00221975
vn -0.44828961 0.89388693 0.00161008
vn -0.44004349 0.89797644 0.00021566
vn -0.32177515 0.93358490 0.15773388
vn -0.48153872 0.87642379 -0.00133781
vn -0.37302468 0.92779089 0.00752653
vn -0.35256196 0.93578629 0.00202101
vn 0.00898119 0.98207844 0.18825855
vn -0.33319817 0.94284051 -0.00554561
vn -0.36728961 0.92996103 -0.01645651
vn -0.35758728 0.93361384 0.02228286
vn -0.49254289 0.87028634 -0.00178666
vn -0.50481874 0.86321194 0.00481498
vn -0.50082487 0.86553041 -0.00561821
vn -0.57684350 0.81685206 -0.00207053
vn -0.54575001 0.83793632 0.00443268
vn -0.57835803 0.81576721 0.00508384
vn -0.51708338 0.85592847 0.00335281
vn -0.56999901 0.82060386 -0.04135738
vn -0.46460678 0.87303775 -0.14814058
vn -0.35489149 0.93489797 0.00422203
vn -0.37539066 0.92664090 0.02045704
vn -0.36967078 0.92915672 0.00336241
vn -0.45302875 0.89112454 -0.02572945
vn -0.07586000 0.95842549 -0.27507425
vn -0.39048710 0.92056617 -0.00881799
vn -0.39366091 0.91923628 -0.00597882
vn -0.46738302 0.88374370 0.02345605
vn -0.43618322 0.89985294 -0.00297926
vn -0.40012479 0.91646050 -0.00054689
vn -0.58080557 0.81387548 0.01647986
vn -0.62894145 0.77732767 -0.01394060
vn -0.12990872 0.94264416 -0.30748286
vn -0.10741933 0.93953194 0.32517814
vn -0.02416485 0.94253655 0.33322800
vn -0.13516738 0.92656281 0.35101444
vn -0.45755416 0.88915692 -0.00664574
vn -0.66848893 0.73729739 -0.09754539
vn -0.13924032 0.92113197 -0.36349418
vn -0.16192084 0.97250258 -0.16739287
vn -0.09850389 0.89101222 0.44316386
vn -0.09914570 0.90430053 0.41522365
vn -0.54026734 0.84148525 -0.00371151
vn -0.58247314 0.81284133 -0.00374338
vn -0.55602239 0.83116710 0.00059570
vn -0.62245940 0.78263779 -0.00473247
vn -0.53169178 0.84444304 0.06495998
vn -0.52673426 0.84165458 0.11903187
vn -0.11179577 0.99369073 0.00896882
vn -0.61308664 0.79001566 0.00017815
vn -0.10946719 0.99397937 -0.00468397
vn -0.11534520 0.99332280 -0.00230282
vn -0.65001836 0.75991696 -0.00152973
vn -0.62887182 0.77748518 -0.00608526
vn -0.68421821 0.72927594 -0.00143311
vn -0.15966475 0.98717028 0.00141497
vn 0.40925684 0.91212667 0.02310357
vn 0.39570150 0.91836505 0.00509440
vn -0.67266108 0.73991709 -0.00705443
vn -0.71008565 0.70411395 -0.00138096
vn -0.10170112 0.99477351 -0.00908540
vn -0.68444909 0.72906059 0.00031120
vn -0.68938118 0.72439847 -0.00065854
vn 0.38065640 0.92471573 -0.00123641
vn -0.16587782 0.98613619 0.00446914
vn 0.43909591 0.86049659 0.25834165
vn -0.62982093 0.77661076 0.01418895
vn -0.24592116 0.95279114 -0.17807814
vn -0.65227061 0.75797651 -0.00382987
vn -0.68064693 0.73260358 -0.00342772
vn -0.71171540 0.70246527 -0.00193203
vn -0.68529838 0.72825836 -0.00242781
vn -0.67403758 0.73869690 -0.00047688
vn -0.68751724 0.72612713 -0.00770946
vn -0.25813116 0.94962698 0.17769891
vn -0.49980771 0.84922740 0.17030875
vn -0.67635123 0.73656598 -0.00442427
vn -0.07089850 0.83289002 0.54887851
vn -0.70204769 0.71195187 -0.01592398
vn -0.86593747 0.50008482 0.00821379
vn 0.44487997 0.89546903 -0.01473188
vn 0.44655324 0.89474735 -0.00416854
vn 0.42223081 0.85420359 -0.30340957
vn -0.73174568 0.68153950 0.00722283
vn -0.76467061 0.64434480 0.00993140
vn -0.13006098 0.80499231 0.57885362
vn -0.52815786 0.82663007 -0.19424728
vn -0.70959684 0.70460493 0.00205238
vn -0.70069128 0.70406030 -0.11545917
vn -0.78693161 0.60474525 -0.12256354
vn -0.69106760 0.72278658 0.00226536
vn -0.07766074 0.77173117 0.63118920
vn -0.79446111 0.60730617 -0.00327997
vn -0.71828958 0.69574128 -0.00203741
vn -0.33138274 0.94349604 -0.00084242
vn 0.01513376 0.99985415 -0.00791518
vn 0.04750360 0.99887073 0.00082021
vn -0.42317014 0.90604974 -0.00094698
vn -0.13893722 0.99030081 0.00086770
vn -0.42741313 0.90405573 0.00112009
vn 0.12852224 0.99168997 -0.00574838
vn -0.39672371 0.91791833 -0.00602051
vn -0.08494966 0.99638271 -0.00224516
vn -0.37216652 0.92816590 -0.00037793
vn -0.50286660 0.86421174 -0.01622499
vn 0.03772028 0.99928771 0.00112019
vn -0.02155524 0.99949945 -0.02315628
vn -0.42714201 0.90407965 -0.01377276
vn -0.56334728 0.81990712 -0.10194192
vn 0.02347334 0.99947027 -0.02254271
vn 0.11340812 0.99354829 0.00062430
vn -0.76996214 0.63807126 -0.00483562
vn -0.81438204 0.58032094 -0.00308266
vn -0.80207318 0.59597954 0.03856175
vn -0.48663252 0.87360677 -0.00002117
vn -0.47541215 0.87966442 0.01318326
vn -0.15439450 0.98798889 0.00634697
vn -0.03830417 0.99922155 0.00943880
vn -0.47859498 0.87794699 0.01248682
vn 0.00442523 0.99995939 0.00785078
vn -0.42879803 0.90339925 0.00142829
vn -0.04422420 0.99901640 0.00323208
vn -0.43390183 0.90095594 -0.00275535
vn 0.01799326 0.99981621 0.00661660
vn 0.02326832 0.99970122 -0.00748668
vn -0.47525447 0.87984718 0.00145522
vn -0.02786737 0.99961003 0.00178771
vn -0.53237457 0.84622453 0.02193992
vn -0.14880309 0.97367590 0.17266405
vn -0.72828273 0.67398279 0.12390101
vn -0.86932762 0.49293458 0.03584679
vn -0.84555094 0.53387642 0.00442451
vn -0.80718635 0.53556630 -0.24823163
vn -0.87919607 0.46694705 -0.09473498
vn -0.49329138 0.86267729 0.11158634
vn -0.49202142 0.77655307 0.39354829
vn -0.27180748 0.01705657 -0.96220048
vn -0.03956246 -0.01196264 -0.99914549
vn -0.12776075 0.00402244 -0.99179686
vn 0.00114233 -0.00189964 -0.99999754
vn -0.00007757 -0.00855129 -0.99996343
vn -0.00159494 -0.00542471 -0.99998401
vn -0.00238383 -0.01024211 -0.99994471
vn 0.02369001 -0.00747106 -0.99969144
vn -0.00320277 -0.00697140 -0.99997057
vn -0.00683432 -0.01088418 -0.99991741
vn 0.00092465 -0.01117671 -0.99993711
vn 0.00233806 -0.00541552 -0.99998260
vn 0.00153603 -0.00935330 -0.99995508
vn -0.00675304 -0.01083771 -0.99991847
vn 0.00051207 -0.01223225 -0.99992505
vn 0.00247230 -0.01019787 -0.99994494
vn 0.00306771 -0.00720490 -0.99996934
vn -0.01590411 -0.00131849 -0.99987265
vn -0.00795925 -0.00405478 -0.99996010
vn 0.00636858 -0.00721466 -0.99995369
vn 0.00177697 -0.00570589 -0.99998214
vn 0.00766886 -0.00777750 -0.99994035
vn 0.00763072 -0.00638237 -0.99995052
vn 0.00265459 -0.00510438 -0.99998345
vn 0.00678660 -0.00998655 -0.99992710
vn 0.00362514 -0.03465387 -0.99939280
vn 0.01925309 -0.04082430 -0.99898083
vn 0.00640524 -0.02397443 -0.99969205
vn 0.00555142 -0.02366262 -0.99970459
vn 0.00884980 -0.02937009 -0.99952943
vn 0.00580568 -0.02250488 -0.99972988
vn 0.00330264 -0.01035255 -0.99994096
vn 0.00288027 -0.00511177 -0.99998279
vn 0.00356611 -0.00741749 -0.99996613
vn 0.01119661 -0.00646500 -0.99991642
vn 0.00953355 -0.00901464 -0.99991392
vn 0.00318317 -0.00931566 -0.99995154
vn 0.00346339 -0.00843412 -0.99995843
vn 0.00510519 -0.00605559 -0.99996863
vn 0.00334844 -0.00724905 -0.99996812
vn 0.00193796 -0.00624602 -0.99997862
vn 0.00500842 -0.00560072 -0.99997177
vn 0.00126783 -0.01034838 -0.99994565
vn 0.00845125 -0.00721312 -0.99993827
vn 0.00702765 -0.00762282 -0.99994625
vn 0.02623460 -0.00513320 -0.99964263
vn 0.02214773 -0.00318454 -0.99974964
vn 0.02265568 -0.01368125 -0.99964971
vn 0.00705931 -0.01371956 -0.99988096
vn 0.01877076 -0.02278668 -0.99956412
vn 0.00998586 -0.01227833 -0.99987475
vn 0.00169268 -0.01246697 -0.99992085
vn 0.00214992 -0.00815297 -0.99996445
vn 0.00250365 -0.00785448 -0.99996602
vn 0.00113054 -0.00769534 -0.99996975
vn -0.00022633 -0.01070581 -0.99994267
vn 0.00033404 -0.01110771 -0.99993825
vn 0.00290002 -0.01005800 -0.99994521
vn 0.00319947 -0.00412275 -0.99998638
vn 0.02010133 -0.00437404 -0.99978838
vn 0.01861598 -0.01114438 -0.99976460
vn 0.01308175 -0.00450179 -0.99990430
vn 0.04045139 0.00812592 -0.99914846
vn 0.06044867 -0.01837262 -0.99800221
vn 0.21365054 0.02610915 -0.97656119
vn 0.05559590 -0.00295771 -0.99844897
vn 0.03820768 -0.02414009 -0.99897819
vn 0.02888239 -0.04170558 -0.99871240
vn -0.13889478 -0.00750730 -0.99027869
vn -0.05716369 0.00940646 -0.99832051
vn 0.00077071 0.00314779 -0.99999475
vn 0.00221991 0.00280483 -0.99999360
vn -0.00149545 -0.00011983 -0.99999887
vn 0.00369278 0.00031268 -0.99999313
vn 0.00317166 0.00357415 -0.99998858
vn 0.00584243 0.00284005 -0.99997890
vn 0.00626908 0.00421447 -0.99997147
vn 0.00803015 -0.00093931 -0.99996732
vn 0.01154727 0.00444226 -0.99992346
vn 0.02063036 0.00221266 -0.99978472
vn -0.00366449 0.00327653 -0.99998792
vn -0.23642832 0.02061143 -0.97143030
vn -0.01830335 0.00250972 -0.99982933
vn 0.00160060 -0.00126994 -0.99999791
vn 0.00245649 -0.00385801 -0.99998954
vn 0.00938344 -0.00121779 -0.99995523
vn 0.00245223 -0.00010066 -0.99999699
vn 0.00208956 0.00157965 -0.99999657
vn 0.00079486 0.00285033 -0.99999562
vn 0.00259885 0.00224131 -0.99999411
vn 0.00319386 0.00833820 -0.99996014
vn -0.00441120 0.00943641 -0.99994575
vn 0.01115055 0.01408697 -0.99983860
vn 0.00491973 0.00541500 -0.99997324
vn 0.01506079 0.00493898 -0.99987438
vn 0.02573791 0.01042964 -0.99961432
vn 0.01829371 0.03381758 -0.99926058
vn 0.10609718 0.02580567 -0.99402085
vn 0.10750707 0.03505941 -0.99358596
vn 0.00743749 0.00000709 -0.99997234
vn 0.00656932 0.03184240 -0.99947131
vn 0.00130813 0.02579264 -0.99966646
vn -0.00579287 -0.00077831 -0.99998292
vn -0.02811595 0.00530784 -0.99959058
vn -0.01489336 0.00250737 -0.99988594
vn -0.07558969 0.00190670 -0.99713718
vn -0.15532419 -0.01006148 -0.98781231
vn -0.04320937 -0.00387999 -0.99905850
vn -0.07783575 0.00294822 -0.99696184
vn -0.00026483 0.06812604 -0.99767669
vn 0.08283836 -0.00537870 -0.99654848
vn 0.02540793 -0.00763986 -0.99964797
vn 0.03913801 -0.00965245 -0.99918719
vn 0.17439615 -0.00837322 -0.98463997
vn 0.14492549 0.00907821 -0.98940092
vn 0.06768751 0.01106513 -0.99764521
vn 0.26099420 -0.00634903 -0.96531949
vn 0.20989463 -0.01536022 -0.97760335
vn 0.12585111 -0.00242889 -0.99204617
vn -0.10480464 0.00439877 -0.99448310
vn -0.20656457 0.00476873 -0.97842135
vn 0.01052854 -0.00168920 -0.99994315
vn 0.02965703 -0.00620042 -0.99954090
vn 0.08463762 0.00646717 -0.99639081
vn 0.05508323 0.00224058 -0.99847925
vn 0.05720810 -0.00205177 -0.99836017
vn -0.25189682 0.07660273 -0.96471758
vn -0.24277209 0.01499336 -0.96996748
vn 0.16922579 0.00501203 -0.98556456
vn 0.12489014 -0.01292527 -0.99208638
vn -0.02078465 -0.01157572 -0.99971696
vn -0.01721005 -0.00416068 -0.99984324
vn 0.06403653 -0.01724743 -0.99779850
vn 0.03262677 0.00085535 -0.99946724
vn -0.02373521 0.00991296 -0.99966913
vn -0.04671799 0.00265719 -0.99890458
vn -0.03529358 -0.01052645 -0.99932155
vn -0.03397694 -0.01982932 -0.99922588
vn 0.10880301 0.02067988 -0.99384820
vn -0.00297233 -0.00741701 -0.99996808
vn -0.16396828 -0.03173976 -0.98595486
vn -0.11823540 -0.00096230 -0.99298513
vn -0.05803154 -0.03210334 -0.99779843
vn 0.03599905 -0.02733514 -0.99897791
vn -0.09651392 -0.02543518 -0.99500659
vn 0.06854741 -0.00569335 -0.99763161
vn 0.11184356 -0.02705184 -0.99335755
vn -0.06305910 -0.01384543 -0.99791375
vn -0.12728318 -0.00175793 -0.99186486
vn -0.20512654 -0.04327771 -0.97777817
vn 0.00699657 -0.03254470 -0.99944579
vn 0.00676483 -0.03063102 -0.99950787
vn 0.00710283 -0.03679521 -0.99929758
vn 0.00471943 -0.06407355 -0.99793402
vn 0.22127362 -0.00759487 -0.97518219
vn 0.02257811 -0.05308199 -0.99833488
vn 0.00950225 -0.05396403 -0.99849767
vn 0.01633538 -0.04438151 -0.99888109
vn -0.00687013 -0.05483629 -0.99847172
vn 0.09397736 -0.00702623 -0.99554954
vn 0.14025274 -0.00447360 -0.99010563
vn -0.18337353 -0.02759157 -0.98265602
vn -0.02453412 -0.01668946 -0.99955967
vn -0.05045959 0.04342105 -0.99778176
vn -0.02808746 -0.01239936 -0.99952856
vn -0.03177494 -0.02898266 -0.99907475
vn -0.15813858 -0.04774877 -0.98626175
vn -0.04716207 -0.04292363 -0.99796458
vn -0.20492283 -0.03251711 -0.97823784
vn -0.07563091 -0.02130151 -0.99690833
vn 0.06708042 0.00846741 -0.99771164
vn 0.12471130 0.03909321 -0.99142262
vn 0.00770017 0.15182788 -0.98837695
vn 0.00800750 0.04940979 -0.99874649
vn 0.00760798 0.06934795 -0.99756352
vn 0.00709684 0.12315963 -0.99236150
vn 0.00281169 0.06088124 -0.99814106
vn 0.01702679 0.07424118 -0.99709495
vn 0.00476935 0.08137223 -0.99667237
vn 0.08873265 0.08884789 -0.99208496
vn -0.14223881 -0.06979397 -0.98736869
vn 0.26757780 0.05610404 -0.96190148
vn -0.16420322 0.01255803 -0.98634659
vn -0.25923737 0.01380447 -0.96571498
vn 0.01566594 0.05817178 -0.99818366
vn 0.20030660 -0.01810850 -0.97956590
vn -0.32851844 -0.01264281 -0.94441294
vn -0.03891254 -0.08393318 -0.99571132
vn -0.02205150 -0.10253832 -0.99448460
vn 0.19310191 0.01445473 -0.98107223
vn 0.20973734 0.03476102 -0.97713966
vn -0.27485423 0.00606991 -0.96146675
vn -0.03879498 -0.01923423 -0.99906206
vn -0.29340662 0.04863117 -0.95475000
vn -0.10907462 -0.12741146 -0.98583419
vn 0.40876003 0.01480263 -0.91252185
vn 0.28438275 0.01303705 -0.95862218
vn -0.28697385 -0.05770056 -0.95619907
vn -0.01633009 0.19000811 -0.98164670
vn 0.00264214 0.16099662 -0.98695142
vn 0.01394426 0.24532669 -0.96934017
vn -0.16587846 -0.05266294 -0.98473903
vn -0.15710464 -0.01266343 -0.98750077
vn 0.27262879 0.00840453 -0.96208259
vn -0.18830245 -0.04535585 -0.98106322
vn 0.10439854 -0.00872379 -0.99449728
vn 0.21196657 0.01366663 -0.97718135
vn 0.18298480 -0.00555262 -0.98310006
vn 0.18452372 0.00894988 -0.98278731
vn 0.19157689 0.00309886 -0.98147272
vn 0.36905325 0.00772065 -0.92937618
vn 0.36555503 -0.01558940 -0.93065917
vn -0.14128508 -0.00416248 -0.98996020
vn 0.03071613 0.29715785 -0.95433418
vn 0.12296040 -0.00915909 -0.99236931
vn 0.19184040 0.00630902 -0.98140586
vn 0.09681287 -0.00474642 -0.99529128
vn -0.11006345 0.24767172 -0.96257195
vn 0.03421429 0.15260456 -0.98769491
vn -0.02177109 0.28188536 -0.95920106
vn 0.28347280 0.02273586 -0.95871072
vn -0.34796552 0.02636231 -0.93713661
vn -0.16729905 0.00791093 -0.98587446
vn -0.32517282 -0.05549118 -0.94402509
vn -0.17255960 -0.04806943 -0.98382545
vn 0.01314452 0.01768598 -0.99975718
vn -0.22934016 0.00059489 -0.97334616
vn 0.17391063 0.01720791 -0.98461108
vn -0.12494367 -0.14740921 -0.98115218
vn -0.27373687 -0.18994820 -0.94286150
vn 0.37953728 0.03812549 -0.92439056
vn 0.31845127 -0.02789646 -0.94752867
vn -0.52340773 -0.00232072 -0.85207920
vn -0.50891466 0.07903032 -0.85718148
vn 0.16309896 -0.00925053 -0.98656635
vn -0.03510674 0.19336804 -0.98049799
vn 0.16706971 0.04117014 -0.98508514
vn -0.27740516 -0.00832485 -0.96071696
vn 0.20821677 -0.00912948 -0.97804010
vn 0.11780661 0.28108231 -0.95242550
vn 0.27613651 -0.01212328 -0.96104196
vn -0.18964504 0.00801995 -0.98181996
vn 0.01353819 0.22992226 -0.97311483
vn 0.00513090 0.26238698 -0.96494909
vn 0.25123224 -0.02081118 -0.96770308
vn 0.19026272 -0.03693432 -0.98103820
vn 0.20968571 -0.03247275 -0.97722946
vn -0.28509690 0.00727270 -0.95847111
vn -0.22085502 -0.00008243 -0.97530665
vn -0.31915972 -0.06686212 -0.94533937
vn 0.39370907 -0.01158900 -0.91916204
vn 0.24667512 -0.00816174 -0.96906386
vn 0.32635118 0.04420762 -0.94421427
vn 0.25162566 0.03694709 -0.96711914
vn -0.00919525 0.25759236 -0.96620993
vn 0.02033561 0.30012134 -0.95368425
vn -0.49910789 -0.01053265 -0.86647584
vn -0.60895622 -0.07448758 -0.78969863
vn 0.39170777 0.02145875 -0.91983941
vn 0.28628677 0.00703327 -0.95811817
vn -0.33274972 0.03454768 -0.94238213
vn -0.01838085 0.32825068 -0.94441179
vn 0.48596674 -0.01614931 -0.87382809
vn 0.28715003 0.32376506 -0.90151043
vn -0.11174540 0.14802046 -0.98265096
vn -0.33889462 -0.05589402 -0.93916255
vn 0.00247481 0.29253882 -0.95625044
vn 0.37628308 -0.00966348 -0.92645435
vn -0.28990987 0.17444694 -0.94102101
vn 0.31823921 -0.00545099 -0.94799477
vn -0.36880185 0.00714912 -0.92948055
vn -0.52373705 0.18074623 -0.83248442
vn -0.64584791 0.15443457 -0.74768338
vn -0.34313195 -0.06850868 -0.93678548
vn 0.34855108 -0.01965001 -0.93708378
vn 0.33134610 -0.02141651 -0.94326618
vn 0.34930873 0.01948301 -0.93680512
vn -0.01620291 0.35032915 -0.93648650
vn 0.34191611 0.01522702 -0.93960711
vn -0.30204185 0.08775866 -0.94924662
vn 0.05519405 -0.27496853 -0.95986766
vn -0.22952798 0.27296719 -0.93424077
vn 0.33607049 -0.00518512 -0.94182256
vn 0.35366824 0.03269756 -0.93479925
vn -0.42902590 0.02164863 -0.90303273
vn 0.42174262 0.02847062 -0.90626850
vn -0.00378747 0.48145394 -0.87646321
vn 0.37144675 0.02019355 -0.92823463
vn -0.07643257 0.49336195 -0.86645949
vn 0.60591406 -0.01727395 -0.79534254
vn 0.42717790 0.03018113 -0.90366373
vn 0.44999169 -0.02805040 -0.89259210
vn -0.37675547 -0.04510715 -0.92521384
vn -0.37903403 -0.05396558 -0.92380784
vn -0.41937166 -0.07077375 -0.90505165
vn -0.57323363 -0.02631707 -0.81896924
vn -0.39395239 -0.04973270 -0.91778438
vn -0.41358806 -0.01756220 -0.91029472
vn 0.54923113 0.03864662 -0.83477638
vn -0.38250321 -0.12893825 -0.91491323
vn -0.41881098 0.03457796 -0.90741486
vn -0.40364591 0.02691250 -0.91451938
vn -0.11588014 0.56183250 -0.81909464
vn 0.42362598 -0.02887247 -0.90537694
vn 0.43631094 -0.02748472 -0.89937609
vn -0.52212371 0.03916063 -0.85197023
vn 0.13858699 0.36023599 -0.92250945
vn 0.12648378 0.50688277 -0.85268500
vn -0.45198228 -0.18994618 -0.87156897
vn -0.44814056 -0.03420897 -0.89330834
vn -0.47719503 0.03780296 -0.87798396
vn 0.46383127 -0.00145637 -0.88592236
vn 0.46990720 -0.01178536 -0.88263714
vn 0.50028488 0.00091905 -0.86586038
vn -0.45531051 -0.06006923 -0.88830402
vn -0.52253872 -0.08882020 -0.84797656
vn -0.47149694 0.01741819 -0.88169566
vn 0.51920730 0.06550634 -0.85213420
vn -0.54324686 0.03935737 -0.83865002
vn -0.51519475 0.01220920 -0.85698618
vn -0.00670356 0.52418299 -0.85157927
vn -0.54057495 -0.25047794 -0.80314353
vn 0.63415172 -0.03596982 -0.77237152
vn -0.54329197 0.03914096 -0.83863092
vn 0.62143294 -0.01868432 -0.78324453
vn -0.38069860 0.38133652 -0.84240788
vn -0.64859662 -0.00992929 -0.76106756
vn -0.63948170 -0.00267036 -0.76880168
vn 0.63873169 -0.03453884 -0.76865395
vn -0.53875694 0.27303435 -0.79699009
vn -0.06940826 0.60002739 -0.79696275
vn -0.19804447 0.57851196 -0.79126627
vn 0.66271631 0.03313199 -0.74813727
vn -0.72253125 -0.01174020 -0.69123857
vn -0.73758147 0.00176558 -0.67525584
vn -0.73332061 -0.02146545 -0.67954405
vn -0.73345120 -0.01937313 -0.67946598
vn -0.54252023 0.38736543 -0.74539910
vn -0.15685122 0.38685254 -0.90870391
vn 0.09810842 0.99517169 -0.00283788
vn 0.10974884 0.99395935 0.00001994
vn 0.10804382 0.99414490 -0.00156442
vn 0.09853067 0.99511171 0.00666214
vn 0.10240158 0.99473710 0.00346755
vn 0.10917238 0.99401462 0.00403935
vn 0.13275947 0.99112449 0.00686757
vn 0.09104643 0.99584509 0.00176154
vn -0.17779045 0.98402867 0.00883900
vn 0.11669755 0.99316520 -0.00213816
vn 0.10264372 0.99471609 -0.00204171
vn -0.18141001 0.98338378 0.00683710
vn 0.10695757 0.99425588 0.00391332
vn 0.10149790 0.99482924 0.00360081
vn 0.10262300 0.99471608 0.00290501
vn 0.15213359 0.98835607 0.00276541
vn 0.10633934 0.99432471 0.00321336
vn 0.16484529 0.98631728 0.00206226
vn 0.09719794 0.99526146 0.00268108
vn 0.17949166 0.98375943 -0.00036377
vn 0.10345981 0.99462738 0.00352653
vn 0.09639872 0.99534275 -0.00031999
vn -0.21628078 0.97632950 0.00182637
vn -0.16636641 0.98606241 0.00177371
vn 0.10753010 0.99420128 -0.00104056
vn 0.09310200 0.99564527 -0.00474559
vn 0.20533795 0.97868797 0.00248542
vn 0.22926741 0.97329827 -0.01126664
vn 0.08680375 0.98559869 -0.14512178
vn -0.17871930 0.98353874 -0.02666380
vn 0.10069063 0.99491555 0.00210788
vn 0.17314601 0.98489543 -0.00120113
vn 0.10377760 0.99459737 -0.00250573
vn -0.10402735 0.99457438 -0.00033733
vn -0.13407620 0.99097038 -0.00113399
vn -0.13646877 0.99064340 -0.00138961
vn 0.18795633 0.98217670 -0.00116008
vn 0.16975035 0.98548685 -0.00070115
vn -0.17576808 0.98442747 0.00285386
vn 0.27288768 0.96201623 0.00755604
vn 0.08691661 0.99621503 -0.00106070
vn 0.09058487 0.99588685 -0.00193957
vn 0.07862806 0.99689744 -0.00362224
vn -0.17119989 0.98518971 -0.00958305
vn -0.21273828 0.97709724 -0.00483850
vn -0.14363258 0.98960417 -0.00729814
vn 0.09256351 0.99570678 -0.00010082
vn 0.11033122 0.99387994 -0.00544886
vn 0.11649592 0.99319115 -0.00018561
vn 0.12364161 0.99232242 -0.00299371
vn 0.05374432 0.99851739 -0.00863592
vn 0.07877456 0.99646158 -0.02930666
vn 0.09628096 0.99533247 -0.00657664
vn 0.09028432 0.99585181 -0.01130950
vn 0.08649263 0.99625119 -0.00160867
vn 0.09124405 0.99582790 -0.00115021
vn 0.08970412 0.99596795 -0.00100857
vn 0.10210917 0.99477318 0.00020130
vn 0.09250676 0.99571135 -0.00118430
vn -0.15382195 0.98809857 0.00015394
vn -0.20167564 0.97945229 0.00037386
vn 0.09045285 0.99588154 -0.00618383
vn -0.20054435 0.97967407 -0.00454804
vn 0.14254720 0.98978636 -0.00180274
vn 0.13092667 0.99136372 -0.00749582
vn -0.00272682 0.99953217 0.03046312
vn 0.15697506 0.98759641 -0.00348673
vn 0.15520585 0.98750348 -0.02734992
vn 0.14250309 0.98979415 -0.00063725
vn 0.14065340 0.99005846 -0.00093232
vn 0.15803907 0.98742714 -0.00336196
vn 0.15617330 0.98772964 0.00022415
vn 0.18378969 0.98295307 -0.00496039
vn 0.20160878 0.97576762 0.08503796
vn 0.29410921 0.95321149 0.06991151
vn -0.11908575 0.99283862 -0.00949037
vn 0.19097672 0.97900578 -0.07124312
vn 0.18634420 0.98247920 0.00323507
vn -0.08201389 0.97700372 -0.19681832
vn 0.19620481 0.98056264 -0.00075923
vn -0.06407118 0.99073621 0.11973570
vn 0.21143863 0.97739036 0.00133791
vn 0.20466953 0.97882964 0.00170775
vn 0.25546888 0.96681723 -0.00031809
vn 0.27189199 0.96228724 -0.00883256
vn 0.24245840 0.97015899 0.00233801
vn 0.25018133 0.96819499 0.00278680
vn 0.26264528 0.96418295 -0.03699602
vn 0.24701978 0.96900846 -0.00195847
vn 0.28161251 0.95952395 -0.00285991
vn 0.29687839 0.95489678 0.00594636
vn 0.30164820 0.95341310 -0.00343783
vn 0.33282111 0.94257443 -0.02799187
vn 0.07474128 0.95997581 -0.26992626
vn -0.14950428 0.97907897 0.13803201
vn -0.05897223 0.95494023 -0.29088046
vn -0.22198297 0.96819604 -0.11541228
vn 0.42582960 0.90348723 -0.04878492
vn 0.45592090 0.88778893 -0.06298371
vn -0.37057960 0.92879981 0.00129184
vn -0.41598487 0.90937154 0.00000204
vn -0.30929555 0.95079851 -0.01784556
vn -0.38216844 0.92406717 -0.00686722
vn -0.40172185 0.91576019 -0.00168449
vn -0.39573606 0.91836280 -0.00165509
vn -0.40823396 0.91287708 0.00068503
vn 0.48100225 0.81000432 0.33545468
vn -0.22969466 0.97325311 -0.00433045
vn -0.42602612 0.90471028 -0.00102601
vn -0.35706488 0.93407864 0.00132792
vn -0.41431635 0.91011335 0.00597129
vn -0.53703786 0.84354871 0.00398794
vn -0.55454819 0.83206660 -0.01189432
vn -0.47732869 0.87872152 -0.00241114
vn -0.40966190 0.91223730 0.00048643
vn -0.47647244 0.87918614 0.00239777
vn -0.46582552 0.88487487 -0.00174788
vn -0.54874675 0.83598756 -0.00134132
vn 0.53711334 0.76802736 0.34877390
vn 0.67311020 0.73940709 0.01413551
vn -0.60219218 0.79815713 0.01760029
vn -0.99682007 0.07355480 0.03065042
vn -0.99834177 0.05197550 0.02474390
vn -0.99912413 0.04119860 0.00732397
vn -0.99280201 0.11823877 0.01907243
vn -0.98074792 0.19460950 0.01614474
vn -0.99471114 0.10200585 0.01202304
vn -0.99045644 0.13771220 0.00560240
vn -0.99397394 0.10821479 0.01747468
vn -0.99079554 0.13493150 0.01084868
vn -0.99708350 0.07624631 0.00331717
vn -0.99107201 0.13279537 0.01190213
vn -0.99667769 0.08141626 0.00222926
vn -0.99748369 0.07084197 0.00277680
vn -0.99064637 0.13623142 -0.00779540
vn -0.98173377 0.19024756 -0.00216167
vn -0.99804455 0.06249524 -0.00119000
vn -0.98272316 0.18479152 -0.01035753
vn -0.99821709 0.05570118 -0.02144802
vn -0.99800407 0.06306511 -0.00326753
vn -0.99522143 0.09560050 -0.01987059
vn -0.99870634 0.05083703 -0.00111802
vn -0.99767899 0.06209000 -0.02795481
vn -0.98997847 0.14019662 -0.01695661
vn -0.99726573 0.07214441 -0.01600761
vn -0.99072513 0.13510317 -0.01452085
vn -0.99648604 0.08375065 -0.00118315
vn -0.98960342 0.14381977 0.00097219
vn -0.99632585 0.08499793 0.01049577
vn -0.99229477 0.12301751 0.01475732
vn -0.99197510 0.12609562 0.00923572
vn -0.98776750 0.15533750 0.01362473
vn -0.99487415 0.10062417 0.01000974
vn -0.99297261 0.11834419 0.00022049
vn -0.99543533 0.09434535 0.01440346
vn -0.99441358 0.10534217 -0.00668206
vn -0.99171590 0.12820448 0.00794847
vn -0.99170194 0.12855030 0.00144410
vn -0.99423184 0.10721198 -0.00293905
vn -0.99074312 0.13574939 0.00042310
vn -0.99496878 0.10018474 -0.00037932
vn -0.99396712 0.10967763 0.00042384
vn -0.99258544 0.12149599 0.00358828
vn -0.98793177 0.15460009 0.00946706
vn -0.99074589 0.13563669 0.00502761
vn -0.98719211 0.15948405 0.00407196
vn -0.99216359 0.12488635 0.00384944
vn -0.98745991 0.15784436 -0.00284274
vn -0.99347599 0.11401629 0.00239631
vn -0.99565496 0.09308197 -0.00263500
vn -0.98888897 0.14795716 -0.01439720
vn -0.99557286 0.09373796 -0.00691941
vn -0.98576547 0.16784096 -0.00978989
vn -0.98744186 0.15793188 -0.00401271
vn -0.98336542 0.18151313 -0.00674029
vn -0.97698126 0.21329776 0.00341904
vn -0.98598010 0.16680245 0.00449251
vn -0.99137913 0.13070956 -0.00907908
vn -0.99614315 0.08694585 -0.01179992
vn -0.99675379 0.08051019 -0.00000045
vn -0.99119077 0.13243968 0.00076604
vn -0.99192150 0.12609506 0.01384795
vn -0.99880419 0.04663414 0.01467791
vn -0.99609013 0.08833366 -0.00127379
vn -0.99033350 0.13853521 -0.00689639
vn -0.99041934 0.13795855 -0.00608090
vn -0.99191050 0.12692984 -0.00153936
vn -0.99528196 0.09698834 -0.00265977
vn -0.98333925 0.18108584 -0.01586912
vn -0.98594855 0.16704367 -0.00137039
vn -0.99873344 0.04952904 -0.00885379
vn -0.99056440 0.13538615 -0.02127834
vn -0.98527635 0.12177215 0.12000860
vn -0.99459678 0.10379314 0.00205692
vn -0.99499531 0.09989126 0.00246274
vn -0.99114795 0.13259727 0.00661029
vn -0.99280394 0.11973268 -0.00210215
vn -0.98061185 0.19551864 0.01314800
vn -0.99736843 0.07248948 0.00122061
vn -0.99432053 0.10631336 0.00491421
vn -0.97655012 0.21526344 -0.00339425
vn -0.97876498 0.20498487 0.00055679
vn -0.97669504 0.21459239 0.00411235
vn -0.98397371 0.17831280 0.00053015
vn -0.99699635 0.07743393 0.00150204
vn -0.98933448 0.14556201 0.00538333
vn -0.98494528 0.17279950 0.00480920
vn -0.98018457 0.19748463 0.01542815
vn -0.98880672 0.14833829 0.01603209
vn -0.99380574 0.11109263 -0.00292876
vn -0.99533749 0.09490016 0.01724093
vn -0.99732606 0.07306040 -0.00170521
vn -0.99488939 0.10093585 0.00265618
vn -0.99736283 0.07256924 -0.00104478
vn -0.99793997 0.06348520 0.00924316
vn -0.99721833 0.07115144 -0.02220509
vn -0.99422546 0.05596359 0.09156319
vn -0.98641881 0.16422825 0.00264614
vn -0.98539617 0.17026534 -0.00202395
vn -0.91620677 0.15106277 0.37114039
vn -0.98769223 0.15625530 -0.00695262
vn -0.99738916 0.07071654 -0.01462982
vn -0.96018810 0.27901488 0.01376641
vn -0.90478650 0.42484595 0.02945018
vn -0.98730051 0.15886349 0.00030231
vn -0.90803814 0.21571212 -0.35907521
vn -0.98664026 0.16202344 0.01701161
vn -0.98108377 0.19353598 0.00429548
vn -0.98375855 0.17911253 0.01173991
vn -0.98484564 0.17337143 -0.00462678
vn -0.98397892 0.17821087 -0.00513600
vn -0.96825974 0.24988640 -0.00546396
vn -0.91610503 0.40093809 0.00047256
vn -0.97654407 0.21531718 -0.00043481
vn -0.92117730 0.38867244 0.01913430
vn -0.97733079 0.21171559 0.00102028
vn -0.96941013 0.24544271 -0.00136904
vn -0.86219201 0.41691550 0.28776102
vn -0.90458426 0.42628458 0.00296017
vn -0.87408721 0.48576819 -0.00090126
vn -0.99893262 -0.00090002 0.04618230
vn -0.99642272 -0.01524356 0.08312281
vn -0.97214675 0.23405532 -0.01219864
vn -0.96588335 0.15231849 0.20944794
vn -0.97417890 0.22429516 -0.02582911
vn -0.97068394 0.24031948 -0.00438503
vn -0.92087682 0.01953783 0.38936378
vn -0.97378312 0.22734483 -0.00779480
vn -0.97455330 0.22411846 -0.00409530
vn -0.96553293 0.26012127 0.00911564
vn -0.99835606 -0.02277503 0.05259725
vn -0.99867037 -0.01329891 0.04980601
vn -0.99876610 -0.00819607 0.04898067
vn -0.99215357 -0.02497040 0.12250618
vn -0.99968673 0.00531515 0.02445810
vn -0.99525553 0.02418196 0.09424255
vn -0.98169964 -0.02757598 0.18842872
vn -0.97552438 0.02615465 0.21833032
vn -0.92176572 -0.02967059 0.38661040
vn -0.99567354 0.02413575 0.08973108
vn -0.97030832 -0.01181884 0.24158246
vn -0.99881895 0.02410497 0.04218603
vn -0.97978275 0.01392925 0.19957889
vn -0.97662949 -0.00106369 0.21492723
vn -0.99803147 -0.00665890 0.06236064
vn -0.93074701 -0.08716136 0.35512378
vn -0.99428836 -0.01512074 0.10565046
vn -0.97899482 -0.00109416 0.20388219
vn -0.99096904 0.00648317 0.13393403
vn -0.97912689 -0.06926677 0.19108284
vn -0.93816981 0.00629141 0.34611822
vn -0.96253160 -0.11938010 0.24347752
vn -0.96644925 -0.12898402 0.22212379
vn -0.96611578 -0.05664833 0.25181594
vn -0.97242583 -0.12450148 0.19719885
vn -0.96496088 -0.16065423 0.20746255
vn -0.96595941 -0.11333026 0.23254819
vn -0.96704865 -0.07361914 0.24371526
vn -0.99283846 -0.01890354 0.11795950
vn -0.99428341 -0.02069458 0.10474842
vn -0.97317609 -0.07026023 0.21907031
vn -0.99346479 -0.01935228 0.11248646
vn -0.98019725 -0.07475935 0.18336955
vn -0.98686287 -0.04640034 0.15475365
vn -0.99482594 -0.01250859 0.10082105
vn -0.94769007 -0.00684609 0.31911857
vn -0.98839793 -0.03321370 0.14821063
vn -0.98929243 -0.01758761 0.14488325
vn -0.98823917 -0.07630321 0.13251853
vn -0.94387690 -0.20501941 0.25896609
vn -0.87923267 -0.19340619 0.43536647
vn -0.99179916 0.04485443 0.11967666
vn -0.97737306 0.00016929 0.21152277
vn -0.96594751 -0.06416460 0.25065577
vn -0.91163309 -0.02670689 0.41013639
vn -0.98369337 -0.04312564 0.17460680
vn -0.98487518 -0.08530032 0.15081361
vn -0.98097497 -0.02719910 0.19221946
vn -0.98747983 -0.01051937 0.15739420
vn -0.98659105 -0.06596634 0.14928680
vn -0.90424000 -0.11325551 0.41173198
vn -0.97137050 -0.00627356 0.23748682
vn -0.95405317 -0.25922809 0.15027756
vn -0.98826604 -0.05137698 0.14384243
vn -0.98967687 -0.04499633 0.13606995
vn -0.91499420 -0.09160936 0.39292918
vn -0.99522602 -0.01373484 0.09662571
vn -0.84726926 -0.12533559 0.51616450
vn -0.98086559 -0.08449874 0.17539284
vn -0.93120306 -0.07451768 0.35680242
vn -0.93762024 -0.10063879 0.33277639
vn -0.97015751 0.02663818 0.24100793
vn -0.99119810 0.03238674 0.12836445
vn -0.99125623 0.01237051 0.13136990
vn -0.94500076 0.02604678 0.32602934
vn -0.99168657 0.04004057 0.12228858
vn -0.94257343 -0.01495038 0.33366423
vn -0.90088752 0.05229329 0.43089103
vn -0.97181997 0.03408332 0.23324724
vn -0.95288843 0.03667910 0.30109514
vn -0.97358495 0.05393599 0.22186315
vn -0.98697231 0.03992850 0.15585691
vn -0.97835605 0.03340171 0.20421501
vn -0.97997921 0.01706922 0.19836681
vn -0.96137419 0.02193518 0.27436929
vn -0.96887417 0.01003776 0.24735012
vn -0.99532269 0.03418752 0.09035460
vn -0.98827559 0.05361542 0.14295717
vn -0.99572833 0.05540635 0.07385948
vn -0.99741110 0.04834186 0.05323680
vn -0.99705319 0.06319541 0.04348875
vn -0.93378775 0.06977815 0.35095791
vn -0.97372868 0.07417724 0.21529095
vn -0.99598857 0.07801109 0.04382965
vn -0.99211452 0.06964963 0.10420031
vn -0.98809926 0.05472188 0.14375453
vn -0.98634588 0.02790460 0.16230572
vn -0.97049414 0.05859767 0.23389621
vn -0.99857029 0.03558575 0.03988780
vn -0.99381049 0.06944533 0.08670670
vn -0.94550148 0.05364373 0.32116864
vn -0.93876848 -0.01916553 0.34401514
vn -0.83614937 0.05866854 0.54535515
vn -0.97415391 0.11753296 0.19289937
vn -0.99109391 0.00122581 0.13315916
vn -0.99777913 0.05879444 0.03130520
vn -0.95092087 0.08113357 0.29860818
vn -0.95201667 0.05941044 0.30022436
vn -0.96457832 -0.02450557 0.26265593
vn -0.96688301 0.25192936 0.04085144
vn -0.90967167 -0.13132159 0.39402042
vn -0.88840296 0.00431943 0.45904414
vn -0.94472581 0.02664461 0.32677699
vn -0.93774503 0.04796798 0.34399612
vn -0.95881642 0.01325427 0.28371711
vn -0.95944050 0.28183977 0.00634585
vn -0.99569655 -0.07247864 -0.05775145
vn -0.99883554 -0.02850304 0.03892481
vn -0.90610204 0.01861580 0.42264943
vn -0.97206855 0.23467458 -0.00325207
vn -0.95954096 0.28152595 0.00492714
vn -0.95808476 -0.03759059 0.28400798
vn -0.96321172 0.02526466 0.26755353
vn -0.92715977 0.05661279 0.37036434
vn -0.96127413 -0.01148986 0.27535436
vn -0.99789630 0.05853606 -0.02786566
vn -0.99935210 -0.01745134 -0.03147749
vn -0.99459155 0.09341581 0.04539967
vn -0.93760570 -0.00334249 0.34768431
vn -0.96850721 0.22529814 0.10599306
vn -0.95533706 -0.00175105 0.29551317
vn -0.86512713 0.00425464 0.50153459
vn -0.96180610 0.27371558 -0.00296813
vn -0.95054868 0.31055410 0.00365495
vn -0.94896088 -0.08973542 0.30235873
vn -0.80586263 -0.06977429 0.58797702
vn -0.95115288 0.30869549 0.00390971
vn -0.95213872 0.30348772 0.03642895
vn -0.85833781 0.51308216 -0.00170454
vn -0.95667772 0.29035857 -0.02143910
vn -0.86079923 -0.01933509 0.50857727
vn -0.95339275 0.30149082 0.01206463
vn -0.91678750 -0.11833189 0.38144232
vn -0.88138562 -0.00994935 0.47229271
vn -0.95434509 0.29863713 0.00642788
vn -0.94293943 0.33212437 0.02363536
vn -0.95173730 0.30689954 -0.00296346
vn -0.96010533 0.26638971 -0.08505461
vn -0.94792475 -0.12022725 0.29493062
vn -0.90174575 -0.13623629 0.41023685
vn -0.92640240 -0.11820282 0.35750062
vn -0.85134010 0.05247610 0.52198305
vn -0.91217460 0.40964293 -0.01140956
vn -0.93549595 0.03394186 0.35170339
vn -0.93657297 -0.18731346 0.29621738
vn -0.93480038 -0.02945190 0.35395034
vn -0.96995016 -0.07234260 0.23229989
vn -0.92991595 -0.01688264 0.36738441
vn -0.97638759 -0.06447239 0.20618096
vn -0.82487166 -0.03621305 0.56415899
vn -0.88821332 0.00248402 0.45942456
vn -0.91668247 -0.01835667 0.39919453
vn -0.91892227 -0.00283223 0.39442849
vn -0.86676879 0.01635806 0.49844185
vn -0.81744694 0.57571218 0.01832975
vn -0.91108426 0.41215922 0.00708839
vn -0.91087121 0.07846524 0.40516274
vn -0.89516141 0.06391827 0.44113548
vn -0.89621209 0.05672338 0.43998448
vn -0.89737928 0.03138873 0.44014222
vn -0.76720826 0.02882764 0.64074992
vn -0.87178162 0.07191178 0.48458797
vn -0.77715620 0.05209788 0.62714756
vn -0.86438311 0.16296457 0.47569359
vn -0.88677661 0.04934418 0.45955674
vn -0.88545430 0.03596532 0.46333270
vn -0.68911850 0.04352482 0.72334037
vn -0.89386603 0.03796878 0.44672351
vn -0.60677311 -0.05836089 0.79272971
vn -0.87425347 0.03545858 0.48417307
vn -0.86556615 -0.18984725 0.46341478
vn -0.84088540 -0.14087540 0.52255705
vn -0.87068020 0.49181409 -0.00590714
vn -0.85626733 0.04623347 0.51445964
vn -0.84487434 -0.19147387 0.49952488
vn -0.83056854 0.55634183 0.02529154
vn -0.83308667 0.04017813 0.55168135
vn -0.78542894 0.06666166 0.61535161
vn -0.69970883 0.00108102 0.71442732
vn -0.72425643 -0.10395372 0.68164965
vn -0.82009149 0.57128560 0.03290459
vn -0.85205129 -0.14328590 -0.50346574
vn -0.83790071 0.23112334 -0.49447386
vn -0.68557207 0.72733431 0.03123697
vn -0.77635550 -0.13115778 0.61649799
vn -0.77722907 0.07581597 0.62463342
vn -0.61142862 0.06198865 0.78886783
vn -0.72975054 -0.03827058 0.68264157
vn -0.73564245 0.01720093 0.67715161
vn -0.76509669 -0.03725927 0.64283653
vn -0.73954888 0.21921250 -0.63640659
vn -0.74182636 0.67059191 -0.00038419
vn -0.65286710 0.04573318 0.75609062
vn -0.75469867 0.65600945 -0.00902871
vn -0.75242796 0.65867451 0.00023305
vn -0.76988028 0.49002536 0.40885145
vn -0.74268898 -0.01810244 0.66939180
vn -0.71498812 0.69913514 0.00142967
vn -0.65525713 0.75540133 -0.00263093
vn -0.68999442 0.28259897 -0.66636741
vn -0.84435681 0.44260017 0.30193818
vn -0.97572809 0.20303329 -0.08204983
vn -0.14886453 0.98885593 -0.00181456
vn 0.05200078 0.99864577 0.00159464
vn -0.18922125 0.98192087 0.00516902
vn 0.27043318 0.96272765 0.00462167
vn -0.16623414 0.98608314 -0.00249972
vn -0.13491249 0.99083454 -0.00674785
vn 0.21923127 0.97558051 -0.01342802
vn 0.16648588 0.98602749 -0.00567828
vn -0.12525894 0.99205040 -0.01209178
vn -0.13451566 0.99088620 -0.00707710
vn 0.14454594 0.98949705 -0.00143415
vn 0.00148575 0.99999665 -0.00211913
vn -0.00092525 0.99997343 -0.00723086
vn -0.12891552 0.99163157 -0.00690049
vn -0.22831041 0.97356838 -0.00624274
vn 0.02257066 0.99970982 -0.00841678
vn -0.33375890 0.94265359 0.00303554
vn 0.04519775 0.99897670 0.00165097
vn 0.07722427 0.99701098 0.00235104
vn -0.20559741 0.97863649 -0.00056845
vn 0.10805385 0.99411439 0.00780715
vn -0.21592479 0.97637017 0.00881972
vn -0.24738933 0.96867920 0.02142744
vn 0.16716767 0.98592654 0.00195553
vn 0.02724792 0.99962706 -0.00181688
vn -0.03856088 0.99925421 -0.00202290
vn 0.00782497 0.99996590 0.00263957
vn -0.02844802 0.99958815 0.00377370
vn 0.01257512 0.99992058 -0.00083992
vn -0.01380858 0.99989966 -0.00316222
vn 0.00069542 0.99999865 0.00148884
vn 0.00922659 0.99995739 0.00030712
vn 0.16593335 0.98613692 0.00031213
vn 0.16695694 0.98571583 0.02212872
vn -0.00941080 0.98973604 0.14259738
vn -0.04049567 0.99915136 0.00752685
vn 0.13284196 0.99113643 -0.00126500
vn 0.17896594 0.98385504 -0.00067949
vn 0.23111639 0.97291433 -0.00478732
vn 0.20202466 0.97937698 -0.00260245
vn -0.18809886 0.98189158 0.02253294
vn -0.10150588 0.99483279 -0.00206652
vn -0.04209199 0.99911324 0.00099449
vn 0.05326209 0.99857677 -0.00275326
vn -0.00565962 0.99995273 0.00790555
vn 0.12566403 0.99207224 -0.00110657
vn -0.12371536 0.99231764 -0.00044823
vn 0.01551600 0.99987961 0.00009796
vn 0.12737566 0.99185264 0.00194347
vn -0.11372632 0.99351133 -0.00125153
vn -0.12746724 0.99184153 0.00157815
vn -0.08306125 0.99654056 0.00278174
vn 0.01623952 0.99986461 0.00265199
vn 0.05378189 0.99855261 -0.00043405
vn -0.02479732 0.99966780 -0.00702799
vn -0.14353654 0.98959385 -0.01006360
vn 0.02068829 0.99254005 -0.12015090
vn -0.02210527 0.99975069 0.00315013
vn 0.17745616 0.96246421 0.20535809
vn 0.17785063 0.98387817 0.01878542
vn 0.08777369 0.99613782 0.00228680
vn 0.13676046 0.99059972 0.00296254
vn 0.16961416 0.98550091 -0.00435774
vn -0.26265260 0.96488970 -0.00121124
vn -0.24827756 0.96868863 -0.00076562
vn 0.24489999 0.96954214 0.00346789
vn -0.10356466 0.98766178 0.11746730
vn 0.21126759 0.97741798 0.00448385
vn 0.25837467 0.96604182 -0.00239312
vn 0.23194245 0.97272947 0.00026971
vn 0.22868873 0.97348865 0.00461653
vn 0.28422449 0.95874928 -0.00403175
vn -0.42159627 0.90678104 -0.00217537
vn 0.27109000 0.96249605 0.01056238
vn 0.26267334 0.96482503 -0.01074132
vn -0.33715942 0.94137156 -0.01196326
vn -0.30628297 0.95189261 -0.00954964
vn -0.37681201 0.92627293 -0.00558366
vn -0.40099468 0.91607398 -0.00342486
vn -0.34276370 0.93942155 -0.00043302
vn -0.26214513 0.96502790 0.00104291
vn -0.26064797 0.96542493 0.00416344
vn 0.04343203 0.96296133 -0.26611864
vn -0.36943975 0.92923985 0.00525186
vn 0.05835363 0.96414831 0.25886848
vn 0.25062136 0.94560433 0.20741597
vn 0.30406710 0.95263912 -0.00467989
vn 0.28482825 0.95857177 -0.00360975
vn 0.36747831 0.93002806 -0.00273919
vn -0.42865549 0.90346636 0.00173629
vn 0.38905952 0.92118515 -0.00711434
vn -0.39654412 0.91784877 -0.01750437
vn -0.46226074 0.88674290 -0.00143105
vn -0.57068444 0.82082803 0.02367724
vn -0.39891384 0.91547040 -0.05274173
vn -0.48060678 0.87657129 -0.02529605
vn -0.40678955 0.91352008 -0.00182162
vn -0.37892803 0.92542610 0.00028267
vn -0.41850224 0.90817870 0.00820450
vn -0.46288045 0.88638712 -0.00771751
vn -0.50049034 0.86572349 -0.00568000
vn -0.64509022 0.76394139 0.01587951
vn 0.66674348 0.74528599 0.00138796
vn -0.55226369 0.83363063 -0.00804876
vn -0.58863702 0.80839617 0.00144558
vn -0.63606271 0.77162388 0.00456186
vn -0.69825690 0.71584101 -0.00299109
vn -0.64665014 0.76257596 0.01793069
vn -0.09162267 0.00773677 0.99576374
vn 0.04079681 0.01030790 0.99911429
vn -0.01135920 0.01437208 0.99983219
vn 0.15480790 0.00140867 0.98794359
vn 0.03016680 0.00544562 0.99953004
vn -0.16174816 0.01093793 0.98677145
vn -0.09958265 0.01609622 0.99489909
vn 0.03334800 0.00205278 0.99944169
vn -0.04697011 0.00104110 0.99889575
vn -0.18203424 -0.00602138 0.98327376
vn 0.05260024 0.00960819 0.99856943
vn 0.31081174 0.05605236 0.94881726
vn 0.10803440 0.01327764 0.99405849
vn 0.17325174 0.00235584 0.98487476
vn 0.21245055 0.00169862 0.97717034
vn -0.03347252 -0.00261364 0.99943622
vn 0.13398810 0.00774514 0.99095267
vn 0.12150189 -0.01620889 0.99245885
vn -0.05778088 -0.01536964 0.99821097
vn -0.07678670 0.00489610 0.99703552
vn 0.06818382 0.00253449 0.99766956
vn 0.08243821 0.00291228 0.99659192
vn 0.00726653 0.00268294 0.99997000
vn 0.16795958 -0.00831889 0.98575878
vn -0.04358331 0.00660377 0.99902797
vn 0.00920440 0.00049368 0.99995752
vn 0.08557314 -0.00128918 0.99633106
vn 0.19530359 0.01609607 0.98061074
vn 0.33593566 0.02398152 0.94157959
vn 0.41905063 -0.00462183 0.90795111
vn 0.07636714 0.00933105 0.99703610
vn 0.18379110 -0.01127099 0.98290071
vn 0.07673222 -0.00828219 0.99701734
vn 0.13525324 -0.03561796 0.99017065
vn -0.20364935 0.00042340 0.97904380
vn 0.00495207 -0.01168315 0.99991949
vn 0.06427504 -0.01325008 0.99784425
vn 0.18976401 -0.02576322 0.98149166
vn 0.31765671 -0.02626378 0.94784199
vn 0.01199615 -0.01064217 0.99987141
vn 0.08561903 -0.01607904 0.99619820
vn 0.23241520 0.07802354 0.96948208
vn -0.07506014 0.00109862 0.99717840
vn -0.13450959 -0.00220287 0.99090984
vn -0.02970372 0.26189176 0.96464003
vn -0.35423009 0.00143082 0.93515720
vn -0.19547378 -0.00994231 0.98065853
vn -0.07986176 -0.01229210 0.99673016
vn -0.05144361 0.01284282 0.99859332
vn 0.45888531 -0.05338033 0.88689053
vn 0.02710013 -0.00066019 0.99963251
vn -0.16494353 0.01491636 0.98619021
vn 0.17092326 0.00021348 0.98528432
vn 0.10376712 0.02033205 0.99439378
vn 0.14756265 0.00349798 0.98904652
vn 0.13255534 0.00990326 0.99112613
vn -0.12991979 0.01710288 0.99137699
vn 0.00284888 0.02821970 0.99959769
vn 0.19871525 0.02883815 0.97963290
vn -0.12310518 0.01655607 0.99225552
vn 0.06936452 0.03574706 0.99695071
vn -0.04644033 0.03789861 0.99820188
vn 0.01534848 0.04441916 0.99889507
vn -0.11934034 0.02383828 0.99256719
vn 0.12733404 0.03849292 0.99111268
vn -0.02372245 0.05472724 0.99821950
vn 0.02031643 0.02742863 0.99941729
vn 0.00964958 0.02689788 0.99959161
vn -0.03315578 0.04024284 0.99863968
vn 0.03551902 0.04034288 0.99855438
vn -0.03152724 0.04928941 0.99828683
vn 0.05925210 0.02490831 0.99793224
vn 0.34564616 0.05206912 0.93691918
vn -0.09731889 0.08459679 0.99165136
vn 0.38359831 0.16898161 0.90790834
vn -0.09668593 0.09588832 0.99068525
vn 0.10991445 0.04247162 0.99303322
vn -0.20134935 0.07547627 0.97660728
vn -0.09014372 0.03903153 0.99516363
vn -0.12780042 0.02813122 0.99140087
vn 0.03968788 0.10013660 0.99418184
vn 0.11623492 0.06334190 0.99119990
vn -0.13431395 -0.00758770 0.99090978
vn -0.13951315 -0.00462841 0.99020940
vn -0.10220343 0.12870777 0.98640193
vn -0.15077554 0.03685044 0.98788095
vn 0.28430505 -0.00061492 0.95873367
vn 0.36281955 -0.01964692 0.93165228
vn 0.44226423 0.00664932 0.89686015
vn 0.17607860 -0.11690815 0.97740923
vn -0.37908409 0.02327772 0.92506940
vn 0.27335639 0.04255066 0.96097124
vn 0.27839656 0.01076126 0.96040593
vn 0.38862106 -0.01052252 0.92133759
vn 0.15521812 -0.12153261 0.98037603
vn 0.15122021 -0.05441358 0.98700132
vn 0.29104457 0.09723934 0.95175499
vn 0.45214500 0.18570986 0.87239713
vn -0.32996788 0.08235282 0.94039312
vn -0.24662504 0.01747142 0.96895347
vn 0.09882345 -0.05534822 0.99356454
vn 0.07801526 -0.10340247 0.99157529
vn 0.02520637 -0.07920844 0.99653934
vn 0.06269788 0.16471323 0.98434675
vn -0.00081218 0.10837097 0.99411019
vn 0.01795714 -0.10058486 0.99476642
vn 0.00634159 0.11891195 0.99288455
vn -0.01689745 0.06219592 0.99792091
vn -0.01716075 0.03728025 0.99915749
vn -0.00590335 -0.22419329 0.97452682
vn 0.00074316 -0.01678952 0.99985877
vn -0.00365547 0.17417289 0.98470830
vn 0.00325445 0.14684408 0.98915430
vn -0.00963223 0.03673696 0.99927855
vn 0.00269957 -0.01453807 0.99989067
vn 0.00828500 0.03803071 0.99924222
vn 0.01955085 0.01966350 0.99961548
vn 0.01091635 0.02354058 0.99966328
vn -0.00813927 0.01502290 0.99985402
vn 0.14968097 0.01016666 0.98868207
vn 0.13059758 0.01155700 0.99136810
vn -0.00316854 0.02392107 0.99970883
vn 0.01071254 0.02845520 0.99953766
vn 0.15031813 0.02248746 0.98838190
vn -0.00018248 0.02761789 0.99961854
vn -0.01861943 0.03325416 0.99927348
vn 0.03305986 0.01629682 0.99932050
vn 0.04952681 0.02305658 0.99850663
vn -0.16943290 0.04052791 0.98470807
vn 0.09349230 0.01881488 0.99544221
vn 0.03621565 -0.00879541 0.99930529
vn -0.03670837 0.01156226 0.99925913
vn -0.09463984 0.03256130 0.99497893
vn -0.17290223 0.02598992 0.98459603
vn -0.11538918 0.02187675 0.99307942
vn 0.00347343 0.04458027 0.99899977
vn -0.01098726 0.03252835 0.99941042
vn -0.00840014 0.10108907 0.99484192
vn -0.01636570 0.12291049 0.99228281
vn -0.01811005 0.13041845 0.99129363
vn 0.10409567 0.01855182 0.99439425
vn 0.13059216 0.00638676 0.99141560
vn 0.01711584 0.14803771 0.98883360
vn 0.01787554 0.13783101 0.99029444
vn -0.08664644 0.04996885 0.99498518
vn -0.01544281 -0.14852998 0.98878732
vn -0.21155198 0.02604981 0.97701953
vn 0.19494729 0.01723786 0.98066223
vn -0.15318313 0.02005268 0.98799434
vn 0.48472660 -0.00183941 0.87466379
vn 0.06294149 0.00181958 0.99801556
vn 0.03391276 -0.18610915 0.98194364
vn 0.14978767 0.06850548 0.98634206
vn 0.25131900 -0.00551223 0.96788862
vn 0.21770454 0.02136713 0.97578081
vn 0.38445543 -0.01707331 0.92298566
vn -0.01541820 -0.44454300 0.89562481
vn 0.00483070 0.28638741 0.95810172
vn 0.01098853 0.26708641 0.96360993
vn 0.25193511 -0.00603244 0.96772533
vn -0.27246883 0.02889457 0.96173065
vn 0.29044185 -0.00959669 0.95684452
vn 0.35978124 -0.00160722 0.93303530
vn 0.34362995 0.00540539 0.93908958
vn -0.30080568 0.00115603 0.95368475
vn -0.36440929 0.01898278 0.93104539
vn -0.39995326 -0.02109270 0.91629280
vn -0.14160631 -0.00282130 0.98991903
vn 0.25718493 0.00628500 0.96634177
vn -0.04471743 0.00217853 0.99899730
vn 0.11293134 -0.00484697 0.99359097
vn 0.14700848 0.00446887 0.98912514
vn -0.08392025 0.00018962 0.99647246
vn 0.31651291 0.03310116 0.94801049
vn 0.05184127 0.03171865 0.99815150
vn -0.16270345 0.00831250 0.98664000
vn 0.24986867 0.00891788 0.96823867
vn -0.07645317 0.00933652 0.99702946
vn 0.23242686 -0.00291534 0.97260951
vn -0.30516627 -0.02243989 0.95203466
vn -0.19097368 -0.00726693 0.98156826
vn 0.11114231 0.02082115 0.99358637
vn -0.18809895 0.01037326 0.98209530
vn -0.10968157 0.01314043 0.99387991
vn 0.20530058 0.00640215 0.97867803
vn -0.03258360 0.02164881 0.99923453
vn 0.16581015 0.02962991 0.98571246
vn -0.14208807 0.00159142 0.98985274
vn 0.03651684 0.02807987 0.99893846
vn -0.13511155 0.00181217 0.99082874
vn 0.01736851 0.02057262 0.99963749
vn 0.00259240 0.00502698 0.99998400
vn 0.14844004 0.04183525 0.98803612
vn 0.12649885 0.03589872 0.99131696
vn -0.06732763 -0.00250833 0.99772777
vn -0.07134077 0.00877801 0.99741338
vn 0.11956214 0.01241326 0.99274912
vn 0.00309610 0.01207686 0.99992228
vn -0.04909324 0.00802795 0.99876194
vn 0.09581311 0.02791979 0.99500771
vn 0.21503400 0.02566384 0.97626930
vn 0.25726717 0.01483041 0.96622651
vn -0.02706434 -0.00240521 0.99963080
vn 0.14082969 0.02057454 0.98982003
vn 0.00348416 0.02447443 0.99969438
vn 0.11615397 0.02536711 0.99290723
vn 0.35247945 0.01559891 0.93568954
vn 0.11372562 0.01049752 0.99345674
vn -0.12834652 0.02948056 0.99129111
vn -0.07915020 0.00349933 0.99685656
vn -0.05722716 -0.00119791 0.99836046
vn -0.09774345 0.01054434 0.99515578
vn -0.05389818 0.22016914 0.97397153
vn 0.18658086 0.22044330 0.95738829
vn -0.07211666 0.00027722 0.99739617
vn 0.30245436 0.02015691 0.95295071
vn -0.10715911 0.01100788 0.99418094
vn -0.12001625 0.01702958 0.99262586
vn -0.12632570 -0.00485430 0.99197694
vn -0.18476921 -0.00085227 0.98278157
vn 0.43481962 0.04121908 0.89957372
vn -0.17723430 0.00588915 0.98415107
vn -0.22055159 0.01323735 0.97528548
vn 0.22676467 0.02486971 0.97363201
vn -0.18134004 -0.01647209 0.98328249
vn -0.19583250 -0.00525127 0.98062330
vn 0.45820323 0.00798353 0.88881160
vn -0.20348536 0.05684079 0.97742664
vn -0.23276009 0.00934196 0.97248931
vn -0.32273723 0.00210141 0.94648627
vn 0.29411595 0.02008925 0.95555860
vn 0.58372681 0.01704979 0.81177110
vn -0.21554242 -0.00529508 0.97648012
vn 0.33744585 0.00604964 0.94132550
vn -0.16773668 0.18573635 0.96817685
vn -0.22872767 -0.01108358 0.97342735
vn 0.41711009 -0.00222428 0.90885325
vn 0.42788761 0.01418696 0.90372060
vn -0.42112879 0.02801150 0.90656820
vn -0.28606995 0.03465120 0.95758199
vn 0.00256355 0.33121705 0.94355111
vn 0.47337389 -0.03571981 0.88013706
vn -0.02002005 0.32686681 0.94485834
vn -0.64392603 0.01180847 0.76499662
vn -0.38247966 0.02830401 0.92353029
vn -0.33602898 -0.01599106 0.94171589
vn -0.31790652 0.03645540 0.94742095
vn -0.40260713 0.03802285 0.91458284
vn 0.51644168 -0.00456505 0.85631020
vn -0.37691375 0.02246303 0.92597594
vn 0.33567170 0.02224371 0.94171637
vn 0.37935582 0.05294716 0.92373468
vn -0.01896201 0.36099117 0.93237643
vn -0.42729462 0.08578114 0.90003384
vn 0.09811860 0.35248425 0.93065976
vn 0.41432054 0.04908625 0.90880638
vn -0.38675284 -0.03831157 0.92138725
vn 0.36786863 0.00906358 0.92983360
vn 0.40976524 0.00785950 0.91215715
vn -0.76252565 0.02568614 0.64644788
vn -0.36256620 -0.00460373 0.93194665
vn 0.43019248 -0.03466207 0.90207149
vn 0.07323945 0.32751646 0.94200263
vn 0.28286814 0.22630433 0.93207938
vn 0.45410473 0.08822143 0.88656972
vn -0.40863619 -0.00670889 0.91267270
vn -0.40084924 -0.02394858 0.91583096
vn -0.77824567 0.02723072 0.62736924
vn 0.48888503 0.01394734 0.87223672
vn -0.43319808 0.00534886 0.90128287
vn -0.54471073 0.04026424 0.83765686
vn -0.47741352 -0.00374803 0.87867075
vn 0.57253735 -0.00800349 0.81983958
vn -0.45728094 -0.05560604 0.88758217
vn 0.54531002 -0.00367166 0.83822640
vn -0.47754161 -0.02367610 0.87829007
vn 0.50013486 0.01998751 0.86571682
vn 0.48510077 -0.03567186 0.87373037
vn 0.00770725 0.51228166 0.85878292
vn 0.03266172 0.45077849 0.89203810
vn -0.57623578 0.07336735 0.81398376
vn 0.73327940 -0.09060990 0.67386286
vn -0.52221534 -0.01265478 0.85271976
vn 0.56026570 0.00755411 0.82827851
vn 0.56834506 -0.02266771 0.82247801
vn 0.61745664 0.04352801 0.78539965
vn -0.52620982 0.03143207 0.84977365
vn -0.77313798 -0.07130740 0.63021657
vn 0.60193581 -0.00544699 0.79852590
vn 0.57917040 0.01067098 0.81513666
vn 0.80239969 0.01037583 0.59669681
vn 0.00442202 -0.60376764 0.79714810
vn 0.62003575 0.08795729 0.77962760
vn -0.58524232 0.02695890 0.81041017
vn 0.61512511 0.00738232 0.78839495
vn -0.59789511 -0.03407009 0.80084996
vn 0.64783494 -0.00037142 0.76178065
vn 0.62123360 0.02564179 0.78320579
vn 0.73128956 -0.01991126 0.68177645
vn 0.63231517 -0.00209735 0.77470841
vn 0.61475671 0.00407928 0.78870625
vn 0.68558587 -0.00123323 0.72799073
vn 0.63743318 0.02317301 0.77015710
vn 0.84313637 0.22611105 0.48784717
vn 0.70839501 -0.01727076 0.70560486
vn 0.68802457 0.05203170 0.72381966
vn 0.84490708 0.26301606 0.46578384
vn 0.31753076 -0.00393991 -0.94823979
vn 0.02558130 0.00754571 -0.99964427
vn 0.13616965 0.00884632 -0.99064604
vn -0.00594575 0.01388961 -0.99988586
vn 0.01305163 -0.00276279 -0.99991101
vn -0.00253357 0.00111016 -0.99999617
vn 0.01955862 -0.00727729 -0.99978223
vn 0.17739809 -0.00854068 -0.98410212
vn 0.18113289 0.00118396 -0.98345792
vn -0.00867754 -0.02751761 -0.99958365
vn 0.03938445 -0.01786203 -0.99906447
vn 0.36118626 -0.01532903 -0.93236769
vn 0.26410015 0.00141970 -0.96449422
vn 0.02780310 -0.01252581 -0.99953494
vn 0.06785705 -0.00654981 -0.99767355
vn -0.00821543 -0.00161552 -0.99996495
vn 0.09446538 -0.00017269 -0.99552813
vn 0.11611878 -0.01303190 -0.99314984
vn 0.02730634 -0.00992802 -0.99957781
vn 0.20573859 0.02844150 -0.97819360
vn 0.01361838 0.00081378 -0.99990693
vn 0.08050013 0.01019973 -0.99670241
vn -0.00055899 0.00296237 -0.99999546
vn 0.22596989 0.00422853 -0.97412511
vn 0.05854697 0.00476090 -0.99827330
vn 0.13485132 -0.00577858 -0.99084899
vn 0.08541651 -0.01420741 -0.99624403
vn -0.10619230 -0.00274676 -0.99434182
vn 0.04374389 -0.01251628 -0.99896437
vn -0.11603951 -0.02293662 -0.99297973
vn 0.06519202 -0.01646629 -0.99773687
vn -0.09397915 0.00402668 -0.99556602
vn 0.02300160 -0.01072626 -0.99967789
vn 0.06859254 -0.00892489 -0.99760484
vn 0.07065142 -0.00959728 -0.99745490
vn 0.00254255 -0.00327949 -0.99999139
vn 0.02842606 -0.00950589 -0.99955070
vn 0.03135972 -0.01042627 -0.99945378
vn 0.07858896 -0.03011107 -0.99645226
vn 0.03501403 -0.00481578 -0.99937522
vn -0.01222464 -0.01202811 -0.99985293
vn 0.26013047 -0.07594301 -0.96258236
vn -0.07700658 -0.01435296 -0.99692727
vn 0.11888017 -0.02964765 -0.99246588
vn 0.16860710 -0.02094360 -0.98546081
vn 0.11907104 0.00676678 -0.99286268
vn 0.11821122 -0.03658653 -0.99231423
vn 0.10059401 -0.05599025 -0.99335086
vn 0.04877478 -0.01776361 -0.99865183
vn 0.12639258 -0.03129972 -0.99148638
vn -0.10022346 -0.00754967 -0.99493631
vn 0.40884656 -0.01273887 -0.91251422
vn 0.16388503 0.02421864 -0.98618211
vn 0.02308393 0.00838149 -0.99969840
vn 0.12481541 0.00709151 -0.99215464
vn 0.23758321 0.04921237 -0.97011977
vn 0.02498039 0.01436284 -0.99958476
vn 0.11814226 0.05723778 -0.99134567
vn -0.03666878 0.01440308 -0.99922367
vn 0.16662631 0.02872145 -0.98560172
vn 0.23853552 0.10355669 -0.96559661
vn -0.09982472 0.01454548 -0.99489872
vn 0.00491370 0.01517656 -0.99987276
vn 0.00492636 0.01264110 -0.99990796
vn -0.01481950 0.00784213 -0.99985943
vn 0.01455819 0.01528710 -0.99977716
vn -0.00914810 0.01624619 -0.99982617
vn 0.12271639 -0.03073225 -0.99196583
vn -0.03141810 -0.19081293 -0.98112350
vn 0.15823383 0.16074935 -0.97422877
vn -0.09747130 0.01831493 -0.99506980
vn 0.25065552 -0.00280307 -0.96807229
vn -0.09398267 -0.08923345 -0.99156676
vn -0.22456714 0.01399462 -0.97435812
vn 0.01558268 -0.20258707 -0.97914027
vn -0.20580392 0.01399125 -0.97849322
vn 0.29447473 0.01424006 -0.95555316
vn 0.41272056 -0.02944883 -0.91038152
vn -0.51686228 0.00454997 -0.85605647
vn 0.40200375 0.06266584 -0.91349109
vn 0.39322497 0.02937659 -0.91897287
vn 0.28575265 -0.01026077 -0.95824847
vn 0.29810523 0.01768224 -0.95436922
vn 0.60929183 -0.01964509 -0.79270268
vn 0.43937240 0.01009135 -0.89824833
vn 0.35782320 0.02673431 -0.93340657
vn 0.43025059 -0.02814278 -0.90227070
vn 0.57667541 -0.01801935 -0.81677461
vn -0.39890252 -0.02099277 -0.91675301
vn -0.41332302 0.00809726 -0.91054847
vn 0.47714193 -0.01616172 -0.87867763
vn 0.77179569 -0.08771193 -0.62979205
vn 0.46734822 -0.02562477 -0.88370188
vn 0.51363095 -0.01906882 -0.85779930
vn 0.47495488 0.01497644 -0.87988270
vn 0.39745901 0.01111704 -0.91755259
vn 0.56886870 -0.02080346 -0.82216520
vn 0.51454282 0.05630442 -0.85561410
vn 0.49568162 0.15767924 -0.85407084
vn 0.55908686 0.00545939 -0.82909112
vn 0.55969123 -0.02253267 -0.82839484
vn 0.72917635 -0.01632381 -0.68413112
vn 0.53952585 0.24817199 -0.80456356
vn 0.60866322 -0.05976265 -0.79117477
vn 0.62338909 -0.01676346 -0.78173207
vn 0.63908994 -0.00661867 -0.76910353
vn 0.74994638 0.00266705 -0.66149324
vn 0.99436966 0.10596582 0.00046328
vn 0.99961186 0.02782805 -0.00131347
vn 0.99984412 0.01633160 -0.00670981
vn 0.99111995 0.13281676 -0.00639887
vn 0.99704646 0.07678697 -0.00145459
vn 0.99628236 0.08614657 0.00048084
vn 0.99855913 0.05357383 -0.00308471
vn 0.99084040 0.13503804 -0.00018573
vn 0.99933967 0.03633259 0.00040610
vn 0.99902858 0.04395078 0.00319676
vn 0.99111439 0.13276620 0.00808703
vn 0.99374586 0.11165646 -0.00141533
vn 0.99806180 0.06201826 0.00513532
vn 0.99669935 0.08089530 -0.00680861
vn 0.99239331 0.12309545 0.00174023
vn 0.98941443 0.14166942 -0.03144608
vn 0.99557282 0.09270811 -0.01549069
vn 0.99454772 0.00578717 -0.10412176
vn 0.99376651 0.11132047 -0.00598908
vn 0.99029256 0.13886813 0.00602418
vn 0.99204263 0.12589410 -0.00144804
vn 0.99222364 0.12410060 -0.00955480
vn 0.99102558 0.13345007 -0.00770626
vn 0.98544229 0.17001018 -0.00014593
vn 0.99034485 0.13858111 0.00351480
vn 0.98851670 0.15099935 0.00582557
vn 0.98536344 0.17039270 0.00502254
vn 0.98200467 0.18857263 0.01035311
vn 0.98337776 0.18112939 -0.01266213
vn 0.98188590 0.18939968 0.00527687
vn 0.98003363 0.19881954 -0.00220615
vn 0.98227828 0.18732990 0.00607383
vn 0.97617785 0.21696772 -0.00134885
vn 0.97531013 0.22083950 0.00026771
vn 0.96776852 0.24860742 -0.04022974
vn 0.97102609 0.23893888 0.00406772
vn 0.97232464 0.23362817 -0.00163455
vn 0.97475528 0.22327473 0.00073578
vn 0.97311187 0.23030864 0.00335045
vn 0.97718410 0.21239236 0.00084888
vn 0.97960909 0.20088746 -0.00320453
vn 0.98630010 0.16494762 0.00209756
vn 0.98931402 0.14579999 0.00037481
vn 0.98775673 0.15599315 -0.00166989
vn 0.99287200 0.11906307 -0.00540217
vn 0.98898025 0.14786793 -0.00728993
vn 0.99668281 0.08123899 -0.00485744
vn 0.99368044 0.11223516 0.00156785
vn 0.99032928 0.13856642 -0.00687543
vn 0.99347649 0.11400289 0.00279418
vn 0.99598441 0.08952630 -0.00032170
vn 0.99780070 0.06626302 0.00172286
vn 0.99312058 0.11684726 -0.00763139
vn 0.99653012 0.08311834 0.00436688
vn 0.98944410 0.14489869 0.00217592
vn 0.99765416 0.06788656 -0.00880904
vn 0.99675077 0.08042213 -0.00449186
vn 0.99746504 0.07050246 -0.00963815
vn 0.99312070 0.11592282 -0.01652823
vn 0.99667891 0.08112108 -0.00710819
vn 0.99520486 0.09781157 0.00043503
vn 0.99601009 0.08892887 0.00745305
vn 0.99776940 0.06656524 0.00502989
vn 0.99735584 0.07261469 0.00290344
vn 0.99273288 0.11998213 -0.00925846
vn 0.99845237 0.05393945 -0.01354232
vn 0.99324151 0.04318992 -0.10773083
vn 0.99807810 -0.01649663 -0.05973249
vn 0.98905803 0.14671750 -0.01543355
vn 0.98562120 0.16893773 -0.00330126
vn 0.99515671 0.09819627 -0.00453973
vn 0.99341277 -0.07263258 -0.08863168
vn 0.98109669 0.19310754 -0.01259982
vn 0.97337794 0.22906673 -0.00798811
vn 0.98229689 -0.05600045 -0.17876458
vn 0.99198094 0.05753071 -0.11253458
vn 0.96574875 0.23003148 -0.12006194
vn 0.96391740 0.19066368 -0.18577031
vn 0.95979572 0.22297442 -0.17051270
vn 0.95789183 -0.04495915 -0.28358759
vn 0.87265394 0.44486200 -0.20142716
vn 0.95866215 -0.10563156 -0.26421365
vn 0.94599455 -0.06572644 -0.31744975
vn 0.95692366 -0.07468207 -0.28057031
vn 0.95845478 -0.08949966 -0.27083991
vn 0.97720959 -0.09811198 -0.18824307
vn 0.97560833 -0.05757569 -0.21183347
vn 0.92799352 -0.08615821 -0.36249799
vn 0.85619196 -0.11633363 -0.50339031
vn 0.97309431 -0.06648679 -0.22060590
vn 0.98035129 -0.04808740 -0.19130852
vn 0.96535898 0.05175107 -0.25574180
vn 0.96181643 0.17629705 -0.20935259
vn 0.98523485 -0.07568574 -0.15357069
vn 0.92920992 -0.04805794 -0.36641418
vn 0.93288277 -0.05722602 -0.35560500
vn 0.96893029 -0.07888813 -0.23441579
vn 0.92471694 -0.04991792 -0.37736823
vn 0.88937542 -0.00094132 -0.45717663
vn 0.87239571 -0.04374325 -0.48683904
vn 0.88868011 -0.02266485 -0.45796721
vn 0.83284031 -0.00699946 -0.55346909
vn 0.81847148 0.06684787 -0.57064507
vn 0.99128163 0.12301189 -0.04721033
vn 0.98467981 -0.03458343 0.17090835
vn 0.99702443 0.06789978 -0.03649535
vn 0.98873538 0.06022467 0.13702310
vn 0.98869264 -0.07825518 0.12791794
vn 0.98866825 -0.06895975 0.13334031
vn 0.99042359 -0.06728044 0.12055896
vn 0.94327422 -0.06793382 0.32499038
vn 0.97973392 -0.07251633 0.18671588
vn 0.99012939 -0.07076675 0.12097873
vn 0.99543894 -0.05225030 0.07981999
vn 0.96944027 -0.05438047 0.23922442
vn 0.98860938 -0.04099799 0.14481246
vn 0.98512487 -0.02552322 0.16993396
vn 0.99744147 -0.01603247 0.06966693
vn 0.98869501 0.04575236 0.14278970
vn 0.99769388 0.00955206 0.06719883
vn 0.99498252 -0.01192224 0.09933598
vn 0.99757089 -0.01741724 0.06744603
vn 0.99284884 -0.02357238 0.11702786
vn 0.99754247 -0.00141737 0.07005004
vn 0.99599600 -0.01352205 0.08836922
vn 0.99627483 0.00609378 0.08601934
vn 0.96976042 0.01957111 0.24327291
vn 0.99657323 -0.01234547 0.08178868
vn 0.97570932 0.15211399 0.15764724
vn 0.98185900 0.05216565 0.18229550
vn 0.96604875 -0.01821443 0.25771699
vn 0.93706370 -0.02729829 0.34808968
vn 0.96769182 0.00576664 0.25207002
vn 0.96565251 -0.03195450 0.25786458
vn 0.92824382 -0.02993654 0.37076571
vn 0.98212981 -0.00679859 0.18808196
vn 0.97420915 -0.00395298 0.22561227
vn 0.94204339 0.00833014 0.33538762
vn 0.98257065 -0.00422947 0.18584141
vn 0.98779657 -0.01813222 0.15469050
vn 0.95490607 -0.00592781 0.29684889
vn 0.98414857 0.03948605 0.17289434
vn 0.90943808 -0.01247979 0.41565206
vn 0.94876208 0.09218965 0.30224425
vn 0.98267789 -0.07782365 0.16818930
vn 0.96566815 -0.06270403 0.25209767
vn 0.98405593 -0.02176433 0.17652264
vn 0.91962506 -0.01645477 0.39245253
vn 0.97899072 -0.02808605 0.20196124
vn 0.96525885 -0.00265166 0.26128206
vn 0.89985269 -0.04712851 0.43364045
vn 0.83490632 0.05899804 0.54722086
vn 0.94438844 0.00816339 0.32873064
vn 0.97730283 -0.06641588 0.20116686
vn 0.98213164 0.04213512 0.18341774
vn 0.97408001 -0.03169755 0.22397186
vn 0.88155570 -0.01677138 0.47178201
vn 0.95639263 -0.03780366 0.28962738
vn 0.97748360 -0.03943694 0.20729336
vn 0.96885280 -0.04667521 0.24319885
vn 0.97903317 -0.02832344 0.20172215
vn 0.98039383 -0.03096679 0.19459957
vn 0.96734012 0.00515434 0.25342954
vn 0.97742720 -0.01650850 0.21062652
vn 0.93425332 -0.00957157 0.35648157
vn 0.93243970 -0.01510363 0.36100981
vn 0.98056743 -0.01431310 0.19565953
vn 0.93376304 -0.00906039 0.35777717
vn 0.95374573 -0.00309843 0.30059855
vn 0.93378941 0.05858309 0.35299485
vn 0.90585581 0.05614391 0.41984892
vn 0.98704657 0.02532352 0.15842281
vn 0.95570408 0.01448069 0.29397281
vn 0.98770747 0.01740807 0.15534131
vn 0.93532540 0.01911137 0.35327206
vn 0.98052881 0.05336294 0.18898583
vn 0.98134808 0.01648867 0.19153084
vn 0.98582246 0.05594491 0.15819051
vn 0.91352488 0.11155570 0.39118746
vn 0.97862402 0.06491792 0.19514275
vn 0.97631895 0.07840382 0.20162876
vn 0.98712054 0.04486911 0.15355716
vn 0.98472838 0.07626360 0.15650518
vn 0.95834772 0.01561362 0.28517688
vn 0.99031063 -0.00828483 0.13862260
vn 0.99985414 0.00170786 0.01699367
vn 0.99135149 0.02734797 0.12835226
vn 0.99976606 -0.01708464 0.01326435
vn 0.99078343 -0.02343131 0.13341349
vn 0.99198815 -0.00272884 0.12630150
vn 0.99931940 -0.02350628 0.02842886
vn 0.99935812 -0.03201602 0.01607236
vn 0.99152800 0.10991904 -0.06921004
vn 0.99971387 0.00418688 0.02355115
vn 0.99464706 0.00183558 0.10331436
vn 0.97060746 0.16958502 0.17076905
vn 0.97015377 0.10689554 0.21765801
vn 0.99487431 -0.02296631 0.09847664
vn 0.99678847 0.07580825 -0.02580426
vn 0.98874685 0.06475273 0.13485824
vn 0.98544847 0.01701178 0.16912098
vn 0.97298514 0.04078286 0.22723705
vn 0.89959461 0.01924116 0.43630187
vn 0.88901363 -0.01229237 0.45771571
vn 0.98484347 0.09834195 0.14287128
vn 0.92648728 -0.02489847 0.37550152
vn 0.95984901 -0.03434420 0.27840680
vn 0.93932794 0.02698511 0.34195735
vn 0.87251755 0.07451410 0.48286723
vn 0.97301718 0.20854226 -0.09873040
vn 0.87414087 0.17541187 0.45288897
vn 0.95364100 -0.02082761 0.30022501
vn 0.85630378 0.08572243 0.50930884
vn 0.85322449 0.04311683 0.51975851
vn 0.96355011 0.00027200 0.26752779
vn 0.95805082 0.01132120 0.28637467
vn 0.92328125 0.12743131 0.36237135
vn 0.94939912 -0.01671540 0.31362703
vn 0.95435582 -0.03764136 0.29629057
vn 0.93682441 -0.06542580 0.34362695
vn 0.93293251 0.05128741 0.35637976
vn 0.93295799 0.04978209 0.35652648
vn 0.88756069 -0.05055626 0.45790838
vn 0.94852263 -0.04624611 0.31331472
vn 0.85687287 0.03229959 0.51451493
vn 0.89970866 0.13460270 0.41521854
vn 0.92350628 0.04943598 0.38038432
vn 0.94775554 -0.01450151 0.31866776
vn 0.95658809 0.03212700 0.28966720
vn 0.94920798 0.08209229 0.30375166
vn 0.94280286 0.28067554 -0.17984441
vn 0.84308920 -0.03533575 0.53661157
vn 0.85714950 0.09403995 0.50641014
vn 0.89649904 0.00122161 0.44304399
vn 0.87510195 -0.01429532 -0.48372742
vn 0.94380624 0.01775635 -0.33002197
vn 0.92378823 0.05604638 -0.37877975
vn 0.87322009 -0.00095390 -0.48732511
vn 0.95543347 -0.02426668 -0.29420743
vn 0.92807282 0.02372650 -0.37164217
vn 0.89628900 0.00723493 -0.44341142
vn 0.96136248 -0.00257893 -0.27527354
vn 0.95026524 0.00786251 -0.31134250
vn 0.93137554 -0.02276391 -0.36334751
vn 0.93274693 -0.00986979 -0.36039666
vn 0.85856678 0.11194908 -0.50033037
vn 0.90434483 -0.01087904 -0.42666389
vn 0.91216392 -0.01033902 0.40969511
vn 0.91020830 0.02884603 0.41314497
vn 0.91656467 -0.04003437 -0.39787745
vn 0.69434048 -0.08021470 -0.71516215
vn 0.90812765 -0.00685703 0.41863725
vn 0.78202987 0.20813600 0.58745952
vn 0.84619564 -0.03354963 -0.53181515
vn 0.90264889 -0.04191415 0.42833185
vn 0.88122702 0.36068856 -0.30552037
vn 0.89406638 -0.00622052 0.44789129
vn 0.89636797 -0.05570722 0.43979673
vn 0.81096906 -0.04809954 0.58310859
vn 0.88225268 0.00725342 -0.47072029
vn 0.83089124 -0.08055895 -0.55057243
vn 0.83991826 -0.18714447 -0.50942542
vn 0.82478255 0.02015680 0.56509065
vn 0.87894767 -0.05502054 -0.47373382
vn 0.88117105 -0.02513426 -0.47212906
vn 0.95307451 0.00204963 -0.30272889
vn 0.96307710 0.09989837 -0.25000561
vn 0.93703865 0.10977919 -0.33152238
vn 0.94930758 0.08857294 -0.30161225
vn 0.96814329 0.07480006 -0.23896342
vn 0.97358187 0.00741741 -0.22821771
vn 0.95309691 -0.01541066 -0.30227271
vn 0.91915505 -0.01633763 -0.39355696
vn 0.92759664 0.00594727 -0.37353594
vn 0.95416607 -0.00812791 -0.29916725
vn 0.94668248 0.13245457 -0.29368022
vn 0.88300456 0.15519958 -0.44296280
vn 0.88786005 0.13640002 -0.43943096
vn 0.87911336 -0.01342867 0.47642352
vn 0.83217372 -0.02891313 -0.55376072
vn 0.79329052 -0.00639201 0.60880974
vn 0.78825157 0.25817074 0.55857617
vn 0.86053962 -0.08095341 -0.50290964
vn 0.92301443 -0.36728916 0.11464304
vn 0.80225368 0.08995712 0.59016671
vn 0.80629553 0.04246813 -0.58998642
vn 0.71524892 0.07395543 0.69494574
vn 0.78189017 0.11815129 0.61211767
vn 0.83576493 0.01096728 0.54897787
vn 0.78818063 0.07540309 0.61080738
vn 0.82971882 0.19082847 -0.52454854
vn 0.83561808 -0.03514033 0.54818572
vn 0.82453373 -0.02382195 -0.56531110
vn 0.82636821 0.00927929 -0.56305371
vn 0.80306423 -0.01719272 -0.59564440
vn 0.79179716 -0.00294913 -0.61077701
vn 0.80456820 -0.01969585 0.59353356
vn 0.65582212 -0.02797342 0.75439700
vn 0.77645571 0.25559582 -0.57600982
vn 0.81126904 -0.02487750 0.58414352
vn 0.81153591 0.55419795 0.18513268
vn 0.86683849 0.18969921 -0.46109135
vn 0.93058877 0.01142256 -0.36588805
vn 0.90109038 0.25757659 -0.34884156
vn 0.89846124 0.00871574 -0.43896633
vn 0.93359989 0.01096568 -0.35814941
vn 0.92333132 -0.03021591 -0.38281364
vn 0.93991771 -0.03454021 -0.33964934
vn 0.94002874 -0.03928837 -0.33882501
vn 0.91134317 -0.02449487 -0.41091802
vn 0.89758655 -0.03447088 -0.43948849
vn 0.92267829 -0.01542470 -0.38526206
vn 0.86204163 0.04462072 -0.50486951
vn 0.93560923 0.00645449 -0.35297834
vn 0.96035585 0.00315703 -0.27875916
vn 0.97424508 -0.02544376 -0.22405165
vn 0.97274212 -0.03231150 -0.22962737
vn 0.98610001 0.00971391 -0.16586864
vn 0.94289893 0.02334736 -0.33225970
vn 0.95271992 0.00164441 -0.30384543
vn 0.93603852 -0.00848715 -0.35179518
vn 0.96992668 0.00682085 -0.24330169
vn 0.96086126 -0.02379260 -0.27600643
vn 0.94195192 -0.02905664 -0.33448811
vn 0.91520325 -0.00353575 -0.40297705
vn 0.92539520 -0.02708616 -0.37803448
vn 0.98577291 0.01853924 -0.16705710
vn 0.94917032 0.00014345 -0.31476291
vn 0.96298578 0.06724591 -0.26102947
vn 0.97185411 0.12600721 -0.19905217
vn 0.97422718 0.08813892 -0.20763653
vn 0.97508169 0.06426929 -0.21233267
vn 0.96864641 -0.02199016 -0.24746830
vn 0.95965493 -0.01236780 -0.28090825
vn 0.97939179 0.00928320 -0.20175616
vn 0.97843035 0.04598117 -0.20139461
vn 0.96497796 0.09462821 -0.24466922
vn 0.97635346 0.14669220 -0.15879330
vn 0.98694168 0.07281331 -0.14368137
vn 0.98501179 0.04882064 -0.16543374
vn 0.89860441 0.06334816 -0.43416256
vn 0.97586764 0.06438976 -0.20865355
vn 0.91233267 0.16263490 -0.37576455
vn 0.95588720 0.13396218 -0.26140735
vn 0.94473311 0.08833333 -0.31571598
vn 0.97888396 0.08158441 -0.18743047
vn 0.92453745 0.00576761 -0.38104757
vn 0.97973045 0.01986544 -0.19933292
vn 0.99501942 -0.00832492 -0.09933301
vn 0.93548751 0.09713109 -0.33974795
vn 0.95016759 0.26424627 -0.16539488
vn 0.98668524 0.07871592 -0.14232374
vn 0.99306013 0.03946231 -0.11078950
vn 0.98388668 0.03554608 -0.17522406
vn 0.97778143 0.03313211 -0.20699212
vn 0.94506802 0.27188982 -0.18144518
vn 0.89599812 0.29996452 -0.32742733
vn 0.96787950 -0.00673514 -0.25132433
vn 0.93152342 0.16315235 -0.32503144
vn 0.90344535 0.02369354 -0.42804803
vn 0.96010725 0.03064453 -0.27794781
vn 0.96596450 0.22428552 -0.12887429
vn 0.95719667 -0.01580029 -0.28900672
vn 0.78605362 0.30265837 -0.53899685
vn 0.91986320 0.10641845 -0.37752723
vn 0.87999632 0.43202879 -0.19737679
vn 0.88566901 0.25271205 -0.38952153
vn 0.88482490 0.20751929 -0.41715781
vn 0.89678145 0.03943089 -0.44071332
vn 0.71643904 0.24108436 -0.65467048
vn 0.88480240 -0.03109649 -0.46492765
vn 0.86845409 -0.01523926 -0.49553533
vn 0.87316871 0.12156800 -0.47201443
vn 0.68106421 0.03590722 -0.73134275
vn 0.79221162 0.47290995 -0.38569019
vn 0.81883770 0.05892537 -0.57099266
vn 0.69640625 0.00519681 -0.71762897
vn 0.72683598 -0.01264628 0.68669464
vn 0.73130217 0.07580391 -0.67782808
vn 0.76026729 -0.00137515 -0.64960893
vn 0.73356717 -0.00690796 0.67958184
vn 0.75059698 -0.00893692 0.66069986
vn 0.74318085 0.05084069 0.66715624
vn 0.74419968 0.05286974 0.66586157
vn 0.67420228 0.20204825 -0.71037158
vn 0.65533155 0.04959528 -0.75371139
vn 0.68482278 -0.15440148 -0.71216427
vn 0.73428782 -0.01663516 -0.67863441
vn 0.71583961 0.53735832 -0.44589202
vn 0.74441414 0.43435311 -0.50713407
vn 0.78603091 0.39017597 -0.47949778
vn 0.69145659 0.02204989 0.72208143
vn 0.62939071 0.19700413 0.75170254
vn 0.69088263 -0.00061722 0.72296667
vn -0.10691291 0.99344330 0.04049735
vn -0.04692146 0.96791997 0.24683865
vn -0.12702482 0.91712018 0.37782968
vn -0.11861073 0.90818420 0.40141369
vn -0.13107777 0.99113783 0.02155025
vn -0.14790278 0.94139459 0.30315177
vn -0.15197024 0.98793001 0.02998915
vn -0.06541427 0.97818852 0.19715018
vn -0.10041413 0.97885194 0.17822987
vn -0.03119923 0.96607189 0.25638197
vn -0.19135096 0.91794164 0.34751685
vn -0.18778503 0.98180016 0.02837648
vn -0.15923060 0.95737409 0.24099890
vn -0.14643137 0.97994658 0.13513905
vn -0.14953417 0.88356113 0.44380093
vn -0.17346583 0.95772301 0.22951306
vn -0.06174491 0.98519665 0.15992223
vn -0.01895959 0.99024563 0.13803665
vn 0.23835156 0.93911455 0.24749220
vn 0.02116731 0.99530710 0.09442307
vn 0.02952249 0.99928046 0.02381156
vn 0.02015464 0.95118684 0.30795679
vn 0.02580836 0.91446127 0.40384962
vn -0.01248985 0.99374239 0.11099575
vn -0.24945828 0.89346542 0.37348374
vn -0.24283562 0.91080138 0.33387379
vn 0.04085280 0.99872619 0.02961498
vn 0.04058194 0.99917070 0.00331999
vn 0.04046204 0.99712778 0.06402351
vn 0.03353634 0.95786411 0.28525719
vn 0.05439477 0.99840849 0.01488943
vn 0.04704094 0.99493166 0.08887146
vn 0.02353243 0.99970095 0.00665131
vn -0.06191925 0.99556365 0.07084513
vn 0.08444645 0.98458962 0.15314070
vn -0.13492072 0.94546266 0.29647387
vn 0.02465142 0.99964764 -0.00984345
vn -0.01962001 0.97910509 0.20240624
vn -0.11042433 0.98071606 0.16125282
vn 0.04213818 0.98004388 0.19426364
vn -0.01317282 0.92133649 0.38854285
vn 0.08829484 0.98580225 0.14282135
vn 0.04596771 0.98902309 0.14042895
vn 0.03050348 0.99823454 0.05096406
vn -0.16277117 0.94302356 0.29019323
vn -0.21645834 0.97352231 0.07348537
vn -0.25559376 0.95167600 0.17024872
vn 0.07917192 0.96739628 0.24057482
vn 0.12930581 0.93495041 0.33037516
vn 0.22618595 0.97396517 -0.01522351
vn -0.02159632 0.93858427 0.34437359
vn 0.01835598 0.92221832 0.38623365
vn 0.23646927 0.95385195 0.18506417
vn -0.20314881 0.88760872 0.41337794
vn -0.07588477 0.92571410 0.37053327
vn -0.01491060 0.98341966 0.18073030
vn -0.20224504 0.97253970 0.11516719
vn -0.19495188 0.97084497 -0.13947691
vn 0.22036569 0.91519721 0.33742114
vn 0.06312412 0.93842148 0.33967700
vn 0.00062421 0.91025186 0.41405454
vn -0.08078417 0.90796024 0.41119596
vn -0.01257513 0.87689010 0.48052639
vn -0.01247027 0.99953683 0.02775987
vn -0.21271892 0.86954640 0.44569016
vn -0.22274392 0.85618732 0.46618496
vn -0.12618020 0.87897990 0.45986181
vn -0.09827905 0.88591225 0.45332186
vn 0.04762350 0.90066315 0.43190032
vn -0.15185793 0.91416307 0.37582582
vn -0.11357385 0.75800961 0.64227908
vn -0.23328542 0.88392846 0.40527569
vn 0.02758109 0.82660432 0.56210727
vn 0.10502293 0.81768766 0.56600095
vn 0.13537683 0.74580353 0.65226545
vn -0.28827400 0.65674375 0.69683983
vn -0.13988604 0.70420924 0.69607560
vn -0.29373205 0.64347899 0.70686368
vn 0.51088889 0.76604937 0.39007809
vn -0.13905221 0.63786744 0.75748901
vn 0.09328621 0.67181472 0.73482152
vn 0.57511521 0.77683292 -0.25646270
vn -0.99104197 0.06970184 -0.11391870
vn -0.86921623 0.04984087 -0.49191364
vn -0.98990506 0.04368343 -0.13483224
vn -0.98368078 0.01261902 -0.17947946
vn -0.90549758 0.06791084 -0.41888213
vn -0.99035858 0.07836230 -0.11423324
vn -0.92520667 0.08047845 -0.37083128
vn -0.96832048 0.06492899 -0.24112170
vn -0.98374017 0.07914248 -0.16121955
vn -0.93321005 0.07845638 -0.35066166
vn -0.99511118 0.05769196 -0.08015841
vn -0.99030119 0.02758736 -0.13617083
vn -0.96998827 0.17955253 -0.16396234
vn -0.93108572 -0.05738880 -0.36025811
vn -0.99611671 0.04893336 -0.07319169
vn -0.99078354 0.08053790 -0.10891112
vn -0.96999183 0.06772723 -0.23351418
vn -0.99857165 0.04571633 -0.02765270
vn -0.99010644 0.13384950 0.04211352
vn -0.95904063 0.05117474 -0.27860765
vn -0.87286583 0.05979966 -0.48428219
vn -0.95926906 0.05714280 -0.27665425
vn -0.96609491 0.06073345 -0.25094236
vn -0.78135332 0.03684216 -0.62300051
vn -0.83765013 0.03390349 -0.54515393
vn -0.91619143 0.03704542 -0.39902493
vn -0.86915930 0.05095951 -0.49189962
vn -0.90363039 0.03106031 -0.42718540
vn -0.90823876 0.04780828 -0.41571230
vn -0.94314218 0.04610705 -0.32917619
vn -0.89875893 -0.05539276 -0.43492992
vn -0.78403260 0.04434737 -0.61913343
vn -0.86201463 0.03693317 -0.50553608
vn -0.87330927 0.04087979 -0.48544800
vn -0.85568343 0.02213874 -0.51702586
vn -0.78179732 -0.00056508 -0.62353238
vn -0.79421897 -0.04719076 -0.60579639
vn -0.84621391 0.04072779 -0.53128455
vn -0.80621009 0.34190148 -0.48283400
vn -0.79239258 0.02267351 -0.60958995
vn -0.85311944 0.49422532 -0.16711841
vn -0.74671498 -0.01642572 -0.66494130
vn -0.83303156 0.03680354 -0.55199993
vn -0.68415775 -0.00885529 -0.72928030
vn -0.75010289 0.05487809 -0.65904025
vn -0.70007959 0.00793277 -0.71402076
vn -0.75360389 -0.04831896 -0.65555050
vn -0.77718701 -0.01242187 -0.62914709
vn -0.71272106 -0.23891753 -0.65950519
vn -0.73399740 -0.12370338 -0.66779135
vn -0.73458916 -0.09059145 -0.67243732
vn -0.74705334 -0.07287715 -0.66075732
vn -0.72868558 -0.06190034 -0.68204521
vn -0.80968516 -0.05370777 -0.58440177
vn -0.86249863 0.01320746 -0.50588703
vn -0.78169871 0.04463235 -0.62205713
vn -0.70997610 0.01204252 -0.70412280
vn -0.63960170 -0.03752189 -0.76779019
vn -0.66169819 -0.02070989 -0.74948423
vn -0.70289247 -0.09452025 -0.70498801
vn -0.71765323 0.05434524 -0.69427691
vn -0.56983729 0.03106227 -0.82117026
vn -0.57814451 0.01536994 -0.81578961
vn -0.61719837 -0.03752020 -0.78591246
vn -0.65576992 0.04844668 -0.75340476
vn -0.67746208 -0.04663376 -0.73407794
vn -0.70715786 -0.03012191 -0.70641378
vn -0.71433574 -0.03605980 -0.69887349
vn -0.74089161 -0.00114171 -0.67162364
vn -0.68797500 -0.01991670 -0.72546104
vn -0.58587398 -0.00136859 -0.81040101
vn -0.66430321 -0.05911439 -0.74512196
vn -0.53894009 -0.26139106 -0.80076107
vn -0.63271115 0.05124805 -0.77269026
vn -0.58934290 0.00337162 -0.80787597
vn -0.62189631 0.03699947 -0.78222505
vn -0.62796991 -0.10899796 -0.77056683
vn -0.56816959 0.02331650 -0.82258109
vn -0.58645583 -0.05690234 -0.80798000
vn -0.57523043 0.00074378 -0.81799108
vn -0.57108870 0.00406477 -0.82087829
vn 0.02520749 0.96617058 -0.25666905
vn 0.03872515 0.98340946 -0.17721791
vn 0.01188062 0.99807785 -0.06082322
vn 0.03483976 0.97586389 -0.21558260
vn -0.02913954 0.96192933 -0.27174041
vn 0.00301854 0.97916121 -0.20306208
vn -0.00490609 0.99588045 -0.09054316
vn 0.00153081 0.99960447 -0.02808126
vn -0.05437181 0.97666286 -0.20778201
vn 0.01254295 0.99898725 -0.04321058
vn -0.07735353 0.91770402 -0.38966108
vn -0.15379544 0.98043693 -0.12284292
vn -0.09500691 0.98038597 -0.17267610
vn -0.13753221 0.96397377 -0.22768282
vn -0.12111874 0.98169709 -0.14697307
vn -0.24666833 0.96881675 -0.02342740
vn -0.07538576 0.97053481 -0.22886496
vn -0.09091128 0.97839721 -0.18567185
vn -0.20686953 0.97745337 -0.04230728
vn -0.03581666 0.99895460 -0.02840537
vn 0.00404529 0.98962357 -0.14362739
vn 0.03707862 0.99305755 -0.11163281
vn -0.00095764 0.98876208 -0.14949457
vn 0.00198610 0.98888907 -0.14864207
vn -0.37643950 0.92461073 -0.05820913
vn -0.14603270 0.98489948 -0.09299171
vn -0.03135165 0.98624480 -0.16229066
vn -0.21846888 0.92026199 -0.32463704
vn -0.30372093 0.91604128 -0.26195794
vn -0.33679313 0.93786966 0.08349182
vn 0.02583271 0.94317536 -0.33128976
vn 0.05315288 0.95168715 -0.30243401
vn -0.33183110 0.88194146 -0.33476466
vn 0.00475571 0.95214630 -0.30560564
vn -0.13152610 0.97559217 -0.17584314
vn 0.01624449 0.93744568 -0.34775239
vn -0.22178489 0.84361164 -0.48901008
vn -0.17241477 0.90101853 -0.39804365
vn -0.45257116 0.83920978 -0.30150669
vn 0.02644840 0.90983831 -0.41411922
vn -0.31869256 0.83647716 -0.44580379
vn -0.19075833 0.76345284 -0.61705026
vn -0.32233697 0.80146166 -0.50374407
vn -0.06748887 0.82826875 -0.55625186
vn -0.10130025 0.81445082 -0.57132139
vn 0.04977237 0.80494493 -0.59125829
vn -0.67070577 0.74054798 0.04174278
vn -0.39842909 0.77932142 -0.48364490
vn -0.33425725 0.82638275 -0.45317066
vn -0.12765006 0.90151497 -0.41349270
vn -0.03564579 0.93197669 -0.36076145
vn -0.05595373 0.91088244 -0.40885495
vn -0.11187003 0.89935772 -0.42265918
vn -0.22029424 0.72175400 -0.65615670
vn 0.12934091 0.80429015 -0.57998990
vn -0.09240536 0.87519142 -0.47486970
vn 0.24919032 0.80986336 -0.53106076
vn 0.25927271 0.85216762 -0.45451954
vn -0.29731461 0.66792923 -0.68225697
vn 0.13907467 0.73310466 -0.66574454
vn 0.19366424 0.79353219 -0.57688892
vn -0.52073823 0.65344023 -0.54940656
vn -0.00933200 0.04947960 -0.99873154
vn 0.01570393 0.05028139 -0.99861162
vn 0.01671979 0.13601346 -0.99056589
vn -0.09699843 0.08948314 -0.99125379
vn -0.00214417 0.06418569 -0.99793567
vn -0.02401638 0.10433428 -0.99425227
vn -0.06231365 0.18361596 -0.98102099
vn -0.01976126 0.07800249 -0.99675729
vn -0.01319813 0.22634189 -0.97395850
vn -0.00106353 0.08541154 -0.99634519
vn 0.00620337 0.16004868 -0.98708963
vn -0.00096216 0.13990857 -0.99016396
vn -0.01315394 0.05268519 -0.99852453
vn 0.00035360 0.09744765 -0.99524059
vn -0.00590947 -0.09216320 -0.99572638
vn -0.03380938 0.08454146 -0.99584621
vn -0.01274696 0.12863754 -0.99160975
vn -0.00573323 -0.13320351 -0.99107212
vn -0.00624778 0.00720784 -0.99995451
vn 0.02131929 0.00975437 -0.99972513
vn 0.00674322 -0.01602358 -0.99984888
vn 0.01307391 0.01527641 -0.99979783
vn -0.03300427 0.01474216 -0.99934648
vn -0.00695916 0.01344286 -0.99988542
vn 0.10023918 -0.30794152 -0.94611000
vn 0.00709341 0.01047932 -0.99991993
vn 0.09336572 0.01208619 -0.99555852
vn -0.05762954 0.01529495 -0.99822087
vn -0.14344451 0.06035431 -0.98781629
vn -0.06168026 0.01394868 -0.99799849
vn -0.25346634 -0.01812981 -0.96717430
vn 0.00164219 0.00473557 -0.99998744
vn -0.07322842 0.01654284 -0.99717798
vn 0.04519833 0.01302632 -0.99889310
vn 0.03046942 0.00957899 -0.99948980
vn -0.02707082 0.01188593 -0.99956285
vn 0.04352415 0.00942157 -0.99900795
vn -0.02877759 0.01845920 -0.99941538
vn -0.21252593 0.01958757 -0.97695909
vn 0.12562719 0.03263704 -0.99154053
vn 0.09298317 0.00603615 -0.99564938
vn 0.14579983 0.00560002 -0.98929826
vn -0.10533916 0.01432256 -0.99433321
vn -0.12052162 0.01988706 -0.99251148
vn -0.14089436 0.00770579 -0.98999465
vn 0.19347390 0.00207005 -0.98110324
vn -0.31840449 0.03475970 -0.94731745
vn -0.23793766 0.03371456 -0.97069511
vn 0.79756115 -0.05101638 -0.60107699
vn -0.10717666 0.02709223 -0.99387080
vn 0.08797915 0.05646538 -0.99452065
vn 0.23493206 0.02314177 -0.97173627
vn -0.00606213 -0.24180832 -0.97030510
vn 0.01598107 -0.31065642 -0.95038792
vn 0.21360527 -0.30144721 -0.92924828
vn -0.00615563 -0.28181693 -0.95944845
vn -0.03208918 -0.52560729 -0.85012191
vn 0.08277785 0.00916204 -0.99652591
vn -0.19686619 -0.01641269 -0.98029298
vn -0.12857062 0.00142343 -0.99169933
vn -0.13354120 0.01585189 -0.99091648
vn -0.07174468 0.02439144 -0.99712475
vn 0.01298501 0.03183804 -0.99940869
vn -0.14614250 0.02184750 -0.98902227
vn -0.10392586 0.01570756 -0.99446100
vn -0.13201876 0.07476632 -0.98842351
vn -0.17922552 0.06518170 -0.98164635
vn -0.22600145 0.00903004 -0.97408511
vn -0.14499011 0.00243707 -0.98943010
vn -0.15357678 -0.00199417 -0.98813470
vn -0.11702192 0.00869479 -0.99309127
vn -0.14397054 0.00737777 -0.98955447
vn -0.19938049 -0.00070209 -0.97992190
vn -0.15619412 -0.00167055 -0.98772496
vn -0.13966779 0.00214611 -0.99019609
vn -0.10896445 0.00877342 -0.99400693
vn -0.08097598 0.00379193 -0.99670884
vn 0.02598827 0.01644050 -0.99952705
vn -0.08901049 -0.00615699 -0.99601166
vn -0.00214651 -0.03380419 -0.99942617
vn -0.07153681 -0.00815952 -0.99740459
vn -0.12871299 -0.00069586 -0.99168164
vn -0.11715782 -0.00377804 -0.99310612
vn -0.01587511 -0.02624192 -0.99952956
vn -0.10453280 -0.00252620 -0.99451823
vn -0.11472011 -0.00851823 -0.99336133
vn 0.00216731 -0.01164741 -0.99992982
vn -0.12563391 -0.00210377 -0.99207444
vn -0.14474566 0.00071451 -0.98946864
vn -0.56994447 0.00801816 -0.82164409
vn -0.29863421 -0.01535350 -0.95424414
vn -0.10218519 0.01797650 -0.99460295
vn 0.12519999 -0.09450796 -0.98761997
vn -0.14920605 -0.00099234 -0.98880563
vn -0.13663833 -0.01091344 -0.99056088
vn -0.13184554 -0.01267203 -0.99118927
vn -0.12246866 -0.03234298 -0.99194524
vn -0.13035300 -0.03588054 -0.99081819
vn -0.15173286 -0.05437733 -0.98692464
vn -0.08375926 -0.07911080 -0.99334076
vn -0.08875669 -0.02000132 -0.99585250
vn -0.30196007 -0.03627080 -0.95263033
vn -0.07388299 -0.06086701 -0.99540771
vn -0.35806545 0.00759395 -0.93366561
vn -0.07963000 -0.03506832 -0.99620745
vn -0.02351241 -0.08468543 -0.99613028
vn -0.00990431 -0.01574772 -0.99982694
vn 0.28083216 0.00074328 -0.95975661
vn -0.01195817 0.03706904 -0.99924116
vn -0.09291478 -0.02708492 -0.99530561
vn -0.16811430 -0.02800973 -0.98536949
vn -0.16895512 -0.02504820 -0.98530541
vn -0.15109143 -0.02260574 -0.98826128
vn -0.28912398 -0.02621097 -0.95693276
vn -0.18115526 -0.01061693 -0.98339720
vn -0.19160801 0.00770105 -0.98144132
vn 0.17416211 0.01096222 -0.98465598
vn -0.18530163 -0.01983609 -0.98248147
vn -0.38256303 0.01810490 -0.92375199
vn -0.18105618 -0.00420758 -0.98346375
vn -0.19643830 0.00130389 -0.98051532
vn 0.27277118 -0.07478508 -0.95916791
vn -0.17817786 0.00240156 -0.98399537
vn -0.19155188 -0.08050733 -0.97817506
vn -0.25122763 -0.00040757 -0.96792795
vn -0.25570372 -0.00502023 -0.96674216
vn -0.26610324 -0.02766796 -0.96354738
vn -0.04279229 -0.08139911 -0.99576252
vn -0.34021104 0.00781249 -0.94031666
vn -0.27128186 0.04809901 -0.96129737
vn -0.35293915 0.04197325 -0.93470434
vn -0.31507040 -0.11486463 -0.94209169
vn -0.22983689 -0.11620001 -0.96626733
vn -0.23045347 0.23649191 -0.94390824
vn -0.02018874 0.15107654 -0.98831589
vn 0.02573634 0.16174058 -0.98649766
vn -0.03169824 0.51651667 -0.85569022
vn -0.37490236 0.00959430 -0.92701465
vn -0.61860548 -0.00208648 -0.78569899
vn -0.00679388 -0.42549715 -0.90493426
vn -0.42677900 0.03388303 -0.90372099
vn -0.51092782 0.05744271 -0.85770222
vn -0.43737862 -0.08822396 -0.89493937
vn -0.44958027 -0.03535955 -0.89253979
vn -0.45162431 -0.03602361 -0.89148067
vn -0.45479199 -0.03490102 -0.88991357
vn -0.61450546 -0.00172924 -0.78891067
vn -0.55044873 0.01485383 -0.83473682
vn 0.47488663 0.01201909 -0.87996490
vn -0.33938992 0.39642070 -0.85303289
vn -0.32562636 0.47046006 -0.82014316
vn -0.59739892 0.00330012 -0.80193743
vn 0.10488365 -0.59074397 -0.80001311
vn -0.62871249 0.07641779 -0.77387397
vn -0.28351229 0.46079006 -0.84100732
vn -0.09349085 0.38639372 -0.91758343
vn 0.07629820 0.16643556 -0.98309602
vn -0.86699410 0.02511036 -0.49768535
vn -0.88230953 -0.01314813 -0.47048593
vn -0.89060019 0.01873548 -0.45440101
vn 0.00113165 -0.02841974 0.99959544
vn -0.55061531 -0.02075391 0.83450108
vn -0.29692561 -0.01763437 0.95473777
vn -0.13289085 -0.00331015 0.99112515
vn -0.32567104 0.00437893 0.94547300
vn -0.21322993 0.02089636 0.97677855
vn -0.00881602 0.00859535 0.99992420
vn -0.00069118 0.00682481 0.99997647
vn -0.00299487 0.01070563 0.99993821
vn 0.00670186 0.00664907 0.99995544
vn 0.01165637 0.01160555 0.99986471
vn 0.01425095 0.00286266 0.99989435
vn 0.00212223 0.00514284 0.99998452
vn 0.00032818 0.00599856 0.99998195
vn 0.00307531 0.00344945 0.99998932
vn 0.01227693 0.00240212 0.99992175
vn 0.01484349 0.00110462 0.99988922
vn 0.00536580 0.00163857 0.99998426
vn 0.00202524 0.00261191 0.99999454
vn 0.00323377 0.00059449 0.99999459
vn 0.00286018 0.00226016 0.99999336
vn 0.01928400 -0.00023024 0.99981402
vn 0.00388856 -0.00072585 0.99999218
vn 0.00437012 -0.00020080 0.99999043
vn 0.00371761 -0.00250221 0.99998996
vn 0.01281958 -0.00057308 0.99991766
vn 0.00677801 -0.00138085 0.99997608
vn 0.00549154 -0.00185044 0.99998321
vn 0.00565649 -0.00321756 0.99997883
vn 0.00473437 -0.00848053 0.99995283
vn 0.00336193 -0.02434327 0.99969801
vn 0.00882336 -0.01143353 0.99989571
vn 0.03009798 -0.02596518 0.99920965
vn 0.02108359 0.00018130 0.99977770
vn 0.01174808 0.08292179 0.99648681
vn 0.03241964 0.00011781 0.99947434
vn 0.04414864 0.00017141 0.99902496
vn 0.05458197 -0.00364202 0.99850265
vn 0.03838615 -0.00038346 0.99926291
vn 0.01551671 0.00189333 0.99987782
vn 0.03806056 -0.00036196 0.99927537
vn 0.03647360 -0.00179742 0.99933300
vn 0.03246932 -0.00543528 0.99945795
vn -0.03775001 0.00352418 0.99928100
vn 0.00033555 0.00479159 0.99998846
vn -0.00258609 0.00597531 0.99997880
vn -0.00784365 0.00596815 0.99995143
vn -0.00764004 0.00629375 0.99995101
vn -0.01968638 0.00757012 0.99977755
vn -0.00067243 0.00396643 0.99999191
vn -0.00285957 0.01375032 0.99990137
vn 0.00852934 0.01157464 0.99989663
vn -0.00851895 0.02434656 0.99966728
vn -0.00121781 0.01433168 0.99989655
vn -0.00368542 0.02349190 0.99971723
vn -0.00124850 0.03825790 0.99926712
vn -0.00787317 0.03787305 0.99925154
vn -0.01110503 0.03197473 0.99942698
vn -0.00400678 0.03040499 0.99952963
vn -0.00560948 0.03813406 0.99925689
vn -0.00325617 0.02905590 0.99957248
vn -0.00257901 0.02785662 0.99960860
vn -0.01270243 0.03197922 0.99940781
vn -0.00718501 0.03362834 0.99940858
vn -0.00745767 0.03141930 0.99947847
vn -0.01083270 0.03713279 0.99925162
vn -0.01418582 0.03699471 0.99921477
vn -0.00128499 0.02792807 0.99960911
vn -0.00386577 0.03235231 0.99946905
vn -0.00745868 0.03586357 0.99932886
vn -0.00752602 0.01620405 0.99984038
vn -0.00585329 0.02838739 0.99957986
vn 0.00046187 0.02599533 0.99966196
vn -0.00781016 0.03181132 0.99946338
vn -0.00973517 0.03320271 0.99940122
vn -0.00644203 0.02472676 0.99967349
vn -0.00757646 0.02552730 0.99964541
vn -0.00427034 0.01722348 0.99984255
vn -0.00493632 0.01461635 0.99988099
vn -0.00473871 0.01467748 0.99988105
vn -0.00451212 0.01352052 0.99989841
vn -0.00793645 0.01412860 0.99986869
vn -0.00533439 0.01307641 0.99990027
vn -0.02309383 0.00744937 0.99970555
vn 0.00039371 0.00315438 0.99999495
vn 0.01977040 0.08003426 0.99659603
vn 0.02385885 0.02073139 0.99950036
vn 0.00620586 -0.00860036 0.99994376
vn 0.01136356 -0.00407771 0.99992712
vn 0.04072486 0.01256410 0.99909140
vn 0.25222825 0.00133548 0.96766685
vn 0.01822613 0.00171414 0.99983242
vn 0.00584673 0.00539793 0.99996834
vn 0.00170935 0.00746438 0.99997068
vn -0.01133928 0.01327873 0.99984754
vn -0.00738124 0.01621610 0.99984127
vn -0.00740652 0.00796215 0.99994087
vn -0.03107670 0.01516226 0.99940199
vn -0.03194838 0.00981271 0.99944135
vn 0.09799670 0.00997851 0.99513671
vn 0.01595272 0.01278432 0.99979101
vn -0.01787973 0.00446114 0.99983019
vn -0.01896684 0.01164677 0.99975228
vn -0.01681217 0.01222058 0.99978398
vn -0.01621659 0.01379434 0.99977334
vn -0.01498932 0.01045240 0.99983302
vn -0.00928139 0.02242033 0.99970555
vn 0.00380364 0.03205075 0.99947901
vn 0.00497385 0.02835271 0.99958561
vn 0.00230658 0.01682958 0.99985571
vn 0.00875697 0.01539111 0.99984320
vn 0.02594040 0.02598379 0.99932574
vn 0.02942044 0.03224282 0.99904696
vn 0.02726568 0.02980521 0.99918378
vn 0.02104119 0.02109711 0.99955599
vn 0.00543413 0.01091956 0.99992561
vn 0.00549013 0.02349412 0.99970890
vn 0.00258858 0.03378875 0.99942564
vn 0.00215737 0.04365535 0.99904432
vn 0.01311749 0.03073968 0.99944135
vn -0.02052562 0.17140713 0.98498644
vn -0.02162584 0.23284103 0.97227433
vn -0.01443480 0.17967510 0.98362010
vn 0.01273254 0.04645127 0.99883941
vn 0.01536029 0.00153337 0.99988085
vn -0.00344969 0.04866034 0.99880943
vn -0.01150646 0.04496761 0.99892218
vn -0.02325006 0.03707672 0.99904192
vn -0.03153476 0.05485587 0.99799619
vn -0.00232359 0.05853046 0.99828292
vn -0.11357902 0.02915679 0.99310105
vn 0.01045938 0.02804461 0.99955195
vn -0.00897854 -0.01860560 0.99978659
vn 0.03888111 0.02475499 0.99893716
vn 0.08519486 0.01230344 0.99628834
vn 0.21365267 0.00815552 0.97687564
vn 0.14132977 -0.00834480 0.98992740
vn 0.17547040 0.01115638 0.98442149
vn 0.10994685 0.00317588 0.99393239
vn 0.09059779 0.03090282 0.99540798
vn -0.07960696 -0.01286367 0.99674333
vn 0.04117649 0.00287090 0.99914776
vn 0.03627628 0.02001308 0.99914139
vn -0.13924971 0.02523495 0.98993571
vn -0.03920411 -0.01099451 0.99917074
vn -0.19721221 0.01347792 0.98026817
vn -0.30448185 0.01151044 0.95244859
vn -0.01407254 0.03913815 0.99913471
vn 0.01771460 0.05100103 0.99854148
vn 0.06698163 -0.00155233 0.99775300
vn -0.10108505 0.01707455 0.99473126
vn 0.25002762 0.03176860 0.96771739
vn 0.02173083 0.01119531 0.99970117
vn 0.02623023 0.01211363 0.99958253
vn 0.05643901 0.00298539 0.99840159
vn 0.02799300 0.00819765 0.99957450
vn -0.12786168 0.03002114 0.99133754
vn 0.21754221 0.03505828 0.97542109
vn 0.02304490 0.02407515 0.99944451
vn -0.01203808 0.04010750 0.99912285
vn 0.11869282 0.02833934 0.99252652
vn 0.12753523 0.02960406 0.99139213
vn 0.11211354 0.05695398 0.99206189
vn -0.04209567 0.02413592 0.99882201
vn -0.01194254 0.01292350 0.99984517
vn -0.01212604 -0.02026371 0.99972113
vn 0.00541351 0.07156018 0.99742159
vn 0.04731882 -0.02765458 0.99849695
vn 0.06127481 -0.01015880 0.99806923
vn 0.04912784 -0.00516506 0.99877914
vn 0.05181147 0.00276537 0.99865305
vn 0.09190997 0.00502467 0.99575464
vn 0.06571774 0.00363411 0.99783164
vn 0.06387504 -0.00278260 0.99795402
vn 0.06984273 0.00196362 0.99755608
vn 0.05653250 -0.00511802 0.99838764
vn -0.09354826 -0.05436457 0.99412938
vn -0.20618950 -0.01036119 0.97845722
vn 0.04549585 -0.00308834 0.99895975
vn -0.11200053 -0.21281469 0.97065225
vn -0.10039911 0.00736160 0.99492001
vn 0.00266174 0.00098330 0.99999597
vn 0.21700435 0.04493624 0.97513581
vn 0.06592319 0.02816020 0.99742726
vn 0.31098823 0.08944872 0.94619514
vn -0.00918556 0.17809053 0.98397123
vn -0.01492666 0.07461788 0.99710048
vn 0.00026735 0.04510023 0.99898243
vn -0.10416600 0.25393960 0.96159457
vn 0.02729077 0.04607832 0.99856497
vn 0.03131696 -0.00630873 0.99948959
vn 0.03831416 -0.01782699 0.99910671
vn 0.01893206 -0.07304544 0.99714891
vn -0.05841046 -0.08472559 0.99469080
vn 0.03288830 -0.00874844 0.99942074
vn 0.01622751 -0.00418043 0.99985959
vn -0.00572052 0.00300269 0.99997913
vn 0.07828757 0.01331388 0.99684191
vn -0.02528901 0.02451570 0.99937953
vn 0.10768720 -0.01570087 0.99406084
vn -0.06610809 0.01273672 0.99773117
vn 0.30690529 -0.09603246 0.94688273
vn 0.03237584 -0.03287373 0.99893499
vn 0.02449842 0.12879609 0.99136845
vn 0.01865523 0.26882845 0.96300740
vn 0.22462903 0.06749028 0.97210435
vn -0.16064748 0.06910738 0.98458954
vn 0.07163749 0.00793607 0.99739916
vn 0.08153777 0.05921003 0.99490993
vn 0.10490760 0.12301392 0.98684445
vn -0.02721189 0.04055329 0.99880676
vn 0.00673362 0.08794552 0.99610253
vn -0.00072576 0.29815576 0.95451695
vn 0.04068976 0.04579845 0.99812166
vn -0.09083625 0.02263988 0.99560846
vn 0.06928873 -0.06569580 0.99543113
vn 0.15048626 0.00592068 0.98859437
vn 0.05038019 -0.03560378 0.99809529
vn 0.05248354 0.23360495 0.97091411
vn 0.07847699 0.06423697 0.99484420
vn 0.26205347 -0.00144016 0.96505228
vn 0.11613444 0.01483672 0.99312268
vn 0.10879088 0.00500400 0.99405206
vn 0.11434994 0.00138139 0.99343957
vn 0.10287899 0.02986212 0.99424553
vn -0.00171912 0.10351632 0.99462627
vn 0.01918096 0.27403802 0.96152756
vn 0.07607694 0.13014532 0.98857195
vn -0.12398342 0.02664672 0.99192644
vn 0.16372750 0.17702521 0.97049234
vn -0.02716767 0.38962844 0.92057134
vn -0.00868188 0.38661143 0.92220184
vn 0.00650334 0.14494087 0.98941895
vn -0.31075984 0.01854969 0.95030744
vn -0.07354812 0.10017748 0.99224752
vn 0.05019287 0.10511276 0.99319282
vn 0.06147696 0.37137655 0.92644484
vn -0.00234365 0.10833886 0.99411126
vn 0.00182659 0.20623608 0.97850056
vn -0.33608944 -0.04461257 0.94077288
vn -0.00701212 0.31786117 0.94811134
vn 0.16882671 0.01595592 0.98551659
vn -0.05765755 0.00668272 0.99831405
vn 0.24426680 0.06867811 0.96727300
vn 0.26215022 0.02344849 0.96474216
vn 0.17249816 0.01740973 0.98485597
vn 0.00098401 0.20467998 0.97882845
vn -0.30786495 0.00814492 0.95139520
vn 0.17646604 0.00275211 0.98430288
vn -0.34826491 0.19902615 0.91602409
vn 0.11789321 0.14908015 0.98177202
vn 0.19916616 -0.00413153 0.97995703
vn -0.04514233 0.43755719 0.89805672
vn 0.22367100 0.01585689 0.97453571
vn 0.25295944 0.00890450 0.96743591
vn -0.17574023 -0.01292901 0.98435167
vn -0.32873696 0.02676429 0.94404220
vn -0.03888554 0.39667142 0.91713669
vn 0.29846283 0.11197419 0.94783001
vn 0.28760398 -0.01722203 0.95759457
vn 0.29550112 -0.01662280 0.95519776
vn 0.00941962 0.29610026 0.95511041
vn -0.25397233 0.01486829 0.96709720
vn 0.00791453 0.34498321 0.93857549
vn -0.03325556 0.32338205 0.94568394
vn -0.04559582 0.35029116 0.93553040
vn -0.02780919 0.40004797 0.91607220
vn -0.01455192 0.42287406 0.90607162
vn -0.32104072 -0.01832453 0.94688810
vn 0.39220930 0.00722387 0.91984764
vn -0.35018569 0.01759973 0.93651494
vn -0.05037237 0.44870666 0.89225834
vn 0.02958927 0.40650865 0.91316767
vn 0.06577266 0.41374797 0.90801243
vn -0.37255407 0.01347428 0.92791266
vn -0.75233004 0.06759980 0.65530892
vn -0.37515284 0.00886882 0.92692054
vn -0.35451518 -0.20840499 0.91152967
vn 0.42425145 0.05146538 0.90408076
vn -0.38536003 0.00966064 0.92271573
vn 0.23899239 0.15366999 0.95878474
vn -0.03883884 0.47628560 0.87843245
vn 0.51937348 0.01697421 0.85437876
vn 0.11123674 0.00295112 0.99378955
vn 0.47442261 0.00496570 0.88028321
vn 0.25601455 0.35990646 0.89717551
vn 0.25198265 -0.16836760 0.95297277
vn 0.53537057 -0.02146601 0.84434446
vn 0.60628955 0.01612938 0.79508039
vn -0.51065826 0.04250857 0.85873230
vn -0.21577365 0.46078980 0.86088007
vn -0.53957688 -0.01160138 0.84185640
vn -0.64275245 0.07229337 0.76265520
vn 0.06339997 -0.02934209 0.99755676
vn -0.01221692 0.64897067 0.76071533
vn -0.50780811 0.27423995 0.81665377
vn -0.08258980 0.61203229 0.78650836
vn -0.57490442 -0.01223824 0.81812904
vn -0.68639236 0.03695012 0.72629211
vn 0.68743528 0.04393874 0.72491525
vn -0.54633697 0.22737801 0.80611113
vn 0.61168226 0.00930975 0.79104876
vn -0.58906277 -0.08359470 0.80375181
vn -0.63715500 -0.00892645 0.77068400
vn 0.85864759 -0.35785645 -0.36696467
vn 0.84203166 -0.49181013 -0.22159755
vn 0.66154598 -0.73765670 -0.13497963
vn 0.95080417 -0.30898875 -0.02230190
vn 0.56646536 -0.82021828 -0.07974315
vn 0.47373710 -0.87517520 -0.09819131
vn 0.96679228 -0.25556173 -0.00094118
vn 0.97040723 -0.24146874 -0.00163262
vn 0.97401804 -0.22644937 -0.00308827
vn 0.96664881 -0.25610319 -0.00110767
vn 0.97372029 -0.22774527 -0.00093982
vn 0.96729329 -0.25364788 -0.00253728
vn 0.96755349 -0.25264538 -0.00324866
vn 0.97265331 -0.23224404 -0.00287261
vn 0.97031787 -0.24177651 0.00523048
vn 0.97494105 -0.22226084 0.00949055
vn 0.97886644 -0.20449898 0.00081126
vn 0.97042372 -0.24140372 -0.00143030
vn 0.96963763 -0.24453812 -0.00199338
vn 0.96837407 -0.24950226 -0.00053421
vn 0.96906159 -0.24681891 -0.00025636
vn 0.97198024 -0.23505251 -0.00217691
vn 0.97519539 -0.22133466 0.00221967
vn 0.97566969 -0.21924544 0.00029776
vn 0.96956911 -0.24460864 -0.01011714
vn 0.86225395 -0.50189924 0.06793587
vn 0.97337300 -0.22922307 0.00133839
vn 0.97239377 -0.23334415 0.00093391
vn 0.88816086 -0.45378415 -0.07245852
vn 0.95291115 -0.30324961 0.00011505
vn 0.98285653 -0.18435648 0.00239456
vn 0.88048940 -0.41502558 -0.22911172
vn 0.82995917 -0.55782412 -0.00018122
vn 0.83836853 -0.48775578 0.24337729
vn 0.94603458 -0.32406437 0.00092170
vn 0.93673583 -0.35002473 0.00294399
vn 0.78153378 -0.62385897 0.00222381
vn 0.85168903 -0.52403916 0.00295845
vn 0.84592655 -0.53329419 0.00236129
vn 0.85279682 -0.52222993 0.00367219
vn 0.77575300 -0.63067029 0.02150025
vn 0.83478736 -0.55054260 0.00573731
vn 0.66979914 -0.74253170 0.00397192
vn 0.71783253 -0.69621571 0.00037807
vn 0.72661367 -0.68704626 -0.00010654
vn 0.65352558 -0.75690261 -0.00165679
vn 0.66123938 -0.70459547 -0.25750284
vn 0.66420450 -0.74754917 -0.00161818
vn 0.62789665 -0.77829205 -0.00269929
vn 0.55894136 -0.82920584 -0.00149354
vn 0.56893092 -0.79864983 0.19615313
vn -0.96710376 0.17916004 0.18058791
vn -0.96710376 0.17916004 0.18058791
vn -0.96710376 0.17916004 0.18058791
vn 0.05777807 -0.14136015 -0.98827071
vn 0.05777807 -0.14136015 -0.98827071
vn 0.05777807 -0.14136015 -0.98827071
vn -0.71125920 -0.70008748 -0.06314956
vn -0.71125920 -0.70008748 -0.06314956
vn -0.71125920 -0.70008748 -0.06314956
vt 0.36320525 0.53748274
vt 0.36255154 0.55661565
vt 0.34719905 0.54746151
vt 0.35448396 0.53415024
vt 0.36176330 0.52084416
vt 0.37554926 0.53642315
vt 0.39286673 0.52038807
vt 0.39582181 0.50648463
vt 0.37006846 0.50136948
vt 0.38419011 0.53594762
vt 0.33805066 0.52215058
vt 0.35000142 0.51479709
vt 0.34045646 0.50155193
vt 0.34556139 0.49392182
vt 0.33180982 0.54138958
vt 0.33786726 0.56100178
vt 0.32254666 0.54545563
vt 0.34972924 0.56218028
vt 0.34349111 0.57935941
vt 0.32457623 0.57098895
vt 0.35876659 0.57545787
vt 0.37204120 0.58090514
vt 0.37281626 0.55901587
vt 0.38602835 0.57178599
vt 0.38532758 0.58920419
vt 0.36759990 0.59569925
vt 0.32584786 0.59981781
vt 0.31725129 0.59300262
vt 0.31750858 0.58141237
vt 0.30062127 0.58306015
vt 0.29985881 0.59335345
vt 0.28000456 0.58288842
vt 0.28147084 0.57690310
vt 0.29998916 0.57297063
vt 0.26283196 0.57984895
vt 0.26946941 0.59177059
vt 0.28424042 0.59492129
vt 0.30891326 0.60512525
vt 0.29336557 0.60088295
vt 0.27496931 0.61613709
vt 0.25659060 0.60696822
vt 0.26044178 0.59478706
vt 0.29542884 0.61350596
vt 0.29032362 0.62790692
vt 0.27303526 0.62985754
vt 0.25318417 0.62285775
vt 0.28790769 0.64276212
vt 0.26197439 0.64046073
vt 0.26534674 0.65243465
vt 0.27149272 0.66359657
vt 0.28843296 0.66048223
vt 0.29904273 0.64483297
vt 0.31279093 0.62791169
vt 0.31490466 0.64914268
vt 0.30598632 0.66213065
vt 0.29644635 0.66369373
vt 0.31734243 0.66680902
vt 0.32739711 0.65361351
vt 0.33322012 0.64224017
vt 0.33935541 0.66288370
vt 0.34158698 0.65180176
vt 0.34883597 0.64255035
vt 0.33180246 0.62777615
vt 0.32731298 0.61204028
vt 0.33988327 0.60901582
vt 0.34454474 0.62724960
vt 0.35312510 0.62311071
vt 0.36921227 0.64075142
vt 0.35326308 0.65405422
vt 0.37637427 0.66068506
vt 0.38597366 0.64176399
vt 0.39076084 0.62207556
vt 0.39980724 0.64868975
vt 0.40310425 0.66378701
vt 0.41363317 0.64786506
vt 0.41370270 0.63649404
vt 0.42228779 0.64194655
vt 0.42651823 0.65682477
vt 0.41254315 0.66455710
vt 0.42754787 0.62157297
vt 0.41507700 0.62073469
vt 0.42258063 0.60664630
vt 0.41333783 0.60478944
vt 0.41520077 0.59115845
vt 0.42535606 0.59208310
vt 0.41717774 0.58084768
vt 0.42820004 0.58013749
vt 0.44496363 0.58810431
vt 0.45424923 0.58018506
vt 0.43358544 0.56543851
vt 0.45114046 0.55977184
vt 0.43172878 0.55655688
vt 0.44643492 0.53852314
vt 0.45879909 0.55335575
vt 0.47201896 0.54604310
vt 0.46540770 0.56476480
vt 0.47512621 0.57795709
vt 0.47409058 0.58838570
vt 0.46034634 0.59307939
vt 0.50232804 0.58145803
vt 0.49598008 0.56479979
vt 0.49011952 0.55053890
vt 0.50842917 0.55933690
vt 0.50304532 0.53897959
vt 0.48990771 0.53517437
vt 0.50310254 0.50887525
vt 0.48475757 0.50807810
vt 0.48935342 0.49188077
vt 0.51307613 0.52232480
vt 0.51935202 0.50563014
vt 0.51729459 0.48592758
vt 0.52345723 0.52991813
vt 0.48060712 0.53497452
vt 0.48240829 0.52012908
vt 0.46837726 0.52723724
vt 0.49771726 0.59300858
vt 0.44271639 0.59583741
vt 0.43581972 0.59505004
vt 0.44757858 0.60829562
vt 0.43724990 0.61101162
vt 0.45678109 0.59959441
vt 0.40535504 0.58064091
vt 0.39699799 0.59381509
vt 0.39548022 0.60796762
vt 0.37382439 0.60301179
vt 0.36697751 0.61847025
vt 0.35510498 0.60880238
vt 0.43913579 0.62087303
vt 0.44006172 0.63178903
vt 0.44002143 0.64008224
vt 0.43744051 0.64724451
vt 0.43843168 0.65416485
vt 0.43193302 0.65874684
vt 0.40410522 0.67214596
vt 0.41208196 0.67512316
vt 0.39869431 0.68375272
vt 0.38131022 0.67379397
vt 0.35874590 0.66922325
vt 0.35330969 0.66547424
vt 0.37936738 0.68520314
vt 0.36363554 0.68460274
vt 0.33783656 0.68272579
vt 0.33173725 0.68227845
vt 0.31919724 0.67887068
vt 0.30954316 0.67762923
vt 0.30890641 0.68895739
vt 0.35268733 0.69862509
vt 0.32914829 0.69446766
vt 0.31158510 0.70362115
vt 0.30302483 0.70438313
vt 0.29294506 0.68481487
vt 0.29111031 0.67494422
vt 0.29140323 0.71111554
vt 0.26481247 0.69762152
vt 0.27804735 0.71317196
vt 0.26363906 0.71435153
vt 0.26895037 0.72293746
vt 0.25279245 0.71799290
vt 0.26379645 0.73894382
vt 0.24570304 0.73749661
vt 0.25981519 0.76040709
vt 0.23716481 0.75943106
vt 0.23892559 0.73755080
vt 0.24419200 0.71004683
vt 0.23603761 0.77008462
vt 0.22398131 0.77040875
vt 0.20958401 0.76249820
vt 0.20631830 0.77455240
vt 0.19070369 0.76682931
vt 0.16454296 0.76484072
vt 0.17312638 0.75458139
vt 0.13911283 0.75731063
vt 0.15148537 0.77036858
vt 0.16905598 0.77686232
vt 0.14608912 0.78157401
vt 0.13222265 0.77489603
vt 0.11910567 0.76517570
vt 0.10191362 0.77680290
vt 0.09962194 0.78339237
vt 0.06806567 0.77073652
vt 0.06381885 0.78295559
vt 0.05137688 0.77251488
vt 0.08381298 0.78817326
vt 0.09173863 0.80235142
vt 0.07018179 0.81461805
vt 0.06120182 0.80736578
vt 0.05319874 0.79058897
vt 0.04947483 0.79725349
vt 0.04923550 0.82482058
vt 0.05787159 0.83277470
vt 0.07448560 0.84144765
vt 0.04986417 0.84170556
vt 0.04819210 0.82645178
vt 0.09336046 0.81687236
vt 0.09488843 0.83071667
vt 0.10691313 0.84140891
vt 0.11827687 0.82000881
vt 0.12938420 0.83454722
vt 0.14932467 0.82519060
vt 0.14364991 0.84143203
vt 0.15898255 0.84140795
vt 0.16801696 0.82808590
vt 0.16054966 0.80521065
vt 0.17946260 0.81723279
vt 0.17435864 0.79215711
vt 0.18644692 0.80465072
vt 0.19418950 0.79563522
vt 0.20391601 0.79140079
vt 0.21034177 0.78165060
vt 0.22755401 0.80316997
vt 0.20437552 0.80345994
vt 0.22003524 0.81571770
vt 0.19924513 0.82005280
vt 0.21652846 0.82539392
vt 0.18588124 0.83371103
vt 0.21041660 0.84134650
vt 0.22311534 0.84127891
vt 0.23986410 0.82313371
vt 0.23304011 0.81554586
vt 0.25191087 0.81834638
vt 0.26579362 0.82513022
vt 0.27427661 0.81544757
vt 0.28848997 0.82383353
vt 0.29755133 0.81341302
vt 0.30498558 0.82321036
vt 0.32280034 0.82264107
vt 0.32504517 0.81334585
vt 0.35048538 0.81558114
vt 0.38589832 0.82310867
vt 0.37920082 0.81364441
vt 0.39926153 0.81608599
vt 0.39306158 0.81146640
vt 0.41060579 0.80521637
vt 0.39871776 0.79752028
vt 0.39379799 0.78653961
vt 0.37900814 0.78642493
vt 0.37327188 0.77295119
vt 0.40977940 0.77824235
vt 0.41405368 0.78991783
vt 0.44011289 0.79149550
vt 0.42736724 0.79832703
vt 0.44102541 0.80538565
vt 0.42427233 0.80961388
vt 0.44056505 0.82782996
vt 0.41789448 0.82787967
vt 0.40760741 0.83497792
vt 0.37251407 0.84141862
vt 0.34442806 0.82877660
vt 0.30992895 0.83131766
vt 0.28687003 0.82981080
vt 0.26514646 0.84137648
vt 0.24683796 0.84133893
vt 0.27471513 0.84140283
vt 0.28863654 0.84111917
vt 0.30711302 0.84125161
vt 0.33085704 0.84131819
vt 0.35500929 0.84161854
vt 0.39974591 0.84143203
vt 0.41959080 0.84154969
vt 0.45763046 0.78897846
vt 0.44950530 0.78221792
vt 0.47732067 0.78455538
vt 0.46173251 0.77745056
vt 0.44367748 0.77229929
vt 0.46329007 0.76828980
vt 0.48137778 0.77115995
vt 0.46243063 0.80666101
vt 0.48044851 0.79626387
vt 0.41359690 0.77064383
vt 0.43744206 0.76290524
vt 0.42251822 0.76249784
vt 0.44203985 0.74478716
vt 0.43158299 0.72373170
vt 0.45379430 0.72812599
vt 0.43297711 0.70916307
vt 0.42238581 0.69575012
vt 0.41621962 0.73281717
vt 0.41423583 0.71049142
vt 0.41336131 0.68762416
vt 0.41996452 0.68090153
vt 0.41861579 0.67211795
vt 0.40193775 0.70681101
vt 0.40886411 0.73643148
vt 0.38976178 0.72125638
vt 0.37744901 0.71196789
vt 0.37273827 0.69918847
vt 0.35679379 0.71087945
vt 0.32896248 0.70968419
vt 0.35314310 0.72494131
vt 0.33110890 0.72345173
vt 0.31576955 0.71938998
vt 0.30352885 0.71287781
vt 0.30701780 0.73233670
vt 0.32249260 0.73467952
vt 0.32964289 0.74684352
vt 0.31923026 0.76089406
vt 0.29940268 0.75360864
vt 0.28920364 0.72838974
vt 0.28835127 0.74383610
vt 0.27197197 0.73601842
vt 0.27731067 0.75169581
vt 0.29327422 0.76690817
vt 0.28399709 0.77359617
vt 0.25950998 0.77164900
vt 0.27188089 0.78682274
vt 0.25429735 0.78648740
vt 0.23938195 0.78799069
vt 0.23148885 0.78323275
vt 0.23828530 0.80511135
vt 0.25525972 0.80140775
vt 0.26221037 0.80406731
vt 0.27626759 0.80438155
vt 0.29141325 0.79774380
vt 0.27930272 0.79140574
vt 0.29086837 0.78390884
vt 0.30804691 0.78073740
vt 0.32471958 0.76967424
vt 0.34809214 0.76743674
vt 0.33951157 0.75980312
vt 0.36226952 0.76084679
vt 0.35150966 0.74628067
vt 0.37266234 0.74457777
vt 0.33859724 0.73193288
vt 0.37208566 0.72650200
vt 0.38710007 0.74049562
vt 0.39168844 0.75537604
vt 0.40943140 0.75678813
vt 0.38373709 0.77110296
vt 0.33508420 0.77754539
vt 0.36515790 0.77812696
vt 0.35045546 0.78936291
vt 0.33154944 0.78536528
vt 0.31691191 0.79667169
vt 0.33345309 0.80260128
vt 0.36334324 0.79838079
vt 0.46278590 0.71115673
vt 0.44218913 0.70597476
vt 0.44896257 0.70031530
vt 0.43987751 0.67674702
vt 0.44759509 0.67750204
vt 0.44383010 0.66000438
vt 0.45456785 0.66134113
vt 0.43021512 0.67660046
vt 0.46516433 0.66842520
vt 0.45901558 0.69254279
vt 0.43040070 0.69352579
vt 0.45137542 0.76558465
vt 0.46172523 0.75120527
vt 0.15275787 0.78921992
vt 0.13991448 0.80756384
vt 0.11632919 0.79263496
vt 0.12253957 0.80526382
vt 0.19067352 0.84148598
vt 0.40603456 0.56068009
vt 0.42139196 0.56276464
vt 0.41531625 0.55147612
vt 0.42394596 0.53747791
vt 0.41180167 0.54128611
vt 0.45061129 0.52659947
vt 0.46932921 0.49546373
vt 0.47408986 0.47986245
vt 0.44820249 0.48505670
vt 0.45277235 0.50090855
vt 0.44191664 0.49440700
vt 0.46141779 0.51391506
vt 0.43652043 0.52207726
vt 0.43684596 0.51111567
vt 0.41563585 0.49103135
vt 0.42466190 0.50793356
vt 0.41467044 0.51792359
vt 0.37868091 0.48569399
vt 0.32469290 0.49923134
vt 0.32463932 0.53269017
vt 0.31031129 0.48018539
vt 0.30831680 0.50444102
vt 0.29316658 0.49742806
vt 0.28724954 0.48605657
vt 0.30244213 0.47062427
vt 0.27783257 0.47614491
vt 0.27482453 0.50153488
vt 0.26062062 0.49512243
vt 0.26585346 0.47379482
vt 0.24981560 0.47595578
vt 0.24320015 0.49354941
vt 0.23667389 0.47745609
vt 0.24374576 0.45991516
vt 0.23656593 0.49810475
vt 0.23499469 0.51804590
vt 0.24998485 0.52435112
vt 0.23814154 0.53135413
vt 0.24793801 0.54792315
vt 0.23670644 0.54965168
vt 0.25371173 0.51437312
vt 0.27000019 0.51582009
vt 0.26046368 0.52683127
vt 0.25885519 0.54211724
vt 0.27576274 0.53328866
vt 0.29001021 0.52714235
vt 0.29854056 0.51566684
vt 0.29785520 0.53168064
vt 0.31375036 0.53347582
vt 0.31844294 0.51408917
vt 0.28748685 0.56563336
vt 0.27016628 0.56744903
vt 0.25005472 0.56853628
vt 0.24328348 0.58409274
vt 0.23124002 0.57950383
vt 0.23076665 0.59016907
vt 0.20791560 0.57857621
vt 0.21535033 0.58634132
vt 0.19833539 0.59357077
vt 0.21280015 0.59489673
vt 0.24433549 0.59256160
vt 0.22944354 0.59678924
vt 0.21179217 0.60841542
vt 0.20722826 0.60229409
vt 0.20375925 0.60945129
vt 0.19523938 0.59630889
vt 0.20688668 0.62733692
vt 0.21655428 0.61195827
vt 0.21692884 0.63532543
vt 0.22861345 0.63905168
vt 0.23267452 0.61759877
vt 0.22022502 0.65549016
vt 0.22971679 0.65657514
vt 0.24035260 0.65083456
vt 0.24128479 0.63300771
vt 0.24154103 0.59872699
vt 0.25254354 0.65127790
vt 0.26100427 0.65873015
vt 0.27670398 0.68663508
vt 0.26196265 0.68321675
vt 0.25133395 0.70209467
vt 0.24741779 0.68414193
vt 0.23410349 0.71572328
vt 0.23445742 0.69098198
vt 0.22083549 0.72500426
vt 0.21216595 0.70517260
vt 0.21617210 0.69012970
vt 0.20431718 0.68872845
vt 0.19873914 0.67473638
vt 0.19432352 0.68695897
vt 0.22691511 0.68504429
vt 0.21735609 0.67933661
vt 0.20353438 0.66857243
vt 0.23566234 0.67537367
vt 0.23199476 0.74100870
vt 0.20680547 0.72921473
vt 0.19987312 0.71312201
vt 0.18822555 0.69831967
vt 0.19237545 0.71987736
vt 0.20994054 0.74492943
vt 0.19357826 0.73696691
vt 0.21351993 0.75588572
vt 0.18940680 0.74876744
vt 0.16430068 0.67060149
vt 0.15523431 0.67606133
vt 0.14795674 0.66800958
vt 0.15881842 0.65685719
vt 0.13431749 0.66862255
vt 0.13196266 0.69646722
vt 0.12169556 0.68081295
vt 0.17259577 0.65299046
vt 0.15611568 0.64740628
vt 0.18995079 0.67525882
vt 0.18655343 0.66309988
vt 0.19698165 0.65924346
vt 0.18114686 0.67834896
vt 0.17994222 0.72328556
vt 0.16347407 0.70119530
vt 0.15843076 0.71330768
vt 0.16496970 0.73663408
vt 0.14965807 0.72363776
vt 0.14295684 0.70912153
vt 0.12802510 0.71519154
vt 0.11296857 0.70494854
vt 0.13943546 0.74155492
vt 0.11209612 0.74051350
vt 0.10209423 0.75992352
vt 0.10350365 0.74405599
vt 0.08211391 0.74841177
vt 0.06294374 0.75575590
vt 0.05505649 0.76066190
vt 0.06367212 0.74556881
vt 0.07975428 0.73508084
vt 0.10885842 0.72288877
vt 0.12147795 0.74149066
vt 0.11669498 0.66648722
vt 0.12046207 0.65067053
vt 0.10090654 0.65120238
vt 0.10295127 0.68273407
vt 0.09244412 0.68589991
vt 0.10216832 0.66010535
vt 0.08200672 0.65837514
vt 0.07494645 0.68432695
vt 0.06922632 0.66310877
vt 0.06677276 0.63883394
vt 0.08759402 0.70776510
vt 0.07207283 0.70531690
vt 0.08546460 0.69394165
vt 0.10709311 0.69068033
vt 0.09846555 0.71598667
vt 0.07947201 0.71725160
vt 0.05980342 0.66507792
vt 0.07362999 0.62983471
vt 0.08621963 0.63258094
vt 0.09084252 0.65359104
vt 0.10863999 0.63991153
vt 0.16427575 0.63436610
vt 0.18589219 0.64315814
vt 0.18604887 0.62910849
vt 0.16268358 0.62650228
vt 0.16426566 0.61818784
vt 0.18781674 0.61558229
vt 0.15326816 0.60452509
vt 0.13756502 0.61853373
vt 0.16407435 0.60619968
vt 0.17542441 0.60418701
vt 0.16348918 0.59450108
vt 0.18799421 0.60242385
vt 0.17098050 0.59251785
vt 0.18091141 0.59105265
vt 0.19659428 0.57986736
vt 0.18694025 0.57760561
vt 0.18916376 0.56357408
vt 0.19652262 0.53792351
vt 0.15715697 0.56065565
vt 0.17823060 0.56716186
vt 0.15002950 0.57860965
vt 0.13761432 0.56394708
vt 0.18775512 0.53229028
vt 0.17594780 0.54315740
vt 0.18342297 0.51567018
vt 0.16134247 0.52042198
vt 0.16180654 0.50036746
vt 0.18158460 0.49689317
vt 0.19638616 0.51202172
vt 0.15835069 0.53897226
vt 0.13258541 0.54196227
vt 0.12478972 0.55824375
vt 0.11582991 0.54207540
vt 0.13449112 0.57784820
vt 0.11144820 0.59218693
vt 0.10632364 0.57623380
vt 0.13789284 0.59253955
vt 0.14758039 0.59276658
vt 0.13022733 0.61150050
vt 0.12787849 0.62580454
vt 0.11225016 0.61832201
vt 0.09891043 0.62782186
vt 0.10219471 0.61394507
vt 0.11406625 0.60488921
vt 0.09966590 0.59399468
vt 0.06040850 0.61958128
vt 0.05676192 0.60622674
vt 0.05145786 0.61959398
vt 0.05119021 0.60432541
vt 0.05172535 0.63002992
vt 0.07324057 0.59855980
vt 0.08670607 0.60509741
vt 0.06306575 0.60596526
vt 0.09607563 0.57752085
vt 0.07877075 0.57753563
vt 0.09231093 0.56143552
vt 0.09023951 0.54349637
vt 0.07369760 0.55375546
vt 0.08716738 0.51842815
vt 0.07022136 0.52194345
vt 0.07983810 0.50470853
vt 0.09841086 0.50450152
vt 0.11907835 0.51978731
vt 0.10209992 0.52247459
vt 0.13809443 0.51588541
vt 0.12111121 0.52693075
vt 0.14154239 0.49888837
vt 0.12326320 0.49340618
vt 0.12744981 0.47609520
vt 0.06417093 0.47628868
vt 0.10204256 0.47638035
vt 0.08544685 0.48561496
vt 0.08700763 0.45497739
vt 0.09376976 0.46526539
vt 0.06739037 0.46250230
vt 0.10770804 0.44973457
vt 0.12194214 0.46372664
vt 0.14385051 0.44410300
vt 0.15248796 0.45546722
vt 0.16691571 0.46509516
vt 0.17888686 0.46662080
vt 0.20953768 0.45680380
vt 0.19281049 0.46702468
vt 0.19129752 0.45590568
vt 0.20453879 0.46788311
vt 0.21569252 0.46793842
vt 0.22919954 0.45490515
vt 0.19111688 0.47930169
vt 0.16838284 0.48121262
vt 0.14726901 0.47963905
vt 0.19730017 0.49073553
vt 0.21128681 0.48773831
vt 0.22356986 0.47990084
vt 0.21316972 0.51543540
vt 0.23297083 0.46825039
vt 0.28444463 0.46280169
vt 0.32033262 0.46736860
vt 0.32825622 0.47879452
vt 0.34990850 0.47104955
vt 0.35228232 0.48238921
vt 0.37677830 0.47532177
vt 0.42993656 0.48174918
vt 0.49440816 0.47679979
vt 0.54378951 0.46442831
vt 0.54016757 0.49181932
vt 0.52852821 0.46639848
vt 0.55180788 0.47274101
vt 0.55154389 0.45584822
vt 0.56140840 0.47127724
vt 0.55297691 0.50160420
vt 0.56587958 0.50566727
vt 0.54167843 0.51415390
vt 0.55722904 0.52533704
vt 0.56644779 0.52738929
vt 0.53108490 0.49724269
vt 0.54052705 0.53237450
vt 0.55390733 0.54056281
vt 0.56374478 0.55583471
vt 0.54216057 0.56077939
vt 0.52532190 0.54590619
vt 0.56103164 0.57875699
vt 0.56792474 0.57429981
vt 0.56757110 0.55563051
vt 0.56799650 0.59365577
vt 0.54285854 0.58206862
vt 0.53087634 0.56367517
vt 0.51709819 0.57101166
vt 0.51341778 0.59170699
vt 0.55555528 0.59482729
vt 0.53702301 0.59176797
vt 0.56317598 0.60754204
vt 0.53809196 0.60228229
vt 0.55316532 0.61704427
vt 0.53488022 0.61592168
vt 0.54429328 0.63611031
vt 0.53004766 0.63979173
vt 0.51307565 0.62080860
vt 0.50836438 0.65987855
vt 0.52533734 0.65985250
vt 0.50373739 0.67198139
vt 0.49958241 0.65849668
vt 0.53017372 0.67424959
vt 0.50253278 0.68856949
vt 0.48764682 0.67553473
vt 0.51679993 0.68776733
vt 0.52247351 0.70527625
vt 0.49272555 0.70458329
vt 0.50481439 0.72269440
vt 0.52797890 0.72292286
vt 0.53508312 0.70052499
vt 0.54450864 0.68387669
vt 0.54231787 0.66566652
vt 0.55917329 0.67037362
vt 0.55763108 0.68505508
vt 0.56987375 0.67139608
vt 0.56729865 0.65988874
vt 0.55649084 0.65536684
vt 0.56055993 0.63650751
vt 0.56935227 0.64718199
vt 0.56930465 0.62785715
vt 0.54672003 0.71380877
vt 0.56582355 0.70231134
vt 0.56986457 0.68304580
vt 0.56446028 0.72112256
vt 0.55018115 0.73055249
vt 0.54344392 0.74194419
vt 0.51856256 0.73444837
vt 0.53602749 0.75139815
vt 0.50937629 0.75358379
vt 0.49495873 0.73940504
vt 0.48341581 0.72225332
vt 0.47990781 0.73674226
vt 0.53836679 0.76302630
vt 0.50530928 0.76773423
vt 0.56715846 0.76103425
vt 0.55953348 0.77608502
vt 0.53831059 0.77354920
vt 0.54076523 0.78775007
vt 0.56800193 0.79056770
vt 0.53729230 0.79904652
vt 0.50689274 0.79752260
vt 0.56622535 0.80467206
vt 0.55351561 0.81705511
vt 0.53155887 0.81324095
vt 0.51284373 0.80852044
vt 0.51322657 0.82538033
vt 0.54079044 0.82720953
vt 0.55361545 0.83841532
vt 0.51868606 0.84164023
vt 0.49293694 0.84165096
vt 0.49662521 0.82431346
vt 0.55364972 0.84308445
vt 0.57355440 0.84127027
vt 0.57057691 0.83665890
vt 0.57335299 0.83301878
vt 0.57292187 0.80989778
vt 0.56737292 0.82248378
vt 0.57143533 0.77291000
vt 0.56820822 0.76912177
vt 0.57266778 0.79177821
vt 0.56459481 0.74183398
vt 0.57146555 0.75451577
vt 0.57113898 0.74090755
vt 0.57001436 0.71903324
vt 0.56965941 0.61299133
vt 0.56924385 0.60124183
vt 0.51834184 0.60440689
vt 0.50773382 0.63928026
vt 0.49977449 0.62090719
vt 0.49871656 0.63941222
vt 0.50837773 0.60671848
vt 0.49922025 0.60706240
vt 0.47394028 0.61097610
vt 0.47391680 0.62263066
vt 0.45609698 0.61617380
vt 0.45272273 0.60675281
vt 0.46050248 0.63155019
vt 0.48920169 0.60799378
vt 0.47947723 0.63845140
vt 0.45543671 0.63815701
vt 0.46690327 0.65381056
vt 0.45288512 0.64798075
vt 0.45168257 0.62789494
vt 0.48608649 0.65075922
vt 0.47553688 0.66237575
vt 0.46538216 0.67927706
vt 0.47796324 0.69038022
vt 0.48229483 0.70124996
vt 0.47128773 0.72247690
vt 0.51136458 0.78674692
vt 0.50819826 0.77711952
vt 0.47320536 0.82682294
vt 0.48699811 0.81489074
vt 0.44356689 0.84148014
vt 0.47059324 0.83568740
vt 0.47375509 0.73562229
vt 0.50594628 0.47186077
vt 0.45672482 0.46648639
vt 0.51924998 0.46523929
vt 0.44798446 0.46721935
vt 0.42502183 0.46735203
vt 0.41343546 0.47506553
vt 0.40713921 0.46696025
vt 0.39825088 0.48233318
vt 0.35395408 0.45846844
vt 0.34244433 0.46126419
vt 0.31121483 0.45493126
vt 0.32915658 0.45379150
vt 0.29254195 0.45479357
vt 0.27246633 0.45617688
vt 0.24116656 0.45263940
vt 0.27279398 0.45222974
vt 0.28985563 0.44333982
vt 0.29365203 0.44864088
vt 0.17383230 0.44499713
vt 0.14453834 0.43734640
vt 0.17514354 0.43681622
vt 0.14608943 0.42861980
vt 0.10160154 0.43659925
vt 0.08920592 0.42937887
vt 0.12859327 0.41985643
vt 0.08695023 0.41861570
vt 0.06977171 0.41817248
vt 0.16321862 0.41873193
vt 0.06961264 0.43648237
vt 0.05569158 0.42252707
vt 0.05721633 0.43756318
vt 0.17591992 0.42262077
vt 0.18873017 0.41507828
vt 0.19941999 0.42167509
vt 0.18630938 0.43448830
vt 0.21114458 0.43695956
vt 0.22248477 0.43318641
vt 0.22913277 0.42206931
vt 0.26325715 0.43744886
vt 0.25544459 0.44172549
vt 0.22739978 0.44552171
vt 0.21465668 0.44551992
vt 0.19321257 0.44353366
vt 0.26199794 0.42022610
vt 0.26906687 0.42819083
vt 0.28242522 0.41514051
vt 0.28479496 0.42360830
vt 0.29824767 0.41956592
vt 0.30164272 0.40823019
vt 0.27882421 0.40814960
vt 0.25956151 0.40815485
vt 0.32782018 0.40842235
vt 0.32900634 0.41882324
vt 0.34222296 0.41880590
vt 0.34553096 0.41117412
vt 0.34699935 0.40801609
vt 0.37589338 0.40811765
vt 0.35624689 0.41929018
vt 0.37591708 0.41660035
vt 0.40024221 0.40810406
vt 0.40069696 0.41740197
vt 0.42798126 0.40900970
vt 0.42423919 0.41882396
vt 0.43802917 0.41933542
vt 0.45954937 0.41619623
vt 0.45956442 0.40794569
vt 0.47520572 0.41629750
vt 0.49422923 0.40921205
vt 0.49791613 0.41642773
vt 0.52448869 0.40917325
vt 0.52398556 0.41648698
vt 0.54902703 0.41385603
vt 0.56051230 0.40950549
vt 0.51149458 0.42659330
vt 0.49306643 0.43106282
vt 0.51127982 0.43501884
vt 0.49806887 0.44515729
vt 0.47584534 0.44320685
vt 0.46925551 0.43081033
vt 0.44577140 0.44208133
vt 0.46117732 0.45343316
vt 0.43876752 0.45524877
vt 0.42699000 0.44104671
vt 0.41370857 0.44247431
vt 0.49685839 0.45425594
vt 0.52461433 0.45268714
vt 0.52644420 0.43920195
vt 0.54592985 0.45087415
vt 0.54144222 0.43232548
vt 0.52446163 0.42793387
vt 0.55695140 0.44027662
vt 0.54996890 0.42673540
vt 0.56209421 0.41488719
vt 0.56593871 0.42837727
vt 0.56718910 0.41859138
vt 0.44635850 0.43109131
vt 0.42387223 0.43199909
vt 0.40757629 0.43166578
vt 0.39294603 0.43240577
vt 0.39111882 0.43861842
vt 0.35739753 0.43823504
vt 0.34351385 0.42736173
vt 0.35708672 0.43099326
vt 0.37557796 0.42160821
vt 0.28849438 0.43763512
vt 0.26655337 0.44596463
vt 0.05944847 0.45744407
vt 0.05208004 0.44352901
vt 0.05469982 0.46030807
vt 0.05511272 0.48172498
vt 0.05153802 0.46572602
vt 0.05216446 0.46046132
vt 0.05132323 0.45305371
vt 0.14340074 0.46935880
vt 0.10696313 0.48696071
vt 0.07089923 0.49042690
vt 0.06025418 0.49566782
vt 0.05613433 0.51051706
vt 0.05153828 0.49494874
vt 0.05207678 0.48320389
vt 0.05163718 0.47635674
vt 0.05500136 0.53120488
vt 0.05622200 0.54757124
vt 0.05472849 0.56900388
vt 0.05462147 0.57940984
vt 0.05130803 0.57253999
vt 0.05199745 0.58502775
vt 0.05893831 0.59274530
vt 0.05194078 0.59058213
vt 0.12221571 0.59291059
vt 0.13166134 0.53309858
vt 0.10279211 0.53564173
vt 0.10316465 0.54871815
vt 0.10799146 0.55680519
vt 0.13668907 0.63012064
vt 0.13118869 0.63899362
vt 0.13602370 0.64502913
vt 0.05554644 0.64241642
vt 0.05138783 0.65732837
vt 0.05171046 0.67325103
vt 0.05673192 0.69675088
vt 0.05972471 0.71242189
vt 0.05001460 0.70303899
vt 0.05124865 0.68734211
vt 0.05938807 0.72262329
vt 0.04984706 0.73987305
vt 0.05014028 0.72265357
vt 0.04957564 0.75568748
vt 0.12845118 0.73434842
vt 0.15297009 0.68504083
vt 0.27609488 0.67573994
vt 0.26488158 0.67478722
vt 0.25119340 0.67262810
vt 0.24733002 0.66390789
vt 0.23479728 0.60603952
vt 0.24028051 0.56051260
vt 0.22898501 0.56532067
vt 0.22835971 0.53357500
vt 0.22250320 0.51807374
vt 0.23457876 0.50572020
vt 0.21735190 0.53878045
vt 0.20534317 0.53373504
vt 0.20711711 0.55194956
vt 0.21896191 0.57053590
vt 0.26401407 0.55251414
vt 0.27857232 0.54169333
vt 0.29145992 0.54182518
vt 0.30310068 0.54744953
vt 0.30469340 0.56214082
vt 0.31078818 0.55382574
vt 0.40214509 0.53145319
vt 0.38962352 0.53718472
vt 0.33448380 0.44644320
vt 0.35163629 0.45126837
vt 0.37338543 0.45166409
vt 0.38562241 0.45086455
vt 0.40168223 0.45329213
vt 0.41833907 0.45488453
vt 0.47728702 0.46241015
vt 0.50160074 0.45894647
vt 0.53698874 0.45393825
vt 0.30933616 0.44565022
vt 0.32777143 0.44405997
vt 0.35632557 0.44650280
vt 0.38471451 0.44348490
vt 0.29333627 0.43081284
vt 0.19613326 0.61045504
vt 0.22661003 0.60592252
vt 0.31063280 0.43011945
vt 0.33081171 0.43638831
vt 0.33394653 0.44022745
vt 0.30869773 0.43777728
vt 0.22621742 0.67187923
vt 0.21993017 0.66887861
vt 0.05245353 0.51492637
vt 0.05236377 0.54683059
vt 0.05156045 0.53744125
vt 0.05197728 0.52138758
vt 0.56556332 0.45855844
vt 0.56553829 0.44666266
vt 0.56581819 0.47495824
vt 0.21305481 0.66653669
vt 0.20362508 0.65090370
vt 0.20861062 0.64926887
vt 0.20257053 0.63645023
vt 0.19558546 0.64368570
vt 0.05189117 0.55385464
vt 0.05196660 0.51387376
vt 0.05125736 0.59567410
vt 0.57074964 0.69425946
vt 0.05195950 0.43373048
vt 0.04963293 0.76567483
vt 0.57161683 0.76631325
vt 0.56757158 0.52692479
vt 0.56743902 0.50619125
vt 0.05367559 0.40971988
vt 0.06824154 0.40903705
vt 0.06444623 0.40786135
vt 0.05196821 0.42350703
vt 0.05112139 0.41759217
vt 0.08624596 0.40919662
vt 0.10672340 0.40915686
vt 0.13484649 0.40917909
vt 0.16180496 0.40910220
vt 0.18883799 0.40793777
vt 0.21603921 0.41447043
vt 0.20937908 0.40795922
vt 0.24282801 0.41796589
vt 0.23546544 0.40809113
vt 0.05105749 0.40786028
vt 0.05029174 0.65960592
vt 0.04847547 0.80016738
vt 0.05126675 0.43518054
vt 0.56767315 0.46825969
vt 0.57085329 0.67277336
vt 0.05368510 0.84323752
vt 0.04908821 0.76983565
vt 0.57129443 0.71770489
vt 0.57097697 0.70528686
vt 0.05069178 0.63173175
vt 0.05217336 0.40746272
vt 0.04804422 0.83503610
vt 0.05159444 0.48723024
vt 0.57354558 0.84328359
vt 0.08911765 0.40774351
vt 0.13882031 0.40782762
vt 0.51397979 0.84279364
vt 0.56751961 0.43997645
vt 0.56824106 0.54663259
vt 0.42419261 0.84259510
vt 0.47949177 0.84271377
vt 0.43031976 0.40789843
vt 0.52218992 0.40800118
vt 0.57047915 0.64949298
vt 0.57033461 0.63185620
vt 0.56733084 0.40965700
vt 0.56945294 0.59315574
vt 0.39310861 0.84287560
vt 0.09600122 0.84292436
vt 0.13877778 0.84286696
vt 0.56764442 0.42833507
vt 0.56739026 0.44906056
vt 0.05043580 0.64845878
vt 0.05107203 0.42522472
vt 0.04824047 0.84260714
vt 0.57202005 0.76904213
vt 0.56903821 0.56063676
vt 0.57101518 0.68594491
vt 0.29378584 0.84295672
vt 0.33221707 0.84286225
vt 0.35316378 0.84279883
vt 0.27212787 0.84273636
vt 0.16022915 0.84289396
vt 0.19024763 0.84276956
vt 0.56164330 0.40797687
vt 0.22492151 0.84267896
vt 0.04930337 0.73120290
vt 0.57030451 0.60535783
vt 0.05151900 0.54849911
vt 0.04888831 0.76722056
vt 0.05144879 0.55411673
vt 0.04881259 0.75976002
vt 0.56824601 0.41423893
vt 0.05144211 0.46123374
vt 0.05120480 0.58880073
vt 0.05163870 0.51253355
vt 0.57039851 0.61492664
vt 0.57081264 0.62320858
vt 0.05167297 0.48098630
vt 0.56852573 0.45926446
vt 0.56817245 0.40827131
vt 0.56856757 0.44765341
vt 0.56857365 0.50888175
vt 0.56859046 0.49139225
vt 0.56918651 0.45429105
vt 0.56889927 0.52555376
vt 0.56898892 0.54562420
vt 0.05160796 0.52166903
vt 0.05092591 0.61898452
vt 0.56872445 0.47099817
vt 0.56915361 0.47749329
vt 0.57136583 0.68745881
vt 0.57156885 0.74080211
vt 0.04960239 0.68050379
vt 0.04849242 0.84328359
vt 0.56865871 0.42890590
vt 0.56935829 0.43806785
vt 0.57249427 0.76521152
vt 0.04934940 0.70910633
vt 0.56998521 0.57624304
vt 0.56964689 0.48956811
vt 0.57067895 0.56520504
vt 0.57025236 0.55597246
vt 0.57027352 0.52585250
vt 0.56976616 0.46215481
vt 0.57026458 0.51947200
vt 0.56938750 0.51354134
vt 0.91308856 0.38833296
vt 0.91841966 0.37478793
vt 0.91200370 0.35520363
vt 0.90065956 0.37390840
vt 0.91876292 0.34971571
vt 0.91034329 0.32970893
vt 0.90239894 0.32225698
vt 0.89728045 0.35156149
vt 0.91304380 0.30964667
vt 0.91823363 0.32710397
vt 0.93189216 0.33564955
vt 0.93559402 0.31870097
vt 0.94288170 0.34757644
vt 0.93045098 0.36554551
vt 0.94323492 0.37211192
vt 0.92868042 0.38831937
vt 0.91701919 0.41779429
vt 0.92554915 0.41758621
vt 0.93447608 0.41620231
vt 0.94524813 0.41233116
vt 0.93866080 0.43674350
vt 0.92856687 0.43090075
vt 0.95505738 0.43445629
vt 0.95498991 0.41777253
vt 0.95492613 0.38870382
vt 0.95619005 0.37492132
vt 0.95606405 0.34726691
vt 0.94916123 0.31083238
vt 0.96367860 0.32906926
vt 0.96806002 0.30704653
vt 0.94995451 0.29601264
vt 0.96822661 0.28835809
vt 0.96966720 0.40183133
vt 0.96984845 0.39207911
vt 0.97076517 0.34161013
vt 0.97689766 0.31162399
vt 0.97693896 0.28875732
vt 0.97529590 0.27863610
vt 0.97667480 0.34559739
vt 0.97534317 0.36524975
vt 0.97665387 0.39296353
vt 0.96875685 0.42948830
vt 0.97668529 0.41195178
vt 0.97661650 0.42916256
vt 0.97661442 0.44337219
vt 0.96223265 0.44701469
vt 0.96817183 0.46685886
vt 0.97654080 0.46704090
vt 0.97553778 0.48783267
vt 0.95187169 0.47326106
vt 0.95033967 0.45940769
vt 0.93695503 0.45516998
vt 0.93693763 0.46727324
vt 0.92403871 0.47967535
vt 0.93707961 0.48680645
vt 0.95764703 0.49435705
vt 0.94801468 0.51066637
vt 0.94000554 0.51754826
vt 0.94793439 0.53997785
vt 0.96078730 0.52253824
vt 0.95866436 0.54151613
vt 0.97508562 0.55099958
vt 0.97534448 0.52795959
vt 0.96764433 0.50439245
vt 0.97671872 0.48938763
vt 0.97532105 0.56535912
vt 0.95846456 0.57592177
vt 0.95068258 0.55828595
vt 0.93636131 0.57872128
vt 0.93632537 0.55027694
vt 0.92084467 0.55518925
vt 0.92183900 0.60335815
vt 0.93470818 0.59737206
vt 0.91554123 0.57482541
vt 0.91108888 0.54139096
vt 0.90737611 0.57499015
vt 0.89148134 0.55139732
vt 0.90188432 0.54085028
vt 0.90718567 0.52692580
vt 0.91571426 0.52796322
vt 0.91372097 0.50812078
vt 0.88933682 0.50664592
vt 0.89264983 0.52656227
vt 0.89290470 0.54284060
vt 0.87979144 0.54385591
vt 0.87803227 0.51997072
vt 0.87178403 0.56052816
vt 0.85634607 0.56261092
vt 0.85557377 0.54159987
vt 0.84307319 0.55917776
vt 0.83306593 0.52940345
vt 0.82894391 0.55005324
vt 0.81565148 0.53622991
vt 0.82299584 0.55800283
vt 0.81194466 0.58162940
vt 0.80748475 0.55464125
vt 0.79916120 0.57721138
vt 0.79033446 0.56242818
vt 0.77903581 0.57614851
vt 0.77833509 0.58189875
vt 0.79381663 0.59074605
vt 0.80825102 0.59606218
vt 0.82329339 0.59979063
vt 0.82407427 0.58216643
vt 0.81286502 0.52542859
vt 0.83726358 0.57874966
vt 0.82537645 0.52171057
vt 0.85316008 0.57999784
vt 0.87487513 0.57332140
vt 0.92367274 0.51012975
vt 0.91606504 0.48758137
vt 0.90127945 0.49614966
vt 0.92419744 0.52811152
vt 0.93005413 0.49982786
vt 0.96271539 0.59068549
vt 0.92823327 0.44899166
vt 0.94471604 0.32148355
vt 0.90483624 0.46648073
vt 0.91613710 0.47487485
vt 0.91559565 0.44593066
vt 0.90252936 0.48242468
vt 0.86961305 0.52383214
vt 0.84253347 0.52858084
vt 0.82962418 0.51187581
vt 0.80780935 0.52154040
vt 0.80023849 0.54264778
vt 0.79056311 0.52546108
vt 0.79014564 0.51493132
vt 0.75849360 0.56985360
vt 0.77075666 0.55142003
vt 0.78384906 0.54110116
vt 0.77413565 0.52169317
vt 0.76816791 0.49876380
vt 0.78391737 0.49649823
vt 0.73371565 0.51693451
vt 0.74486762 0.49706340
vt 0.72896487 0.49368644
vt 0.72848874 0.55004352
vt 0.71834952 0.54385787
vt 0.71051174 0.55627066
vt 0.70674425 0.53255862
vt 0.69976652 0.56798917
vt 0.70573735 0.58474952
vt 0.71077234 0.52199697
vt 0.72369856 0.50858927
vt 0.70689321 0.49615604
vt 0.69608110 0.46170092
vt 0.71360832 0.45369279
vt 0.70384562 0.45089900
vt 0.71596599 0.47925282
vt 0.70531070 0.47695982
vt 0.72900534 0.47506320
vt 0.73008865 0.46126699
vt 0.73262364 0.43840802
vt 0.72452205 0.42486525
vt 0.74398589 0.42906225
vt 0.74016201 0.40786654
vt 0.72125024 0.40430379
vt 0.75400138 0.46175063
vt 0.74319404 0.44774413
vt 0.75777507 0.43008327
vt 0.77210981 0.46083164
vt 0.77114326 0.43645144
vt 0.78524107 0.45193100
vt 0.77391303 0.41810536
vt 0.75440472 0.40739739
vt 0.79535699 0.43122888
vt 0.79368019 0.41200411
vt 0.80968690 0.40583503
vt 0.80117786 0.40415013
vt 0.82008255 0.39431882
vt 0.80990940 0.38425118
vt 0.82128906 0.37054926
vt 0.80939561 0.35866958
vt 0.81752062 0.34117061
vt 0.81511623 0.31799394
vt 0.80874735 0.31934774
vt 0.82842314 0.34227520
vt 0.82249415 0.32428813
vt 0.83026171 0.31576693
vt 0.83509588 0.33212578
vt 0.84285754 0.31342709
vt 0.83869231 0.30347383
vt 0.84478915 0.35004193
vt 0.83909398 0.35922003
vt 0.85583645 0.36691296
vt 0.85819304 0.35534751
vt 0.85331374 0.33676827
vt 0.86358303 0.36765271
vt 0.86499405 0.35558951
vt 0.86135238 0.33492285
vt 0.85867864 0.31514102
vt 0.85740787 0.30029118
vt 0.86932832 0.33536977
vt 0.86902553 0.31125522
vt 0.86492056 0.29374516
vt 0.85235673 0.29274619
vt 0.86573911 0.28669012
vt 0.85968035 0.38348210
vt 0.84934765 0.38223994
vt 0.84577531 0.39765906
vt 0.83553129 0.38892448
vt 0.83832705 0.41579622
vt 0.82729328 0.40046287
vt 0.81887186 0.40845317
vt 0.82501316 0.41627312
vt 0.81764799 0.42686993
vt 0.82472396 0.43611705
vt 0.83518833 0.43849266
vt 0.84826803 0.43337739
vt 0.84419852 0.41517824
vt 0.85586399 0.41611564
vt 0.86469835 0.41049284
vt 0.85258561 0.44603789
vt 0.87134475 0.42923939
vt 0.88189012 0.42481792
vt 0.88532799 0.39690500
vt 0.86656970 0.45082331
vt 0.84013379 0.46501106
vt 0.82857126 0.45507908
vt 0.86673337 0.38058835
vt 0.86528760 0.39882988
vt 0.82952261 0.37692380
vt 0.80488116 0.43778777
vt 0.81591368 0.44183207
vt 0.83230478 0.50336003
vt 0.84531939 0.49909592
vt 0.82471007 0.49459743
vt 0.86353981 0.48348075
vt 0.84970790 0.48030829
vt 0.83096665 0.47936893
vt 0.85459632 0.46029079
vt 0.87218875 0.46735638
vt 0.88789213 0.48339307
vt 0.89370167 0.44943857
vt 0.90711361 0.43295586
vt 0.88353872 0.44494045
vt 0.89368445 0.42935252
vt 0.89060819 0.41209972
vt 0.90812725 0.41459149
vt 0.89588594 0.40712589
vt 0.90995985 0.40412140
vt 0.89555669 0.31437987
vt 0.89553958 0.29661798
vt 0.90892589 0.29305500
vt 0.90091366 0.27707368
vt 0.88120168 0.27595186
vt 0.88853878 0.30443001
vt 0.87732244 0.29520690
vt 0.87048930 0.27634239
vt 0.86166286 0.27632523
vt 0.87288433 0.26994616
vt 0.89242697 0.26768959
vt 0.91735786 0.27215225
vt 0.91027409 0.26027256
vt 0.91109586 0.24567258
vt 0.92219555 0.24081141
vt 0.92421263 0.26801932
vt 0.92579019 0.25726914
vt 0.92876655 0.28506279
vt 0.92103028 0.29093778
vt 0.93902361 0.29824978
vt 0.93920326 0.27566677
vt 0.94706869 0.25952393
vt 0.93537354 0.24484265
vt 0.94266492 0.22787708
vt 0.92143667 0.31392932
vt 0.92551523 0.30374455
vt 0.95302284 0.27447337
vt 0.95614022 0.21486068
vt 0.97026831 0.22968894
vt 0.95544279 0.19808185
vt 0.93907195 0.20303220
vt 0.93064249 0.21835911
vt 0.88606054 0.24253613
vt 0.90523547 0.22395921
vt 0.88057452 0.21530199
vt 0.89878887 0.21247613
vt 0.89380330 0.19853795
vt 0.90684932 0.24047691
vt 0.92036897 0.22320551
vt 0.91204077 0.21413600
vt 0.91584438 0.18867946
vt 0.92365372 0.17976600
vt 0.93429303 0.18074596
vt 0.93035036 0.15412819
vt 0.92119759 0.13060004
vt 0.93924737 0.12431061
vt 0.92306954 0.10971510
vt 0.95112109 0.18050140
vt 0.94600892 0.15124130
vt 0.96589494 0.15088403
vt 0.94931614 0.13414526
vt 0.95764172 0.11736321
vt 0.96700782 0.12393683
vt 0.97585136 0.14897281
vt 0.97329181 0.10341418
vt 0.96656102 0.07909238
vt 0.97583991 0.07452124
vt 0.96959829 0.06438732
vt 0.97595435 0.06407285
vt 0.94496095 0.10075229
vt 0.93203777 0.10660708
vt 0.91390461 0.10927975
vt 0.90717405 0.13627833
vt 0.91062546 0.15472931
vt 0.91803271 0.15475529
vt 0.90607697 0.18058336
vt 0.89485508 0.16264236
vt 0.89661556 0.18187022
vt 0.87591273 0.23151124
vt 0.85995263 0.22450662
vt 0.87546968 0.26172686
vt 0.86207259 0.24275833
vt 0.86093283 0.26255643
vt 0.88692451 0.25856805
vt 0.85257137 0.27592909
vt 0.81233478 0.30587858
vt 0.80165136 0.31544316
vt 0.80310678 0.33836454
vt 0.80493230 0.36820662
vt 0.79928404 0.39053112
vt 0.80339944 0.29264098
vt 0.76659364 0.28445315
vt 0.77841520 0.28276116
vt 0.76632047 0.26598620
vt 0.75635803 0.26684368
vt 0.75158548 0.27732080
vt 0.76401162 0.24946928
vt 0.75372416 0.24963576
vt 0.73765111 0.26510227
vt 0.72985393 0.24818242
vt 0.72200632 0.26645625
vt 0.73201138 0.23657906
vt 0.75965083 0.23491091
vt 0.74081159 0.22472644
vt 0.75735325 0.21415532
vt 0.74035871 0.21187669
vt 0.72468460 0.21989202
vt 0.77817547 0.25124037
vt 0.79326862 0.27693677
vt 0.79496944 0.26157361
vt 0.78114879 0.26596749
vt 0.78638154 0.24713111
vt 0.80548376 0.25511217
vt 0.80557507 0.24334145
vt 0.80547971 0.23092908
vt 0.78956103 0.22195685
vt 0.77915615 0.24153841
vt 0.80767894 0.22364146
vt 0.81274295 0.23482490
vt 0.81960213 0.22952139
vt 0.81658316 0.24645692
vt 0.80330116 0.26154315
vt 0.81503433 0.26538098
vt 0.83751994 0.27411056
vt 0.82399309 0.25616586
vt 0.84020132 0.26580560
vt 0.82875633 0.24601853
vt 0.83650333 0.25131500
vt 0.84664369 0.24853384
vt 0.83929181 0.23714459
vt 0.85194510 0.23939395
vt 0.84573352 0.20312941
vt 0.83320552 0.22603428
vt 0.80622679 0.18948054
vt 0.80969280 0.18305099
vt 0.78790283 0.18300658
vt 0.82766473 0.21852374
vt 0.82921398 0.19548428
vt 0.81809020 0.20059097
vt 0.82274157 0.17096865
vt 0.81055349 0.15745926
vt 0.85861021 0.19953698
vt 0.83908790 0.18153864
vt 0.85681421 0.17449027
vt 0.86633223 0.19857770
vt 0.83055478 0.14145964
vt 0.84683645 0.14741808
vt 0.85749006 0.13773715
vt 0.84055120 0.11172724
vt 0.85230303 0.11406058
vt 0.84343272 0.09958357
vt 0.82791400 0.11482477
vt 0.83886135 0.07978320
vt 0.85885698 0.07731962
vt 0.85614276 0.10255289
vt 0.86921316 0.08752173
vt 0.87140048 0.11692780
vt 0.83181071 0.12812901
vt 0.81757855 0.12202185
vt 0.82246095 0.10614467
vt 0.81793761 0.09863722
vt 0.80869269 0.13404024
vt 0.85473073 0.16309261
vt 0.82993549 0.16089213
vt 0.87799913 0.17695802
vt 0.88326466 0.15906829
vt 0.87917924 0.14964366
vt 0.88689458 0.13973862
vt 0.89936537 0.13042879
vt 0.88703865 0.12551594
vt 0.87819862 0.10185492
vt 0.88567138 0.07544059
vt 0.89661402 0.11343473
vt 0.90285081 0.08413827
vt 0.89481133 0.09302527
vt 0.84012580 0.07083172
vt 0.80596191 0.11139238
vt 0.81363744 0.15430087
vt 0.79656464 0.17173815
vt 0.76612705 0.17263710
vt 0.78200597 0.16626900
vt 0.76434064 0.18027467
vt 0.74156207 0.17039335
vt 0.74548423 0.18658870
vt 0.76570934 0.15504348
vt 0.75356352 0.16081023
vt 0.73370522 0.17210013
vt 0.75915217 0.19920039
vt 0.76572353 0.18687987
vt 0.71664864 0.24845320
vt 0.72404861 0.27815282
vt 0.74071747 0.28366196
vt 0.75591046 0.28662813
vt 0.74261421 0.29415119
vt 0.72694325 0.29061520
vt 0.72736996 0.31070590
vt 0.73731166 0.30653846
vt 0.74364018 0.31677175
vt 0.73691499 0.32817030
vt 0.75165921 0.29791629
vt 0.75211054 0.32109267
vt 0.71729100 0.29919416
vt 0.72505492 0.32706314
vt 0.73034173 0.33952987
vt 0.72051090 0.34310108
vt 0.72654021 0.35512143
vt 0.71207756 0.36262208
vt 0.70965713 0.37038356
vt 0.70195496 0.35535723
vt 0.70309985 0.38215053
vt 0.71117032 0.39755261
vt 0.70073336 0.39223802
vt 0.69820899 0.36608791
vt 0.70445091 0.40409917
vt 0.71260172 0.41164172
vt 0.71157217 0.42801476
vt 0.71463156 0.38051558
vt 0.69618905 0.40834248
vt 0.69193840 0.40589350
vt 0.69627523 0.43951523
vt 0.68634486 0.40948653
vt 0.68716121 0.38962746
vt 0.68851531 0.31553084
vt 0.69740099 0.30680370
vt 0.69302243 0.29787242
vt 0.70632255 0.29289913
vt 0.69602269 0.27606797
vt 0.70670927 0.26764953
vt 0.69709462 0.25926375
vt 0.70556432 0.23932791
vt 0.69473046 0.24023867
vt 0.68398124 0.21756160
vt 0.69062424 0.19660878
vt 0.68462068 0.18663985
vt 0.69756883 0.20746076
vt 0.68879080 0.22760993
vt 0.70725775 0.22235835
vt 0.70801568 0.19731426
vt 0.69856697 0.17499804
vt 0.70600724 0.14286453
vt 0.69612205 0.14648360
vt 0.69647759 0.13049388
vt 0.70510417 0.13047493
vt 0.73056936 0.19782722
vt 0.72011143 0.17546248
vt 0.72822076 0.15352964
vt 0.71809626 0.14154696
vt 0.73232430 0.13751805
vt 0.71882570 0.12005687
vt 0.75049156 0.14649862
vt 0.74367386 0.12447327
vt 0.73001313 0.11538273
vt 0.74765027 0.09580839
vt 0.74075025 0.07699442
vt 0.76934773 0.11661786
vt 0.74134022 0.11351603
vt 0.75571907 0.07609969
vt 0.77628320 0.08401233
vt 0.76394153 0.09586507
vt 0.79798543 0.07716119
vt 0.78030211 0.07076192
vt 0.72509664 0.08151358
vt 0.72444510 0.09902537
vt 0.70475215 0.11250544
vt 0.68606323 0.13734990
vt 0.68972355 0.16850632
vt 0.67657477 0.19725037
vt 0.67657161 0.22756171
vt 0.66603816 0.21134913
vt 0.66883141 0.18593496
vt 0.67822528 0.16849840
vt 0.67082018 0.16043055
vt 0.67783600 0.13675475
vt 0.66185981 0.14567924
vt 0.66810113 0.12758386
vt 0.65247512 0.12613970
vt 0.66129094 0.10650140
vt 0.64595991 0.10237026
vt 0.65604967 0.09162509
vt 0.67215812 0.08382988
vt 0.64587229 0.12910360
vt 0.64687479 0.15522492
vt 0.63806880 0.13385385
vt 0.64322442 0.17283219
vt 0.63614488 0.19232166
vt 0.63773465 0.23352224
vt 0.65241051 0.22533536
vt 0.64854389 0.24690950
vt 0.65569299 0.27072418
vt 0.65490443 0.25973642
vt 0.64777315 0.26377177
vt 0.67664135 0.24866438
vt 0.67862761 0.26025993
vt 0.68730927 0.24634922
vt 0.67369807 0.29440773
vt 0.67849201 0.27020657
vt 0.66852880 0.27715516
vt 0.68068016 0.31290555
vt 0.68365186 0.29376996
vt 0.67044145 0.32596195
vt 0.68170828 0.34423304
vt 0.67705852 0.36107409
vt 0.68272299 0.36115837
vt 0.67852688 0.37655371
vt 0.66917223 0.39520419
vt 0.67779064 0.40409470
vt 0.66364276 0.41984868
vt 0.66081792 0.44498914
vt 0.67095977 0.45337903
vt 0.66105610 0.46298212
vt 0.67650193 0.48022735
vt 0.66468179 0.49170285
vt 0.67805672 0.50558352
vt 0.66226989 0.51058942
vt 0.65469795 0.48228407
vt 0.63702023 0.49220967
vt 0.63615477 0.46276987
vt 0.64520007 0.50761706
vt 0.64174366 0.57597739
vt 0.64463526 0.55201072
vt 0.63162702 0.53291452
vt 0.63191080 0.56962854
vt 0.63181335 0.60473615
vt 0.65096331 0.60465401
vt 0.65193498 0.57491124
vt 0.66292179 0.58426458
vt 0.66255772 0.61074311
vt 0.65280634 0.63490486
vt 0.63705069 0.62887502
vt 0.64843506 0.65197855
vt 0.63340652 0.65165353
vt 0.66551727 0.65004843
vt 0.65572619 0.66353911
vt 0.64419663 0.66347122
vt 0.64632362 0.66973895
vt 0.67296523 0.66374791
vt 0.67948532 0.65376288
vt 0.67052877 0.62852108
vt 0.67924309 0.61506194
vt 0.67651111 0.58750224
vt 0.68114680 0.66684902
vt 0.63111812 0.63052946
vt 0.65218091 0.55314803
vt 0.66904849 0.52335852
vt 0.67429936 0.54411685
vt 0.65308839 0.52608895
vt 0.66277212 0.56047058
vt 0.66688925 0.53833807
vt 0.68299866 0.54858214
vt 0.68374962 0.60055578
vt 0.68381822 0.57735044
vt 0.68869001 0.62935048
vt 0.68985176 0.57095033
vt 0.69057357 0.65744942
vt 0.69250405 0.66751629
vt 0.69478923 0.51868987
vt 0.68878788 0.51181686
vt 0.69544238 0.55075002
vt 0.69421715 0.58996701
vt 0.69523323 0.64757890
vt 0.70355457 0.64916652
vt 0.69881821 0.65784407
vt 0.70059264 0.60002702
vt 0.70592618 0.62132502
vt 0.71496725 0.61277419
vt 0.72755343 0.63787740
vt 0.72883046 0.65257812
vt 0.70719993 0.66676110
vt 0.71736312 0.58257473
vt 0.72887862 0.62077534
vt 0.73020232 0.59320587
vt 0.72413516 0.57105047
vt 0.74750137 0.59703189
vt 0.74318570 0.58085477
vt 0.75177920 0.61422962
vt 0.74777204 0.64487356
vt 0.75715035 0.62931287
vt 0.77353543 0.62471443
vt 0.77103710 0.64009327
vt 0.79096705 0.64171660
vt 0.77458745 0.66491675
vt 0.76744926 0.65067035
vt 0.77140445 0.66654712
vt 0.75145644 0.66661447
vt 0.72972608 0.65555269
vt 0.73972702 0.66330850
vt 0.73299503 0.66644537
vt 0.72548419 0.66699904
vt 0.79533565 0.66501772
vt 0.76958847 0.58693784
vt 0.77345788 0.61098862
vt 0.78615350 0.61002988
vt 0.79351288 0.60075420
vt 0.79427052 0.65469611
vt 0.80246770 0.63499361
vt 0.80645549 0.65419954
vt 0.81446779 0.64390099
vt 0.81778240 0.62484145
vt 0.82355452 0.64896643
vt 0.82430428 0.65827376
vt 0.81489778 0.66666007
vt 0.80807143 0.66606855
vt 0.83087629 0.66382259
vt 0.84170449 0.66674453
vt 0.84667706 0.65592360
vt 0.80283761 0.61464351
vt 0.81312943 0.60738868
vt 0.83156747 0.62275916
vt 0.85927439 0.63833719
vt 0.87149608 0.66514397
vt 0.87277108 0.65082794
vt 0.87879962 0.63952392
vt 0.88050574 0.62649637
vt 0.85638428 0.61751980
vt 0.88388789 0.60875756
vt 0.87247348 0.59788609
vt 0.90082419 0.62676245
vt 0.89760935 0.59814191
vt 0.88883990 0.58434010
vt 0.90629059 0.61120063
vt 0.91030300 0.64424062
vt 0.88528609 0.66464245
vt 0.90756965 0.65945476
vt 0.92050701 0.66646963
vt 0.91973370 0.65653485
vt 0.92399055 0.66700596
vt 0.92835927 0.65056306
vt 0.92296213 0.63873214
vt 0.89792109 0.66501027
vt 0.91024190 0.66517043
vt 0.85672051 0.66630960
vt 0.84865284 0.66687274
vt 0.84380388 0.60818529
vt 0.84071714 0.59180856
vt 0.85865360 0.59689403
vt 0.89664829 0.56849205
vt 0.91322398 0.60589397
vt 0.91801482 0.62308127
vt 0.93520868 0.61263955
vt 0.93830156 0.63505310
vt 0.94462991 0.64977157
vt 0.93623936 0.66681021
vt 0.94910002 0.66677797
vt 0.95067817 0.63068098
vt 0.96268654 0.63885623
vt 0.96054679 0.66734123
vt 0.97016406 0.59711391
vt 0.97520143 0.60064983
vt 0.95520550 0.61460322
vt 0.97507817 0.62134892
vt 0.97073758 0.65419859
vt 0.97011614 0.66654038
vt 0.97665000 0.66162801
vt 0.97661513 0.64402497
vt 0.63143295 0.49417138
vt 0.63059914 0.46189702
vt 0.63202447 0.45173943
vt 0.64242953 0.44482285
vt 0.63884354 0.40468770
vt 0.63237542 0.42774230
vt 0.63506418 0.39209217
vt 0.63940483 0.36839652
vt 0.63310307 0.36483669
vt 0.62929153 0.41774577
vt 0.63238364 0.33740848
vt 0.62723738 0.35554194
vt 0.62740034 0.32473546
vt 0.62716919 0.37791753
vt 0.63667971 0.33518076
vt 0.63018209 0.30839121
vt 0.65392709 0.44922495
vt 0.64200234 0.41354537
vt 0.65230733 0.39334130
vt 0.64801306 0.36199164
vt 0.64076173 0.33407116
vt 0.64865625 0.32937193
vt 0.65280050 0.35744470
vt 0.65365648 0.32669896
vt 0.65391433 0.30388546
vt 0.65745050 0.40486443
vt 0.66082460 0.38424087
vt 0.66116089 0.36200744
vt 0.65883780 0.34137350
vt 0.65684307 0.31884259
vt 0.65455747 0.42264831
vt 0.66742057 0.30945265
vt 0.65796161 0.30000627
vt 0.66945028 0.26304352
vt 0.66031021 0.24500477
vt 0.63601720 0.26339412
vt 0.63001102 0.24732548
vt 0.63190246 0.26784527
vt 0.63809794 0.30870473
vt 0.64689130 0.30398136
vt 0.62782902 0.28581822
vt 0.62760246 0.30743712
vt 0.62754709 0.25616634
vt 0.63173097 0.22717881
vt 0.62760222 0.23654228
vt 0.62763369 0.21418279
vt 0.63066560 0.20245928
vt 0.62743998 0.18380523
vt 0.63183087 0.15274549
vt 0.62782115 0.13976145
vt 0.63389969 0.10724008
vt 0.62798625 0.10405254
vt 0.63104367 0.06972229
vt 0.63657832 0.07141346
vt 0.65036714 0.07556117
vt 0.66952944 0.07076788
vt 0.66293645 0.05609018
vt 0.65371406 0.05474442
vt 0.64887094 0.05551559
vt 0.66992855 0.05598408
vt 0.67977613 0.06668127
vt 0.68174434 0.07922518
vt 0.65507090 0.16299921
vt 0.65342283 0.18674636
vt 0.64665484 0.20146638
vt 0.68281549 0.10374725
vt 0.69004685 0.07299602
vt 0.68079072 0.05606651
vt 0.69132924 0.05663627
vt 0.70057279 0.06405360
vt 0.70542258 0.05641454
vt 0.69714302 0.09955543
vt 0.69660813 0.07335567
vt 0.70664835 0.07459795
vt 0.71580589 0.08174706
vt 0.71475840 0.07022446
vt 0.72919601 0.05815005
vt 0.71780497 0.05799687
vt 0.74628133 0.06623131
vt 0.74952239 0.05717903
vt 0.76218879 0.05823851
vt 0.77801698 0.05644512
vt 0.68706858 0.26632094
vt 0.70756590 0.28040361
vt 0.70824093 0.29998231
vt 0.70829010 0.30796087
vt 0.70858026 0.32680923
vt 0.69439703 0.34418190
vt 0.68584812 0.34807497
vt 0.68788087 0.36823416
vt 0.69310021 0.36471838
vt 0.70961666 0.34104633
vt 0.71278298 0.26479775
vt 0.76281101 0.14568561
vt 0.76898068 0.14754462
vt 0.78563607 0.15218329
vt 0.79281622 0.15786666
vt 0.79508936 0.13016433
vt 0.78038496 0.11715198
vt 0.79459292 0.10762340
vt 0.78770489 0.12048316
vt 0.78462541 0.09530371
vt 0.76940030 0.12679690
vt 0.80134833 0.09325981
vt 0.81120962 0.07675505
vt 0.82166934 0.07877624
vt 0.82339066 0.07148856
vt 0.83887511 0.05894411
vt 0.82055724 0.06473929
vt 0.85940987 0.06791300
vt 0.87916946 0.06513852
vt 0.86661452 0.05657560
vt 0.87725133 0.05622536
vt 0.90115297 0.06385952
vt 0.88623786 0.05645239
vt 0.90962440 0.07676822
vt 0.90860868 0.05554241
vt 0.87688792 0.12806869
vt 0.86624330 0.15385914
vt 0.80997783 0.20961100
vt 0.79017901 0.21127224
vt 0.79010272 0.19612437
vt 0.78022975 0.21648514
vt 0.76926953 0.20864439
vt 0.76818609 0.21905625
vt 0.77951342 0.22788054
vt 0.76975268 0.23743200
vt 0.77582908 0.29200345
vt 0.79100960 0.29731405
vt 0.79493833 0.30587888
vt 0.78516155 0.31256324
vt 0.79023898 0.33253682
vt 0.79603916 0.36899930
vt 0.78732717 0.34927154
vt 0.78617525 0.36505061
vt 0.79235458 0.37509251
vt 0.78489172 0.37878156
vt 0.79108745 0.40086675
vt 0.77349049 0.30440629
vt 0.80518264 0.27922392
vt 0.81726307 0.28216648
vt 0.82091051 0.29105914
vt 0.82054120 0.29895979
vt 0.83686268 0.28685212
vt 0.85558718 0.25460398
vt 0.86797297 0.20586485
vt 0.87519372 0.19404334
vt 0.91685528 0.07774341
vt 0.92046255 0.05930495
vt 0.92529392 0.07360375
vt 0.94035000 0.07455152
vt 0.95910728 0.07507294
vt 0.96099937 0.05612648
vt 0.95167291 0.05641586
vt 0.94867682 0.06638813
vt 0.94028926 0.05651313
vt 0.97579104 0.18309724
vt 0.97565114 0.22604012
vt 0.97700721 0.26029372
vt 0.97000259 0.25880802
vt 0.95240349 0.24090958
vt 0.88622797 0.31762111
vt 0.88699621 0.33007306
vt 0.88986546 0.35908258
vt 0.89410263 0.38921565
vt 0.88503176 0.37747002
vt 0.81345648 0.47306556
vt 0.81408900 0.49518645
vt 0.81498688 0.50730795
vt 0.79651845 0.45459914
vt 0.80546111 0.47780788
vt 0.79506189 0.46516800
vt 0.78764695 0.47943521
vt 0.78562146 0.49222231
vt 0.80453110 0.49447680
vt 0.79585630 0.44382823
vt 0.69533485 0.47566801
vt 0.68841618 0.47106636
vt 0.68929785 0.49219882
vt 0.69562745 0.49841213
vt 0.68385202 0.49071431
vt 0.68068111 0.47150695
vt 0.67591798 0.42788410
vt 0.68215442 0.43103004
vt 0.68439424 0.51228464
vt 0.70334041 0.43316114
vt 0.71896082 0.40278530
vt 0.72279966 0.37688869
vt 0.72458029 0.36277515
vt 0.73598742 0.35856998
vt 0.73215061 0.37737536
vt 0.74098611 0.36816347
vt 0.74069506 0.39112687
vt 0.76127762 0.38399351
vt 0.77452171 0.40010452
vt 0.77532279 0.38622224
vt 0.77352184 0.37407345
vt 0.78444409 0.39728743
vt 0.76403064 0.36472064
vt 0.77459538 0.36399972
vt 0.77189142 0.34493864
vt 0.75895512 0.34359801
vt 0.74242860 0.34625280
vt 0.77038914 0.32879734
vt 0.77058285 0.31601173
vt 0.76253748 0.29812372
vt 0.72783029 0.48403031
vt 0.73991072 0.47767943
vt 0.75835031 0.48315769
vt 0.75527513 0.49960351
vt 0.77237844 0.47437179
vt 0.75421822 0.52184671
vt 0.76490510 0.52396756
vt 0.75428218 0.54307538
vt 0.74491960 0.55330646
vt 0.74425614 0.52954423
vt 0.73374027 0.53531754
vt 0.74245119 0.56183982
vt 0.79154336 0.49889779
vt 0.85412192 0.50778139
vt 0.86228561 0.49920046
vt 0.85253936 0.52274054
vt 0.87726319 0.48539168
vt 0.88013327 0.39059144
vt 0.87742168 0.36523926
vt 0.87681478 0.34634113
vt 0.87834239 0.33325231
vt 0.63244170 0.66299671
vt 0.63573080 0.05596036
vt 0.71601677 0.66698372
vt 0.62717968 0.42923832
vt 0.62706572 0.60710216
vt 0.62699151 0.62814677
vt 0.62710029 0.64750302
vt 0.62695855 0.56446332
vt 0.62692738 0.51941466
vt 0.62709326 0.48529792
vt 0.85351759 0.05644488
vt 0.62804669 0.07732362
vt 0.82863468 0.05664068
vt 0.92850697 0.05603671
vt 0.62661391 0.06004375
vt 0.62742031 0.05449140
vt 0.69759989 0.66756165
vt 0.63508666 0.67095751
vt 0.62711024 0.66430855
vt 0.62718344 0.67064852
vt 0.81005359 0.05872852
vt 0.81772828 0.05855089
vt 0.93367267 0.05495340
vt 0.65920711 0.66866010
vt 0.67008191 0.66859967
vt 0.90700930 0.05637741
vt 0.97280157 0.05617869
vt 0.97732276 0.05750352
vt 0.91439277 0.05550998
vt 0.80165017 0.06659335
vt 0.79624110 0.05819571
vt 0.79211891 0.06831813
vt 0.78355849 0.05631453
vt 0.97746599 0.07123888
vt 0.97735524 0.14186937
vt 0.78387147 0.66698909
vt 0.80680835 0.66671735
vt 0.97726232 0.17836595
vt 0.97718042 0.22833395
vt 0.97632676 0.66686654
vt 0.87194449 0.66689998
vt 0.86876047 0.66670489
vt 0.83659863 0.05593902
vt 0.83256215 0.66664273
vt 0.82205629 0.66690457
vt 0.97673231 0.53536701
vt 0.97662812 0.56880522
vt 0.97657931 0.60133624
vt 0.80857295 0.05661428
vt 0.71881270 0.05599701
vt 0.74897838 0.05625433
vt 0.62711889 0.13835323
vt 0.62691611 0.11120713
vt 0.62690675 0.08038044
vt 0.79499698 0.05653232
vt 0.88766056 0.66664517
vt 0.90268070 0.66696113
vt 0.91136926 0.66642779
vt 0.62642413 0.37669778
vt 0.76215023 0.05637842
vt 0.81930327 0.05616850
vt 0.94317365 0.05480206
vt 0.96335357 0.05485857
vt 0.97301686 0.05467010
vt 0.85802436 0.05560541
vt 0.63219100 0.05422884
vt 0.88274044 0.05537128
vt 0.90657157 0.05530608
vt 0.66551363 0.05488932
vt 0.86179453 0.05538416
vt 0.62627554 0.50979584
vt 0.67744267 0.66851628
vt 0.62637985 0.48114067
vt 0.62649351 0.43169343
vt 0.62629539 0.55201870
vt 0.97693568 0.05459291
vt 0.76466173 0.66718614
vt 0.85814440 0.66707736
vt 0.62635189 0.60184997
vt 0.62631774 0.62278563
vt 0.62657547 0.64599305
vt 0.68516755 0.66763324
vt 0.84153962 0.05572098
vt 0.62674278 0.31433117
vt 0.62676066 0.24292684
vt 0.62671554 0.20046020
vt 0.68526489 0.66821212
vt 0.62717909 0.67213929
vt 0.74709654 0.66726297
vt 0.70745474 0.05547750
vt 0.68920255 0.05524510
vt 0.68303496 0.05513483
vt 0.70987761 0.66743773
vt 0.62650239 0.66283983
vt 0.97661698 0.66746181
vt 0.62679082 0.27958155
vt 0.62667888 0.14744759
vt 0.72200918 0.05551946
vt 0.76333153 0.05571234
vt 0.77988964 0.05578923
vt 0.77975225 0.66751361
vt 0.79564327 0.05598193
vt 0.62653780 0.67142099
vt 0.66158849 0.66932750
vt 0.97724313 0.66520667
vt 0.80433488 0.66729558
vt 0.74936378 0.05560172
vt 0.81088012 0.05612266
vt 0.97746599 0.65575737
vt 0.31587619 0.10352921
vt 0.29619989 0.11217701
vt 0.29876450 0.09421778
vt 0.28103361 0.09587491
vt 0.28976250 0.08394444
vt 0.26546770 0.10027897
vt 0.28166983 0.11172420
vt 0.25014433 0.11426383
vt 0.24295862 0.09983504
vt 0.25169918 0.08732659
vt 0.27035961 0.07961553
vt 0.22624266 0.09104836
vt 0.22100171 0.10443151
vt 0.21193446 0.08850145
vt 0.18669547 0.10487145
vt 0.22507782 0.11369807
vt 0.23963834 0.10995960
vt 0.22874682 0.12392730
vt 0.19228357 0.11603987
vt 0.18714575 0.12898546
vt 0.23023430 0.12913311
vt 0.24715216 0.12501806
vt 0.24787799 0.12907463
vt 0.28151944 0.12974608
vt 0.30298543 0.12454927
vt 0.32139578 0.11377448
vt 0.30423295 0.12995380
vt 0.32161301 0.12998009
vt 0.33935755 0.12974417
vt 0.23585947 0.08094466
vt 0.33437389 0.09917808
vt 0.31713778 0.08861482
vt 0.30562952 0.06948626
vt 0.25896952 0.07278419
vt 0.20311913 0.05887973
vt 0.20693110 0.07688773
vt 0.19275907 0.06938297
vt 0.17574075 0.07159042
vt 0.15480065 0.07840985
vt 0.17826802 0.06107062
vt 0.13851950 0.08993363
vt 0.13603368 0.08361578
vt 0.13698533 0.07286662
vt 0.11249924 0.08547443
vt 0.10712142 0.07992780
vt 0.10480433 0.06851733
vt 0.08558758 0.07522416
vt 0.08675654 0.08725965
vt 0.12621354 0.05956674
vt 0.10359385 0.09569579
vt 0.12989846 0.09879375
vt 0.12252139 0.11361349
vt 0.14812660 0.10367119
vt 0.15318719 0.11677766
vt 0.16260892 0.10244906
vt 0.19089063 0.07949609
vt 0.18379998 0.09313345
vt 0.17431636 0.08267099
vt 0.16767775 0.12951481
vt 0.10526346 0.12556821
vt 0.10412434 0.11409342
vt 0.09030139 0.12028140
vt 0.06747381 0.12462950
vt 0.06003576 0.08836603
vt 0.06916608 0.10156465
vt 0.04684022 0.10534072
vt 0.04206561 0.08847672
vt 0.03695045 0.09996951
vt 0.07852139 0.07764113
vt 0.05767984 0.05404854
vt 0.07272139 0.06347531
vt 0.05509273 0.07234746
vt 0.10080343 0.05253136
vt 0.14096145 0.06106043
vt 0.20183481 0.04383969
vt 0.18217644 0.05214506
vt 0.17273246 0.04378039
vt 0.22388370 0.05981761
vt 0.24594150 0.06620193
vt 0.24164717 0.05724007
vt 0.25814885 0.04541457
vt 0.27175283 0.06289107
vt 0.30687544 0.05378079
vt 0.31680819 0.06398261
vt 0.28990149 0.06539088
vt 0.33986783 0.06490153
vt 0.33344740 0.05462229
vt 0.41567114 0.05379593
vt 0.38811189 0.06202954
vt 0.39984101 0.05356205
vt 0.45264107 0.06133169
vt 0.43946812 0.06548822
vt 0.44482994 0.04569870
vt 0.46578845 0.04544783
vt 0.47929117 0.05829918
vt 0.47977638 0.06531870
vt 0.50651348 0.07874900
vt 0.50399804 0.06422025
vt 0.52216822 0.07671070
vt 0.51911718 0.08977628
vt 0.50506735 0.09057426
vt 0.48603889 0.08546436
vt 0.46134311 0.07300770
vt 0.45110089 0.07915378
vt 0.41954249 0.07159925
vt 0.44629130 0.08720553
vt 0.46651629 0.10184598
vt 0.44678518 0.10190129
vt 0.42365310 0.09133965
vt 0.41510549 0.10399455
vt 0.43368578 0.10648894
vt 0.45012701 0.11495346
vt 0.39957818 0.11372453
vt 0.40487894 0.09443134
vt 0.46823338 0.11478108
vt 0.48831898 0.11229044
vt 0.49068409 0.09917271
vt 0.51065964 0.11457986
vt 0.53358150 0.11230671
vt 0.53914624 0.09602690
vt 0.54079539 0.08658546
vt 0.55011350 0.10598570
vt 0.54044747 0.07362127
vt 0.54904747 0.07428229
vt 0.55108219 0.08570993
vt 0.48993871 0.04600167
vt 0.51630461 0.05040640
vt 0.53198069 0.05051255
vt 0.54013640 0.06358927
vt 0.55623072 0.07140011
vt 0.40947381 0.06711257
vt 0.42658740 0.06154287
vt 0.36968198 0.09080791
vt 0.38194224 0.11339819
vt 0.36537713 0.10526133
vt 0.34956342 0.11275131
vt 0.40121049 0.08660877
vt 0.38185462 0.07543623
vt 0.35384548 0.06962776
vt 0.33920631 0.08487791
vt 0.33414480 0.07747364
vt 0.35111135 0.09502614
vt 0.35531449 0.12110871
vt 0.35624543 0.13094431
vt 0.40076163 0.12478244
vt 0.39290574 0.13178170
vt 0.38143075 0.12897950
vt 0.37143898 0.13488126
vt 0.41208276 0.12913883
vt 0.42190707 0.11701936
vt 0.42869949 0.12520742
vt 0.50411785 0.12573642
vt 0.47682512 0.12793148
vt 0.48254025 0.11983204
vt 0.45671237 0.12638271
vt 0.53583288 0.12464917
vt 0.54923010 0.11650336
vt 0.55997533 0.11873502
vt 0.56107259 0.10614902
vt 0.43004984 0.04155022
vt 0.46203858 0.04135537
vt 0.48267728 0.04139149
vt 0.52571237 0.04143089
vt 0.41348863 0.04171658
vt 0.39791363 0.04189432
vt 0.38265926 0.04129690
vt 0.36140612 0.04231042
vt 0.35869268 0.06417221
vt 0.34661722 0.04202300
vt 0.33176109 0.04211766
vt 0.31873378 0.04199672
vt 0.27701709 0.04176301
vt 0.26621899 0.03964818
vt 0.25294104 0.03963107
vt 0.23174833 0.04413837
vt 0.15665397 0.04382229
vt 0.13763189 0.04406935
vt 0.12102428 0.04531449
vt 0.09876385 0.04410696
vt 0.07727730 0.04450375
vt 0.05466203 0.04156607
vt 0.04638984 0.05067021
vt 0.04256789 0.04121363
vt 0.04299818 0.07042134
vt 0.03570745 0.06037223
vt 0.03571694 0.04688853
vt 0.03676087 0.07203352
vt 0.05011682 0.08354551
vt 0.08290169 0.11297888
vt 0.05785511 0.11411381
vt 0.04121066 0.11237603
vt 0.05275191 0.12924385
vt 0.04079190 0.12384564
vt 0.03604861 0.12367398
vt 0.03709070 0.10591555
vt 0.07041571 0.12941229
vt 0.10262623 0.12992060
vt 0.13943817 0.12932003
vt 0.22630225 0.07227331
vt 0.31655434 0.07675046
vt 0.03675849 0.08800888
vt 0.23155566 0.04124045
vt 0.09544543 0.04140991
vt 0.07398458 0.04137105
vt 0.13279355 0.04130590
vt 0.16728072 0.04134530
vt 0.19626981 0.04121768
vt 0.55113220 0.09508002
vt 0.52765489 0.04412270
vt 0.03712462 0.12953234
vt 0.55814707 0.08595490
vt 0.55973130 0.10047007
vt 0.56127179 0.09068686
vt 0.56128913 0.07415974
vt 0.04542035 0.13094074
vt 0.54421461 0.04113424
vt 0.54652685 0.04704338
vt 0.54364073 0.04006481
vt 0.30622971 0.13443017
vt 0.28180256 0.13434815
vt 0.25150362 0.13430703
vt 0.23179559 0.13589984
vt 0.21673086 0.13425189
vt 0.19421616 0.13439649
vt 0.17034589 0.13432884
vt 0.14569862 0.13445187
vt 0.12650219 0.13448977
vt 0.09707988 0.13418591
vt 0.07618269 0.13483155
vt 0.06255861 0.13452244
vt 0.34828356 0.13490438
vt 0.33087510 0.13494539
vt 0.29242143 0.13593912
vt 0.26992625 0.13601184
vt 0.09592049 0.13535094
vt 0.22047953 0.13594508
vt 0.19463220 0.13602006
vt 0.17384696 0.13609940
vt 0.15091264 0.13616467
vt 0.12994103 0.13623154
vt 0.25666440 0.13585031
vt 0.05619316 0.13631260
vt 0.31681129 0.13597393
vt 0.33006138 0.13595670
vt 0.56131721 0.11716950
vt 0.04386722 0.04036850
vt 0.06162504 0.04007125
vt 0.08283152 0.13633496
vt 0.55451006 0.04132265
vt 0.55635518 0.05575365
vt 0.56136250 0.04247367
vt 0.56119716 0.06539047
vt 0.23272030 0.03959280
vt 0.19649701 0.03960121
vt 0.16855250 0.03979176
vt 0.14909971 0.03975642
vt 0.55960345 0.13106012
vt 0.55249947 0.13276780
vt 0.54726613 0.12490034
vt 0.54922843 0.13506573
vt 0.27993283 0.03958464
vt 0.29887080 0.04132789
vt 0.31698957 0.03974313
vt 0.33025497 0.03956169
vt 0.34277534 0.03946149
vt 0.51887757 0.13012129
vt 0.47816196 0.13146436
vt 0.45572272 0.13212955
vt 0.42877585 0.13203156
vt 0.40561748 0.13262391
vt 0.39401656 0.13493651
vt 0.53325069 0.13492358
vt 0.56090385 0.10136837
vt 0.37816596 0.03949279
vt 0.39867452 0.03953183
vt 0.41093770 0.03949285
vt 0.03575287 0.13454115
vt 0.03549265 0.04164255
vt 0.56159621 0.12572885
vt 0.04494205 0.13515568
vt 0.04581252 0.13641375
vt 0.45211896 0.03954804
vt 0.47776639 0.03962779
vt 0.42851350 0.03952074
vt 0.50606918 0.03968346
vt 0.03566995 0.07658279
vt 0.03586567 0.10258776
vt 0.03586820 0.10903537
vt 0.49926633 0.13499701
vt 0.46208948 0.13504624
vt 0.40608436 0.13499808
vt 0.42780513 0.13500619
vt 0.56172961 0.13424999
vt 0.55856693 0.03820074
vt 0.10190102 0.13626230
vt 0.55489975 0.13679492
vt 0.11578634 0.03986591
vt 0.56150210 0.03602678
vt 0.55913484 0.03471428
vt 0.56105065 0.03207898
vt 0.53380281 0.03191775
vt 0.52605039 0.03435558
vt 0.54897779 0.03759760
vt 0.49528167 0.03443646
vt 0.48063737 0.03165495
vt 0.46500391 0.03443402
vt 0.43830493 0.03152168
vt 0.43983817 0.03458714
vt 0.40890995 0.03124636
vt 0.41203973 0.03034824
vt 0.46733737 0.03063655
vt 0.50180602 0.03097689
vt 0.54144883 0.03109056
vt 0.38096502 0.03044862
vt 0.37503815 0.03141046
vt 0.35677007 0.03142333
vt 0.34103042 0.03042459
vt 0.32700932 0.03150392
vt 0.34947488 0.03417891
vt 0.31980142 0.03434461
vt 0.29565319 0.03158337
vt 0.30036587 0.03426164
vt 0.26765996 0.03445905
vt 0.27103907 0.03158253
vt 0.24871458 0.03143495
vt 0.23700008 0.03435594
vt 0.19968821 0.03157735
vt 0.19987376 0.03438127
vt 0.15828942 0.03171790
vt 0.16341311 0.03441864
vt 0.13155358 0.03439695
vt 0.11016622 0.03180486
vt 0.09307718 0.03429389
vt 0.07568352 0.03205150
vt 0.07535776 0.03428501
vt 0.04941321 0.03242654
vt 0.04560076 0.03468865
vt 0.04146447 0.03202033
vt 0.03577154 0.03574669
vt 0.03607679 0.03241193
vt 0.39630786 0.03628337
vt 0.37783602 0.03419995
vt 0.28167367 0.03085655
vt 0.32009318 0.03067875
vt 0.25999847 0.03049505
vt 0.21268569 0.03069329
vt 0.17796214 0.03050458
vt 0.40762040 0.03638422
vt 0.43081430 0.03661054
vt 0.45896941 0.03691423
vt 0.47391167 0.03727633
vt 0.50099903 0.03749692
vt 0.52205980 0.03776115
vt 0.41008270 0.03766227
vt 0.03551630 0.12992197
vt 0.54499114 0.03960013
vt 0.03689064 0.03785610
vt 0.04575512 0.03762960
vt 0.52102298 0.03975308
vt 0.37596664 0.03634155
vt 0.35238498 0.03643835
vt 0.31880316 0.03696054
vt 0.29876915 0.03668016
vt 0.26918241 0.03673184
vt 0.25560588 0.03686458
vt 0.23616675 0.03699553
vt 0.20241813 0.03708184
vt 0.07350380 0.03762871
vt 0.09180985 0.03780669
vt 0.16862801 0.03746712
vt 0.12025780 0.03771937
vt 0.14919493 0.03729212
vt 0.09222948 0.03982162
vt 0.56281757 0.13625193
vt 0.56369066 0.14066136
vt 0.55135083 0.13698530
vt 0.55783576 0.13980877
vt 0.56112331 0.14363664
vt 0.56338173 0.14619434
vt 0.55608267 0.14655423
vt 0.54502177 0.14217573
vt 0.54166204 0.14656162
vt 0.52089536 0.14258158
vt 0.52179772 0.14675891
vt 0.49240664 0.14270127
vt 0.50389528 0.14670801
vt 0.49662235 0.14522070
vt 0.46963388 0.14459234
vt 0.51456702 0.13927501
vt 0.47892004 0.13950837
vt 0.45789051 0.13934928
vt 0.46130589 0.14676619
vt 0.45284504 0.14555967
vt 0.43226907 0.13943332
vt 0.43242800 0.14551342
vt 0.40842590 0.13939261
vt 0.42522374 0.14672977
vt 0.40072954 0.14655894
vt 0.39152095 0.13922530
vt 0.39046931 0.14334905
vt 0.36764833 0.13919187
vt 0.35902250 0.14485401
vt 0.34030628 0.13907313
vt 0.33731145 0.14533281
vt 0.36550289 0.14531106
vt 0.32347760 0.14511085
vt 0.32320774 0.13897109
vt 0.30667225 0.13892502
vt 0.30260068 0.14515692
vt 0.28613168 0.14188308
vt 0.25700343 0.14470840
vt 0.26068842 0.13878751
vt 0.23867255 0.13887829
vt 0.21830410 0.14514405
vt 0.21482193 0.13882053
vt 0.19550772 0.13886070
vt 0.23979488 0.14474857
vt 0.19552995 0.14490747
vt 0.05620785 0.13840252
vt 0.05800629 0.14665341
vt 0.04334298 0.14330119
vt 0.08194911 0.13856363
vt 0.08439270 0.14657223
vt 0.09751287 0.13860232
vt 0.11540455 0.14635181
vt 0.12815085 0.13869941
vt 0.14151071 0.14496326
vt 0.16076395 0.14636230
vt 0.16065034 0.13876897
vt 0.16966446 0.14460510
vt 0.04059294 0.14669812
vt 0.04146185 0.13869363
vt 0.03575176 0.13985193
vt 0.03734567 0.14555258
vt 0.35846874 0.14661705
vt 0.31146026 0.14675891
vt 0.19708806 0.14637983
vt 0.22844675 0.14651990
vt 0.53363943 0.13911593
vt 0.25816268 0.14660144
vt 0.54674482 0.13891393
vt 0.21965836 0.13692874
vt 0.24649769 0.13680774
vt 0.26534483 0.13691795
vt 0.33827063 0.13719213
vt 0.19223239 0.13689870
vt 0.30149874 0.13703203
vt 0.39330548 0.13732708
vt 0.41075385 0.13757545
vt 0.36800694 0.13723242
vt 0.14920917 0.13691449
vt 0.42938995 0.13762206
vt 0.45907000 0.13770300
vt 0.09065477 0.13689786
vt 0.06238647 0.13677359
vt 0.12007421 0.13691920
vt 0.54029274 0.13503736
vt 0.47299123 0.13790625
vt 0.49498719 0.13784927
vt 0.51562250 0.13775289
vt 0.53668165 0.13752377
vt 0.03577074 0.14656717
vt 0.56136262 0.03117192
vt 0.03692280 0.13532257
vt 0.14791282 0.03083450
vt 0.12644100 0.03083134
vt 0.03548029 0.03813678
vt 0.04756706 0.13690960
vt 0.53751332 0.13666916
vt 0.50767642 0.03878999
vt 0.56267017 0.13424206
vt 0.03528912 0.05259603
vt 0.49833632 0.13678211
vt 0.04327946 0.03966755
vt 0.13301875 0.03892046
vt 0.07257681 0.03942382
vt 0.10841702 0.03923702
vt 0.08362558 0.03122991
vt 0.46493301 0.13676524
vt 0.42643479 0.13679123
vt 0.39187193 0.03780735
vt 0.36462960 0.03763497
vt 0.34057808 0.03769833
vt 0.04124854 0.03152418
vt 0.56170869 0.07420397
vt 0.03699449 0.13749790
vt 0.03571972 0.12099373
vt 0.03657950 0.13660151
vt 0.56420070 0.14631182
vt 0.37228799 0.32907373
vt 0.35496679 0.33738887
vt 0.33055788 0.32991374
vt 0.34448799 0.32304573
vt 0.30977109 0.32113457
vt 0.34599030 0.31312227
vt 0.37095371 0.30995321
vt 0.34647128 0.30559075
vt 0.36499399 0.29796022
vt 0.32967737 0.29147178
vt 0.36005005 0.29174072
vt 0.39183691 0.29355848
vt 0.38012677 0.28523755
vt 0.41140264 0.28351897
vt 0.39295185 0.27356553
vt 0.41622692 0.27361143
vt 0.44165793 0.27360833
vt 0.42908120 0.28746539
vt 0.40933764 0.29995036
vt 0.43374112 0.30148637
vt 0.44607273 0.29334342
vt 0.45722711 0.28537643
vt 0.44766670 0.27755588
vt 0.47610053 0.27683747
vt 0.48531798 0.28933716
vt 0.50264454 0.27907795
vt 0.52221012 0.29076445
vt 0.52007109 0.28221768
vt 0.52943748 0.28041339
vt 0.52850825 0.29040354
vt 0.47682220 0.29759657
vt 0.51280051 0.29920626
vt 0.52815497 0.30216217
vt 0.51196951 0.30879772
vt 0.48208192 0.30722058
vt 0.50676066 0.32061613
vt 0.48721284 0.32484806
vt 0.43641579 0.31107450
vt 0.45430624 0.30317140
vt 0.50843060 0.33044732
vt 0.52793533 0.32893395
vt 0.52772504 0.33659869
vt 0.50279546 0.34180146
vt 0.46457261 0.32969594
vt 0.46173298 0.31898594
vt 0.44025224 0.32823473
vt 0.42073873 0.32309997
vt 0.41155830 0.30923104
vt 0.38727084 0.30506134
vt 0.40503818 0.31950521
vt 0.38977969 0.32915723
vt 0.37961623 0.31716228
vt 0.40919241 0.33095825
vt 0.43178907 0.34245133
vt 0.39997071 0.34881401
vt 0.38639757 0.34066600
vt 0.36474133 0.34319961
vt 0.45643833 0.33900762
vt 0.47341219 0.34389174
vt 0.43426144 0.35038894
vt 0.46566263 0.35332602
vt 0.50614429 0.35227239
vt 0.52580845 0.35132426
vt 0.52653885 0.34375972
vt 0.52785909 0.31432420
vt 0.36430785 0.27780044
vt 0.34809422 0.27781332
vt 0.31571478 0.28877902
vt 0.32412082 0.27649587
vt 0.30562806 0.27833962
vt 0.28337318 0.27815521
vt 0.27438611 0.28964293
vt 0.26097843 0.28005707
vt 0.26065871 0.29142451
vt 0.22868970 0.28595883
vt 0.21749374 0.27719975
vt 0.23414721 0.27365005
vt 0.19964764 0.27376032
vt 0.19368006 0.27735686
vt 0.21649291 0.29214919
vt 0.18599185 0.28504515
vt 0.16734923 0.27384990
vt 0.14499025 0.28522801
vt 0.15162860 0.27397251
vt 0.12619427 0.27393562
vt 0.09940813 0.28458107
vt 0.11038075 0.27397335
vt 0.08435091 0.27400732
vt 0.07590235 0.28503895
vt 0.03081794 0.28347099
vt 0.05992613 0.27393401
vt 0.03891655 0.27392489
vt 0.02911727 0.27430975
vt 0.05089479 0.29277909
vt 0.03192365 0.29260886
vt 0.06635737 0.29050958
vt 0.07970812 0.30084306
vt 0.08324666 0.30985969
vt 0.05615833 0.31012130
vt 0.03741473 0.31075341
vt 0.02510193 0.29906416
vt 0.02408431 0.29229009
vt 0.02400738 0.28387702
vt 0.07475234 0.32094508
vt 0.02803158 0.32812202
vt 0.02471334 0.31552303
vt 0.02485741 0.30859119
vt 0.02487172 0.32583690
vt 0.05594732 0.33162475
vt 0.03361389 0.34290415
vt 0.06037811 0.34290087
vt 0.03590591 0.35206568
vt 0.06236172 0.35262632
vt 0.08720867 0.35079938
vt 0.07755509 0.33504164
vt 0.09457511 0.32871163
vt 0.10251697 0.34019744
vt 0.10772103 0.35518092
vt 0.08971705 0.35570526
vt 0.06087755 0.35576856
vt 0.03771907 0.35635960
vt 0.11434407 0.35193688
vt 0.12765786 0.35935175
vt 0.14327486 0.35172641
vt 0.14822803 0.35919023
vt 0.16794565 0.35363400
vt 0.12440576 0.34063303
vt 0.13845851 0.33191919
vt 0.11612206 0.32723963
vt 0.10199905 0.31815326
vt 0.11902022 0.30535537
vt 0.09880051 0.30205989
vt 0.10873776 0.29312944
vt 0.14152893 0.31034935
vt 0.14592768 0.29813504
vt 0.16787577 0.29343277
vt 0.16774219 0.30182600
vt 0.17969896 0.31282592
vt 0.19628514 0.30316544
vt 0.22701606 0.30152273
vt 0.24518861 0.29510683
vt 0.23451152 0.31263196
vt 0.21801446 0.31079328
vt 0.21755305 0.32107538
vt 0.20342161 0.33041549
vt 0.17871673 0.32312477
vt 0.15144928 0.32070243
vt 0.16187643 0.33264601
vt 0.12639497 0.32237411
vt 0.18473746 0.33072162
vt 0.22933397 0.33087105
vt 0.24238978 0.32528806
vt 0.25132480 0.31370586
vt 0.27101490 0.31954277
vt 0.27477565 0.30478299
vt 0.28950047 0.31281191
vt 0.28820401 0.33005416
vt 0.26165479 0.32977140
vt 0.30776140 0.31012052
vt 0.30099946 0.29287755
vt 0.32214171 0.30447447
vt 0.31224513 0.29339647
vt 0.17440470 0.34088713
vt 0.18850221 0.34235746
vt 0.18112142 0.35507363
vt 0.17712951 0.35919982
vt 0.19914845 0.35381353
vt 0.20236990 0.35925072
vt 0.20248802 0.34379798
vt 0.21327198 0.35439098
vt 0.23516586 0.34835708
vt 0.23479857 0.33801204
vt 0.25554672 0.34132856
vt 0.30038840 0.34123611
vt 0.22946852 0.35919446
vt 0.24957822 0.35572410
vt 0.26232690 0.35598034
vt 0.27781796 0.35608947
vt 0.28294712 0.34446204
vt 0.29815960 0.35582244
vt 0.31443691 0.35584211
vt 0.32707566 0.34045398
vt 0.33791462 0.35100162
vt 0.34139886 0.35532838
vt 0.36370525 0.35248303
vt 0.36614227 0.35515714
vt 0.48438677 0.35407799
vt 0.03850017 0.36112511
vt 0.33165962 0.35906446
vt 0.08827945 0.35934693
vt 0.05489058 0.35937440
vt 0.11075898 0.35925400
vt 0.51941204 0.35837209
vt 0.52635247 0.36129934
vt 0.48304349 0.27361953
vt 0.51954788 0.27348620
vt 0.52444625 0.27368367
vt 0.02414442 0.34977186
vt 0.02482302 0.33897227
vt 0.02417349 0.32954967
vt 0.02686412 0.35857165
vt 0.02640278 0.36172903
vt 0.50313956 0.36101007
vt 0.48327601 0.36094332
vt 0.46388587 0.36094248
vt 0.42769149 0.35520792
vt 0.39821899 0.35891294
vt 0.40078834 0.35539913
vt 0.44400814 0.36086535
vt 0.42674339 0.36107767
vt 0.36596069 0.36062980
vt 0.32816404 0.36079228
vt 0.38076663 0.36036849
vt 0.02411831 0.30535704
vt 0.34661439 0.27357489
vt 0.32548392 0.27363861
vt 0.30080667 0.27342045
vt 0.26562247 0.27360392
vt 0.36855540 0.27364743
vt 0.02439953 0.36167884
vt 0.24720985 0.36098647
vt 0.25809872 0.36119801
vt 0.30136099 0.36109579
vt 0.27836218 0.36113048
vt 0.51821160 0.36101699
vt 0.09812474 0.36136663
vt 0.05362950 0.36136520
vt 0.39770198 0.36163700
vt 0.52776074 0.35254955
vt 0.20134833 0.36107874
vt 0.52845359 0.35695934
vt 0.22583228 0.36099982
vt 0.14939645 0.36107659
vt 0.11840584 0.36120808
vt 0.18068722 0.36115944
vt 0.52967745 0.27666056
vt 0.02483892 0.27900946
vt 0.02370259 0.27316964
vt 0.52952403 0.29004848
vt 0.52910060 0.30287790
vt 0.53044701 0.27263713
vt 0.05505612 0.27182025
vt 0.08569057 0.27171648
vt 0.12028505 0.27166426
vt 0.27012315 0.27157271
vt 0.31009859 0.27131569
vt 0.24742952 0.27149236
vt 0.52882695 0.31690454
vt 0.02413792 0.29880488
vt 0.02701547 0.27195776
vt 0.02412839 0.31774539
vt 0.17738067 0.27159441
vt 0.14276882 0.27166224
vt 0.21085995 0.27166116
vt 0.22918183 0.27161419
vt 0.52803296 0.36107433
vt 0.32792804 0.27127218
vt 0.45730093 0.36203128
vt 0.49159142 0.36217165
vt 0.53103739 0.27275056
vt 0.38657111 0.36172193
vt 0.37730160 0.36153841
vt 0.02515949 0.36268657
vt 0.36451602 0.27142584
vt 0.34124419 0.27121937
vt 0.39285827 0.27126932
vt 0.48263800 0.27147156
vt 0.44978431 0.27135897
vt 0.50690228 0.27144802
vt 0.41998535 0.27129900
vt 0.52331704 0.27141047
vt 0.52698916 0.27299696
vt 0.42247966 0.36181951
vt 0.25584263 0.36196518
vt 0.04436721 0.36221665
vt 0.03148758 0.36248213
vt 0.02397625 0.27899796
vt 0.10391394 0.36212140
vt 0.29996440 0.36201590
vt 0.51985496 0.36208808
vt 0.32929054 0.36133605
vt 0.34969279 0.36152542
vt 0.23646893 0.36160564
vt 0.21839289 0.36165047
vt 0.02415447 0.33889186
vt 0.52887869 0.32843721
vt 0.53096199 0.27783221
vt 0.52903777 0.31401038
vt 0.20251024 0.36168730
vt 0.52802676 0.27145410
vt 0.02397285 0.35502654
vt 0.02338435 0.36170262
vt 0.53073990 0.28239495
vt 0.52855968 0.34079587
vt 0.27674779 0.27024531
vt 0.25340751 0.27003765
vt 0.30822602 0.26995277
vt 0.12493445 0.36188352
vt 0.52614886 0.36248207
vt 0.52834582 0.36215985
vt 0.31876996 0.26821458
vt 0.22528860 0.27016938
vt 0.28324977 0.26847744
vt 0.25509572 0.26847631
vt 0.18465130 0.26983631
vt 0.21212094 0.27006477
vt 0.15540911 0.26971942
vt 0.30876702 0.26846778
vt 0.31233889 0.26722842
vt 0.32004258 0.26697701
vt 0.06021515 0.26941395
vt 0.40303603 0.26954162
vt 0.24552946 0.26833618
vt 0.07927266 0.26959491
vt 0.09579028 0.26982158
vt 0.27982840 0.26725984
vt 0.33273956 0.26810700
vt 0.34707880 0.26662803
vt 0.18235733 0.36173975
vt 0.21399885 0.26817930
vt 0.36615556 0.26981199
vt 0.37691066 0.26962864
vt 0.38884526 0.26957083
vt 0.14264578 0.26998675
vt 0.12574814 0.26966560
vt 0.11538567 0.26991868
vt 0.34744126 0.26782668
vt 0.34856957 0.26681161
vt 0.36996314 0.26656747
vt 0.53016394 0.29352784
vt 0.04910744 0.27017742
vt 0.15875104 0.36211157
vt 0.25337502 0.26723552
vt 0.24422833 0.26698935
vt 0.21415862 0.26699138
vt 0.41988796 0.26955891
vt 0.44687003 0.26962686
vt 0.52871490 0.35254955
vt 0.21274537 0.26709616
vt 0.02970050 0.26930588
vt 0.02633266 0.26922178
vt 0.02477064 0.26878560
vt 0.19069512 0.26677001
vt 0.53012371 0.30472195
vt 0.48043236 0.26940429
vt 0.37890202 0.26645756
vt 0.17206274 0.26670778
vt 0.17739522 0.26643717
vt 0.14863272 0.26646191
vt 0.14165172 0.26678026
vt 0.13327199 0.26640403
vt 0.12566260 0.26674259
vt 0.12214631 0.26648617
vt 0.11000422 0.26677048
vt 0.10284906 0.26624852
vt 0.07708221 0.26667619
vt 0.05841276 0.26667690
vt 0.07063825 0.26612961
vt 0.04168358 0.26617825
vt 0.04526398 0.26690847
vt 0.02653418 0.26645994
vt 0.02670840 0.26547331
vt 0.08496447 0.26624960
vt 0.48951742 0.26933831
vt 0.51915669 0.26948529
vt 0.52848959 0.26928449
vt 0.40686470 0.26640028
vt 0.44494811 0.26648664
vt 0.42478988 0.26607418
vt 0.44480029 0.26601565
vt 0.45510864 0.26647449
vt 0.40975013 0.26605463
vt 0.39027205 0.26638591
vt 0.45882764 0.26572090
vt 0.47907168 0.26654303
vt 0.38982493 0.26599103
vt 0.48553342 0.26584089
vt 0.49397570 0.26648474
vt 0.50720727 0.26590335
vt 0.51347429 0.26668608
vt 0.52356732 0.26566732
vt 0.52402884 0.26623809
vt 0.52520972 0.26517415
vt 0.51982647 0.26773322
vt 0.02463694 0.26688117
vt 0.52840030 0.26707727
vt 0.53025442 0.26774240
vt 0.53038013 0.26896930
vt 0.41085780 0.86700010
vt 0.39389738 0.86792439
vt 0.40151095 0.86619151
vt 0.40478951 0.90750897
vt 0.39774668 0.90505725
vt 0.40222538 0.87110478
vt 0.38855925 0.88840061
vt 0.37511382 0.87174731
vt 0.37249035 0.88769948
vt 0.34211284 0.88418585
vt 0.35316056 0.87168121
vt 0.35972652 0.89578927
vt 0.33843142 0.91235757
vt 0.31748199 0.88694960
vt 0.32198197 0.91349298
vt 0.30979005 0.90236044
vt 0.30585790 0.89111108
vt 0.30180088 0.88055420
vt 0.27906036 0.87849253
vt 0.27313721 0.88923645
vt 0.23312861 0.88505173
vt 0.25471649 0.89498538
vt 0.22681743 0.89143521
vt 0.20271055 0.87745202
vt 0.20869903 0.89515454
vt 0.19140434 0.88558751
vt 0.19533375 0.87602443
vt 0.19195029 0.89740497
vt 0.19383287 0.91508186
vt 0.19795969 0.94513237
vt 0.19384469 0.93488044
vt 0.21227212 0.93370152
vt 0.22738793 0.91898590
vt 0.24548981 0.92148101
vt 0.24874052 0.95155090
vt 0.21349558 0.95269746
vt 0.25813729 0.92746794
vt 0.26220441 0.91135329
vt 0.28378156 0.89886773
vt 0.28428531 0.92724973
vt 0.29416645 0.91193551
vt 0.29583490 0.90047538
vt 0.30679572 0.92152762
vt 0.29187676 0.94291925
vt 0.26775205 0.94531035
vt 0.27932930 0.95874608
vt 0.29179814 0.95543087
vt 0.30505487 0.95500809
vt 0.31113034 0.94190162
vt 0.32373831 0.96038663
vt 0.33203918 0.95676416
vt 0.32538152 0.93457198
vt 0.33934331 0.93977082
vt 0.36284506 0.93670017
vt 0.36622226 0.91276085
vt 0.38148382 0.92667371
vt 0.38707212 0.90732968
vt 0.38256815 0.93893313
vt 0.39906186 0.93528914
vt 0.39401713 0.95826209
vt 0.37707052 0.95765573
vt 0.35911551 0.95686781
vt 0.35157835 0.96754766
vt 0.33191666 0.96860242
vt 0.35017401 0.96963429
vt 0.36739498 0.96661377
vt 0.31253928 0.96060914
vt 0.20005450 0.95703888
vt 0.20383854 0.96256405
vt 0.21216619 0.96306074
vt 0.42831397 0.89352638
vt 0.41973239 0.90080112
vt 0.41268685 0.88412517
vt 0.44447118 0.91874164
vt 0.42009321 0.92038083
vt 0.40789470 0.93832409
vt 0.42604247 0.93859935
vt 0.44252595 0.94582891
vt 0.42511913 0.95130581
vt 0.42958629 0.96270818
vt 0.42951074 0.88251197
vt 0.42376679 0.86800420
vt 0.45246097 0.87564242
vt 0.45296991 0.89979923
vt 0.45838845 0.92535067
vt 0.46754226 0.95080042
vt 0.47178194 0.90664333
vt 0.48339963 0.91597229
vt 0.49569380 0.89860243
vt 0.49249303 0.92377317
vt 0.50864530 0.91207343
vt 0.51756722 0.88681209
vt 0.51189321 0.94737571
vt 0.50178277 0.93124372
vt 0.48549891 0.95495814
vt 0.50896949 0.95989072
vt 0.52452672 0.95825648
vt 0.52256793 0.96707523
vt 0.48004803 0.96838140
vt 0.46416250 0.96393985
vt 0.52413988 0.92551893
vt 0.52588421 0.88729072
vt 0.46833509 0.88466722
vt 0.51460630 0.87384176
vt 0.48396695 0.87580043
vt 0.49506664 0.87167174
vt 0.48345232 0.87068611
vt 0.47131419 0.87230283
vt 0.45661974 0.87077123
vt 0.53108847 0.87560326
vt 0.45183656 0.96866280
vt 0.44569388 0.96748340
vt 0.38367814 0.87043774
vt 0.42794710 0.96912938
vt 0.41864270 0.96827626
vt 0.40882543 0.96767443
vt 0.40433213 0.96951050
vt 0.38540182 0.96794182
vt 0.37340352 0.96700245
vt 0.43866476 0.86924535
vt 0.42813197 0.86832756
vt 0.22010767 0.96245879
vt 0.25929290 0.96107447
vt 0.25741443 0.96931320
vt 0.26318029 0.96728057
vt 0.22357196 0.96645963
vt 0.53059250 0.87247539
vt 0.51262951 0.87111211
vt 0.47075772 0.97012502
vt 0.45970589 0.96927595
vt 0.25311148 0.87813479
vt 0.23062627 0.87870258
vt 0.26619020 0.87249619
vt 0.27953318 0.87315589
vt 0.29079396 0.87292004
vt 0.30353135 0.87632346
vt 0.31815064 0.87809598
vt 0.34017473 0.87549698
vt 0.35663864 0.96804512
vt 0.24921168 0.87313801
vt 0.21968229 0.87113929
vt 0.21106625 0.87297648
vt 0.22453822 0.87110263
vt 0.25323021 0.87065119
vt 0.19735451 0.87380147
vt 0.29992887 0.96862978
vt 0.31441933 0.96936220
vt 0.24348824 0.87016094
vt 0.23641866 0.86965489
vt 0.22700220 0.86917430
vt 0.19147009 0.91628808
vt 0.18994235 0.90471119
vt 0.18892525 0.89551502
vt 0.19293872 0.92846107
vt 0.44380915 0.97033554
vt 0.19608511 0.95441550
vt 0.19548206 0.94959342
vt 0.19442342 0.94131923
vt 0.18736729 0.88486588
vt 0.27962592 0.96872801
vt 0.29506090 0.97014570
vt 0.36874801 0.86834830
vt 0.37250677 0.86852336
vt 0.38609374 0.86740166
vt 0.35641339 0.86756021
vt 0.35116115 0.86929798
vt 0.34205094 0.86860955
vt 0.33284977 0.87013465
vt 0.33565408 0.86807173
vt 0.32439372 0.87470961
vt 0.50216496 0.96565729
vt 0.48823932 0.96656609
vt 0.53239703 0.88579237
vt 0.52809966 0.89876455
vt 0.53003073 0.92552388
vt 0.53192151 0.89570236
vt 0.52931690 0.94203663
vt 0.53079253 0.95381731
vt 0.53438747 0.94679362
vt 0.53332466 0.96712571
vt 0.19233313 0.87340426
vt 0.47685352 0.97044963
vt 0.30394521 0.87025315
vt 0.28718910 0.86918974
vt 0.27676153 0.87063378
vt 0.26801249 0.87026477
vt 0.24744187 0.86845517
vt 0.18671060 0.87969965
vt 0.19078995 0.87560385
vt 0.26709998 0.96983880
vt 0.48548511 0.96886200
vt 0.46849227 0.86942649
vt 0.19631922 0.96023417
vt 0.20054549 0.96259797
vt 0.26170403 0.86937970
vt 0.35552013 0.97009534
vt 0.36698550 0.96877807
vt 0.32862470 0.86761051
vt 0.53358066 0.93806255
vt 0.53197658 0.93175858
vt 0.53364927 0.90345210
vt 0.32554537 0.86954033
vt 0.31840929 0.87138760
vt 0.30665624 0.97109729
vt 0.34502131 0.86674684
vt 0.37945834 0.86678219
vt 0.33387679 0.97081512
vt 0.33769819 0.97091013
vt 0.49488825 0.96741456
vt 0.51868558 0.96918249
vt 0.41525874 0.97038561
vt 0.27707970 0.97043550
vt 0.39195585 0.86551803
vt 0.53560871 0.96494085
vt 0.23764017 0.96931392
vt 0.21770132 0.96793008
vt 0.25489557 0.97065389
vt 0.53323025 0.87307507
vt 0.53446668 0.94948757
vt 0.53478867 0.95728803
vt 0.49484742 0.96967155
vt 0.45421791 0.86816013
vt 0.49783555 0.86981267
vt 0.22231929 0.86908007
vt 0.37273982 0.86674827
vt 0.20813866 0.96522337
vt 0.48539215 0.86883825
vt 0.26427454 0.97117358
vt 0.18579932 0.87310940
vt 0.18728516 0.87221974
vt 0.45296422 0.97105414
vt 0.45542255 0.97119874
vt 0.23714660 0.86774528
vt 0.27671060 0.86873055
vt 0.38029841 0.86595756
vt 0.38497743 0.86605626
vt 0.52659398 0.96916205
vt 0.31468832 0.86862308
vt 0.28972563 0.97123820
vt 0.53519350 0.96932745
vt 0.46429729 0.97149408
vt 0.43980178 0.86696470
vt 0.53445154 0.89239430
vt 0.53439838 0.88371301
vt 0.31293842 0.97131324
vt 0.32046410 0.97160262
vt 0.33018684 0.97196013
vt 0.43040049 0.86620551
vt 0.20513298 0.87242854
vt 0.21422248 0.87093407
vt 0.37552959 0.96963948
vt 0.29901937 0.97198951
vt 0.48191917 0.97105682
vt 0.20740767 0.96673447
vt 0.53391159 0.93171501
vt 0.53411359 0.92259377
vt 0.19743127 0.87230980
vt 0.19077350 0.87194139
vt 0.35999107 0.97078997
vt 0.49769685 0.96974272
vt 0.29468274 0.86752790
vt 0.53484732 0.93338567
vt 0.42159235 0.97124505
vt 0.20456862 0.96668828
vt 0.20456296 0.96532851
vt 0.32410538 0.86696529
vt 0.53534532 0.89383143
vt 0.26862371 0.97106701
vt 0.38596344 0.86518961
vt 0.50460011 0.96983981
vt 0.47996050 0.86808246
vt 0.20255013 0.96476305
vt 0.20057049 0.96424532
vt 0.21591090 0.86846584
vt 0.42561871 0.97121656
vt 0.43733609 0.97169375
vt 0.47454926 0.97182685
vt 0.53476828 0.87545401
vt 0.34846970 0.97115803
vt 0.27523473 0.86937231
vt 0.26278886 0.86862397
vt 0.53478271 0.87107593
vt 0.51776278 0.97020996
vt 0.30634975 0.97217679
vt 0.42447346 0.86543572
vt 0.49397585 0.97092044
vt 0.53515494 0.95461690
vt 0.33527917 0.97197902
vt 0.53653979 0.95769560
vt 0.31058341 0.97263682
vt 0.45144331 0.97221190
vt 0.38681063 0.97080541
vt 0.31501999 0.86667746
vt 0.32450375 0.86479950
vt 0.32692286 0.86546797
vt 0.22741121 0.86762363
vt 0.34135303 0.86607939
vt 0.33599925 0.86613721
vt 0.35875678 0.97193205
vt 0.21334723 0.86973631
vt 0.52773184 0.87115276
vt 0.51695615 0.87030679
vt 0.53732955 0.95460349
vt 0.22755779 0.96931428
vt 0.39769876 0.97124499
vt 0.50012755 0.86895573
vt 0.53688258 0.96590811
vt 0.53685224 0.96833569
vt 0.18726641 0.87148428
vt 0.36812893 0.86604631
vt 0.41903102 0.86514676
vt 0.40887100 0.97171688
vt 0.40498954 0.97156519
vt 0.36997399 0.97087985
vt 0.22148927 0.86722773
vt 0.22473806 0.86662793
vt 0.46656567 0.86727548
vt 0.48079821 0.97214460
vt 0.45388067 0.86632252
vt 0.28435090 0.86762333
vt 0.53551984 0.95207924
vt 0.26188594 0.86767423
vt 0.38556957 0.97206348
vt 0.40373531 0.86417907
vt 0.42257744 0.97254717
vt 0.20342471 0.96632695
vt 0.24732390 0.86705184
vt 0.24338843 0.86602825
vt 0.28267473 0.97224325
vt 0.19902898 0.96354365
vt 0.53869045 0.95696485
vt 0.53697819 0.95208812
vt 0.45402455 0.97263682
vt 0.23691195 0.86630505
vt 0.19526647 0.87119615
vt 0.27662003 0.86711931
vt 0.26973739 0.86680400
vt 0.20025781 0.96642822
vt 0.20044398 0.96736473
vt 0.56061679 0.00354797
vt 0.58503217 0.00487369
vt 0.58896631 0.01098526
vt 0.61555582 0.00353295
vt 0.63020819 0.01076251
vt 0.60802776 0.01142019
vt 0.62641865 0.00494033
vt 0.60256970 0.01429409
vt 0.62360644 0.01607215
vt 0.55904031 0.01120675
vt 0.54542154 0.01052302
vt 0.60290188 0.01599652
vt 0.64745790 0.01142120
vt 0.65298444 0.01458639
vt 0.66288310 0.01178843
vt 0.66153121 0.00524777
vt 0.68343574 0.01167971
vt 0.68577713 0.00554711
vt 0.70082974 0.01177293
vt 0.72655725 0.00608319
vt 0.68426669 0.01482362
vt 0.73590702 0.01512498
vt 0.65735644 0.01642865
vt 0.70074975 0.01697093
vt 0.75616950 0.01246393
vt 0.83397722 0.01290345
vt 0.82744998 0.00691348
vt 0.83862072 0.00705129
vt 0.84699452 0.01029551
vt 0.84347063 0.01845855
vt 0.81084263 0.01309246
vt 0.79948288 0.00689459
vt 0.79000610 0.01248932
vt 0.80693698 0.01804537
vt 0.77571845 0.01771873
vt 0.83073407 0.01834190
vt 0.78179592 0.00661290
vt 0.75956619 0.00635695
vt 0.75449711 0.01755035
vt 0.60514283 0.00358671
vt 0.54816896 0.01431084
vt 0.58060819 0.01422554
vt 0.49597698 0.01432526
vt 0.49486214 0.01635593
vt 0.55108404 0.01595443
vt 0.47684968 0.01653087
vt 0.51508963 0.01026422
vt 0.49420696 0.00511795
vt 0.51616180 0.00500154
vt 0.54585475 0.00486189
vt 0.33460596 0.01850170
vt 0.32841426 0.01272297
vt 0.35412461 0.01329869
vt 0.35235637 0.01648110
vt 0.38215867 0.01589167
vt 0.38667569 0.01200384
vt 0.41106004 0.01165694
vt 0.41760826 0.01536965
vt 0.44294360 0.01306289
vt 0.43610620 0.01710856
vt 0.38461077 0.01780283
vt 0.47715738 0.01082200
vt 0.35389253 0.01831257
vt 0.44554490 0.00571424
vt 0.47704083 0.00518239
vt 0.32629278 0.01670814
vt 0.36291745 0.00698853
vt 0.33544594 0.00725466
vt 0.40536609 0.00627536
vt 0.49702621 0.00372225
vt 0.54995364 0.00348258
vt 0.52747571 0.00350720
vt 0.47637695 0.00356948
vt 0.32484707 0.00783145
vt 0.32698166 0.00553697
vt 0.32488653 0.01671988
vt 0.84774673 0.00716245
vt 0.63358438 0.00354373
vt 0.84667391 0.01803410
vt 0.43743867 0.00411367
vt 0.32658541 0.01855153
vt 0.66238785 0.00375682
vt 0.40024108 0.00472403
vt 0.37232503 0.00541824
vt 0.34643337 0.00551683
vt 0.68992352 0.00411916
vt 0.71515381 0.00433117
vt 0.33580071 0.00506628
vt 0.75123793 0.00467831
vt 0.78235525 0.00518280
vt 0.80843890 0.00553638
vt 0.83189648 0.00566214
vt 0.84319466 0.00581104
vt 0.84799659 0.00972891
vt 0.32464951 0.01871037
vt 0.84821427 0.01857656
vt 0.84571421 0.01923656
vt 0.33389828 0.00399548
vt 0.84574336 0.00622553
vt 0.77357531 0.01882082
vt 0.74237621 0.01834428
vt 0.83396810 0.01940298
vt 0.47666314 0.01743203
vt 0.49572664 0.01710635
vt 0.43741879 0.01796532
vt 0.40887436 0.01843935
vt 0.32440478 0.00638539
vt 0.51594281 0.01702136
vt 0.52807999 0.01684737
vt 0.54278058 0.01673502
vt 0.69966495 0.01790410
vt 0.67235029 0.01742071
vt 0.34464070 0.01929986
vt 0.38110080 0.01868278
vt 0.62848949 0.01700437
vt 0.64802611 0.01715112
vt 0.59947389 0.01659977
vt 0.55899918 0.01658654
vt 0.32516575 0.00489938
vt 0.32828274 0.00445503
vt 0.32959372 0.01940298
vt 0.61689579 0.67428249
vt 0.62070906 0.66361696
vt 0.61696726 0.65839994
vt 0.62177378 0.68436748
vt 0.62236261 0.66301996
vt 0.61820281 0.68651241
vt 0.61232042 0.68509114
vt 0.61211711 0.67205733
vt 0.60965639 0.67784542
vt 0.61211526 0.65821779
vt 0.60955852 0.66700679
vt 0.60941601 0.63466287
vt 0.61302429 0.62927431
vt 0.60932755 0.61074972
vt 0.62233865 0.63243341
vt 0.61981821 0.62930852
vt 0.62237966 0.60659516
vt 0.61999202 0.60421669
vt 0.61626172 0.61404663
vt 0.61096823 0.60660988
vt 0.61643714 0.63891727
vt 0.61649990 0.59795284
vt 0.61052376 0.57871860
vt 0.61690766 0.57867986
vt 0.62163019 0.57894051
vt 0.61698669 0.55268031
vt 0.61027390 0.54767966
vt 0.61604249 0.52993941
vt 0.60992122 0.52510518
vt 0.62155390 0.52863759
vt 0.62152147 0.51897967
vt 0.61316252 0.50119805
vt 0.62190944 0.55001694
vt 0.60920858 0.50185472
vt 0.61289644 0.47766495
vt 0.62013829 0.50706404
vt 0.61929464 0.49486500
vt 0.60932428 0.48065376
vt 0.61025280 0.45820284
vt 0.61472541 0.45556599
vt 0.61340559 0.43542945
vt 0.60940552 0.43839628
vt 0.61065549 0.43137378
vt 0.61082441 0.41958308
vt 0.62124914 0.43790007
vt 0.61964679 0.41927743
vt 0.61079383 0.40349853
vt 0.61932695 0.39917469
vt 0.61281675 0.38901663
vt 0.61082041 0.36897206
vt 0.61945349 0.37425494
vt 0.62227190 0.37391478
vt 0.62111235 0.46487367
vt 0.62156522 0.47513902
vt 0.62223411 0.49787211
vt 0.62217343 0.40346217
vt 0.62203997 0.34771788
vt 0.61549449 0.34928620
vt 0.61537153 0.27416122
vt 0.62202358 0.28796077
vt 0.62169361 0.25624168
vt 0.61292809 0.25626469
vt 0.61272103 0.28780079
vt 0.61067063 0.27308846
vt 0.61239529 0.31516159
vt 0.62194079 0.31278849
vt 0.61342520 0.32852256
vt 0.61056471 0.34982389
vt 0.61048990 0.29983127
vt 0.60979605 0.26163399
vt 0.62111592 0.25143850
vt 0.61133754 0.25174677
vt 0.61903155 0.71430492
vt 0.61286426 0.73860496
vt 0.61189139 0.71475023
vt 0.61902076 0.73921710
vt 0.62217319 0.70082247
vt 0.61419094 0.77175599
vt 0.61908573 0.77583778
vt 0.62158382 0.77181339
vt 0.62190098 0.73751479
vt 0.61014616 0.72039944
vt 0.60988766 0.76356447
vt 0.61220533 0.79866064
vt 0.60977834 0.77470398
vt 0.60946542 0.79703468
vt 0.60934716 0.83415139
vt 0.61892360 0.84632564
vt 0.61908627 0.82661623
vt 0.61440229 0.84749997
vt 0.61383742 0.81569457
vt 0.61885029 0.79964387
vt 0.61128849 0.83473194
vt 0.61068308 0.84676433
vt 0.60835361 0.84104323
vt 0.61051881 0.85315448
vt 0.62148267 0.79852772
vt 0.62104070 0.83684146
vt 0.61870778 0.85572654
vt 0.60911733 0.46203023
vt 0.60788286 0.84361827
vt 0.62334573 0.69688302
vt 0.62376130 0.67782986
vt 0.62525535 0.25959659
vt 0.62483656 0.25169909
vt 0.60887975 0.52458262
vt 0.60961092 0.69085687
vt 0.62351453 0.52696806
vt 0.62357676 0.55530864
vt 0.60916787 0.57635713
vt 0.62402201 0.34846669
vt 0.62385982 0.37606275
vt 0.62424153 0.30688584
vt 0.62372780 0.42694569
vt 0.62342024 0.44379610
vt 0.61003113 0.41073585
vt 0.62266493 0.85542631
vt 0.62292296 0.84200752
vt 0.62342209 0.78917384
vt 0.60573375 0.84447336
vt 0.60352308 0.85362893
vt 0.62351483 0.47181129
vt 0.60970205 0.25423849
vt 0.62365693 0.58091766
vt 0.60969055 0.27671295
vt 0.60646909 0.85578424
vt 0.60972792 0.37109482
vt 0.60962784 0.34646535
vt 0.62356675 0.50083423
vt 0.59420955 0.84805387
vt 0.58835387 0.85337096
vt 0.58162427 0.84918898
vt 0.58156872 0.85547298
vt 0.57299113 0.85284632
vt 0.57123953 0.84932703
vt 0.56002021 0.84935129
vt 0.56336921 0.85656416
vt 0.57989657 0.85637122
vt 0.55480671 0.84987813
vt 0.54901183 0.85663050
vt 0.54611212 0.85430324
vt 0.53649354 0.84964430
vt 0.53986090 0.85657746
vt 0.53518379 0.85317153
vt 0.52915132 0.85006344
vt 0.58666569 0.84599721
vt 0.58967125 0.85638219
vt 0.57330322 0.84752840
vt 0.55877900 0.84803426
vt 0.59520954 0.84557033
vt 0.52798516 0.85663986
vt 0.52924997 0.85793108
vt 0.55045956 0.85781676
vt 0.52023512 0.85039240
vt 0.51835299 0.85817337
vt 0.51671320 0.85692227
vt 0.51422751 0.85071439
vt 0.50785983 0.85708523
vt 0.50350320 0.85383219
vt 0.49840656 0.85685605
vt 0.48831093 0.85359651
vt 0.47744304 0.85706025
vt 0.48070416 0.85148484
vt 0.47522625 0.85335636
vt 0.47135043 0.85686892
vt 0.46462256 0.85357481
vt 0.49169180 0.85094953
vt 0.50240028 0.85104960
vt 0.49920529 0.85826826
vt 0.51694733 0.85853660
vt 0.47424212 0.85104752
vt 0.47154787 0.85039109
vt 0.46011186 0.85658133
vt 0.46097654 0.85104072
vt 0.45559341 0.85326940
vt 0.44315490 0.85334033
vt 0.44429147 0.85678452
vt 0.43732837 0.85320067
vt 0.43924439 0.85668641
vt 0.44000328 0.85800356
vt 0.42438638 0.85669088
vt 0.44261098 0.85097766
vt 0.42040846 0.85340530
vt 0.41668841 0.85543853
vt 0.41918221 0.85126358
vt 0.41016296 0.85091734
vt 0.48180977 0.85096419
vt 0.50336641 0.85088420
vt 0.41547206 0.85689187
vt 0.41727498 0.85805559
vt 0.40085089 0.85689294
vt 0.39940643 0.85355955
vt 0.38869274 0.85371369
vt 0.38402376 0.85713416
vt 0.37829319 0.85519564
vt 0.38718015 0.85151958
vt 0.36610544 0.85074776
vt 0.40128404 0.85078722
vt 0.37720832 0.85638201
vt 0.35785934 0.85613358
vt 0.34424573 0.85282177
vt 0.34256914 0.85582781
vt 0.33071798 0.85254359
vt 0.33009315 0.85824412
vt 0.32316390 0.85126162
vt 0.31902361 0.85561681
vt 0.32202280 0.85808545
vt 0.31011429 0.85849118
vt 0.30710700 0.85488647
vt 0.29615930 0.85517812
vt 0.30503494 0.86043006
vt 0.27678525 0.86065435
vt 0.27550671 0.85504770
vt 0.28368467 0.85142648
vt 0.30331403 0.85207641
vt 0.31678778 0.85260183
vt 0.26543990 0.86061859
vt 0.26611036 0.85132146
vt 0.25984603 0.86076897
vt 0.26915804 0.84969962
vt 0.25994891 0.85011578
vt 0.32030120 0.86020583
vt 0.25941619 0.86218905
vt 0.30702108 0.84972078
vt 0.25912827 0.85641766
vt 0.29783660 0.84980148
vt 0.28720143 0.84965903
vt 0.58412486 0.85735941
vt 0.25716588 0.86064708
vt 0.55994695 0.84789193
vt 0.38888502 0.85079300
vt 0.34154749 0.85011441
vt 0.35101730 0.85039967
vt 0.31582791 0.84916919
vt 0.25727499 0.85787433
vt 0.25933665 0.85241359
vt 0.25801107 0.85113001
vt 0.33100501 0.85999274
vt 0.60844058 0.80062395
vt 0.60895753 0.76053637
vt 0.45128742 0.85064071
vt 0.33616161 0.85903507
vt 0.34694922 0.85839152
vt 0.51233488 0.84987628
vt 0.30327731 0.84998512
vt 0.30639523 0.84833747
vt 0.30018327 0.84836155
vt 0.30864519 0.84886825
vt 0.25706258 0.86216289
vt 0.42930225 0.85090762
vt 0.32322863 0.85007256
vt 0.62499380 0.32170963
vt 0.62504143 0.29714876
vt 0.42117009 0.85048509
vt 0.52941799 0.84868568
vt 0.62412411 0.71549088
vt 0.62418628 0.69877696
vt 0.62391317 0.74399424
vt 0.62387592 0.60547578
vt 0.44491425 0.85851032
vt 0.60834873 0.83364964
vt 0.43909448 0.85857892
vt 0.59703624 0.85746670
vt 0.60937518 0.71982640
vt 0.62384915 0.66351581
vt 0.62391537 0.63466883
vt 0.25766268 0.85329497
vt 0.51925993 0.84935755
vt 0.46026060 0.85858196
vt 0.52428728 0.84887785
vt 0.36688039 0.85842955
vt 0.62488383 0.35712004
vt 0.38885128 0.85804319
vt 0.44385430 0.85054976
vt 0.46613961 0.85853457
vt 0.46144658 0.85809815
vt 0.48943552 0.85850567
vt 0.47820795 0.85829431
vt 0.47341079 0.85912389
vt 0.40409645 0.85841662
vt 0.42633763 0.85870957
vt 0.53955835 0.85805547
vt 0.56875789 0.85785711
vt 0.62462062 0.68080497
vt 0.62481314 0.41799116
vt 0.27523950 0.86196220
vt 0.29513693 0.86182928
vt 0.34601748 0.85935760
vt 0.57929754 0.84638399
vt 0.37944949 0.85862166
vt 0.61582065 0.85716492
vt 0.36345178 0.85958588
vt 0.29795799 0.84886116
vt 0.28777725 0.84891284
vt 0.35060567 0.84947872
vt 0.36303312 0.84953409
vt 0.34320158 0.84929043
vt 0.31948531 0.84861720
vt 0.37455139 0.84999758
vt 0.52789938 0.85822195
vt 0.54928160 0.85810184
vt 0.25637755 0.85933578
vt 0.40067551 0.85006976
vt 0.49818972 0.85869998
vt 0.62403184 0.84888828
vt 0.25837299 0.84894764
vt 0.27186570 0.84911001
vt 0.59141767 0.84496230
vt 0.58134532 0.85790247
vt 0.62426561 0.44073832
vt 0.30436623 0.84878063
vt 0.30238938 0.84863114
vt 0.62486088 0.66915745
vt 0.41570771 0.85888362
vt 0.30974162 0.86135900
vt 0.32416326 0.86134672
vt 0.45931518 0.84974778
vt 0.38742980 0.84972525
vt 0.45588914 0.84995449
vt 0.62423164 0.25061566
vt 0.62435007 0.82899022
vt 0.38389248 0.86009371
vt 0.60919780 0.39976478
vt 0.62459010 0.80152595
vt 0.62371886 0.85676903
vt 0.44622082 0.85929000
vt 0.62542516 0.72317833
vt 0.62499636 0.76476467
vt 0.62542516 0.25024879
vt 0.60922968 0.25303018
vt 0.60920775 0.25184637
vt 0.28048077 0.17255831
vt 0.28221211 0.16634923
vt 0.30667982 0.17297363
vt 0.26296803 0.16631234
vt 0.26796871 0.17244631
vt 0.25082746 0.17203593
vt 0.24722163 0.16628850
vt 0.22992612 0.16652274
vt 0.22619654 0.17340243
vt 0.20338847 0.17401367
vt 0.20964620 0.16671890
vt 0.19549988 0.16957670
vt 0.18243879 0.16960096
vt 0.18112674 0.17464000
vt 0.16602059 0.17482626
vt 0.15748490 0.17187601
vt 0.15161163 0.17540276
vt 0.31106383 0.16657627
vt 0.33021182 0.16676581
vt 0.34069788 0.17386591
vt 0.36498308 0.16754872
vt 0.35965300 0.17420000
vt 0.37236294 0.17481422
vt 0.38661125 0.16795647
vt 0.13943727 0.17346364
vt 0.12772016 0.17642808
vt 0.11217828 0.17476034
vt 0.09213015 0.17793989
vt 0.08339439 0.17555583
vt 0.06065845 0.17963946
vt 0.04821239 0.17783511
vt 0.03712278 0.18067241
vt 0.04586168 0.17242050
vt 0.01845174 0.17377591
vt 0.01432584 0.17862350
vt 0.02007055 0.18159205
vt 0.07248431 0.17131877
vt 0.11515883 0.16945481
vt 0.15545148 0.16795623
vt 0.18563114 0.16708803
vt 0.38395160 0.17556971
vt 0.40162143 0.17616236
vt 0.51325125 0.17981565
vt 0.51404876 0.17182517
vt 0.52664554 0.17596996
vt 0.49572551 0.17118120
vt 0.49035183 0.17888731
vt 0.48062000 0.17313260
vt 0.44551948 0.16945767
vt 0.47110286 0.17824376
vt 0.44673955 0.17730540
vt 0.42552379 0.17682451
vt 0.42071664 0.17098123
vt 0.41192225 0.16855431
vt 0.52294141 0.18111962
vt 0.53059351 0.18035400
vt 0.52988315 0.17168260
vt 0.53062218 0.17747080
vt 0.01432815 0.17418277
vt 0.51761979 0.17091799
vt 0.30316135 0.16597354
vt 0.32244527 0.16605151
vt 0.28031886 0.16579795
vt 0.49092600 0.17993879
vt 0.46999353 0.17926586
vt 0.34655926 0.16657752
vt 0.01339537 0.18136650
vt 0.44326594 0.16868371
vt 0.39321274 0.16747391
vt 0.49295133 0.17044818
vt 0.37266630 0.16706681
vt 0.05944020 0.17076170
vt 0.19090793 0.17569691
vt 0.01994391 0.17226279
vt 0.23487598 0.16588140
vt 0.17390735 0.17612666
vt 0.25050664 0.17367768
vt 0.22501005 0.17476159
vt 0.20680305 0.17517507
vt 0.26713726 0.17372680
vt 0.38787228 0.17680871
vt 0.43981248 0.17832822
vt 0.53103739 0.17144507
vt 0.29776445 0.17420143
vt 0.01318027 0.17812234
vt 0.01341769 0.17296344
vt 0.20593962 0.16606510
vt 0.12213852 0.16822416
vt 0.15142149 0.16741812
vt 0.33138868 0.17509454
vt 0.18154562 0.16652048
vt 0.24906978 0.17512947
vt 0.35405681 0.17551291
vt 0.36849645 0.17620331
vt 0.52968097 0.18159205
vt 0.22818421 0.17609477
vt 0.27084327 0.17521191
vt 0.29499230 0.17554867
vt 0.31725872 0.17604470
vt 0.16396831 0.17645383
vt 0.34199578 0.17653489
vt 0.36586875 0.17715836
vt 0.25409931 0.16567165
vt 0.20330310 0.17658603
vt 0.17870930 0.17740154
vt 0.14862092 0.17732990
vt 0.13432762 0.17779845
vt 0.38020322 0.17744744
vt 0.79246837 0.79212785
vt 0.81361336 0.79061449
vt 0.80372828 0.79290307
vt 0.79678792 0.78891528
vt 0.78602695 0.79062247
vt 0.81362236 0.79259551
vt 0.77913344 0.79305863
vt 0.82680136 0.79157054
vt 0.82145828 0.79342771
vt 0.83847272 0.79271865
vt 0.84353697 0.79120606
vt 0.82680875 0.78652209
vt 0.81178963 0.78623050
vt 0.83883500 0.78611326
vt 0.77431989 0.78962028
vt 0.77128339 0.79179835
vt 0.85641271 0.78496772
vt 0.75748688 0.79047745
vt 0.75539029 0.79281282
vt 0.74647331 0.79336786
vt 0.85738277 0.79172027
vt 0.87130809 0.79127800
vt 0.87133539 0.79368675
vt 0.88456249 0.78934771
vt 0.84805763 0.79361171
vt 0.85754639 0.79314744
vt 0.88954341 0.79130471
vt 0.86959010 0.78434777
vt 0.87327594 0.78522420
vt 0.87962288 0.78501230
vt 0.90070462 0.79070795
vt 0.90816224 0.78627360
vt 0.91481453 0.78868526
vt 0.92130077 0.78395581
vt 0.91308874 0.79328543
vt 0.92493826 0.79269397
vt 0.93488133 0.78599089
vt 0.92732018 0.78424209
vt 0.95136929 0.78215927
vt 0.94958276 0.79082310
vt 0.95876247 0.78276050
vt 0.97510284 0.78047979
vt 0.96227115 0.79221553
vt 0.89672935 0.79307264
vt 0.97570717 0.79077178
vt 0.88669366 0.79333127
vt 0.94452226 0.79317147
vt 0.92336696 0.79422551
vt 0.90206099 0.79406196
vt 0.96198082 0.78102052
vt 0.74598360 0.79178530
vt 0.72489345 0.79452157
vt 0.74509060 0.78965634
vt 0.71978277 0.79079729
vt 0.72745371 0.78821236
vt 0.72430617 0.78720891
vt 0.71765959 0.79365671
vt 0.71229684 0.79234898
vt 0.70723903 0.78855169
vt 0.69485307 0.79317379
vt 0.69475818 0.78736371
vt 0.68470991 0.79208428
vt 0.68301159 0.78698844
vt 0.67043364 0.79299992
vt 0.71767038 0.78733385
vt 0.68090951 0.78580904
vt 0.66985887 0.78582025
vt 0.66433895 0.79129374
vt 0.66101515 0.79356027
vt 0.65812814 0.78547138
vt 0.65222055 0.79257089
vt 0.66889775 0.78500783
vt 0.64728278 0.78605962
vt 0.64467001 0.79286176
vt 0.63209474 0.78637069
vt 0.63136631 0.79339021
vt 0.62762374 0.78761417
vt 0.64578027 0.79427433
vt 0.67686409 0.79417402
vt 0.70928031 0.79407990
vt 0.62661451 0.79360282
vt 0.62627554 0.78796464
vt 0.76404428 0.79371953
vt 0.95990634 0.79352170
vt 0.97590095 0.79255551
vt 0.68468004 0.79395992
vt 0.75077480 0.78728658
vt 0.76734304 0.78861201
vt 0.75655210 0.78867930
vt 0.62699425 0.78357333
vt 0.78326315 0.79349196
vt 0.82481283 0.78540593
vt 0.88674545 0.78554994
vt 0.90732175 0.78503942
vt 0.62768477 0.78171128
vt 0.62901646 0.78230673
vt 0.62942249 0.78472656
vt 0.63113374 0.78527457
vt 0.63451743 0.79402989
vt 0.69701028 0.79452735
vt 0.62958997 0.77386785
vt 0.62801701 0.77311689
vt 0.62874973 0.76459521
vt 0.62998551 0.77120829
vt 0.63002604 0.76637620
vt 0.63003993 0.75129628
vt 0.63226491 0.76090491
vt 0.63344175 0.74793887
vt 0.63186795 0.72479916
vt 0.63024259 0.72154504
vt 0.63099802 0.70985800
vt 0.63295615 0.71946353
vt 0.63222080 0.70223182
vt 0.63073927 0.68667918
vt 0.62853813 0.68987906
vt 0.62777889 0.68349588
vt 0.62950957 0.67841762
vt 0.63655418 0.67819005
vt 0.64491773 0.68535429
vt 0.64807332 0.67812860
vt 0.66680676 0.67797840
vt 0.66891563 0.68037260
vt 0.67168450 0.68480581
vt 0.68760598 0.67686576
vt 0.68623871 0.68362397
vt 0.70059025 0.68236029
vt 0.69441599 0.67606187
vt 0.71505314 0.67627043
vt 0.71489555 0.68047494
vt 0.74027193 0.67503887
vt 0.62780297 0.67865461
vt 0.65185106 0.68632692
vt 0.63603830 0.68763834
vt 0.72945821 0.67905980
vt 0.74766350 0.67629629
vt 0.76073319 0.67343879
vt 0.76197642 0.67437953
vt 0.63318413 0.75976306
vt 0.63458776 0.73875934
vt 0.63453954 0.74696606
vt 0.71522993 0.67503732
vt 0.73492247 0.67399955
vt 0.63375568 0.69626075
vt 0.63326216 0.69070721
vt 0.63373697 0.68823647
vt 0.62974018 0.73808879
vt 0.75010544 0.67853373
vt 0.78071058 0.67333370
vt 0.78639442 0.67474353
vt 0.79018408 0.67295897
vt 0.79421848 0.67397416
vt 0.62926757 0.75357127
vt 0.76202446 0.67305058
vt 0.77325004 0.67242420
vt 0.67173547 0.67643362
vt 0.74551445 0.67356068
vt 0.62940997 0.74879068
vt 0.63354331 0.70379549
vt 0.63404071 0.71598220
vt 0.80438507 0.78668368
vt 0.66950971 0.79411221
vt 0.79314977 0.78725767
vt 0.78014588 0.78657764
vt 0.65628320 0.67730182
vt 0.79036450 0.67767847
vt 0.77767003 0.67824298
vt 0.80012274 0.67988247
vt 0.80599022 0.67542428
vt 0.80655479 0.67332959
vt 0.81407422 0.67452335
vt 0.81560415 0.67282563
vt 0.82240713 0.67373544
vt 0.82941860 0.67552835
vt 0.83299315 0.67328745
vt 0.83672500 0.67470866
vt 0.83591545 0.67754656
vt 0.85009146 0.67404550
vt 0.85239679 0.67566061
vt 0.86524385 0.67312771
vt 0.81593549 0.67948145
vt 0.82221013 0.68041211
vt 0.86992002 0.67450690
vt 0.86151266 0.67766809
vt 0.87983245 0.67598063
vt 0.88376790 0.67381501
vt 0.88846499 0.67521435
vt 0.89888978 0.67265445
vt 0.88558370 0.67987186
vt 0.89774430 0.67458320
vt 0.89366531 0.68146604
vt 0.90176994 0.67452234
vt 0.91759259 0.67503834
vt 0.90531182 0.67375451
vt 0.90432000 0.67284453
vt 0.90704107 0.68179345
vt 0.92753935 0.68309093
vt 0.93212891 0.67383653
vt 0.94683152 0.67488635
vt 0.95560026 0.68222976
vt 0.95786935 0.67407858
vt 0.96334267 0.67375636
vt 0.94228286 0.67321724
vt 0.97432590 0.68102252
vt 0.97728962 0.67508274
vt 0.99012506 0.67962271
vt 0.98839313 0.67654699
vt 0.91362780 0.67328322
vt 0.95328641 0.67268479
vt 0.99060559 0.68251067
vt 0.95720625 0.68415183
vt 0.97291774 0.68474895
vt 0.94458026 0.68452668
vt 0.99855518 0.68079329
vt 0.99798918 0.67636728
vt 0.91531342 0.68518943
vt 0.98259729 0.67463571
vt 0.92509842 0.68486410
vt 0.92624879 0.68538308
vt 0.90367687 0.68445247
vt 0.87402189 0.68226337
vt 0.99113643 0.67461801
vt 0.89274931 0.68309295
vt 0.86523795 0.68243676
vt 0.97382981 0.67323440
vt 0.90496039 0.68509752
vt 0.89408946 0.68379140
vt 0.90939331 0.67195529
vt 0.99179429 0.68443322
vt 0.84927785 0.68124145
vt 0.83734995 0.67981446
vt 0.96001065 0.67236733
vt 0.83903742 0.67285269
vt 0.95995992 0.68498105
vt 0.92990422 0.67237657
vt 0.99951267 0.68288624
vt 0.87493950 0.68302786
vt 0.94021773 0.67178673
vt 0.98166203 0.67289132
vt 0.76013982 0.67956299
vt 0.73981369 0.68128276
vt 0.63425767 0.72816366
vt 0.69113815 0.67566437
vt 0.63172305 0.76721472
vt 0.88704115 0.79402632
vt 0.69191742 0.79452479
vt 0.81429762 0.79340053
vt 0.72247577 0.68267554
vt 0.71562654 0.68207747
vt 0.88926715 0.78414804
vt 0.71542138 0.79451448
vt 0.70995075 0.78743196
vt 0.70344776 0.78640592
vt 0.63419437 0.70246744
vt 0.70749915 0.68299580
vt 0.63011283 0.77982116
vt 0.79311836 0.67245513
vt 0.79185033 0.68004036
vt 0.82267863 0.67222857
vt 0.87315065 0.67268199
vt 0.93560851 0.79402852
vt 0.85400969 0.68253630
vt 0.97049344 0.77945095
vt 0.99957484 0.67970794
vt 0.99918109 0.67471027
vt 0.99413967 0.67373043
vt 0.84201664 0.68176746
vt 0.84111154 0.79343385
vt 0.83197081 0.79336953
vt 0.96568996 0.67192191
vt 0.78027189 0.68059099
vt 0.76513684 0.68152905
vt 0.83618385 0.68143821
vt 0.85579687 0.67236263
vt 0.79333657 0.68111688
vt 0.94576323 0.67129827
vt 0.81506586 0.68082619
vt 0.83085966 0.67213649
vt 0.94973475 0.78133172
vt 0.97650480 0.79061931
vt 0.97592878 0.78168464
vt 0.71268117 0.68358284
vt 0.96415448 0.77953446
vt 0.80237472 0.68059963
vt 0.87431628 0.78372633
vt 0.76143187 0.78766048
vt 0.82805961 0.78472263
vt 0.91074854 0.79432374
vt 0.91986543 0.79452157
vt 0.80820674 0.67232788
vt 0.97461808 0.77883458
vt 0.84132624 0.67169410
vt 0.62980270 0.72152203
vt 0.75323778 0.78676951
vt 0.75577360 0.68127656
vt 0.78535038 0.78595120
vt 0.83732677 0.68207419
vt 0.90788031 0.78366214
vt 0.91339380 0.67116147
vt 0.92833889 0.67114431
vt 0.88575965 0.78363019
vt 0.89092976 0.78330958
vt 0.90687406 0.78275073
vt 0.64741504 0.78523105
vt 0.63258743 0.78511763
vt 0.83539277 0.78459728
vt 0.75635743 0.78598362
vt 0.63034099 0.78358763
vt 0.22645782 0.24699187
vt 0.22835787 0.25046438
vt 0.21427326 0.24817324
vt 0.24414597 0.25062799
vt 0.21309546 0.25105637
vt 0.25250894 0.24973929
vt 0.20467040 0.25131053
vt 0.19836284 0.24790645
vt 0.19163373 0.24892592
vt 0.18734398 0.25156069
vt 0.18239719 0.25157142
vt 0.18063286 0.24833393
vt 0.16832761 0.24891812
vt 0.16215505 0.25210524
vt 0.15365447 0.24807936
vt 0.14959174 0.25163245
vt 0.14754799 0.24797505
vt 0.14275306 0.24921083
vt 0.13862337 0.25126570
vt 0.25541088 0.24848551
vt 0.26072305 0.25057650
vt 0.25975704 0.24706995
vt 0.27468786 0.25072855
vt 0.28041160 0.24856311
vt 0.30202332 0.25146031
vt 0.11809120 0.24778187
vt 0.11043717 0.24890673
vt 0.13042934 0.25243807
vt 0.11202845 0.25199789
vt 0.10207264 0.25298154
vt 0.09111979 0.24637413
vt 0.11742645 0.25352490
vt 0.09172156 0.25113118
vt 0.05254011 0.24630022
vt 0.07381762 0.24530518
vt 0.06543515 0.25283521
vt 0.05110207 0.25412488
vt 0.04719388 0.25396973
vt 0.04732462 0.24497020
vt 0.08088355 0.25379252
vt 0.09036551 0.25397182
vt 0.05718567 0.24345481
vt 0.06074703 0.25422883
vt 0.10881386 0.24696827
vt 0.05615783 0.24283260
vt 0.05361798 0.24291849
vt 0.04940910 0.24329543
vt 0.04747687 0.24235272
vt 0.09923500 0.24606109
vt 0.09204987 0.24546504
vt 0.14121877 0.25284827
vt 0.28643867 0.24779236
vt 0.30838633 0.24907380
vt 0.31655350 0.25210917
vt 0.31952405 0.24767792
vt 0.33485958 0.24835306
vt 0.33476248 0.25253159
vt 0.33775800 0.24688917
vt 0.34547758 0.25181544
vt 0.34752500 0.24744111
vt 0.34997746 0.24748093
vt 0.36829382 0.25293374
vt 0.36901632 0.24694812
vt 0.38421059 0.25075018
vt 0.39150143 0.25372994
vt 0.39034832 0.24604321
vt 0.37031662 0.24592018
vt 0.39578590 0.24553931
vt 0.39586058 0.25116885
vt 0.35120612 0.24608594
vt 0.34087092 0.25295419
vt 0.39187759 0.24480844
vt 0.39625058 0.25422883
vt 0.35831243 0.25303495
vt 0.39668366 0.24742055
vt 0.37006000 0.25355834
vt 0.21351162 0.24665463
vt 0.21035250 0.24707931
vt 0.10962909 0.25385618
vt 0.30844074 0.24764061
vt 0.30583337 0.24790370
vt 0.20423354 0.24648201
vt 0.19597782 0.24608475
vt 0.17127192 0.24778271
vt 0.25376919 0.24703628
vt 0.19116959 0.24594939
vt 0.18808475 0.24731004
vt 0.30021054 0.24747479
vt 0.16592817 0.25227976
vt 0.11540692 0.25394440
vt 0.27903444 0.24642271
vt 0.06198940 0.24228859
vt 0.27534375 0.24684626
vt 0.23865470 0.24639940
vt 0.22231796 0.24577343
vt 0.21418492 0.24562073
vt 0.16674684 0.24719679
vt 0.30877152 0.24632108
vt 0.33524153 0.24661314
vt 0.33189604 0.24692333
vt 0.26322165 0.24625915
vt 0.32101479 0.24702501
vt 0.34950989 0.24570322
vt 0.39297807 0.24321198
vt 0.28790584 0.24678624
vt 0.18197788 0.24725735
vt 0.16901763 0.24672258
vt 0.15790354 0.40158355
vt 0.13874373 0.39902806
vt 0.16407314 0.39688480
vt 0.17338684 0.40141773
vt 0.14308737 0.39725214
vt 0.12500098 0.40212083
vt 0.11744385 0.39944196
vt 0.10337131 0.40239012
vt 0.10314469 0.39966762
vt 0.08217225 0.40000391
vt 0.07445668 0.40300578
vt 0.05142373 0.40077806
vt 0.09139780 0.39758927
vt 0.10617273 0.39758682
vt 0.05286615 0.40342343
vt 0.02789761 0.40392184
vt 0.03048603 0.40075773
vt 0.02324134 0.39832056
vt 0.17559786 0.39683175
vt 0.06328269 0.39814794
vt 0.12724422 0.39733291
vt 0.18494220 0.40270829
vt 0.04051682 0.39859962
vt 0.18719870 0.39841914
vt 0.21709546 0.40229547
vt 0.20906885 0.39821374
vt 0.23778908 0.39801121
vt 0.24084207 0.40205705
vt 0.16318099 0.40311152
vt 0.05362189 0.40501505
vt 0.12215635 0.40379620
vt 0.20773169 0.39666533
vt 0.18504016 0.39681292
vt 0.24595310 0.39810944
vt 0.02643540 0.40553534
vt 0.08299728 0.40448880
vt 0.25210959 0.40198290
vt 0.28037754 0.39790636
vt 0.29924065 0.40178406
vt 0.30839369 0.39781582
vt 0.31025022 0.40181512
vt 0.31808242 0.39773047
vt 0.32930052 0.40193635
vt 0.35009155 0.39787483
vt 0.35973850 0.40219510
vt 0.37198967 0.39772981
vt 0.38880756 0.40246898
vt 0.39200151 0.39832735
vt 0.38872159 0.39640898
vt 0.41688600 0.40130794
vt 0.41905543 0.39676774
vt 0.43519539 0.39700478
vt 0.45410556 0.40186965
vt 0.44688141 0.39727604
vt 0.41539136 0.40284801
vt 0.46712899 0.39749765
vt 0.47004548 0.40234232
vt 0.48587945 0.39794260
vt 0.48600495 0.40264440
vt 0.49540660 0.40088832
vt 0.50081283 0.39839619
vt 0.51589209 0.40106702
vt 0.51304144 0.40492952
vt 0.53012639 0.40395236
vt 0.53089482 0.39899445
vt 0.53193474 0.40162545
vt 0.54648650 0.39918947
vt 0.54654443 0.40161395
vt 0.48589963 0.40417457
vt 0.45329788 0.40348363
vt 0.53738821 0.40580797
vt 0.54909164 0.40601736
vt 0.37465721 0.39638722
vt 0.35128197 0.39626282
vt 0.54955876 0.39986312
vt 0.02153095 0.39735150
vt 0.01640840 0.40363210
vt 0.01804837 0.40068471
vt 0.01425489 0.40435797
vt 0.54788888 0.39562762
vt 0.01531960 0.40575922
vt 0.55172998 0.40610498
vt 0.55300552 0.39965272
vt 0.54892993 0.39458954
vt 0.55070180 0.38958925
vt 0.55333918 0.38899124
vt 0.55415225 0.39595962
vt 0.55417466 0.37475300
vt 0.55072749 0.37943578
vt 0.55132997 0.36697662
vt 0.55370986 0.35310417
vt 0.55516791 0.35428357
vt 0.55630285 0.35330486
vt 0.55662829 0.34498495
vt 0.55297679 0.35158646
vt 0.55409968 0.33371413
vt 0.55704361 0.33384144
vt 0.55655229 0.32607555
vt 0.55496520 0.32035065
vt 0.55712467 0.31247795
vt 0.55694413 0.29811502
vt 0.55807048 0.29608572
vt 0.55880064 0.29226589
vt 0.01614968 0.40064180
vt 0.01443936 0.39803064
vt 0.01323196 0.40513921
vt 0.00441851 0.40516710
vt 0.00783510 0.38667107
vt 0.00456837 0.39257991
vt 0.01318166 0.38905072
vt 0.01508833 0.38177550
vt 0.01280892 0.36950564
vt 0.00715904 0.36494857
vt 0.00998450 0.35064852
vt 0.01287633 0.35246646
vt 0.00692600 0.34351575
vt 0.00672385 0.33143592
vt 0.00996761 0.32878840
vt 0.00672611 0.32466757
vt 0.00994157 0.31946635
vt 0.00686449 0.31221324
vt 0.01008834 0.30536604
vt 0.00706261 0.29745382
vt 0.00719932 0.28515148
vt 0.01028301 0.28866816
vt 0.00948623 0.27497053
vt 0.00563495 0.28388590
vt 0.00754771 0.27292228
vt 0.00555243 0.32366848
vt 0.01216709 0.32019937
vt 0.01271598 0.32916951
vt 0.00535502 0.26732564
vt 0.01067827 0.27233672
vt 0.01085719 0.25789601
vt 0.00518379 0.25566792
vt 0.00503667 0.23897797
vt 0.01095720 0.24014848
vt 0.01090141 0.22431594
vt 0.00575648 0.22956407
vt 0.00781320 0.22487742
vt 0.01061167 0.20718008
vt 0.01264351 0.31884456
vt 0.01259418 0.29064536
vt 0.01222124 0.27560616
vt 0.00410780 0.37517142
vt 0.00463126 0.34990352
vt 0.00534210 0.30473125
vt 0.00488836 0.20357656
vt 0.00415850 0.22650546
vt 0.00500183 0.23029840
vt 0.00478527 0.33342779
vt 0.00486384 0.32491064
vt 0.00996361 0.19536638
vt 0.00406229 0.40018368
vt 0.00527867 0.28499556
vt 0.00518099 0.29858285
vt 0.00504162 0.19017178
vt 0.01017051 0.18685943
vt 0.00725008 0.17346925
vt 0.01016122 0.17292458
vt 0.00702181 0.16026485
vt 0.01141748 0.16112185
vt 0.01111328 0.15188015
vt 0.00469194 0.14620411
vt 0.01005755 0.14755344
vt 0.01011273 0.14054489
vt 0.00386488 0.14258897
vt 0.00424749 0.12791896
vt 0.00998251 0.12793362
vt 0.01009397 0.11001259
vt 0.00424346 0.11203361
vt 0.00715753 0.10233235
vt 0.00426048 0.10062838
vt 0.00739813 0.08679765
vt 0.01013414 0.09964919
vt 0.00439737 0.08606040
vt 0.00455711 0.07664257
vt 0.00783818 0.07590437
vt 0.00960916 0.07678235
vt 0.00787364 0.07026279
vt 0.00485065 0.06821549
vt 0.00830449 0.06082344
vt 0.00523494 0.06023139
vt 0.00289124 0.05270618
vt 0.00868248 0.05199289
vt 0.00594333 0.03918242
vt 0.00908187 0.03422844
vt 0.00622349 0.02547050
vt 0.00921555 0.02221686
vt 0.00328205 0.02987927
vt 0.00354351 0.01233423
vt 0.00657876 0.00876266
vt 0.00119256 0.00268340
vt 0.00627225 0.00170612
vt 0.00904068 0.00484663
vt 0.00187103 0.04452229
vt 0.00278770 0.04570079
vt 0.00176033 0.01980776
vt 0.00547697 0.00049752
vt 0.01080934 0.00244820
vt 0.01135887 0.00415820
vt 0.00308364 0.08464956
vt 0.01013895 0.06065464
vt 0.01038172 0.05092782
vt 0.01037264 0.03517520
vt 0.00451405 0.15767300
vt 0.00417564 0.18013310
vt 0.01021691 0.08774519
vt 0.01028554 0.06779283
vt 0.00292343 0.00054425
vt 0.00295510 0.06035662
vt 0.01089486 0.02318615
vt 0.00280293 0.06480336
vt 0.00270739 0.07328182
vt 0.01579788 0.39786613
vt 0.01353687 0.32208687
vt 0.01012828 0.07563704
vt 0.00172666 0.03214270
vt 0.01400053 0.33730370
vt 0.01447138 0.35750628
vt 0.01153987 0.19876188
vt 0.01103540 0.11169189
vt 0.00377889 0.34096950
vt 0.01158583 0.17407203
vt 0.00270185 0.09223044
vt 0.00190018 0.05843222
vt 0.00319539 0.10887659
vt 0.01253405 0.24203229
vt 0.01216837 0.22800511
vt 0.01082938 0.03369749
vt 0.00042517 0.00113994
vt 0.01181703 0.01078689
vt 0.01205642 0.19662142
vt 0.00298124 0.10117221
vt 0.55698025 0.29248887
vt 0.55552346 0.28424847
vt 0.55934614 0.28934002
vt 0.55887973 0.28262907
vt 0.55605906 0.27595925
vt 0.55964351 0.26767731
vt 0.55789202 0.26684386
vt 0.55674726 0.27121037
vt 0.55948007 0.26512909
vt 0.55841756 0.25270092
vt 0.56081450 0.25082421
vt 0.56132627 0.24413073
vt 0.55345064 0.32411438
vt 0.00461949 0.27941620
vt 0.01104722 0.09279066
vt 0.54929262 0.39104110
vt 0.55021608 0.37868524
vt 0.01221574 0.20849311
vt 0.01277015 0.27440137
vt 0.55774128 0.32314241
vt 0.00368444 0.17403740
vt 0.01811390 0.39942276
vt 0.01129918 0.13015652
vt 0.01575261 0.38466883
vt 0.01484145 0.35880554
vt 0.55405462 0.39899838
vt 0.55292410 0.40352023
vt 0.55390757 0.40646756
vt 0.01086660 0.08264285
vt 0.55262375 0.33494198
vt 0.55639118 0.26006877
vt 0.55703914 0.24927616
vt 0.55752903 0.24367619
vt 0.55953252 0.24325389
vt 0.55919284 0.24099022
vt 0.56084317 0.24061137
vt 0.56157655 0.23550826
vt 0.56006986 0.23284531
vt 0.56258804 0.22671032
vt 0.56140381 0.21984732
vt 0.55851001 0.22930419
vt 0.56047440 0.21845376
vt 0.56215560 0.21677893
vt 0.55723965 0.24087137
vt 0.00336762 0.13972479
vt 0.55155683 0.35506463
vt 0.00322325 0.15213412
vt 0.00158982 0.04577148
vt 0.55557793 0.37489474
vt 0.00745652 0.40554327
vt 0.01128560 0.10950714
vt 0.55583924 0.26845866
vt 0.00266953 0.11257899
vt 0.01278190 0.22571862
vt 0.01310283 0.28710479
vt 0.01167933 0.14912033
vt 0.55665416 0.35455585
vt 0.00366932 0.21116763
vt 0.55519652 0.30297375
vt 0.56347287 0.22022492
vt 0.55459380 0.29483485
vt 0.55378354 0.31910253
vt 0.00345418 0.20245886
vt 0.00369578 0.32420182
vt 0.56360918 0.21688807
vt 0.00436929 0.26383901
vt 0.00601922 0.40646768
vt 0.55994153 0.21692502
vt 0.56230587 0.21309578
vt 0.56309193 0.21597528
vt 0.56419981 0.20762241
vt 0.56137329 0.20657670
vt 0.56306720 0.20363700
vt 0.56391454 0.19058770
vt 0.56485838 0.19058001
vt 0.56674159 0.18184537
vt 0.56532294 0.18386972
vt 0.56663573 0.17792588
vt 0.56860900 0.17316145
vt 0.56574726 0.17080164
vt 0.56750727 0.16798282
vt 0.56633246 0.16692495
vt 0.56941700 0.15580344
vt 0.56873393 0.15338337
vt 0.57031435 0.15072310
vt 0.56981617 0.16614646
vt 0.57147568 0.15411294
vt 0.57165360 0.15043980
vt 0.57310700 0.14186025
vt 0.57191503 0.13827145
vt 0.57518786 0.13001847
vt 0.57016093 0.13880110
vt 0.57247549 0.12521690
vt 0.57346177 0.12944520
vt 0.57407010 0.12409836
vt 0.57329005 0.12286365
vt 0.57598531 0.12158722
vt 0.57451391 0.12140906
vt 0.57588214 0.11230236
vt 0.57815784 0.11019987
vt 0.57541162 0.10339200
vt 0.57952034 0.10001785
vt 0.57818544 0.09678048
vt 0.57684684 0.09773797
vt 0.57993585 0.09688455
vt 0.58083528 0.09477329
vt 0.58153349 0.08657408
vt 0.57936943 0.08978659
vt 0.57893306 0.08559579
vt 0.58208770 0.08373845
vt 0.58051044 0.08290619
vt 0.58303332 0.08255202
vt 0.58377039 0.07557821
vt 0.58148319 0.07760489
vt 0.58290297 0.07061952
vt 0.58566022 0.06640911
vt 0.58286542 0.06424814
vt 0.58429623 0.06377512
vt 0.58703995 0.06025571
vt 0.58564621 0.05657381
vt 0.58885932 0.05111527
vt 0.58719188 0.04888004
vt 0.58951634 0.04791433
vt 0.58043337 0.07589495
vt 0.58663565 0.06548357
vt 0.57912338 0.08199358
vt 0.58435577 0.05630577
vt 0.58626950 0.04889429
vt 0.57384670 0.11293709
vt 0.59054941 0.04786408
vt 0.57256788 0.12128294
vt 0.58855885 0.04715919
vt 0.58267641 0.06316984
vt 0.57654715 0.09644663
vt 0.56830436 0.15017927
vt 0.57844108 0.08447552
vt 0.56648076 0.19088668
vt 0.56469065 0.17813760
vt 0.57628834 0.12467915
vt 0.56876647 0.17564029
vt 0.58958554 0.04646438
vt 0.56992841 0.16971695
vt 0.56312692 0.18916994
vt 0.00367285 0.24302161
vt 0.58273625 0.08592385
vt 0.57841969 0.11168224
vt 0.01340198 0.30379564
vt 0.01104334 0.05004048
vt 0.01109118 0.06148523
vt 0.01108961 0.06831789
vt 0.58671480 0.06683588
vt 0.55977517 0.29487550
vt 0.55435324 0.40404081
vt 0.55990404 0.28244776
vt 0.58701855 0.04751736
vt 0.59056121 0.04625738
vt 0.58991915 0.04496115
vt 0.00205398 0.07463562
vt 0.00148864 0.06102717
vt 0.00310258 0.18927377
vt 0.09499904 0.88348186
vt 0.09004327 0.88127774
vt 0.09403964 0.88091367
vt 0.10376509 0.88059872
vt 0.10515400 0.88302898
vt 0.09645491 0.89049149
vt 0.10768884 0.88781548
vt 0.09199001 0.89044398
vt 0.10242016 0.89051229
vt 0.08837317 0.89045382
vt 0.10783067 0.89028537
vt 0.11347659 0.88332868
vt 0.10571120 0.88076502
vt 0.11586249 0.88652629
vt 0.11325204 0.88053364
vt 0.11465660 0.88116705
vt 0.12151568 0.88643926
vt 0.12513898 0.88270301
vt 0.12711920 0.88288170
vt 0.08097807 0.88137734
vt 0.07783636 0.88584417
vt 0.07998474 0.89057606
vt 0.12418079 0.88030922
vt 0.12685366 0.88912177
vt 0.09499057 0.89189017
vt 0.11347437 0.89027971
vt 0.06559372 0.88474607
vt 0.05737805 0.88094795
vt 0.06016285 0.88682449
vt 0.07254606 0.89092749
vt 0.05555895 0.88403082
vt 0.05373861 0.89096534
vt 0.04846526 0.88352466
vt 0.04662237 0.88567370
vt 0.04960078 0.89203662
vt 0.04621879 0.88135582
vt 0.04925383 0.88113779
vt 0.05801246 0.89139539
vt 0.05677350 0.89319950
vt 0.05148202 0.89368594
vt 0.08506330 0.88000065
vt 0.05166386 0.88069171
vt 0.04633567 0.88918895
vt 0.04642354 0.89220017
vt 0.04447581 0.88911444
vt 0.04461491 0.88420850
vt 0.04379252 0.88200432
vt 0.12741984 0.88610929
vt 0.12852989 0.88705027
vt 0.12847224 0.89015901
vt 0.12374925 0.89260763
vt 0.12550783 0.89191324
vt 0.12747256 0.89204550
vt 0.10614910 0.89177459
vt 0.11697150 0.87955904
vt 0.04674919 0.89382559
vt 0.04465166 0.89402986
vt 0.04462904 0.89246923
vt 0.12772083 0.88002759
vt 0.12107592 0.89125341
vt 0.11869441 0.89283186
vt 0.11748587 0.88923228
vt 0.08801565 0.89244670
vt 0.04495317 0.89087439
vt 0.11643673 0.89264232
vt 0.11275303 0.89155054
vt 0.10703316 0.87952095
vt 0.09623764 0.87975311
vt 0.06843774 0.89331573
vt 0.05799265 0.89364189
vt 0.09303201 0.87956589
vt 0.04471381 0.87983328
vt 0.07890639 0.89301944
vt 0.12514220 0.87915796
vt 0.12791146 0.89358020
vt 0.09611478 0.89268100
vt 0.10424206 0.87910450
vt 0.10738621 0.89238346
vt 0.12882653 0.88554078
vt 0.11402828 0.87916201
vt 0.12585971 0.89382559
vt 0.12875646 0.89325142
vt 0.99604797 0.37822562
vt 0.99737853 0.36773360
vt 0.99295062 0.36101902
vt 0.99534637 0.35778826
vt 0.99330097 0.38644063
vt 0.99618226 0.39990550
vt 0.99348158 0.40024114
vt 0.99784696 0.38106322
vt 0.99825084 0.40063393
vt 0.99365777 0.40943778
vt 0.99631858 0.41128612
vt 0.99845743 0.41315615
vt 0.99351263 0.41975409
vt 0.99662924 0.35876739
vt 0.99262059 0.35838425
vt 0.99208868 0.35481215
vt 0.99279714 0.34826195
vt 0.99772489 0.42126179
vt 0.99445283 0.42139304
vt 0.99490106 0.34047687
vt 0.99268657 0.32644725
vt 0.99664533 0.32679570
vt 0.99411124 0.30542445
vt 0.99218935 0.29724443
vt 0.99597001 0.30343127
vt 0.99338794 0.28791320
vt 0.99191463 0.34217513
vt 0.99493885 0.28748047
vt 0.99383545 0.27823961
vt 0.99707490 0.34180677
vt 0.99756795 0.35762239
vt 0.99221408 0.26250672
vt 0.99626338 0.26753080
vt 0.99373060 0.25714356
vt 0.99657643 0.28562105
vt 0.99575889 0.25483537
vt 0.99493748 0.24759698
vt 0.99196082 0.27794409
vt 0.99199289 0.41968393
vt 0.99200743 0.25130188
vt 0.99241287 0.42096400
vt 0.99459797 0.24457276
vt 0.99669683 0.29204869
vt 0.99738169 0.29906368
vt 0.99184632 0.39751250
vt 0.99828458 0.36396122
vt 0.99716932 0.24651957
vt 0.99818492 0.24550015
vt 0.99819386 0.23995554
vt 0.99699348 0.23904717
vt 0.99459219 0.23537618
vt 0.99654758 0.23251510
vt 0.99498826 0.22600764
vt 0.99726015 0.22553128
vt 0.99408054 0.21842194
vt 0.99481314 0.20521951
vt 0.99680853 0.20437884
vt 0.99463576 0.19730365
vt 0.99755079 0.25364184
vt 0.99309921 0.23244113
vt 0.99390197 0.20583558
vt 0.99107140 0.29422176
vt 0.99357015 0.19797641
vt 0.99196982 0.23991227
vt 0.99153280 0.37579632
vt 0.99785191 0.19847441
vt 0.99564087 0.19367385
vt 0.99703181 0.19420612
vt 0.99706471 0.18796694
vt 0.99550146 0.18155360
vt 0.99608546 0.17743057
vt 0.99819905 0.23092312
vt 0.99865049 0.23880124
vt 0.99137866 0.26104277
vt 0.99815774 0.26494348
vt 0.99785721 0.31020570
vt 0.99280483 0.23588932
vt 0.99872446 0.37843859
vt 0.99320889 0.22527766
vt 0.99539548 0.17462689
vt 0.99872446 0.21180916
vt 0.10376742 0.23101926
vt 0.09173874 0.22813421
vt 0.10773463 0.22671568
vt 0.08954813 0.23107296
vt 0.10983489 0.23085117
vt 0.08303034 0.22818065
vt 0.08123208 0.23123389
vt 0.11001811 0.22881794
vt 0.11315456 0.23243803
vt 0.11800668 0.23100913
vt 0.12470669 0.23307347
vt 0.08013891 0.22782844
vt 0.07709739 0.23103738
vt 0.07889338 0.23269588
vt 0.11820242 0.22781807
vt 0.11738322 0.22664070
vt 0.12295309 0.22817379
vt 0.12380016 0.23111695
vt 0.07923290 0.22655916
vt 0.07409277 0.22797644
vt 0.07075372 0.23118335
vt 0.06916771 0.22788250
vt 0.06303128 0.23067421
vt 0.06256267 0.22775638
vt 0.06034898 0.22784710
vt 0.06060352 0.23073542
vt 0.07559422 0.22623312
vt 0.12759846 0.23078549
vt 0.12645869 0.22650760
vt 0.05953792 0.22905064
vt 0.08915118 0.22628015
vt 0.06871586 0.22612232
vt 0.06071601 0.22623539
vt 0.06314890 0.23296577
vt 0.05954219 0.23262262
vt 0.07013689 0.23326981
vt 0.07751339 0.23333329
vt 0.08095638 0.22615194
vt 0.12800473 0.22805238
vt 0.10373109 0.23304844
vt 0.12949727 0.23037648
vt 0.11159683 0.23324776
vt 0.11842623 0.22619003
vt 0.12698670 0.23305762
vt 0.12928475 0.23214543
vt 0.13138188 0.23278797
vt 0.05909864 0.22687691
vt 0.13076639 0.22685522
vt 0.13123317 0.22864425
vt 0.13348956 0.22556376
vt 0.13528061 0.22775340
vt 0.14122604 0.22718292
vt 0.13395576 0.22980428
vt 0.13164756 0.23068851
vt 0.14144242 0.23128229
vt 0.14190347 0.22851312
vt 0.14413266 0.23108298
vt 0.14392762 0.22922713
vt 0.13062462 0.22537315
vt 0.14122580 0.23327845
vt 0.14329903 0.23333335
vt 0.12825614 0.22617316
vt 0.91306788 0.80479145
vt 0.91512895 0.81119800
vt 0.91233838 0.80752200
vt 0.91063362 0.80677003
vt 0.91376728 0.81678611
vt 0.91815901 0.82778919
vt 0.91620755 0.82875729
vt 0.91526848 0.82464546
vt 0.91749668 0.83024502
vt 0.92118740 0.84121233
vt 0.91921127 0.83953124
vt 0.92264384 0.86062217
vt 0.92549515 0.87229192
vt 0.92438585 0.87169766
vt 0.92811853 0.86808145
vt 0.92771089 0.88138670
vt 0.93241745 0.88350254
vt 0.92219388 0.83970463
vt 0.91863912 0.81755978
vt 0.91715860 0.80684280
vt 0.91691184 0.80338383
vt 0.90975016 0.79888064
vt 0.90155238 0.80427778
vt 0.90253973 0.80045432
vt 0.91616720 0.79871118
vt 0.89637101 0.80302089
vt 0.87184930 0.80837250
vt 0.89065915 0.80937684
vt 0.90962356 0.80592883
vt 0.87219882 0.81288350
vt 0.85801977 0.81566274
vt 0.84943008 0.81453460
vt 0.83724195 0.81913662
vt 0.83077288 0.81861615
vt 0.84668511 0.81373024
vt 0.80442327 0.82597876
vt 0.80434340 0.82434869
vt 0.78047788 0.83049238
vt 0.78526443 0.83145827
vt 0.75566608 0.83720106
vt 0.88049161 0.80547202
vt 0.85288858 0.81201684
vt 0.80397367 0.82765645
vt 0.84403282 0.81965470
vt 0.85462254 0.81776214
vt 0.82278824 0.81954598
vt 0.76230681 0.83690590
vt 0.77649283 0.83441299
vt 0.85503989 0.81128198
vt 0.75395060 0.83820182
vt 0.75371474 0.83727378
vt 0.73971701 0.84085119
vt 0.92844146 0.86582381
vt 0.92974854 0.87204134
vt 0.91612917 0.79751241
vt 0.92302686 0.84080368
vt 0.92034692 0.82502586
vt 0.74092275 0.84099865
vt 0.75311154 0.84221965
vt 0.74718881 0.84406573
vt 0.74171484 0.84674948
vt 0.72547859 0.84625411
vt 0.72906327 0.84367192
vt 0.71671158 0.84636015
vt 0.73108864 0.84890360
vt 0.72440314 0.84993672
vt 0.72138810 0.84881669
vt 0.71838164 0.85120320
vt 0.70378453 0.84999317
vt 0.70049238 0.85412568
vt 0.67472076 0.85698950
vt 0.69007975 0.85281402
vt 0.71176857 0.85308796
vt 0.69534743 0.85770255
vt 0.67221290 0.86336881
vt 0.67003316 0.85822690
vt 0.64761245 0.86395949
vt 0.61647862 0.87314397
vt 0.61439854 0.87686753
vt 0.61357480 0.87252951
vt 0.60969251 0.87338263
vt 0.60508829 0.88087845
vt 0.63592976 0.87354529
vt 0.64119947 0.86676621
vt 0.64436466 0.86956018
vt 0.59721839 0.87729114
vt 0.60089093 0.87597388
vt 0.61944383 0.87967163
vt 0.62574148 0.87780529
vt 0.64442581 0.87403929
vt 0.65819806 0.86973059
vt 0.61880016 0.87116075
vt 0.64104837 0.86531651
vt 0.60447747 0.88409317
vt 0.59492934 0.88545334
vt 0.58144116 0.88498998
vt 0.57684928 0.89081800
vt 0.57145143 0.88734490
vt 0.57243359 0.89449090
vt 0.56862372 0.89413732
vt 0.56544560 0.88962460
vt 0.56570303 0.89784455
vt 0.55593187 0.89347732
vt 0.56031150 0.89873862
vt 0.55567551 0.89926368
vt 0.55447960 0.89889795
vt 0.55388623 0.89619273
vt 0.55570632 0.88983113
vt 0.55314624 0.89040852
vt 0.56116515 0.88803732
vt 0.57955819 0.89449668
vt 0.56748730 0.88628411
vt 0.57563353 0.88347554
vt 0.59694886 0.88848484
vt 0.59922409 0.88660496
vt 0.67894524 0.86315525
vt 0.70949131 0.84829611
vt 0.59035587 0.87883449
vt 0.67880064 0.86475265
vt 0.60754943 0.88277000
vt 0.70504117 0.85671663
vt 0.61541241 0.87189615
vt 0.66074479 0.86033446
vt 0.57171786 0.89649075
vt 0.69604462 0.86081129
vt 0.71089476 0.85535586
vt 0.75585783 0.84090388
vt 0.63993216 0.86574817
vt 0.62525272 0.86952949
vt 0.72112566 0.85295033
vt 0.75900775 0.83908236
vt 0.56845421 0.89836395
vt 0.57058436 0.89837265
vt 0.92922443 0.88259494
vt 0.93138218 0.88406265
vt 0.93263090 0.88711327
vt 0.93433678 0.89210272
vt 0.69604456 0.86279899
vt 0.65181440 0.87257665
vt 0.91717070 0.80100340
vt 0.79062676 0.83177567
vt 0.76847553 0.83683807
vt 0.85767651 0.81744802
vt 0.58939433 0.89317751
vt 0.59800822 0.88945806
vt 0.65856934 0.87105578
vt 0.66619205 0.86952329
vt 0.85991496 0.81702906
vt 0.76296508 0.83464104
vt 0.93447655 0.89606452
vt 0.93579930 0.89638227
vt 0.67626452 0.86676449
vt 0.91677672 0.79767531
vt 0.55881786 0.89999998
vt 0.93411112 0.89754272
vt 0.93558443 0.89863044
vt 0.93422717 0.89999998
vt 0.65897274 0.87268502
vt 0.64434958 0.87541181
vt 0.64523482 0.87665403
vt 0.79655176 0.89782941
vt 0.79520100 0.89624089
vt 0.80329978 0.89636248
vt 0.80561405 0.89774030
vt 0.81651926 0.89641356
vt 0.81762421 0.89725572
vt 0.79034323 0.97223270
vt 0.79635799 0.93347341
vt 0.81493986 0.94041610
vt 0.80870795 0.91553456
vt 0.82591844 0.91293269
vt 0.78875589 0.91380930
vt 0.77204281 0.92993516
vt 0.77258402 0.94446498
vt 0.74761486 0.93300223
vt 0.76696545 0.91889197
vt 0.73372203 0.92173654
vt 0.71572757 0.93234146
vt 0.72894597 0.94668865
vt 0.69646698 0.94414449
vt 0.70350176 0.96661586
vt 0.69556475 0.92198437
vt 0.67819244 0.94196105
vt 0.67148328 0.96734726
vt 0.66085899 0.94291580
vt 0.67185432 0.92358035
vt 0.64641249 0.92864645
vt 0.64464498 0.95533413
vt 0.65439641 0.95989209
vt 0.63745350 0.92706555
vt 0.63705099 0.95624870
vt 0.63860601 0.96757132
vt 0.63699430 0.91675633
vt 0.64847326 0.91976130
vt 0.63360012 0.92281938
vt 0.67033708 0.91810375
vt 0.68128079 0.91607952
vt 0.70258212 0.91431940
vt 0.71735221 0.91500545
vt 0.71429616 0.92192721
vt 0.74498534 0.91331184
vt 0.77471125 0.91023791
vt 0.79843599 0.90478557
vt 0.81379151 0.89875650
vt 0.75253439 0.95516884
vt 0.76181144 0.96518427
vt 0.76945412 0.97299558
vt 0.74000567 0.97615951
vt 0.75206721 0.98086327
vt 0.73576230 0.96453589
vt 0.83280641 0.92045921
vt 0.84286612 0.91351789
vt 0.86889541 0.91647911
vt 0.86148894 0.91150528
vt 0.87417394 0.90388191
vt 0.88718545 0.90605533
vt 0.90032846 0.94396067
vt 0.91359270 0.93493408
vt 0.91268599 0.95241773
vt 0.89422184 0.96037245
vt 0.92346781 0.94994098
vt 0.91881382 0.96473676
vt 0.91231221 0.92224306
vt 0.92679745 0.93620294
vt 0.90614462 0.90893877
vt 0.89654428 0.92739493
vt 0.92839748 0.92165285
vt 0.93181431 0.96660435
vt 0.90437388 0.96579325
vt 0.88515770 0.95173442
vt 0.85207725 0.98223943
vt 0.87252218 0.97141248
vt 0.86873841 0.98450172
vt 0.87470925 0.94983011
vt 0.87933451 0.92729092
vt 0.86587846 0.94813830
vt 0.86934441 0.93276078
vt 0.85288221 0.94297910
vt 0.84271902 0.95064336
vt 0.84178144 0.92829394
vt 0.82550734 0.94595414
vt 0.82275587 0.96802306
vt 0.81022137 0.96129423
vt 0.78092003 0.98369277
vt 0.71921271 0.96155643
vt 0.63070130 0.98874903
vt 0.63095796 0.97243905
vt 0.63477147 0.97884977
vt 0.65102059 0.98760688
vt 0.63618338 0.99606311
vt 0.65771222 0.99519461
vt 0.67100900 0.98747301
vt 0.70116210 0.98803312
vt 0.68539220 0.99358678
vt 0.70061833 0.99451327
vt 0.70999509 0.98902696
vt 0.71946096 0.98053813
vt 0.72264320 0.99328333
vt 0.74587071 0.99169254
vt 0.73029989 0.99785459
vt 0.75839442 0.99662840
vt 0.77312350 0.99365675
vt 0.79923642 0.98154938
vt 0.80223054 0.99000889
vt 0.82612175 0.97814900
vt 0.82316840 0.99005544
vt 0.85810810 0.96891606
vt 0.89829767 0.98066425
vt 0.91794735 0.98124611
vt 0.94839019 0.97718561
vt 0.95116979 0.98987108
vt 0.92704999 0.99069995
vt 0.90415454 0.99160236
vt 0.88285339 0.99007761
vt 0.86736894 0.99184501
vt 0.85162574 0.99020374
vt 0.94933033 0.96466875
vt 0.94216400 0.94724733
vt 0.95687687 0.92000067
vt 0.96823049 0.94615465
vt 0.97539181 0.93462867
vt 0.97382236 0.94999099
vt 0.97669202 0.92247760
vt 0.96443766 0.90769345
vt 0.95928198 0.97178644
vt 0.94779617 0.93048531
vt 0.93742245 0.92170227
vt 0.93002880 0.90749413
vt 0.94405329 0.90473837
vt 0.95433044 0.90762508
vt 0.92128003 0.90389729
vt 0.89945465 0.90497237
vt 0.95902050 0.99101156
vt 0.80086291 0.99595749
vt 0.81970453 0.99654740
vt 0.76261193 0.99834841
vt 0.77533001 0.99757528
vt 0.82791370 0.99768001
vt 0.85484362 0.99671924
vt 0.86402673 0.99616170
vt 0.85268998 0.90107125
vt 0.83517265 0.90251076
vt 0.82238483 0.90415204
vt 0.82556891 0.89880329
vt 0.84515321 0.89867532
vt 0.86538637 0.90035337
vt 0.87461352 0.90047830
vt 0.88588607 0.90021819
vt 0.89278394 0.90117896
vt 0.95555580 0.99492139
vt 0.96549457 0.99432689
vt 0.69449699 0.99673527
vt 0.68610227 0.99652314
vt 0.68020487 0.99589103
vt 0.67026460 0.99605900
vt 0.69843674 0.99753976
vt 0.93167812 0.90375036
vt 0.80307603 0.99752742
vt 0.63193208 0.96932286
vt 0.63337082 0.96405905
vt 0.91169274 0.99768704
vt 0.93062210 0.99647069
vt 0.93264866 0.99762982
vt 0.70718944 0.99795610
vt 0.72526133 0.99634856
vt 0.63520592 0.96189451
vt 0.63446385 0.94529021
vt 0.63840103 0.91031420
vt 0.70140630 0.90346265
vt 0.72035611 0.90340406
vt 0.65818149 0.90830767
vt 0.66947329 0.90122384
vt 0.67021000 0.90686649
vt 0.68853360 0.90246868
vt 0.68518203 0.91094214
vt 0.79111487 0.90101141
vt 0.77555496 0.89668882
vt 0.78795445 0.89645469
vt 0.76168150 0.89637601
vt 0.77479243 0.89565557
vt 0.74726123 0.89725322
vt 0.73624998 0.89869159
vt 0.86656386 0.99794930
vt 0.88655072 0.99848402
vt 0.90034300 0.99805349
vt 0.97795314 0.91310644
vt 0.97796112 0.90536469
vt 0.96511674 0.90386420
vt 0.97946769 0.90385753
vt 0.97154123 0.95546877
vt 0.96329814 0.96429890
vt 0.96664655 0.97121561
vt 0.96444702 0.98521698
vt 0.96439886 0.99181288
vt 0.71763659 0.89754742
vt 0.69649851 0.89981979
vt 0.69402587 0.89821523
vt 0.72158635 0.99828279
vt 0.87248850 0.99873763
vt 0.64232206 0.90218842
vt 0.73739022 0.89699239
vt 0.68023860 0.89881372
vt 0.68323082 0.89769077
vt 0.97080010 0.97067666
vt 0.97342998 0.95605302
vt 0.67479771 0.89926809
vt 0.95292079 0.90304083
vt 0.83296812 0.89870697
vt 0.63198519 0.99408591
vt 0.62904382 0.99355143
vt 0.63241476 0.95994663
vt 0.63320380 0.95628572
vt 0.97041142 0.98028690
vt 0.89778137 0.90211958
vt 0.90287894 0.90325344
vt 0.63487667 0.91055256
vt 0.75554079 0.99863672
vt 0.63604707 0.90165234
vt 0.63326406 0.91456723
vt 0.96511912 0.99568385
vt 0.79604495 0.99799025
vt 0.95417547 0.99619317
vt 0.66243762 0.89850396
vt 0.64658177 0.89959693
vt 0.67260343 0.89816380
vt 0.63307893 0.90002823
vt 0.63327116 0.90248936
vt 0.63347620 0.90789926
vt 0.82957411 0.89827991
vt 0.63041461 0.99658531
vt 0.97681266 0.93142319
vt 0.97995597 0.90543854
vt 0.96933645 0.98770273
vt 0.96677405 0.99336725
vt 0.97061324 0.99270242
vt 0.96925718 0.98364997
vt 0.63247788 0.91469663
vt 0.62926191 0.98392981
vt 0.63030106 0.98063898
vt 0.84945077 0.89931244
vt 0.97202533 0.96863592
vt 0.91469830 0.99872679
vt 0.79561949 0.89679903
vt 0.90196788 0.99891090
vt 0.86181700 0.99829900
vt 0.72342426 0.99887878
vt 0.63336641 0.94695097
vt 0.85536736 0.89896047
vt 0.73927087 0.99891400
vt 0.96761006 0.99465925
vt 0.96737289 0.99603838
vt 0.83448982 0.99895203
vt 0.97515577 0.94666064
vt 0.82074153 0.99807680
vt 0.80610949 0.99848604
vt 0.93229520 0.90261823
vt 0.93343741 0.90301853
vt 0.97820276 0.92076713
vt 0.93155497 0.99797738
vt 0.77684134 0.99881685
vt 0.76578313 0.99935108
vt 0.97337526 0.96052074
vt 0.74885052 0.89611042
vt 0.97245449 0.97168869
vt 0.97966003 0.91318375
vt 0.98068404 0.90891194
vt 0.97709084 0.93713289
vt 0.97866517 0.92489702
vt 0.69040489 0.89745551
vt 0.82262295 0.99905115
vt 0.82502264 0.89744049
vt 0.97103381 0.98276556
vt 0.97061646 0.98744023
vt 0.63202327 0.90804428
vt 0.86523336 0.89918548
vt 0.94684803 0.90236801
vt 0.78425825 0.89502490
vt 0.77547508 0.89514166
vt 0.86274064 0.99918193
vt 0.72503209 0.89726740
vt 0.67482203 0.89763695
vt 0.97529674 0.95141476
vt 0.79782200 0.99880856
vt 0.67696506 0.89792150
vt 0.75786680 0.99950248
vt 0.62882656 0.99667180
vt 0.68094659 0.89726382
vt 0.65612727 0.99629158
vt 0.69236869 0.99797922
vt 0.96032703 0.90295666
vt 0.98142582 0.90484822
vt 0.67689896 0.89662737
vt 0.67894715 0.89650714
vt 0.67921937 0.89778584
vt 0.63157940 0.90523928
vt 0.98171771 0.90374339
vt 0.97594041 0.94860923
vt 0.87592536 0.89932662
vt 0.87688202 0.89956009
vt 0.89919704 0.99950248
vt 0.97068071 0.99336416
vt 0.65737957 0.99699169
vt 0.84786838 0.89828026
vt 0.85431409 0.89830887
vt 0.77069712 0.02920026
vt 0.77041566 0.02703655
vt 0.77168369 0.02511203
vt 0.75975209 0.02506864
vt 0.76589227 0.02355504
vt 0.77163070 0.02285969
vt 0.61264724 0.02595955
vt 0.65815073 0.02286673
vt 0.63348472 0.02622890
vt 0.61502856 0.02246398
vt 0.56060106 0.02270740
vt 0.58752036 0.02238804
vt 0.58674526 0.02606428
vt 0.57540458 0.02618837
vt 0.55047870 0.02649820
vt 0.54170758 0.02306569
vt 0.53719854 0.02678955
vt 0.65646696 0.02641189
vt 0.67745525 0.02678800
vt 0.68730760 0.02348042
vt 0.70551813 0.02739954
vt 0.71673405 0.02405769
vt 0.72458911 0.02780485
vt 0.74497044 0.02469331
vt 0.75120741 0.02832955
vt 0.76234370 0.02726507
vt 0.51467592 0.02732855
vt 0.50549954 0.02380449
vt 0.47597051 0.02659738
vt 0.46867412 0.02481121
vt 0.49025181 0.02794707
vt 0.47704023 0.02798522
vt 0.43441275 0.02718592
vt 0.76152515 0.02834779
vt 0.43889707 0.02526331
vt 0.41355184 0.02569652
vt 0.40755439 0.02742797
vt 0.39606646 0.02612394
vt 0.38036969 0.02766979
vt 0.37738660 0.02640676
vt 0.34175286 0.02827144
vt 0.34762368 0.02690351
vt 0.33366323 0.02719140
vt 0.30824831 0.02880776
vt 0.31159770 0.02762872
vt 0.45872363 0.02881527
vt 0.47608054 0.02865738
vt 0.43552446 0.02919281
vt 0.41289252 0.02935326
vt 0.40079299 0.02933592
vt 0.76252609 0.02935320
vt 0.75892860 0.73681593
vt 0.75977892 0.74155068
vt 0.75892860 0.74179107
vt 0.98256803 0.44129354
vt 0.98256803 0.44427860
vt 0.98086733 0.44200587
vt 0.98256803 0.33184075
vt 0.98256803 0.33482587
vt 0.98171771 0.33279443
f 5344/5344/5344 5336/5336/5336 5333/5333/5333
f 5345/5345/5345 5339/5339/5339 5346/5346/5346
f 5345/5345/5345 5346/5346/5346 5336/5336/5336
f 5344/5344/5344 5345/5345/5345 5336/5336/5336
f 1332/1332/1332 1908/1908/1908 1907/1907/1907
f 1361/1361/1361 2001/2001/2001 1900/1900/1900
f 1900/1900/1900 2001/2001/2001 2038/2038/2038
f 1900/1900/1900 2038/2038/2038 2037/2037/2037
f 1333/1333/1333 1332/1332/1332 1904/1904/1904
f 1359/1359/1359 1361/1361/1361 1899/1899/1899
f 1738/1738/1738 1744/1744/1744 1743/1743/1743
f 1738/1738/1738 1743/1743/1743 1740/1740/1740
f 1176/1176/1176 1740/1740/1740 1127/1127/1127
f 1176/1176/1176 1127/1127/1127 1128/1128/1128
f 1127/1127/1127 1123/1123/1123 1122/1122/1122
f 1122/1122/1122 1123/1123/1123 1121/1121/1121
f 1121/1121/1121 1123/1123/1123 1124/1124/1124
f 1125/1125/1125 1110/1110/1110 1108/1108/1108
f 1107/1107/1107 1108/1108/1108 1106/1106/1106
f 1090/1090/1090 1096/1096/1096 1091/1091/1091
f 1093/1093/1093 1099/1099/1099 1907/1907/1907
f 1356/1356/1356 1353/1353/1353 1357/1357/1357
f 1359/1359/1359 1360/1360/1360 1361/1361/1361
f 1361/1361/1361 1362/1362/1362 2001/2001/2001
f 1743/1743/1743 1741/1741/1741 1740/1740/1740
f 1124/1124/1124 1126/1126/1126 1125/1125/1125
f 1125/1125/1125 1126/1126/1126 1110/1110/1110
f 1108/1108/1108 1109/1109/1109 1106/1106/1106
f 1106/1106/1106 1105/1105/1105 1103/1103/1103
f 1103/1103/1103 1105/1105/1105 1104/1104/1104
f 1103/1103/1103 1104/1104/1104 1094/1094/1094
f 1102/1102/1102 1101/1101/1101 1096/1096/1096
f 1095/1095/1095 1102/1102/1102 1096/1096/1096
f 1096/1096/1096 1101/1101/1101 1100/1100/1100
f 1100/1100/1100 1097/1097/1097 1096/1096/1096
f 1096/1096/1096 1097/1097/1097 1091/1091/1091
f 1091/1091/1091 1097/1097/1097 1093/1093/1093
f 1093/1093/1093 1097/1097/1097 1098/1098/1098
f 1093/1093/1093 1098/1098/1098 1099/1099/1099
f 1907/1907/1907 1906/1906/1906 1332/1332/1332
f 1332/1332/1332 1905/1905/1905 1904/1904/1904
f 1904/1904/1904 1357/1357/1357 1353/1353/1353
f 1357/1357/1357 1358/1358/1358 1356/1356/1356
f 1359/1359/1359 1358/1358/1358 1360/1360/1360
f 1361/1361/1361 1360/1360/1360 1362/1362/1362
f 2014/2014/2014 1746/1746/1746 1745/1745/1745
f 1745/1745/1745 1746/1746/1746 1744/1744/1744
f 1744/1744/1744 1746/1746/1746 1747/1747/1747
f 1744/1744/1744 1747/1747/1747 1743/1743/1743
f 1740/1740/1740 1741/1741/1741 1127/1127/1127
f 1108/1108/1108 1110/1110/1110 1109/1109/1109
f 1104/1104/1104 1102/1102/1102 1094/1094/1094
f 1094/1094/1094 1102/1102/1102 1095/1095/1095
f 1099/1099/1099 1906/1906/1906 1907/1907/1907
f 1332/1332/1332 1906/1906/1906 1905/1905/1905
f 1358/1358/1358 1357/1357/1357 1360/1360/1360
f 1362/1362/1362 2002/2002/2002 2001/2001/2001
f 2001/2001/2001 2002/2002/2002 2038/2038/2038
f 2069/2069/2069 2079/2079/2079 2014/2014/2014
f 2014/2014/2014 2079/2079/2079 1746/1746/1746
f 3380/3380/3380 3350/3350/3350 3420/3420/3420
f 1746/1746/1746 2083/2083/2083 1747/1747/1747
f 3350/3350/3350 3362/3362/3362 3412/3412/3412
f 3412/3412/3412 3362/3362/3362 3360/3360/3360
f 1747/1747/1747 2022/2022/2022 1743/1743/1743
f 3412/3412/3412 3360/3360/3360 3413/3413/3413
f 1743/1743/1743 2022/2022/2022 1741/1741/1741
f 1741/1741/1741 2022/2022/2022 1127/1127/1127
f 1127/1127/1127 2022/2022/2022 2021/2021/2021
f 3413/3413/3413 3360/3360/3360 3405/3405/3405
f 1127/1127/1127 2021/2021/2021 1123/1123/1123
f 3405/3405/3405 3360/3360/3360 3359/3359/3359
f 1123/1123/1123 2021/2021/2021 2020/2020/2020
f 3405/3405/3405 3359/3359/3359 3404/3404/3404
f 1123/1123/1123 2020/2020/2020 1124/1124/1124
f 1124/1124/1124 2020/2020/2020 1126/1126/1126
f 3404/3404/3404 3359/3359/3359 3402/3402/3402
f 3359/3359/3359 3345/3345/3345 3402/3402/3402
f 3402/3402/3402 3345/3345/3345 3343/3343/3343
f 1126/1126/1126 1109/1109/1109 1110/1110/1110
f 3402/3402/3402 3343/3343/3343 3403/3403/3403
f 3403/3403/3403 3343/3343/3343 3407/3407/3407
f 3407/3407/3407 3343/3343/3343 3408/3408/3408
f 3343/3343/3343 3344/3344/3344 3408/3408/3408
f 3408/3408/3408 3344/3344/3344 3409/3409/3409
f 3409/3409/3409 3344/3344/3344 3417/3417/3417
f 1102/1102/1102 1100/1100/1100 1101/1101/1101
f 3417/3417/3417 3344/3344/3344 3416/3416/3416
f 3344/3344/3344 3311/3311/3311 3416/3416/3416
f 3416/3416/3416 3311/3311/3311 3414/3414/3414
f 3414/3414/3414 3311/3311/3311 3308/3308/3308
f 3414/3414/3414 3308/3308/3308 3415/3415/3415
f 3415/3415/3415 3308/3308/3308 3322/3322/3322
f 1099/1099/1099 1098/1098/1098 1906/1906/1906
f 3415/3415/3415 3322/3322/3322 3411/3411/3411
f 3411/3411/3411 3322/3322/3322 3323/3323/3323
f 3411/3411/3411 3323/3323/3323 3410/3410/3410
f 1906/1906/1906 2013/2013/2013 1905/1905/1905
f 2013/2013/2013 2012/2012/2012 1905/1905/1905
f 3410/3410/3410 3323/3323/3323 3400/3400/3400
f 1905/1905/1905 2012/2012/2012 1904/1904/1904
f 3323/3323/3323 3338/3338/3338 3400/3400/3400
f 1904/1904/1904 2012/2012/2012 1357/1357/1357
f 1357/1357/1357 2012/2012/2012 2009/2009/2009
f 3400/3400/3400 3338/3338/3338 3399/3399/3399
f 3399/3399/3399 3338/3338/3338 3334/3334/3334
f 3334/3334/3334 3333/3333/3333 3399/3399/3399
f 1357/1357/1357 2009/2009/2009 1360/1360/1360
f 2009/2009/2009 2008/2008/2008 1360/1360/1360
f 3399/3399/3399 3333/3333/3333 3401/3401/3401
f 3401/3401/3401 3333/3333/3333 3335/3335/3335
f 1360/1360/1360 2008/2008/2008 1362/1362/1362
f 1362/1362/1362 2008/2008/2008 2002/2002/2002
f 3335/3335/3335 3329/3329/3329 3396/3396/3396
f 3401/3401/3401 3335/3335/3335 3396/3396/3396
f 3329/3329/3329 3378/3378/3378 3396/3396/3396
f 2002/2002/2002 2050/2050/2050 2038/2038/2038
f 3396/3396/3396 3378/3378/3378 3395/3395/3395
f 1335/1335/1335 1334/1334/1334 1346/1346/1346
f 1721/1721/1721 1733/1733/1733 1732/1732/1732
f 1119/1119/1119 1175/1175/1175 1171/1171/1171
f 1073/1073/1073 1323/1323/1323 1329/1329/1329
f 1324/1324/1324 1325/1325/1325 1319/1319/1319
f 1320/1320/1320 1319/1319/1319 1326/1326/1326
f 1897/1897/1897 1898/1898/1898 1903/1903/1903
f 1116/1116/1116 1111/1111/1111 1114/1114/1114
f 1083/1083/1083 1082/1082/1082 1080/1080/1080
f 1077/1077/1077 1076/1076/1076 1075/1075/1075
f 1347/1347/1347 1352/1352/1352 1354/1354/1354
f 1347/1347/1347 1354/1354/1354 1349/1349/1349
f 1997/1997/1997 1903/1903/1903 2036/2036/2036
f 1735/1735/1735 1734/1734/1734 1720/1720/1720
f 1130/1130/1130 1129/1129/1129 1131/1131/1131
f 1175/1175/1175 1119/1119/1119 1116/1116/1116
f 1080/1080/1080 1081/1081/1081 1077/1077/1077
f 1076/1076/1076 1074/1074/1074 1075/1075/1075
f 1072/1072/1072 1178/1178/1178 1073/1073/1073
f 1321/1321/1321 1323/1323/1323 1324/1324/1324
f 1319/1319/1319 1325/1325/1325 1326/1326/1326
f 1335/1335/1335 1327/1327/1327 1334/1334/1334
f 1347/1347/1347 1351/1351/1351 1352/1352/1352
f 1363/1363/1363 1898/1898/1898 1897/1897/1897
f 1733/1733/1733 1720/1720/1720 1734/1734/1734
f 1082/1082/1082 1081/1081/1081 1080/1080/1080
f 1081/1081/1081 1076/1076/1076 1077/1077/1077
f 1072/1072/1072 1074/1074/1074 1178/1178/1178
f 1073/1073/1073 1178/1178/1178 1323/1323/1323
f 1325/1325/1325 1327/1327/1327 1326/1326/1326
f 1326/1326/1326 1327/1327/1327 1335/1335/1335
f 1334/1334/1334 1351/1351/1351 1346/1346/1346
f 1134/1134/1134 1732/1732/1732 1130/1130/1130
f 1129/1129/1129 1120/1120/1120 1131/1131/1131
f 1131/1131/1131 1120/1120/1120 1119/1119/1119
f 1178/1178/1178 1089/1089/1089 1323/1323/1323
f 1323/1323/1323 1092/1092/1092 1324/1324/1324
f 1325/1325/1325 1908/1908/1908 1327/1327/1327
f 1351/1351/1351 1347/1347/1347 1346/1346/1346
f 1349/1349/1349 1363/1363/1363 1364/1364/1364
f 1363/1363/1363 1899/1899/1899 1898/1898/1898
f 1898/1898/1898 1902/1902/1902 1903/1903/1903
f 1114/1114/1114 1112/1112/1112 1113/1113/1113
f 1113/1113/1113 1084/1084/1084 1082/1082/1082
f 1082/1082/1082 1084/1084/1084 1081/1081/1081
f 1081/1081/1081 1086/1086/1086 1076/1076/1076
f 1089/1089/1089 1092/1092/1092 1323/1323/1323
f 1334/1334/1334 1333/1333/1333 1351/1351/1351
f 1902/1902/1902 1901/1901/1901 1903/1903/1903
f 1735/1735/1735 1736/1736/1736 1734/1734/1734
f 1733/1733/1733 1737/1737/1737 1732/1732/1732
f 1732/1732/1732 1742/1742/1742 1130/1130/1130
f 1119/1119/1119 1120/1120/1120 1118/1118/1118
f 1119/1119/1119 1118/1118/1118 1116/1116/1116
f 1111/1111/1111 1112/1112/1112 1114/1114/1114
f 1113/1113/1113 1112/1112/1112 1084/1084/1084
f 1088/1088/1088 1089/1089/1089 1074/1074/1074
f 1074/1074/1074 1089/1089/1089 1178/1178/1178
f 1327/1327/1327 1331/1331/1331 1334/1334/1334
f 1903/1903/1903 1901/1901/1901 2036/2036/2036
f 1735/1735/1735 1739/1739/1739 1736/1736/1736
f 4119/4119/4119 3906/3906/3906 3943/3943/3943
f 1734/1734/1734 1737/1737/1737 1733/1733/1733
f 1742/1742/1742 1176/1176/1176 1130/1130/1130
f 1085/1085/1085 1086/1086/1086 1081/1081/1081
f 1076/1076/1076 1087/1087/1087 1074/1074/1074
f 1087/1087/1087 1088/1088/1088 1074/1074/1074
f 1324/1324/1324 1330/1330/1330 1325/1325/1325
f 1331/1331/1331 1333/1333/1333 1334/1334/1334
f 1734/1734/1734 1736/1736/1736 1737/1737/1737
f 1130/1130/1130 1128/1128/1128 1129/1129/1129
f 1120/1120/1120 1122/1122/1122 1121/1121/1121
f 1120/1120/1120 1121/1121/1121 1118/1118/1118
f 1118/1118/1118 1117/1117/1117 1116/1116/1116
f 1084/1084/1084 1085/1085/1085 1081/1081/1081
f 1324/1324/1324 1092/1092/1092 1330/1330/1330
f 1352/1352/1352 1353/1353/1353 1354/1354/1354
f 3906/3906/3906 3902/3902/3902 3943/3943/3943
f 1176/1176/1176 1128/1128/1128 1130/1130/1130
f 1120/1120/1120 1129/1129/1129 1122/1122/1122
f 1086/1086/1086 1087/1087/1087 1076/1076/1076
f 1898/1898/1898 1899/1899/1899 1902/1902/1902
f 1901/1901/1901 2037/2037/2037 2036/2036/2036
f 1736/1736/1736 1738/1738/1738 1737/1737/1737
f 1737/1737/1737 1738/1738/1738 1742/1742/1742
f 1737/1737/1737 1742/1742/1742 1732/1732/1732
f 1116/1116/1116 1117/1117/1117 1111/1111/1111
f 1112/1112/1112 1107/1107/1107 1084/1084/1084
f 1088/1088/1088 1090/1090/1090 1089/1089/1089
f 1090/1090/1090 1091/1091/1091 1089/1089/1089
f 1089/1089/1089 1091/1091/1091 1092/1092/1092
f 1330/1330/1330 1907/1907/1907 1325/1325/1325
f 1354/1354/1354 1355/1355/1355 1349/1349/1349
f 1349/1349/1349 1355/1355/1355 1363/1363/1363
f 1363/1363/1363 1355/1355/1355 1899/1899/1899
f 1901/1901/1901 1900/1900/1900 2037/2037/2037
f 1118/1118/1118 1121/1121/1121 1117/1117/1117
f 1085/1085/1085 1094/1094/1094 1086/1086/1086
f 1908/1908/1908 1332/1332/1332 1327/1327/1327
f 1327/1327/1327 1332/1332/1332 1331/1331/1331
f 1351/1351/1351 1904/1904/1904 1353/1353/1353
f 1351/1351/1351 1353/1353/1353 1352/1352/1352
f 1353/1353/1353 1355/1355/1355 1354/1354/1354
f 1899/1899/1899 1901/1901/1901 1902/1902/1902
f 1117/1117/1117 1108/1108/1108 1111/1111/1111
f 1112/1112/1112 1111/1111/1111 1107/1107/1107
f 1091/1091/1091 1093/1093/1093 1092/1092/1092
f 1356/1356/1356 1359/1359/1359 1355/1355/1355
f 1355/1355/1355 1359/1359/1359 1899/1899/1899
f 1742/1742/1742 1740/1740/1740 1176/1176/1176
f 1129/1129/1129 1128/1128/1128 1122/1122/1122
f 1111/1111/1111 1108/1108/1108 1107/1107/1107
f 1092/1092/1092 1093/1093/1093 1330/1330/1330
f 1330/1330/1330 1093/1093/1093 1907/1907/1907
f 1353/1353/1353 1356/1356/1356 1355/1355/1355
f 1899/1899/1899 1900/1900/1900 1901/1901/1901
f 3902/3902/3902 3904/3904/3904 3943/3943/3943
f 1736/1736/1736 1739/1739/1739 1738/1738/1738
f 1128/1128/1128 1127/1127/1127 1122/1122/1122
f 1121/1121/1121 1125/1125/1125 1117/1117/1117
f 1094/1094/1094 1095/1095/1095 1086/1086/1086
f 1095/1095/1095 1087/1087/1087 1086/1086/1086
f 1325/1325/1325 1907/1907/1907 1908/1908/1908
f 1331/1331/1331 1332/1332/1332 1333/1333/1333
f 1333/1333/1333 1904/1904/1904 1351/1351/1351
f 1356/1356/1356 1358/1358/1358 1359/1359/1359
f 3943/3943/3943 3904/3904/3904 3944/3944/3944
f 1739/1739/1739 1744/1744/1744 1738/1738/1738
f 1742/1742/1742 1738/1738/1738 1740/1740/1740
f 1117/1117/1117 1125/1125/1125 1108/1108/1108
f 1107/1107/1107 1106/1106/1106 1103/1103/1103
f 1107/1107/1107 1103/1103/1103 1084/1084/1084
f 1087/1087/1087 1096/1096/1096 1088/1088/1088
f 1088/1088/1088 1096/1096/1096 1090/1090/1090
f 2069/2069/2069 1745/1745/1745 1739/1739/1739
f 1084/1084/1084 1103/1103/1103 1094/1094/1094
f 1084/1084/1084 1094/1094/1094 1085/1085/1085
f 2069/2069/2069 2014/2014/2014 1745/1745/1745
f 3944/3944/3944 3904/3904/3904 4138/4138/4138
f 3394/3394/3394 3375/3375/3375 3365/3365/3365
f 3394/3394/3394 3365/3365/3365 3380/3380/3380
f 3380/3380/3380 3365/3365/3365 3350/3350/3350
f 3350/3350/3350 3353/3353/3353 3362/3362/3362
f 3362/3362/3362 3353/3353/3353 3354/3354/3354
f 3362/3362/3362 3354/3354/3354 3360/3360/3360
f 3354/3354/3354 3357/3357/3357 3360/3360/3360
f 3360/3360/3360 3357/3357/3357 3359/3359/3359
f 3357/3357/3357 3358/3358/3358 3359/3359/3359
f 3358/3358/3358 3345/3345/3345 3359/3359/3359
f 3345/3345/3345 3342/3342/3342 3343/3343/3343
f 3342/3342/3342 3340/3340/3340 3343/3343/3343
f 3343/3343/3343 3340/3340/3340 3344/3344/3344
f 3340/3340/3340 3341/3341/3341 3344/3344/3344
f 3344/3344/3344 3341/3341/3341 3311/3311/3311
f 3341/3341/3341 3307/3307/3307 3311/3311/3311
f 3311/3311/3311 3307/3307/3307 3308/3308/3308
f 3308/3308/3308 3313/3313/3313 3322/3322/3322
f 3322/3322/3322 3313/3313/3313 3320/3320/3320
f 3322/3322/3322 3320/3320/3320 3323/3323/3323
f 3323/3323/3323 3320/3320/3320 3321/3321/3321
f 3323/3323/3323 3321/3321/3321 3338/3338/3338
f 3321/3321/3321 3334/3334/3334 3338/3338/3338
f 3335/3335/3335 3325/3325/3325 3329/3329/3329
f 2032/2032/2032 1717/1717/1717 1723/1723/1723
f 1723/1723/1723 1717/1717/1717 1716/1716/1716
f 1717/1717/1717 1714/1714/1714 1716/1716/1716
f 1713/1713/1713 1714/1714/1714 1730/1730/1730
f 1344/1344/1344 1368/1368/1368 1367/1367/1367
f 1366/1366/1366 1348/1348/1348 1365/1365/1365
f 1863/1863/1863 1895/1895/1895 1864/1864/1864
f 4146/4146/4146 3894/3894/3894 4147/4147/4147
f 1717/1717/1717 1718/1718/1718 1714/1714/1714
f 1714/1714/1714 1731/1731/1731 1730/1730/1730
f 1181/1181/1181 1078/1078/1078 1301/1301/1301
f 1301/1301/1301 1078/1078/1078 1303/1303/1303
f 1303/1303/1303 1078/1078/1078 1062/1062/1062
f 1063/1063/1063 1066/1066/1066 1064/1064/1064
f 1064/1064/1064 1066/1066/1066 1067/1067/1067
f 1066/1066/1066 1071/1071/1071 1067/1067/1067
f 1067/1067/1067 1071/1071/1071 1070/1070/1070
f 1070/1070/1070 1071/1071/1071 1328/1328/1328
f 1070/1070/1070 1328/1328/1328 1306/1306/1306
f 1328/1328/1328 1322/1322/1322 1306/1306/1306
f 1306/1306/1306 1322/1322/1322 1315/1315/1315
f 1315/1315/1315 1318/1318/1318 1316/1316/1316
f 1316/1316/1316 1318/1318/1318 1317/1317/1317
f 1317/1317/1317 1318/1318/1318 1341/1341/1341
f 1341/1341/1341 1342/1342/1342 1343/1343/1343
f 1367/1367/1367 1368/1368/1368 1366/1366/1366
f 1366/1366/1366 1368/1368/1368 1348/1348/1348
f 1895/1895/1895 1896/1896/1896 1864/1864/1864
f 1864/1864/1864 1896/1896/1896 2003/2003/2003
f 1718/1718/1718 1721/1721/1721 1714/1714/1714
f 1714/1714/1714 1721/1721/1721 1731/1731/1731
f 1730/1730/1730 1731/1731/1731 1135/1135/1135
f 1135/1135/1135 1132/1132/1132 1136/1136/1136
f 1136/1136/1136 1132/1132/1132 1141/1141/1141
f 1141/1141/1141 1171/1171/1171 1142/1142/1142
f 1142/1142/1142 1171/1171/1171 1172/1172/1172
f 1078/1078/1078 1063/1063/1063 1062/1062/1062
f 1315/1315/1315 1319/1319/1319 1318/1318/1318
f 1318/1318/1318 1342/1342/1342 1341/1341/1341
f 1343/1343/1343 1342/1342/1342 1344/1344/1344
f 3894/3894/3894 3907/3907/3907 4147/4147/4147
f 1731/1731/1731 1133/1133/1133 1135/1135/1135
f 1172/1172/1172 1171/1171/1171 1115/1115/1115
f 1172/1172/1172 1115/1115/1115 1180/1180/1180
f 1180/1180/1180 1115/1115/1115 1181/1181/1181
f 1181/1181/1181 1083/1083/1083 1078/1078/1078
f 1342/1342/1342 1345/1345/1345 1344/1344/1344
f 1348/1348/1348 1350/1350/1350 1365/1365/1365
f 1365/1365/1365 1350/1350/1350 1895/1895/1895
f 1895/1895/1895 1350/1350/1350 1897/1897/1897
f 1895/1895/1895 1897/1897/1897 1896/1896/1896
f 1896/1896/1896 1988/1988/1988 2003/2003/2003
f 2003/2003/2003 1988/1988/1988 1997/1997/1997
f 1718/1718/1718 1720/1720/1720 1721/1721/1721
f 1721/1721/1721 1133/1133/1133 1731/1731/1731
f 1135/1135/1135 1133/1133/1133 1132/1132/1132
f 1132/1132/1132 1174/1174/1174 1141/1141/1141
f 1141/1141/1141 1174/1174/1174 1171/1171/1171
f 1115/1115/1115 1177/1177/1177 1181/1181/1181
f 1083/1083/1083 1079/1079/1079 1078/1078/1078
f 1328/1328/1328 1329/1329/1329 1322/1322/1322
f 1319/1319/1319 1320/1320/1320 1318/1318/1318
f 1318/1318/1318 1335/1335/1335 1342/1342/1342
f 1344/1344/1344 1345/1345/1345 1368/1368/1368
f 1368/1368/1368 1345/1345/1345 1348/1348/1348
f 1721/1721/1721 1732/1732/1732 1133/1133/1133
f 1132/1132/1132 1133/1133/1133 1130/1130/1130
f 1171/1171/1171 1175/1175/1175 1115/1115/1115
f 1177/1177/1177 1083/1083/1083 1181/1181/1181
f 1079/1079/1079 1077/1077/1077 1078/1078/1078
f 1078/1078/1078 1077/1077/1077 1063/1063/1063
f 1077/1077/1077 1075/1075/1075 1063/1063/1063
f 1063/1063/1063 1075/1075/1075 1066/1066/1066
f 1066/1066/1066 1072/1072/1072 1071/1071/1071
f 1322/1322/1322 1321/1321/1321 1315/1315/1315
f 1345/1345/1345 1347/1347/1347 1348/1348/1348
f 1350/1350/1350 1364/1364/1364 1897/1897/1897
f 1717/1717/1717 1719/1719/1719 1718/1718/1718
f 1134/1134/1134 1130/1130/1130 1133/1133/1133
f 1732/1732/1732 1134/1134/1134 1133/1133/1133
f 1130/1130/1130 1131/1131/1131 1132/1132/1132
f 1131/1131/1131 1174/1174/1174 1132/1132/1132
f 1071/1071/1071 1073/1073/1073 1328/1328/1328
f 1315/1315/1315 1321/1321/1321 1319/1319/1319
f 1345/1345/1345 1346/1346/1346 1347/1347/1347
f 1347/1347/1347 1349/1349/1349 1348/1348/1348
f 1348/1348/1348 1349/1349/1349 1350/1350/1350
f 1350/1350/1350 1349/1349/1349 1364/1364/1364
f 1719/1719/1719 1720/1720/1720 1718/1718/1718
f 1175/1175/1175 1116/1116/1116 1115/1115/1115
f 1114/1114/1114 1113/1113/1113 1115/1115/1115
f 1115/1115/1115 1113/1113/1113 1177/1177/1177
f 1329/1329/1329 1323/1323/1323 1322/1322/1322
f 1342/1342/1342 1335/1335/1335 1345/1345/1345
f 1896/1896/1896 1903/1903/1903 1988/1988/1988
f 1720/1720/1720 1733/1733/1733 1721/1721/1721
f 1174/1174/1174 1119/1119/1119 1171/1171/1171
f 1115/1115/1115 1116/1116/1116 1114/1114/1114
f 1074/1074/1074 1072/1072/1072 1066/1066/1066
f 1071/1071/1071 1072/1072/1072 1073/1073/1073
f 1321/1321/1321 1324/1324/1324 1319/1319/1319
f 1320/1320/1320 1326/1326/1326 1318/1318/1318
f 1364/1364/1364 1363/1363/1363 1897/1897/1897
f 1897/1897/1897 1903/1903/1903 1896/1896/1896
f 3907/3907/3907 3906/3906/3906 4119/4119/4119
f 3907/3907/3907 3895/3895/3895 3906/3906/3906
f 1719/1719/1719 1735/1735/1735 1720/1720/1720
f 1079/1079/1079 1080/1080/1080 1077/1077/1077
f 1328/1328/1328 1073/1073/1073 1329/1329/1329
f 1323/1323/1323 1321/1321/1321 1322/1322/1322
f 1903/1903/1903 1997/1997/1997 1988/1988/1988
f 1177/1177/1177 1082/1082/1082 1083/1083/1083
f 3895/3895/3895 3899/3899/3899 3906/3906/3906
f 3906/3906/3906 3899/3899/3899 3902/3902/3902
f 3365/3365/3365 3351/3351/3351 3350/3350/3350
f 3350/3350/3350 3351/3351/3351 3352/3352/3352
f 3350/3350/3350 3352/3352/3352 3353/3353/3353
f 3353/3353/3353 3352/3352/3352 3354/3354/3354
f 3352/3352/3352 3355/3355/3355 3354/3354/3354
f 3355/3355/3355 3356/3356/3356 3354/3354/3354
f 3354/3354/3354 3356/3356/3356 3357/3357/3357
f 3356/3356/3356 3358/3358/3358 3357/3357/3357
f 3358/3358/3358 3361/3361/3361 3345/3345/3345
f 3345/3345/3345 3361/3361/3361 3342/3342/3342
f 3346/3346/3346 3310/3310/3310 3342/3342/3342
f 3342/3342/3342 3310/3310/3310 3340/3340/3340
f 3310/3310/3310 3309/3309/3309 3340/3340/3340
f 3340/3340/3340 3309/3309/3309 3341/3341/3341
f 3309/3309/3309 3302/3302/3302 3341/3341/3341
f 3341/3341/3341 3302/3302/3302 3307/3307/3307
f 3302/3302/3302 3305/3305/3305 3307/3307/3307
f 3307/3307/3307 3305/3305/3305 3308/3308/3308
f 3308/3308/3308 3305/3305/3305 3304/3304/3304
f 3304/3304/3304 3312/3312/3312 3308/3308/3308
f 3308/3308/3308 3312/3312/3312 3313/3313/3313
f 3312/3312/3312 3314/3314/3314 3313/3313/3313
f 3313/3313/3313 3314/3314/3314 3320/3320/3320
f 3314/3314/3314 3316/3316/3316 3320/3320/3320
f 3320/3320/3320 3316/3316/3316 3318/3318/3318
f 3320/3320/3320 3318/3318/3318 3321/3321/3321
f 3318/3318/3318 3324/3324/3324 3321/3321/3321
f 3321/3321/3321 3324/3324/3324 3334/3334/3334
f 3324/3324/3324 3332/3332/3332 3334/3334/3334
f 3334/3334/3334 3332/3332/3332 3333/3333/3333
f 3332/3332/3332 3330/3330/3330 3333/3333/3333
f 3333/3333/3333 3330/3330/3330 3335/3335/3335
f 3335/3335/3335 3330/3330/3330 3325/3325/3325
f 3329/3329/3329 3328/3328/3328 3378/3378/3378
f 3328/3328/3328 3393/3393/3393 3395/3395/3395
f 3378/3378/3378 3328/3328/3328 3395/3395/3395
f 1143/1143/1143 1295/1295/1295 1970/1970/1970
f 1309/1309/1309 1305/1305/1305 1308/1308/1308
f 1862/1862/1862 2042/2042/2042 2041/2041/2041
f 1170/1170/1170 1729/1729/1729 1138/1138/1138
f 1304/1304/1304 1909/1909/1909 1910/1910/1910
f 1458/1458/1458 1371/1371/1371 1370/1370/1370
f 1465/1465/1465 1861/1861/1861 1858/1858/1858
f 1858/1858/1858 1861/1861/1861 1862/1862/1862
f 1706/1706/1706 1710/1710/1710 1708/1708/1708
f 1708/1708/1708 1711/1711/1711 1712/1712/1712
f 1143/1143/1143 1173/1173/1173 1295/1295/1295
f 1909/1909/1909 1304/1304/1304 1309/1309/1309
f 1308/1308/1308 1305/1305/1305 1307/1307/1307
f 1377/1377/1377 1314/1314/1314 1336/1336/1336
f 1337/1337/1337 1339/1339/1339 1338/1338/1338
f 1340/1340/1340 1371/1371/1371 1458/1458/1458
f 1459/1459/1459 1462/1462/1462 1461/1461/1461
f 1461/1461/1461 1462/1462/1462 1463/1463/1463
f 1465/1465/1465 1468/1468/1468 1467/1467/1467
f 1861/1861/1861 2000/2000/2000 1862/1862/1862
f 2030/2030/2030 1722/1722/1722 1715/1715/1715
f 1715/1715/1715 1714/1714/1714 1705/1705/1705
f 1712/1712/1712 1729/1729/1729 1170/1170/1170
f 1299/1299/1299 1301/1301/1301 1300/1300/1300
f 1300/1300/1300 1302/1302/1302 1912/1912/1912
f 1911/1911/1911 1912/1912/1912 1065/1065/1065
f 1338/1338/1338 1339/1339/1339 1340/1340/1340
f 1462/1462/1462 1466/1466/1466 1463/1463/1463
f 1862/1862/1862 2000/2000/2000 2042/2042/2042
f 1705/1705/1705 1710/1710/1710 1706/1706/1706
f 1710/1710/1710 1711/1711/1711 1708/1708/1708
f 1138/1138/1138 1139/1139/1139 1145/1145/1145
f 1144/1144/1144 1140/1140/1140 1143/1143/1143
f 1182/1182/1182 1179/1179/1179 1295/1295/1295
f 1300/1300/1300 1301/1301/1301 1302/1302/1302
f 1065/1065/1065 1069/1069/1069 1911/1911/1911
f 1069/1069/1069 1304/1304/1304 1910/1910/1910
f 1911/1911/1911 1069/1069/1069 1910/1910/1910
f 1304/1304/1304 1305/1305/1305 1309/1309/1309
f 1308/1308/1308 1307/1307/1307 1314/1314/1314
f 1341/1341/1341 1337/1337/1337 1336/1336/1336
f 1459/1459/1459 1366/1366/1366 1462/1462/1462
f 2030/2030/2030 2031/2031/2031 1722/1722/1722
f 1722/1722/1722 1716/1716/1716 1715/1715/1715
f 1715/1715/1715 1716/1716/1716 1714/1714/1714
f 1705/1705/1705 1714/1714/1714 1710/1710/1710
f 1711/1711/1711 1710/1710/1710 1713/1713/1713
f 1711/1711/1711 1713/1713/1713 1712/1712/1712
f 1712/1712/1712 1713/1713/1713 1729/1729/1729
f 1137/1137/1137 1138/1138/1138 1729/1729/1729
f 1138/1138/1138 1136/1136/1136 1139/1139/1139
f 1145/1145/1145 1140/1140/1140 1144/1144/1144
f 1302/1302/1302 1303/1303/1303 1912/1912/1912
f 1303/1303/1303 1065/1065/1065 1912/1912/1912
f 1336/1336/1336 1317/1317/1317 1341/1341/1341
f 1340/1340/1340 1369/1369/1369 1371/1371/1371
f 1371/1371/1371 1369/1369/1369 1370/1370/1370
f 1145/1145/1145 1139/1139/1139 1140/1140/1140
f 1143/1143/1143 1142/1142/1142 1173/1173/1173
f 1295/1295/1295 1173/1173/1173 1182/1182/1182
f 1296/1296/1296 1179/1179/1179 1297/1297/1297
f 1296/1296/1296 1297/1297/1297 1299/1299/1299
f 1299/1299/1299 1297/1297/1297 1301/1301/1301
f 1301/1301/1301 1303/1303/1303 1302/1302/1302
f 1069/1069/1069 1068/1068/1068 1304/1304/1304
f 1305/1305/1305 1306/1306/1306 1307/1307/1307
f 1314/1314/1314 1317/1317/1317 1336/1336/1336
f 1339/1339/1339 1337/1337/1337 1340/1340/1340
f 1370/1370/1370 1367/1367/1367 1459/1459/1459
f 1466/1466/1466 1467/1467/1467 1468/1468/1468
f 1467/1467/1467 1863/1863/1863 1465/1465/1465
f 1465/1465/1465 1863/1863/1863 1861/1861/1861
f 2031/2031/2031 1723/1723/1723 1722/1722/1722
f 1722/1722/1722 1723/1723/1723 1716/1716/1716
f 1713/1713/1713 1137/1137/1137 1729/1729/1729
f 1138/1138/1138 1137/1137/1137 1136/1136/1136
f 1143/1143/1143 1140/1140/1140 1142/1142/1142
f 1065/1065/1065 1303/1303/1303 1062/1062/1062
f 1065/1065/1065 1064/1064/1064 1069/1069/1069
f 1069/1069/1069 1064/1064/1064 1068/1068/1068
f 1307/1307/1307 1316/1316/1316 1314/1314/1314
f 1314/1314/1314 1316/1316/1316 1317/1317/1317
f 1337/1337/1337 1343/1343/1343 1340/1340/1340
f 1340/1340/1340 1343/1343/1343 1369/1369/1369
f 1369/1369/1369 1367/1367/1367 1370/1370/1370
f 1367/1367/1367 1366/1366/1366 1459/1459/1459
f 1466/1466/1466 1462/1462/1462 1467/1467/1467
f 3903/3903/3903 3890/3890/3890 3908/3908/3908
f 1139/1139/1139 1136/1136/1136 1140/1140/1140
f 1173/1173/1173 1172/1172/1172 1182/1182/1182
f 1182/1182/1182 1172/1172/1172 1180/1180/1180
f 1180/1180/1180 1179/1179/1179 1182/1182/1182
f 1304/1304/1304 1070/1070/1070 1305/1305/1305
f 1070/1070/1070 1306/1306/1306 1305/1305/1305
f 1462/1462/1462 1365/1365/1365 1467/1467/1467
f 1467/1467/1467 1365/1365/1365 1863/1863/1863
f 2031/2031/2031 2032/2032/2032 1723/1723/1723
f 1714/1714/1714 1713/1713/1713 1710/1710/1710
f 1713/1713/1713 1730/1730/1730 1137/1137/1137
f 1179/1179/1179 1180/1180/1180 1181/1181/1181
f 1179/1179/1179 1181/1181/1181 1297/1297/1297
f 1065/1065/1065 1062/1062/1062 1064/1064/1064
f 1064/1064/1064 1067/1067/1067 1068/1068/1068
f 1067/1067/1067 1070/1070/1070 1068/1068/1068
f 1068/1068/1068 1070/1070/1070 1304/1304/1304
f 1863/1863/1863 1864/1864/1864 1861/1861/1861
f 1861/1861/1861 1864/1864/1864 2000/2000/2000
f 3908/3908/3908 3894/3894/3894 4146/4146/4146
f 3908/3908/3908 3890/3890/3890 3894/3894/3894
f 1730/1730/1730 1135/1135/1135 1137/1137/1137
f 1137/1137/1137 1135/1135/1135 1136/1136/1136
f 1140/1140/1140 1136/1136/1136 1141/1141/1141
f 1140/1140/1140 1141/1141/1141 1142/1142/1142
f 1142/1142/1142 1172/1172/1172 1173/1173/1173
f 1181/1181/1181 1301/1301/1301 1297/1297/1297
f 1307/1307/1307 1315/1315/1315 1316/1316/1316
f 1341/1341/1341 1343/1343/1343 1337/1337/1337
f 1343/1343/1343 1344/1344/1344 1369/1369/1369
f 1462/1462/1462 1366/1366/1366 1365/1365/1365
f 1863/1863/1863 1365/1365/1365 1895/1895/1895
f 3907/3907/3907 3894/3894/3894 3895/3895/3895
f 3902/3902/3902 3901/3901/3901 3904/3904/3904
f 3901/3901/3901 4139/4139/4139 4138/4138/4138
f 3904/3904/3904 3901/3901/3901 4138/4138/4138
f 3375/3375/3375 3373/3373/3373 3365/3365/3365
f 3351/3351/3351 3367/3367/3367 3352/3352/3352
f 3366/3366/3366 3355/3355/3355 3352/3352/3352
f 3358/3358/3358 3356/3356/3356 3363/3363/3363
f 3358/3358/3358 3363/3363/3363 3361/3361/3361
f 3361/3361/3361 3347/3347/3347 3342/3342/3342
f 3342/3342/3342 3347/3347/3347 3346/3346/3346
f 3310/3310/3310 3300/3300/3300 3309/3309/3309
f 3309/3309/3309 3300/3300/3300 3302/3302/3302
f 3302/3302/3302 3303/3303/3303 3305/3305/3305
f 3303/3303/3303 3304/3304/3304 3305/3305/3305
f 3312/3312/3312 3315/3315/3315 3314/3314/3314
f 3314/3314/3314 3315/3315/3315 3316/3316/3316
f 3317/3317/3317 3318/3318/3318 3316/3316/3316
f 3318/3318/3318 3319/3319/3319 3324/3324/3324
f 3324/3324/3324 3336/3336/3336 3332/3332/3332
f 3330/3330/3330 3326/3326/3326 3325/3325/3325
f 3325/3325/3325 3326/3326/3326 3327/3327/3327
f 3325/3325/3325 3327/3327/3327 3328/3328/3328
f 3325/3325/3325 3328/3328/3328 3329/3329/3329
f 1969/1969/1969 1968/1968/1968 1967/1967/1967
f 1968/1968/1968 1290/1290/1290 1288/1288/1288
f 1290/1290/1290 1294/1294/1294 1291/1291/1291
f 1291/1291/1291 1294/1294/1294 1293/1293/1293
f 1441/1441/1441 1450/1450/1450 1443/1443/1443
f 1170/1170/1170 1148/1148/1148 1169/1169/1169
f 1169/1169/1169 1148/1148/1148 1149/1149/1149
f 1258/1258/1258 1259/1259/1259 1312/1312/1312
f 1435/1435/1435 1438/1438/1438 1437/1437/1437
f 1456/1456/1456 1866/1866/1866 1441/1441/1441
f 1441/1441/1441 1865/1865/1865 1450/1450/1450
f 1857/1857/1857 1859/1859/1859 1985/1985/1985
f 1985/1985/1985 1859/1859/1859 2039/2039/2039
f 2016/2016/2016 1703/1703/1703 1724/1724/1724
f 1703/1703/1703 1704/1704/1704 1702/1702/1702
f 1728/1728/1728 1709/1709/1709 1169/1169/1169
f 1294/1294/1294 1279/1279/1279 1293/1293/1293
f 1293/1293/1293 1279/1279/1279 1275/1275/1275
f 1275/1275/1275 1276/1276/1276 1274/1274/1274
f 2039/2039/2039 1859/1859/1859 2044/2044/2044
f 1702/1702/1702 1704/1704/1704 1705/1705/1705
f 1149/1149/1149 1146/1146/1146 1150/1150/1150
f 1150/1150/1150 1183/1183/1183 1969/1969/1969
f 1253/1253/1253 1256/1256/1256 1254/1254/1254
f 1254/1254/1254 1256/1256/1256 1257/1257/1257
f 1257/1257/1257 1259/1259/1259 1258/1258/1258
f 1375/1375/1375 1372/1372/1372 1373/1373/1373
f 1437/1437/1437 1866/1866/1866 1456/1456/1456
f 1443/1443/1443 1450/1450/1450 1448/1448/1448
f 1969/1969/1969 1183/1183/1183 1968/1968/1968
f 1968/1968/1968 1970/1970/1970 1290/1290/1290
f 1970/1970/1970 1294/1294/1294 1290/1290/1290
f 1259/1259/1259 1311/1311/1311 1312/1312/1312
f 1312/1312/1312 1313/1313/1313 1376/1376/1376
f 1376/1376/1376 1374/1374/1374 1375/1375/1375
f 1373/1373/1373 1338/1338/1338 1893/1893/1893
f 1893/1893/1893 1894/1894/1894 1438/1438/1438
f 1438/1438/1438 1458/1458/1458 1437/1437/1437
f 1450/1450/1450 1449/1449/1449 1448/1448/1448
f 1447/1447/1447 1465/1465/1465 1857/1857/1857
f 1183/1183/1183 1147/1147/1147 1968/1968/1968
f 1250/1250/1250 1972/1972/1972 1251/1251/1251
f 1311/1311/1311 1313/1313/1313 1312/1312/1312
f 1372/1372/1372 1338/1338/1338 1373/1373/1373
f 1894/1894/1894 1458/1458/1458 1438/1438/1438
f 1437/1437/1437 1458/1458/1458 1866/1866/1866
f 1866/1866/1866 1460/1460/1460 1441/1441/1441
f 1857/1857/1857 1858/1858/1858 1859/1859/1859
f 1702/1702/1702 1705/1705/1705 1706/1706/1706
f 1149/1149/1149 1148/1148/1148 1146/1146/1146
f 1150/1150/1150 1146/1146/1146 1183/1183/1183
f 1279/1279/1279 1276/1276/1276 1275/1275/1275
f 1283/1283/1283 1274/1274/1274 1278/1278/1278
f 1283/1283/1283 1278/1278/1278 1971/1971/1971
f 1283/1283/1283 1971/1971/1971 1282/1282/1282
f 1282/1282/1282 1972/1972/1972 1250/1250/1250
f 1251/1251/1251 1973/1973/1973 1255/1255/1255
f 1256/1256/1256 1310/1310/1310 1257/1257/1257
f 1259/1259/1259 1310/1310/1310 1311/1311/1311
f 1313/1313/1313 1374/1374/1374 1376/1376/1376
f 1464/1464/1464 1449/1449/1449 1450/1450/1450
f 1449/1449/1449 1465/1465/1465 1447/1447/1447
f 1860/1860/1860 2041/2041/2041 2044/2044/2044
f 1859/1859/1859 1860/1860/1860 2044/2044/2044
f 2016/2016/2016 2015/2015/2015 1703/1703/1703
f 1709/1709/1709 1170/1170/1170 1169/1169/1169
f 1148/1148/1148 1170/1170/1170 1138/1138/1138
f 1294/1294/1294 1277/1277/1277 1279/1279/1279
f 1279/1279/1279 1277/1277/1277 1276/1276/1276
f 1282/1282/1282 1913/1913/1913 1972/1972/1972
f 1255/1255/1255 1974/1974/1974 1256/1256/1256
f 1257/1257/1257 1310/1310/1310 1259/1259/1259
f 1375/1375/1375 1374/1374/1374 1372/1372/1372
f 1458/1458/1458 1460/1460/1460 1866/1866/1866
f 1449/1449/1449 1464/1464/1464 1465/1465/1465
f 1465/1465/1465 1858/1858/1858 1857/1857/1857
f 1858/1858/1858 1860/1860/1860 1859/1859/1859
f 1973/1973/1973 1974/1974/1974 1255/1255/1255
f 1311/1311/1311 1308/1308/1308 1313/1313/1313
f 1458/1458/1458 1459/1459/1459 1460/1460/1460
f 1441/1441/1441 1460/1460/1460 1865/1865/1865
f 1703/1703/1703 1715/1715/1715 1704/1704/1704
f 1146/1146/1146 1147/1147/1147 1183/1183/1183
f 1276/1276/1276 1277/1277/1277 1274/1274/1274
f 1282/1282/1282 1971/1971/1971 1913/1913/1913
f 1974/1974/1974 1310/1310/1310 1256/1256/1256
f 1310/1310/1310 1308/1308/1308 1311/1311/1311
f 1704/1704/1704 1715/1715/1715 1705/1705/1705
f 1706/1706/1706 1708/1708/1708 1707/1707/1707
f 1707/1707/1707 1708/1708/1708 1709/1709/1709
f 1970/1970/1970 1295/1295/1295 1294/1294/1294
f 1294/1294/1294 1298/1298/1298 1277/1277/1277
f 1277/1277/1277 1278/1278/1278 1274/1274/1274
f 1313/1313/1313 1314/1314/1314 1374/1374/1374
f 1377/1377/1377 1336/1336/1336 1374/1374/1374
f 1374/1374/1374 1336/1336/1336 1372/1372/1372
f 1893/1893/1893 1338/1338/1338 1340/1340/1340
f 1893/1893/1893 1340/1340/1340 1894/1894/1894
f 1460/1460/1460 1461/1461/1461 1865/1865/1865
f 1865/1865/1865 1463/1463/1463 1450/1450/1450
f 1463/1463/1463 1464/1464/1464 1450/1450/1450
f 3882/3882/3882 3905/3905/3905 4103/4103/4103
f 2015/2015/2015 2030/2030/2030 1715/1715/1715
f 2015/2015/2015 1715/1715/1715 1703/1703/1703
f 1147/1147/1147 1143/1143/1143 1968/1968/1968
f 1972/1972/1972 1911/1911/1911 1251/1251/1251
f 1974/1974/1974 1910/1910/1910 1909/1909/1909
f 1974/1974/1974 1909/1909/1909 1310/1310/1310
f 1310/1310/1310 1309/1309/1309 1308/1308/1308
f 1372/1372/1372 1336/1336/1336 1338/1338/1338
f 1340/1340/1340 1458/1458/1458 1894/1894/1894
f 1458/1458/1458 1370/1370/1370 1459/1459/1459
f 1461/1461/1461 1463/1463/1463 1865/1865/1865
f 1858/1858/1858 1862/1862/1862 1860/1860/1860
f 1860/1860/1860 1862/1862/1862 2041/2041/2041
f 1709/1709/1709 1712/1712/1712 1170/1170/1170
f 1148/1148/1148 1145/1145/1145 1146/1146/1146
f 1146/1146/1146 1144/1144/1144 1147/1147/1147
f 1144/1144/1144 1143/1143/1143 1147/1147/1147
f 1968/1968/1968 1143/1143/1143 1970/1970/1970
f 1295/1295/1295 1179/1179/1179 1294/1294/1294
f 1277/1277/1277 1300/1300/1300 1278/1278/1278
f 1971/1971/1971 1278/1278/1278 1913/1913/1913
f 1972/1972/1972 1913/1913/1913 1911/1911/1911
f 1251/1251/1251 1911/1911/1911 1973/1973/1973
f 1973/1973/1973 1910/1910/1910 1974/1974/1974
f 1308/1308/1308 1314/1314/1314 1313/1313/1313
f 1460/1460/1460 1459/1459/1459 1461/1461/1461
f 3905/3905/3905 3882/3882/3882 3886/3886/3886
f 1708/1708/1708 1712/1712/1712 1709/1709/1709
f 1148/1148/1148 1138/1138/1138 1145/1145/1145
f 1294/1294/1294 1179/1179/1179 1298/1298/1298
f 1298/1298/1298 1179/1179/1179 1296/1296/1296
f 1298/1298/1298 1299/1299/1299 1277/1277/1277
f 1911/1911/1911 1910/1910/1910 1973/1973/1973
f 1909/1909/1909 1309/1309/1309 1310/1310/1310
f 1314/1314/1314 1377/1377/1377 1374/1374/1374
f 1336/1336/1336 1337/1337/1337 1338/1338/1338
f 1463/1463/1463 1466/1466/1466 1464/1464/1464
f 1464/1464/1464 1466/1466/1466 1468/1468/1468
f 1464/1464/1464 1468/1468/1468 1465/1465/1465
f 1277/1277/1277 1299/1299/1299 1300/1300/1300
f 1278/1278/1278 1912/1912/1912 1913/1913/1913
f 1913/1913/1913 1912/1912/1912 1911/1911/1911
f 3905/3905/3905 3903/3903/3903 4103/4103/4103
f 3905/3905/3905 3886/3886/3886 3903/3903/3903
f 3903/3903/3903 3886/3886/3886 3890/3890/3890
f 3890/3890/3890 3892/3892/3892 3894/3894/3894
f 3894/3894/3894 3892/3892/3892 3895/3895/3895
f 3895/3895/3895 3892/3892/3892 3896/3896/3896
f 3895/3895/3895 3896/3896/3896 3899/3899/3899
f 3899/3899/3899 3896/3896/3896 3900/3900/3900
f 3900/3900/3900 3901/3901/3901 3902/3902/3902
f 3365/3365/3365 3373/3373/3373 3351/3351/3351
f 3373/3373/3373 3367/3367/3367 3351/3351/3351
f 3352/3352/3352 3367/3367/3367 3366/3366/3366
f 3355/3355/3355 3366/3366/3366 3368/3368/3368
f 3355/3355/3355 3368/3368/3368 3356/3356/3356
f 3356/3356/3356 3368/3368/3368 3363/3363/3363
f 3363/3363/3363 3364/3364/3364 3361/3361/3361
f 3361/3361/3361 3364/3364/3364 3347/3347/3347
f 3347/3347/3347 3348/3348/3348 3346/3346/3346
f 3348/3348/3348 3349/3349/3349 3346/3346/3346
f 3346/3346/3346 3349/3349/3349 3310/3310/3310
f 3310/3310/3310 3349/3349/3349 3300/3300/3300
f 3300/3300/3300 3301/3301/3301 3302/3302/3302
f 3302/3302/3302 3301/3301/3301 3303/3303/3303
f 3303/3303/3303 3306/3306/3306 3304/3304/3304
f 3306/3306/3306 3315/3315/3315 3312/3312/3312
f 3304/3304/3304 3306/3306/3306 3312/3312/3312
f 3315/3315/3315 3317/3317/3317 3316/3316/3316
f 3318/3318/3318 3317/3317/3317 3319/3319/3319
f 3319/3319/3319 3337/3337/3337 3324/3324/3324
f 3324/3324/3324 3337/3337/3337 3336/3336/3336
f 3336/3336/3336 3331/3331/3331 3332/3332/3332
f 3332/3332/3332 3331/3331/3331 3330/3330/3330
f 3330/3330/3330 3331/3331/3331 3326/3326/3326
f 3327/3327/3327 3376/3376/3376 3328/3328/3328
f 3328/3328/3328 3376/3376/3376 3393/3393/3393
f 1165/1165/1165 1167/1167/1167 1155/1155/1155
f 1168/1168/1168 1152/1152/1152 1185/1185/1185
f 1289/1289/1289 1185/1185/1185 1287/1287/1287
f 1693/1693/1693 1698/1698/1698 1692/1692/1692
f 1165/1165/1165 1727/1727/1727 1167/1167/1167
f 1287/1287/1287 1288/1288/1288 1289/1289/1289
f 1289/1289/1289 1288/1288/1288 1292/1292/1292
f 1292/1292/1292 1280/1280/1280 1281/1281/1281
f 1281/1281/1281 1270/1270/1270 1269/1269/1269
f 1269/1269/1269 1270/1270/1270 1264/1264/1264
f 1269/1269/1269 1264/1264/1264 1267/1267/1267
f 1267/1267/1267 1264/1264/1264 1265/1265/1265
f 1420/1420/1420 1421/1421/1421 1426/1426/1426
f 1433/1433/1433 1436/1436/1436 1457/1457/1457
f 1445/1445/1445 1446/1446/1446 1454/1454/1454
f 1446/1446/1446 1469/1469/1469 1854/1854/1854
f 1853/1853/1853 1446/1446/1446 1854/1854/1854
f 1854/1854/1854 1469/1469/1469 1855/1855/1855
f 1701/1701/1701 1726/1726/1726 1164/1164/1164
f 1167/1167/1167 1153/1153/1153 1155/1155/1155
f 1153/1153/1153 1151/1151/1151 1152/1152/1152
f 1241/1241/1241 1244/1244/1244 1889/1889/1889
f 1430/1430/1430 1426/1426/1426 1431/1431/1431
f 1431/1431/1431 1426/1426/1426 1425/1425/1425
f 2018/2018/2018 1697/1697/1697 1696/1696/1696
f 1281/1281/1281 1280/1280/1280 1270/1270/1270
f 1246/1246/1246 1245/1245/1245 1242/1242/1242
f 1246/1246/1246 1242/1242/1242 1239/1239/1239
f 1242/1242/1242 1243/1243/1243 1241/1241/1241
f 1241/1241/1241 1243/1243/1243 1244/1244/1244
f 1451/1451/1451 1442/1442/1442 1445/1445/1445
f 1445/1445/1445 1442/1442/1442 1444/1444/1444
f 1454/1454/1454 1446/1446/1446 1853/1853/1853
f 1697/1697/1697 1693/1693/1693 1696/1696/1696
f 1692/1692/1692 1698/1698/1698 1702/1702/1702
f 1702/1702/1702 1701/1701/1701 1692/1692/1692
f 1726/1726/1726 1727/1727/1727 1164/1164/1164
f 1167/1167/1167 1151/1151/1151 1153/1153/1153
f 1151/1151/1151 1150/1150/1150 1152/1152/1152
f 1152/1152/1152 1184/1184/1184 1185/1185/1185
f 1265/1265/1265 1264/1264/1264 1263/1263/1263
f 1889/1889/1889 1244/1244/1244 1891/1891/1891
f 1417/1417/1417 1419/1419/1419 1418/1418/1418
f 1418/1418/1418 1419/1419/1419 1421/1421/1421
f 1421/1421/1421 1423/1423/1423 1426/1426/1426
f 1855/1855/1855 2017/2017/2017 1987/1987/1987
f 1697/1697/1697 1698/1698/1698 1693/1693/1693
f 1185/1185/1185 1184/1184/1184 1287/1287/1287
f 1287/1287/1287 1184/1184/1184 1288/1288/1288
f 1275/1275/1275 1271/1271/1271 1270/1270/1270
f 1270/1270/1270 1271/1271/1271 1264/1264/1264
f 1264/1264/1264 1262/1262/1262 1263/1263/1263
f 1263/1263/1263 1261/1261/1261 1284/1284/1284
f 1284/1284/1284 1261/1261/1261 1246/1246/1246
f 1245/1245/1245 1243/1243/1243 1242/1242/1242
f 1436/1436/1436 1437/1437/1437 1457/1457/1457
f 1457/1457/1457 1437/1437/1437 1456/1456/1456
f 1457/1457/1457 1440/1440/1440 1439/1439/1439
f 1445/1445/1445 1444/1444/1444 1446/1446/1446
f 1150/1150/1150 1184/1184/1184 1152/1152/1152
f 1288/1288/1288 1291/1291/1291 1292/1292/1292
f 1291/1291/1291 1280/1280/1280 1292/1292/1292
f 1280/1280/1280 1275/1275/1275 1270/1270/1270
f 1271/1271/1271 1272/1272/1272 1264/1264/1264
f 1272/1272/1272 1262/1262/1262 1264/1264/1264
f 1891/1891/1891 1378/1378/1378 1417/1417/1417
f 1421/1421/1421 1422/1422/1422 1423/1423/1423
f 1422/1422/1422 1424/1424/1424 1423/1423/1423
f 1425/1425/1425 1435/1435/1435 1431/1431/1431
f 1431/1431/1431 1435/1435/1435 1436/1436/1436
f 1439/1439/1439 1442/1442/1442 1451/1451/1451
f 1469/1469/1469 1857/1857/1857 1855/1855/1855
f 1701/1701/1701 1707/1707/1707 1726/1726/1726
f 1167/1167/1167 1169/1169/1169 1151/1151/1151
f 1184/1184/1184 1967/1967/1967 1288/1288/1288
f 1423/1423/1423 1425/1425/1425 1426/1426/1426
f 1456/1456/1456 1440/1440/1440 1457/1457/1457
f 1439/1439/1439 1440/1440/1440 1441/1441/1441
f 1439/1439/1439 1441/1441/1441 1442/1442/1442
f 1442/1442/1442 1443/1443/1443 1444/1444/1444
f 1697/1697/1697 1725/1725/1725 1698/1698/1698
f 1702/1702/1702 1707/1707/1707 1701/1701/1701
f 1727/1727/1727 1169/1169/1169 1167/1167/1167
f 1184/1184/1184 1969/1969/1969 1967/1967/1967
f 1262/1262/1262 1261/1261/1261 1263/1263/1263
f 1244/1244/1244 1258/1258/1258 1891/1891/1891
f 1417/1417/1417 1378/1378/1378 1419/1419/1419
f 1419/1419/1419 1892/1892/1892 1421/1421/1421
f 1423/1423/1423 1424/1424/1424 1425/1425/1425
f 1441/1441/1441 1443/1443/1443 1442/1442/1442
f 1151/1151/1151 1149/1149/1149 1150/1150/1150
f 1280/1280/1280 1293/1293/1293 1275/1275/1275
f 1261/1261/1261 1247/1247/1247 1246/1246/1246
f 1245/1245/1245 1249/1249/1249 1243/1243/1243
f 1891/1891/1891 1258/1258/1258 1378/1378/1378
f 1421/1421/1421 1892/1892/1892 1422/1422/1422
f 1857/1857/1857 1985/1985/1985 1855/1855/1855
f 1855/1855/1855 1985/1985/1985 2017/2017/2017
f 2017/2017/2017 1985/1985/1985 2057/2057/2057
f 1967/1967/1967 1968/1968/1968 1288/1288/1288
f 1291/1291/1291 1293/1293/1293 1280/1280/1280
f 1271/1271/1271 1273/1273/1273 1272/1272/1272
f 1262/1262/1262 1260/1260/1260 1261/1261/1261
f 1246/1246/1246 1247/1247/1247 1245/1245/1245
f 1245/1245/1245 1248/1248/1248 1249/1249/1249
f 1243/1243/1243 1254/1254/1254 1244/1244/1244
f 1419/1419/1419 1378/1378/1378 1376/1376/1376
f 1419/1419/1419 1376/1376/1376 1892/1892/1892
f 1448/1448/1448 1447/1447/1447 1444/1444/1444
f 1444/1444/1444 1447/1447/1447 1446/1446/1446
f 1447/1447/1447 1469/1469/1469 1446/1446/1446
f 3884/3884/3884 3869/3869/3869 3880/3880/3880
f 1169/1169/1169 1149/1149/1149 1151/1151/1151
f 1184/1184/1184 1150/1150/1150 1969/1969/1969
f 1247/1247/1247 1248/1248/1248 1245/1245/1245
f 1249/1249/1249 1253/1253/1253 1243/1243/1243
f 1243/1243/1243 1253/1253/1253 1254/1254/1254
f 1244/1244/1244 1254/1254/1254 1258/1258/1258
f 1258/1258/1258 1312/1312/1312 1378/1378/1378
f 1436/1436/1436 1435/1435/1435 1437/1437/1437
f 1443/1443/1443 1448/1448/1448 1444/1444/1444
f 1469/1469/1469 1447/1447/1447 1857/1857/1857
f 1985/1985/1985 2039/2039/2039 2057/2057/2057
f 1725/1725/1725 2052/2052/2052 1724/1724/1724
f 3884/3884/3884 3880/3880/3880 3885/3885/3885
f 1725/1725/1725 1724/1724/1724 1698/1698/1698
f 1707/1707/1707 1728/1728/1728 1726/1726/1726
f 1726/1726/1726 1728/1728/1728 1169/1169/1169
f 1726/1726/1726 1169/1169/1169 1727/1727/1727
f 1272/1272/1272 1273/1273/1273 1262/1262/1262
f 1273/1273/1273 1260/1260/1260 1262/1262/1262
f 1252/1252/1252 1253/1253/1253 1249/1249/1249
f 1422/1422/1422 1892/1892/1892 1424/1424/1424
f 1424/1424/1424 1373/1373/1373 1425/1425/1425
f 1425/1425/1425 1438/1438/1438 1435/1435/1435
f 1440/1440/1440 1456/1456/1456 1441/1441/1441
f 1724/1724/1724 1703/1703/1703 1698/1698/1698
f 1698/1698/1698 1703/1703/1703 1702/1702/1702
f 1275/1275/1275 1274/1274/1274 1271/1271/1271
f 1271/1271/1271 1274/1274/1274 1273/1273/1273
f 1260/1260/1260 1247/1247/1247 1261/1261/1261
f 1892/1892/1892 1373/1373/1373 1424/1424/1424
f 1373/1373/1373 1893/1893/1893 1425/1425/1425
f 1425/1425/1425 1893/1893/1893 1438/1438/1438
f 1273/1273/1273 1274/1274/1274 1260/1260/1260
f 1252/1252/1252 1255/1255/1255 1253/1253/1253
f 1254/1254/1254 1257/1257/1257 1258/1258/1258
f 1378/1378/1378 1312/1312/1312 1376/1376/1376
f 1892/1892/1892 1376/1376/1376 1375/1375/1375
f 1247/1247/1247 1250/1250/1250 1248/1248/1248
f 1248/1248/1248 1251/1251/1251 1249/1249/1249
f 1251/1251/1251 1252/1252/1252 1249/1249/1249
f 1375/1375/1375 1373/1373/1373 1892/1892/1892
f 2052/2052/2052 2016/2016/2016 1724/1724/1724
f 1274/1274/1274 1283/1283/1283 1260/1260/1260
f 1260/1260/1260 1250/1250/1250 1247/1247/1247
f 1250/1250/1250 1251/1251/1251 1248/1248/1248
f 2052/2052/2052 2015/2015/2015 2016/2016/2016
f 3885/3885/3885 3880/3880/3880 3882/3882/3882
f 1283/1283/1283 1282/1282/1282 1260/1260/1260
f 1260/1260/1260 1282/1282/1282 1250/1250/1250
f 1251/1251/1251 1255/1255/1255 1252/1252/1252
f 3882/3882/3882 3880/3880/3880 3881/3881/3881
f 3881/3881/3881 3883/3883/3883 3882/3882/3882
f 3882/3882/3882 3883/3883/3883 3886/3886/3886
f 3886/3886/3886 3883/3883/3883 3890/3890/3890
f 3890/3890/3890 3883/3883/3883 3891/3891/3891
f 3890/3890/3890 3891/3891/3891 3892/3892/3892
f 3892/3892/3892 3891/3891/3891 3893/3893/3893
f 3892/3892/3892 3893/3893/3893 3897/3897/3897
f 3892/3892/3892 3897/3897/3897 3896/3896/3896
f 4364/4364/4364 4366/4366/4366 4365/4365/4365
f 4365/4365/4365 4366/4366/4366 4564/4564/4564
f 3897/3897/3897 3898/3898/3898 3896/3896/3896
f 3896/3896/3896 3898/3898/3898 3900/3900/3900
f 3898/3898/3898 3909/3909/3909 3900/3900/3900
f 4356/4356/4356 4360/4360/4360 4533/4533/4533
f 3373/3373/3373 3406/3406/3406 3374/3374/3374
f 3374/3374/3374 3387/3387/3387 3367/3367/3367
f 3373/3373/3373 3374/3374/3374 3367/3367/3367
f 3387/3387/3387 3384/3384/3384 3367/3367/3367
f 3367/3367/3367 3384/3384/3384 3366/3366/3366
f 3384/3384/3384 3383/3383/3383 3366/3366/3366
f 3366/3366/3366 3383/3383/3383 3368/3368/3368
f 3368/3368/3368 3383/3383/3383 3382/3382/3382
f 3368/3368/3368 3382/3382/3382 3379/3379/3379
f 3368/3368/3368 3379/3379/3379 3363/3363/3363
f 3363/3363/3363 3379/3379/3379 3364/3364/3364
f 3379/3379/3379 3372/3372/3372 3364/3364/3364
f 3364/3364/3364 3372/3372/3372 3347/3347/3347
f 3372/3372/3372 3369/3369/3369 3347/3347/3347
f 3347/3347/3347 3369/3369/3369 3348/3348/3348
f 3369/3369/3369 3371/3371/3371 3348/3348/3348
f 3348/3348/3348 3371/3371/3371 3349/3349/3349
f 3349/3349/3349 3371/3371/3371 3370/3370/3370
f 3349/3349/3349 3370/3370/3370 3300/3300/3300
f 3300/3300/3300 3339/3339/3339 3301/3301/3301
f 3301/3301/3301 3339/3339/3339 3303/3303/3303
f 3303/3303/3303 3377/3377/3377 3306/3306/3306
f 3306/3306/3306 3377/3377/3377 3315/3315/3315
f 3377/3377/3377 3381/3381/3381 3315/3315/3315
f 3315/3315/3315 3381/3381/3381 3317/3317/3317
f 3381/3381/3381 3385/3385/3385 3317/3317/3317
f 3317/3317/3317 3385/3385/3385 3386/3386/3386
f 3317/3317/3317 3386/3386/3386 3319/3319/3319
f 3319/3319/3319 3386/3386/3386 3388/3388/3388
f 3319/3319/3319 3388/3388/3388 3337/3337/3337
f 3388/3388/3388 3389/3389/3389 3337/3337/3337
f 3337/3337/3337 3389/3389/3389 3336/3336/3336
f 3336/3336/3336 3389/3389/3389 3331/3331/3331
f 3331/3331/3331 3389/3389/3389 3390/3390/3390
f 3331/3331/3331 3390/3390/3390 3326/3326/3326
f 3390/3390/3390 3391/3391/3391 3326/3326/3326
f 3326/3326/3326 3391/3391/3391 3327/3327/3327
f 3391/3391/3391 3392/3392/3392 3327/3327/3327
f 3327/3327/3327 3392/3392/3392 3376/3376/3376
f 3392/3392/3392 3398/3398/3398 3376/3376/3376
f 1695/1695/1695 2011/2011/2011 1694/1694/1694
f 1695/1695/1695 1694/1694/1694 1689/1689/1689
f 1852/1852/1852 1856/1856/1856 1995/1995/1995
f 1995/1995/1995 2035/2035/2035 2023/2023/2023
f 2023/2023/2023 2035/2035/2035 2082/2082/2082
f 1694/1694/1694 1693/1693/1693 1689/1689/1689
f 1693/1693/1693 1690/1690/1690 1689/1689/1689
f 1156/1156/1156 1154/1154/1154 1157/1157/1157
f 1157/1157/1157 1154/1154/1154 1166/1166/1166
f 1268/1268/1268 1266/1266/1266 1230/1230/1230
f 1230/1230/1230 1266/1266/1266 1232/1232/1232
f 1235/1235/1235 1234/1234/1234 1236/1236/1236
f 1236/1236/1236 1237/1237/1237 1235/1235/1235
f 1379/1379/1379 1889/1889/1889 1888/1888/1888
f 1412/1412/1412 1413/1413/1413 1411/1411/1411
f 1411/1411/1411 1413/1413/1413 1867/1867/1867
f 1852/1852/1852 1454/1454/1454 1853/1853/1853
f 1852/1852/1852 1853/1853/1853 1856/1856/1856
f 1856/1856/1856 1996/1996/1996 1995/1995/1995
f 1995/1995/1995 1996/1996/1996 2035/2035/2035
f 1699/1699/1699 1691/1691/1691 1700/1700/1700
f 1700/1700/1700 1164/1164/1164 1163/1163/1163
f 1163/1163/1163 1164/1164/1164 1156/1156/1156
f 1156/1156/1156 1165/1165/1165 1155/1155/1155
f 1156/1156/1156 1155/1155/1155 1154/1154/1154
f 1232/1232/1232 1234/1234/1234 1233/1233/1233
f 1233/1233/1233 1234/1234/1234 1235/1235/1235
f 1237/1237/1237 1236/1236/1236 1240/1240/1240
f 1379/1379/1379 1237/1237/1237 1890/1890/1890
f 1416/1416/1416 1418/1418/1418 1414/1414/1414
f 1414/1414/1414 1413/1413/1413 1412/1412/1412
f 1867/1867/1867 1413/1413/1413 1432/1432/1432
f 1431/1431/1431 1433/1433/1433 1428/1428/1428
f 1432/1432/1432 1431/1431/1431 1428/1428/1428
f 1428/1428/1428 1433/1433/1433 1434/1434/1434
f 1434/1434/1434 1433/1433/1433 1471/1471/1471
f 1471/1471/1471 1439/1439/1439 1455/1455/1455
f 1452/1452/1452 1453/1453/1453 1454/1454/1454
f 1853/1853/1853 1854/1854/1854 1856/1856/1856
f 4105/4105/4105 3865/3865/3865 3868/3868/3868
f 1693/1693/1693 1692/1692/1692 1690/1690/1690
f 1690/1690/1690 1692/1692/1692 1691/1691/1691
f 1691/1691/1691 1164/1164/1164 1700/1700/1700
f 1164/1164/1164 1165/1165/1165 1156/1156/1156
f 1155/1155/1155 1153/1153/1153 1154/1154/1154
f 1153/1153/1153 1152/1152/1152 1154/1154/1154
f 1152/1152/1152 1166/1166/1166 1154/1154/1154
f 1166/1166/1166 1185/1185/1185 1916/1916/1916
f 1916/1916/1916 1289/1289/1289 1915/1915/1915
f 1915/1915/1915 1289/1289/1289 1914/1914/1914
f 1890/1890/1890 1889/1889/1889 1379/1379/1379
f 1856/1856/1856 1987/1987/1987 1996/1996/1996
f 3865/3865/3865 3867/3867/3867 3868/3868/3868
f 2019/2019/2019 1696/1696/1696 1694/1694/1694
f 1166/1166/1166 1168/1168/1168 1185/1185/1185
f 1914/1914/1914 1269/1269/1269 1286/1286/1286
f 1268/1268/1268 1267/1267/1267 1266/1266/1266
f 1266/1266/1266 1265/1265/1265 1232/1232/1232
f 1232/1232/1232 1284/1284/1284 1234/1234/1234
f 1234/1234/1234 1239/1239/1239 1236/1236/1236
f 1239/1239/1239 1240/1240/1240 1236/1236/1236
f 1418/1418/1418 1420/1420/1420 1414/1414/1414
f 1414/1414/1414 1420/1420/1420 1413/1413/1413
f 1413/1413/1413 1430/1430/1430 1432/1432/1432
f 1455/1455/1455 1451/1451/1451 1452/1452/1452
f 1452/1452/1452 1445/1445/1445 1453/1453/1453
f 1996/1996/1996 1987/1987/1987 2035/2035/2035
f 1694/1694/1694 1696/1696/1696 1693/1693/1693
f 1289/1289/1289 1292/1292/1292 1914/1914/1914
f 1914/1914/1914 1281/1281/1281 1269/1269/1269
f 1286/1286/1286 1269/1269/1269 1268/1268/1268
f 1268/1268/1268 1269/1269/1269 1267/1267/1267
f 1267/1267/1267 1265/1265/1265 1266/1266/1266
f 1237/1237/1237 1240/1240/1240 1890/1890/1890
f 1889/1889/1889 1891/1891/1891 1888/1888/1888
f 1888/1888/1888 1417/1417/1417 1416/1416/1416
f 1416/1416/1416 1417/1417/1417 1418/1418/1418
f 1439/1439/1439 1451/1451/1451 1455/1455/1455
f 1987/1987/1987 2017/2017/2017 2035/2035/2035
f 1691/1691/1691 1701/1701/1701 1164/1164/1164
f 1166/1166/1166 1152/1152/1152 1168/1168/1168
f 1916/1916/1916 1185/1185/1185 1289/1289/1289
f 1240/1240/1240 1241/1241/1241 1890/1890/1890
f 1413/1413/1413 1426/1426/1426 1430/1430/1430
f 1433/1433/1433 1457/1457/1457 1471/1471/1471
f 1452/1452/1452 1451/1451/1451 1445/1445/1445
f 1265/1265/1265 1263/1263/1263 1232/1232/1232
f 1232/1232/1232 1263/1263/1263 1284/1284/1284
f 1240/1240/1240 1239/1239/1239 1241/1241/1241
f 1413/1413/1413 1420/1420/1420 1426/1426/1426
f 1457/1457/1457 1439/1439/1439 1471/1471/1471
f 1453/1453/1453 1445/1445/1445 1454/1454/1454
f 2019/2019/2019 2018/2018/2018 1696/1696/1696
f 1234/1234/1234 1246/1246/1246 1239/1239/1239
f 1888/1888/1888 1891/1891/1891 1417/1417/1417
f 1430/1430/1430 1431/1431/1431 1432/1432/1432
f 1854/1854/1854 1855/1855/1855 1856/1856/1856
f 3868/3868/3868 3869/3869/3869 4127/4127/4127
f 3868/3868/3868 3867/3867/3867 3869/3869/3869
f 3867/3867/3867 3870/3870/3870 3869/3869/3869
f 1234/1234/1234 1284/1284/1284 1246/1246/1246
f 3869/3869/3869 4126/4126/4126 4127/4127/4127
f 3869/3869/3869 3870/3870/3870 3880/3880/3880
f 3881/3881/3881 3889/3889/3889 3883/3883/3883
f 3883/3883/3883 3889/3889/3889 3952/3952/3952
f 3883/3883/3883 3952/3952/3952 3891/3891/3891
f 3891/3891/3891 3952/3952/3952 3953/3953/3953
f 3891/3891/3891 3953/3953/3953 3893/3893/3893
f 4496/4496/4496 4419/4419/4419 4418/4418/4418
f 3286/3286/3286 3225/3225/3225 3224/3224/3224
f 2955/2955/2955 2954/2954/2954 2953/2953/2953
f 2953/2953/2953 2954/2954/2954 2952/2952/2952
f 2953/2953/2953 2952/2952/2952 2951/2951/2951
f 2951/2951/2951 2952/2952/2952 2950/2950/2950
f 2951/2951/2951 2950/2950/2950 2949/2949/2949
f 2950/2950/2950 2947/2947/2947 2949/2949/2949
f 2949/2949/2949 2947/2947/2947 2946/2946/2946
f 2947/2947/2947 2943/2943/2943 2946/2946/2946
f 2943/2943/2943 2940/2940/2940 2942/2942/2942
f 2946/2946/2946 2943/2943/2943 2942/2942/2942
f 2942/2942/2942 2940/2940/2940 2941/2941/2941
f 2940/2940/2940 2939/2939/2939 2941/2941/2941
f 2941/2941/2941 2939/2939/2939 2944/2944/2944
f 2939/2939/2939 2945/2945/2945 2944/2944/2944
f 2944/2944/2944 2945/2945/2945 2948/2948/2948
f 2948/2948/2948 2945/2945/2945 2918/2918/2918
f 2915/2915/2915 2919/2919/2919 2920/2920/2920
f 2920/2920/2920 2919/2919/2919 2921/2921/2921
f 2921/2921/2921 2919/2919/2919 2922/2922/2922
f 2921/2921/2921 2922/2922/2922 2923/2923/2923
f 2923/2923/2923 2922/2922/2922 2924/2924/2924
f 2923/2923/2923 2924/2924/2924 2925/2925/2925
f 2924/2924/2924 2926/2926/2926 2925/2925/2925
f 2925/2925/2925 2926/2926/2926 2927/2927/2927
f 2926/2926/2926 2928/2928/2928 2927/2927/2927
f 2927/2927/2927 2928/2928/2928 2935/2935/2935
f 2935/2935/2935 2928/2928/2928 2930/2930/2930
f 2930/2930/2930 2928/2928/2928 2929/2929/2929
f 2930/2930/2930 2929/2929/2929 2931/2931/2931
f 2929/2929/2929 2932/2932/2932 2931/2931/2931
f 2932/2932/2932 2933/2933/2933 2931/2931/2931
f 2931/2931/2931 2933/2933/2933 2934/2934/2934
f 4377/4377/4377 4529/4529/4529 4351/4351/4351
f 4352/4352/4352 4377/4377/4377 4351/4351/4351
f 2900/2900/2900 2899/2899/2899 2890/2890/2890
f 2899/2899/2899 2889/2889/2889 2890/2890/2890
f 2890/2890/2890 2889/2889/2889 2882/2882/2882
f 2889/2889/2889 2873/2873/2873 2882/2882/2882
f 2882/2882/2882 2873/2873/2873 2881/2881/2881
f 2881/2881/2881 2873/2873/2873 2880/2880/2880
f 2881/2881/2881 2880/2880/2880 2875/2875/2875
f 2881/2881/2881 2875/2875/2875 2888/2888/2888
f 2875/2875/2875 2876/2876/2876 2888/2888/2888
f 2888/2888/2888 2876/2876/2876 2905/2905/2905
f 2905/2905/2905 2876/2876/2876 2885/2885/2885
f 2905/2905/2905 2885/2885/2885 2906/2906/2906
f 2885/2885/2885 2892/2892/2892 2906/2906/2906
f 2906/2906/2906 2892/2892/2892 2907/2907/2907
f 4121/4121/4121 4149/4149/4149 3901/3901/3901
f 3406/3406/3406 3418/3418/3418 3374/3374/3374
f 4574/4574/4574 4380/4380/4380 4557/4557/4557
f 3374/3374/3374 3419/3419/3419 3397/3397/3397
f 3374/3374/3374 3397/3397/3397 3387/3387/3387
f 1676/1676/1676 2010/2010/2010 1674/1674/1674
f 1878/1878/1878 1876/1876/1876 1875/1875/1875
f 1404/1404/1404 1405/1405/1405 1401/1401/1401
f 1401/1401/1401 1405/1405/1405 1410/1410/1410
f 1873/1873/1873 1409/1409/1409 1870/1870/1870
f 1868/1868/1868 1869/1869/1869 1429/1429/1429
f 3866/3866/3866 3860/3860/3860 3950/3950/3950
f 1875/1875/1875 1384/1384/1384 1386/1386/1386
f 1682/1682/1682 1687/1687/1687 1673/1673/1673
f 1920/1920/1920 1919/1919/1919 1225/1225/1225
f 1226/1226/1226 1229/1229/1229 1945/1945/1945
f 1877/1877/1877 1876/1876/1876 1878/1878/1878
f 1875/1875/1875 1876/1876/1876 1384/1384/1384
f 1404/1404/1404 1403/1403/1403 1405/1405/1405
f 1410/1410/1410 1405/1405/1405 1409/1409/1409
f 1870/1870/1870 1409/1409/1409 1868/1868/1868
f 1474/1474/1474 1429/1429/1429 1844/1844/1844
f 1849/1849/1849 1553/1553/1553 1551/1551/1551
f 1551/1551/1551 1553/1553/1553 1554/1554/1554
f 1554/1554/1554 2006/2006/2006 2007/2007/2007
f 2007/2007/2007 2005/2005/2005 2029/2029/2029
f 2010/2010/2010 1682/1682/1682 1674/1674/1674
f 1966/1966/1966 1921/1921/1921 1195/1195/1195
f 1919/1919/1919 1917/1917/1917 1225/1225/1225
f 1226/1226/1226 1228/1228/1228 1229/1229/1229
f 1229/1229/1229 1885/1885/1885 1945/1945/1945
f 1945/1945/1945 1885/1885/1885 1884/1884/1884
f 1386/1386/1386 1402/1402/1402 1404/1404/1404
f 1402/1402/1402 1403/1403/1403 1404/1404/1404
f 1429/1429/1429 1472/1472/1472 1844/1844/1844
f 2006/2006/2006 2005/2005/2005 2007/2007/2007
f 2029/2029/2029 2076/2076/2076 2007/2007/2007
f 1673/1673/1673 1686/1686/1686 1685/1685/1685
f 1162/1162/1162 1158/1158/1158 1161/1161/1161
f 1161/1161/1161 1158/1158/1158 1160/1160/1160
f 1921/1921/1921 1918/1918/1918 1920/1920/1920
f 1225/1225/1225 1923/1923/1923 1228/1228/1228
f 1884/1884/1884 1383/1383/1383 1883/1883/1883
f 1881/1881/1881 1880/1880/1880 1879/1879/1879
f 1384/1384/1384 1402/1402/1402 1386/1386/1386
f 1848/1848/1848 1847/1847/1847 1846/1846/1846
f 1554/1554/1554 1553/1553/1553 2006/2006/2006
f 1160/1160/1160 1158/1158/1158 1159/1159/1159
f 1192/1192/1192 1159/1159/1159 1187/1187/1187
f 1192/1192/1192 1187/1187/1187 1188/1188/1188
f 1225/1225/1225 1917/1917/1917 1923/1923/1923
f 1885/1885/1885 1383/1383/1383 1884/1884/1884
f 1883/1883/1883 1880/1880/1880 1882/1882/1882
f 1406/1406/1406 1405/1405/1405 1403/1403/1403
f 1405/1405/1405 1408/1408/1408 1409/1409/1409
f 1869/1869/1869 1427/1427/1427 1429/1429/1429
f 1843/1843/1843 1844/1844/1844 1845/1845/1845
f 2010/2010/2010 2080/2080/2080 2011/2011/2011
f 3950/3950/3950 3860/3860/3860 3862/3862/3862
f 2010/2010/2010 2011/2011/2011 1682/1682/1682
f 1673/1673/1673 1688/1688/1688 1686/1686/1686
f 1686/1686/1686 1688/1688/1688 1699/1699/1699
f 1229/1229/1229 1231/1231/1231 1885/1885/1885
f 1878/1878/1878 1879/1879/1879 1877/1877/1877
f 1384/1384/1384 1887/1887/1887 1402/1402/1402
f 1427/1427/1427 1428/1428/1428 1429/1429/1429
f 1848/1848/1848 1845/1845/1845 1847/1847/1847
f 1847/1847/1847 1851/1851/1851 1849/1849/1849
f 1849/1849/1849 1851/1851/1851 1553/1553/1553
f 1553/1553/1553 2004/2004/2004 2006/2006/2006
f 2006/2006/2006 2004/2004/2004 2005/2005/2005
f 1966/1966/1966 1189/1189/1189 1922/1922/1922
f 1921/1921/1921 1922/1922/1922 1918/1918/1918
f 1920/1920/1920 1918/1918/1918 1919/1919/1919
f 1885/1885/1885 1231/1231/1231 1383/1383/1383
f 1880/1880/1880 1381/1381/1381 1879/1879/1879
f 1402/1402/1402 1415/1415/1415 1403/1403/1403
f 1405/1405/1405 1407/1407/1407 1408/1408/1408
f 1411/1411/1411 1868/1868/1868 1409/1409/1409
f 1429/1429/1429 1428/1428/1428 1472/1472/1472
f 1682/1682/1682 1689/1689/1689 1687/1687/1687
f 1687/1687/1687 1688/1688/1688 1673/1673/1673
f 1162/1162/1162 1156/1156/1156 1158/1158/1158
f 1919/1919/1919 1918/1918/1918 1917/1917/1917
f 1883/1883/1883 1383/1383/1383 1382/1382/1382
f 1883/1883/1883 1382/1382/1382 1880/1880/1880
f 1879/1879/1879 1380/1380/1380 1877/1877/1877
f 1844/1844/1844 1455/1455/1455 1845/1845/1845
f 1845/1845/1845 1470/1470/1470 1847/1847/1847
f 1699/1699/1699 1163/1163/1163 1686/1686/1686
f 1686/1686/1686 1163/1163/1163 1162/1162/1162
f 1162/1162/1162 1163/1163/1163 1156/1156/1156
f 1158/1158/1158 1157/1157/1157 1159/1159/1159
f 1159/1159/1159 1157/1157/1157 1187/1187/1187
f 1188/1188/1188 1186/1186/1186 1189/1189/1189
f 1966/1966/1966 1922/1922/1922 1921/1921/1921
f 1923/1923/1923 1285/1285/1285 1228/1228/1228
f 1228/1228/1228 1230/1230/1230 1229/1229/1229
f 1229/1229/1229 1230/1230/1230 1231/1231/1231
f 1231/1231/1231 1233/1233/1233 1383/1383/1383
f 1880/1880/1880 1382/1382/1382 1381/1381/1381
f 1380/1380/1380 1384/1384/1384 1877/1877/1877
f 1877/1877/1877 1384/1384/1384 1876/1876/1876
f 1402/1402/1402 1887/1887/1887 1415/1415/1415
f 1403/1403/1403 1415/1415/1415 1406/1406/1406
f 1405/1405/1405 1406/1406/1406 1407/1407/1407
f 1408/1408/1408 1411/1411/1411 1409/1409/1409
f 1411/1411/1411 1867/1867/1867 1868/1868/1868
f 1868/1868/1868 1867/1867/1867 1427/1427/1427
f 1868/1868/1868 1427/1427/1427 1869/1869/1869
f 1472/1472/1472 1434/1434/1434 1844/1844/1844
f 1845/1845/1845 1455/1455/1455 1470/1470/1470
f 1851/1851/1851 1852/1852/1852 1553/1553/1553
f 2005/2005/2005 2023/2023/2023 2029/2029/2029
f 2029/2029/2029 2023/2023/2023 2076/2076/2076
f 2011/2011/2011 1695/1695/1695 1682/1682/1682
f 1682/1682/1682 1695/1695/1695 1689/1689/1689
f 1687/1687/1687 1689/1689/1689 1688/1688/1688
f 1187/1187/1187 1186/1186/1186 1188/1188/1188
f 1189/1189/1189 1186/1186/1186 1922/1922/1922
f 1228/1228/1228 1285/1285/1285 1230/1230/1230
f 1879/1879/1879 1381/1381/1381 1380/1380/1380
f 1472/1472/1472 1428/1428/1428 1434/1434/1434
f 1434/1434/1434 1471/1471/1471 1844/1844/1844
f 1844/1844/1844 1471/1471/1471 1455/1455/1455
f 1847/1847/1847 1470/1470/1470 1851/1851/1851
f 2004/2004/2004 1995/1995/1995 2005/2005/2005
f 2005/2005/2005 1995/1995/1995 2023/2023/2023
f 3860/3860/3860 3861/3861/3861 3862/3862/3862
f 1699/1699/1699 1700/1700/1700 1163/1163/1163
f 1918/1918/1918 1914/1914/1914 1917/1917/1917
f 1917/1917/1917 1285/1285/1285 1923/1923/1923
f 1231/1231/1231 1230/1230/1230 1232/1232/1232
f 1232/1232/1232 1233/1233/1233 1231/1231/1231
f 1382/1382/1382 1233/1233/1233 1235/1235/1235
f 1382/1382/1382 1235/1235/1235 1381/1381/1381
f 1380/1380/1380 1379/1379/1379 1384/1384/1384
f 1384/1384/1384 1888/1888/1888 1887/1887/1887
f 2023/2023/2023 2082/2082/2082 2076/2076/2076
f 1689/1689/1689 1690/1690/1690 1688/1688/1688
f 1157/1157/1157 1186/1186/1186 1187/1187/1187
f 1186/1186/1186 1916/1916/1916 1922/1922/1922
f 1922/1922/1922 1916/1916/1916 1915/1915/1915
f 1914/1914/1914 1286/1286/1286 1917/1917/1917
f 1286/1286/1286 1285/1285/1285 1917/1917/1917
f 1285/1285/1285 1286/1286/1286 1230/1230/1230
f 1383/1383/1383 1233/1233/1233 1382/1382/1382
f 1235/1235/1235 1238/1238/1238 1381/1381/1381
f 1381/1381/1381 1238/1238/1238 1380/1380/1380
f 1887/1887/1887 1416/1416/1416 1415/1415/1415
f 1455/1455/1455 1452/1452/1452 1470/1470/1470
f 1470/1470/1470 1452/1452/1452 1454/1454/1454
f 1851/1851/1851 1470/1470/1470 1852/1852/1852
f 1553/1553/1553 1852/1852/1852 2004/2004/2004
f 2004/2004/2004 1852/1852/1852 1995/1995/1995
f 3862/3862/3862 3865/3865/3865 4105/4105/4105
f 2080/2080/2080 1694/1694/1694 2011/2011/2011
f 3862/3862/3862 3861/3861/3861 3865/3865/3865
f 1158/1158/1158 1156/1156/1156 1157/1157/1157
f 1186/1186/1186 1166/1166/1166 1916/1916/1916
f 1922/1922/1922 1915/1915/1915 1918/1918/1918
f 1286/1286/1286 1268/1268/1268 1230/1230/1230
f 1238/1238/1238 1379/1379/1379 1380/1380/1380
f 1384/1384/1384 1379/1379/1379 1888/1888/1888
f 1415/1415/1415 1416/1416/1416 1414/1414/1414
f 1415/1415/1415 1414/1414/1414 1406/1406/1406
f 1406/1406/1406 1414/1414/1414 1407/1407/1407
f 1407/1407/1407 1412/1412/1412 1408/1408/1408
f 1408/1408/1408 1412/1412/1412 1411/1411/1411
f 1157/1157/1157 1166/1166/1166 1186/1186/1186
f 1887/1887/1887 1888/1888/1888 1416/1416/1416
f 1407/1407/1407 1414/1414/1414 1412/1412/1412
f 3865/3865/3865 3861/3861/3861 3867/3867/3867
f 3867/3867/3867 3873/3873/3873 3870/3870/3870
f 3870/3870/3870 3873/3873/3873 3876/3876/3876
f 3870/3870/3870 3876/3876/3876 3880/3880/3880
f 4514/4514/4514 4516/4516/4516 4513/4513/4513
f 3880/3880/3880 3876/3876/3876 3881/3881/3881
f 3881/3881/3881 3876/3876/3876 3887/3887/3887
f 3881/3881/3881 3887/3887/3887 3888/3888/3888
f 3881/3881/3881 3888/3888/3888 3889/3889/3889
f 3889/3889/3889 4108/4108/4108 3952/3952/3952
f 4108/4108/4108 4159/4159/4159 4160/4160/4160
f 4108/4108/4108 4160/4160/4160 4161/4161/4161
f 4108/4108/4108 4161/4161/4161 4156/4156/4156
f 4403/4403/4403 4393/4393/4393 4415/4415/4415
f 4403/4403/4403 4415/4415/4415 4489/4489/4489
f 4425/4425/4425 4402/4402/4402 4392/4392/4392
f 5296/5296/5296 5237/5237/5237 5213/5213/5213
f 5296/5296/5296 5213/5213/5213 5294/5294/5294
f 5213/5213/5213 5214/5214/5214 5294/5294/5294
f 5294/5294/5294 5214/5214/5214 5311/5311/5311
f 5311/5311/5311 5214/5214/5214 5215/5215/5215
f 5215/5215/5215 5202/5202/5202 5274/5274/5274
f 5202/5202/5202 5203/5203/5203 5272/5272/5272
f 5274/5274/5274 5202/5202/5202 5272/5272/5272
f 3286/3286/3286 3232/3232/3232 3225/3225/3225
f 3298/3298/3298 3233/3233/3233 3232/3232/3232
f 3286/3286/3286 3298/3298/3298 3232/3232/3232
f 5272/5272/5272 5203/5203/5203 5302/5302/5302
f 5272/5272/5272 5302/5302/5302 5303/5303/5303
f 2959/2959/2959 2960/2960/2960 2938/2938/2938
f 2959/2959/2959 2938/2938/2938 2958/2958/2958
f 2955/2955/2955 2958/2958/2958 2954/2954/2954
f 2954/2954/2954 2958/2958/2958 2956/2956/2956
f 2958/2958/2958 2938/2938/2938 2937/2937/2937
f 2958/2958/2958 2937/2937/2937 2956/2956/2956
f 2954/2954/2954 2956/2956/2956 2952/2952/2952
f 2952/2952/2952 2956/2956/2956 2950/2950/2950
f 2956/2956/2956 2937/2937/2937 2950/2950/2950
f 2937/2937/2937 2936/2936/2936 2950/2950/2950
f 2950/2950/2950 2936/2936/2936 2947/2947/2947
f 2936/2936/2936 2917/2917/2917 2947/2947/2947
f 2947/2947/2947 2917/2917/2917 2943/2943/2943
f 2917/2917/2917 2909/2909/2909 2943/2943/2943
f 2943/2943/2943 2909/2909/2909 2940/2940/2940
f 2940/2940/2940 2909/2909/2909 2908/2908/2908
f 2908/2908/2908 2939/2939/2939 2940/2940/2940
f 2908/2908/2908 2884/2884/2884 2939/2939/2939
f 2939/2939/2939 2884/2884/2884 2895/2895/2895
f 2939/2939/2939 2895/2895/2895 2945/2945/2945
f 2945/2945/2945 2895/2895/2895 2918/2918/2918
f 2895/2895/2895 2894/2894/2894 2918/2918/2918
f 2918/2918/2918 2894/2894/2894 2901/2901/2901
f 2894/2894/2894 2893/2893/2893 2901/2901/2901
f 2901/2901/2901 2893/2893/2893 2900/2900/2900
f 2893/2893/2893 2899/2899/2899 2900/2900/2900
f 2893/2893/2893 2837/2837/2837 2899/2899/2899
f 2899/2899/2899 2837/2837/2837 2889/2889/2889
f 2889/2889/2889 2837/2837/2837 2829/2829/2829
f 2889/2889/2889 2829/2829/2829 2873/2873/2873
f 2880/2880/2880 2873/2873/2873 2869/2869/2869
f 2880/2880/2880 2869/2869/2869 2875/2875/2875
f 2869/2869/2869 2867/2867/2867 2875/2875/2875
f 2875/2875/2875 2867/2867/2867 2876/2876/2876
f 2867/2867/2867 2868/2868/2868 2876/2876/2876
f 2876/2876/2876 2868/2868/2868 2885/2885/2885
f 2868/2868/2868 2819/2819/2819 2885/2885/2885
f 2885/2885/2885 2819/2819/2819 2874/2874/2874
f 2885/2885/2885 2874/2874/2874 2892/2892/2892
f 2874/2874/2874 2878/2878/2878 2892/2892/2892
f 2892/2892/2892 2878/2878/2878 2911/2911/2911
f 2911/2911/2911 2878/2878/2878 2877/2877/2877
f 2911/2911/2911 2877/2877/2877 2915/2915/2915
f 2919/2919/2919 2915/2915/2915 2877/2877/2877
f 2877/2877/2877 2879/2879/2879 2919/2919/2919
f 2919/2919/2919 2879/2879/2879 2922/2922/2922
f 2879/2879/2879 2896/2896/2896 2922/2922/2922
f 2922/2922/2922 2896/2896/2896 2897/2897/2897
f 2922/2922/2922 2897/2897/2897 2924/2924/2924
f 2924/2924/2924 2897/2897/2897 2926/2926/2926
f 2897/2897/2897 2898/2898/2898 2926/2926/2926
f 2926/2926/2926 2898/2898/2898 2887/2887/2887
f 2926/2926/2926 2887/2887/2887 2928/2928/2928
f 2928/2928/2928 2887/2887/2887 2886/2886/2886
f 2886/2886/2886 2883/2883/2883 2928/2928/2928
f 2928/2928/2928 2883/2883/2883 2929/2929/2929
f 2929/2929/2929 2883/2883/2883 2903/2903/2903
f 2929/2929/2929 2903/2903/2903 2932/2932/2932
f 2932/2932/2932 2903/2903/2903 2912/2912/2912
f 2932/2932/2932 2912/2912/2912 2933/2933/2933
f 2912/2912/2912 2913/2913/2913 2933/2933/2933
f 2913/2913/2913 2914/2914/2914 2957/2957/2957
f 2933/2933/2933 2913/2913/2913 2957/2957/2957
f 1485/1485/1485 1389/1389/1389 1392/1392/1392
f 1680/1680/1680 1677/1677/1677 1679/1679/1679
f 1220/1220/1220 1221/1221/1221 1214/1214/1214
f 1489/1489/1489 1491/1491/1491 1490/1490/1490
f 1397/1397/1397 1398/1398/1398 1399/1399/1399
f 1399/1399/1399 1481/1481/1481 1537/1537/1537
f 1537/1537/1537 1481/1481/1481 1477/1477/1477
f 1198/1198/1198 1197/1197/1197 1956/1956/1956
f 1497/1497/1497 1494/1494/1494 1492/1492/1492
f 1491/1491/1491 1487/1487/1487 1490/1490/1490
f 1389/1389/1389 1388/1388/1388 1392/1392/1392
f 1476/1476/1476 1543/1543/1543 1541/1541/1541
f 1679/1679/1679 1677/1677/1677 1678/1678/1678
f 1962/1962/1962 1961/1961/1961 1963/1963/1963
f 1955/1955/1955 1220/1220/1220 1214/1214/1214
f 1217/1217/1217 1222/1222/1222 1218/1218/1218
f 1218/1218/1218 1222/1222/1222 1227/1227/1227
f 1227/1227/1227 1940/1940/1940 1218/1218/1218
f 1497/1497/1497 1950/1950/1950 1494/1494/1494
f 1492/1492/1492 1494/1494/1494 1491/1491/1491
f 1491/1491/1491 1493/1493/1493 1487/1487/1487
f 1388/1388/1388 1391/1391/1391 1392/1392/1392
f 1541/1541/1541 1543/1543/1543 1544/1544/1544
f 1677/1677/1677 1669/1669/1669 1678/1678/1678
f 1669/1669/1669 1670/1670/1670 1668/1668/1668
f 1946/1946/1946 1937/1937/1937 1939/1939/1939
f 1937/1937/1937 1949/1949/1949 1950/1950/1950
f 1399/1399/1399 1398/1398/1398 1481/1481/1481
f 1476/1476/1476 1479/1479/1479 1543/1543/1543
f 1667/1667/1667 1683/1683/1683 1190/1190/1190
f 1963/1963/1963 1959/1959/1959 1197/1197/1197
f 1197/1197/1197 1959/1959/1959 1957/1957/1957
f 1221/1221/1221 1220/1220/1220 1217/1217/1217
f 1493/1493/1493 1486/1486/1486 1487/1487/1487
f 1487/1487/1487 1486/1486/1486 1485/1485/1485
f 1485/1485/1485 1486/1486/1486 1389/1389/1389
f 1476/1476/1476 1473/1473/1473 1479/1479/1479
f 1677/1677/1677 2063/2063/2063 2051/2051/2051
f 1940/1940/1940 1941/1941/1941 1939/1939/1939
f 1491/1491/1491 1494/1494/1494 1493/1493/1493
f 1391/1391/1391 1396/1396/1396 1395/1395/1395
f 1395/1395/1395 1396/1396/1396 1397/1397/1397
f 1396/1396/1396 1398/1398/1398 1397/1397/1397
f 1479/1479/1479 1841/1841/1841 1543/1543/1543
f 1549/1549/1549 1548/1548/1548 1546/1546/1546
f 1677/1677/1677 1675/1675/1675 1669/1669/1669
f 1669/1669/1669 1672/1672/1672 1670/1670/1670
f 1666/1666/1666 1683/1683/1683 1667/1667/1667
f 1955/1955/1955 1956/1956/1956 1220/1220/1220
f 1220/1220/1220 1222/1222/1222 1217/1217/1217
f 1940/1940/1940 1227/1227/1227 1941/1941/1941
f 1544/1544/1544 1548/1548/1548 1549/1549/1549
f 1552/1552/1552 1550/1550/1550 1546/1546/1546
f 1826/1826/1826 1828/1828/1828 1827/1827/1827
f 1827/1827/1827 1828/1828/1828 2025/2025/2025
f 3942/3942/3942 3879/3879/3879 3878/3878/3878
f 1965/1965/1965 1190/1190/1190 1962/1962/1962
f 1962/1962/1962 1190/1190/1190 1961/1961/1961
f 1197/1197/1197 1957/1957/1957 1956/1956/1956
f 1939/1939/1939 1941/1941/1941 1946/1946/1946
f 1950/1950/1950 1949/1949/1949 1494/1494/1494
f 1949/1949/1949 1951/1951/1951 1494/1494/1494
f 1477/1477/1477 1475/1475/1475 1476/1476/1476
f 1828/1828/1828 2034/2034/2034 2025/2025/2025
f 2034/2034/2034 2073/2073/2073 2025/2025/2025
f 1961/1961/1961 1960/1960/1960 1963/1963/1963
f 1960/1960/1960 1959/1959/1959 1963/1963/1963
f 1937/1937/1937 1946/1946/1946 1949/1949/1949
f 1486/1486/1486 1385/1385/1385 1389/1389/1389
f 1385/1385/1385 1388/1388/1388 1389/1389/1389
f 1398/1398/1398 1871/1871/1871 1481/1481/1481
f 1477/1477/1477 1481/1481/1481 1482/1482/1482
f 1473/1473/1473 1478/1478/1478 1479/1479/1479
f 1841/1841/1841 1544/1544/1544 1543/1543/1543
f 2051/2051/2051 1676/1676/1676 1677/1677/1677
f 1227/1227/1227 1942/1942/1942 1941/1941/1941
f 1494/1494/1494 1951/1951/1951 1952/1952/1952
f 1494/1494/1494 1952/1952/1952 1493/1493/1493
f 1493/1493/1493 1952/1952/1952 1953/1953/1953
f 1385/1385/1385 1387/1387/1387 1388/1388/1388
f 1388/1388/1388 1390/1390/1390 1391/1391/1391
f 1391/1391/1391 1390/1390/1390 1396/1396/1396
f 1477/1477/1477 1482/1482/1482 1475/1475/1475
f 1475/1475/1475 1473/1473/1473 1476/1476/1476
f 1546/1546/1546 1548/1548/1548 1552/1552/1552
f 1670/1670/1670 1671/1671/1671 1668/1668/1668
f 1959/1959/1959 1960/1960/1960 1957/1957/1957
f 1220/1220/1220 1224/1224/1224 1222/1222/1222
f 1953/1953/1953 1385/1385/1385 1493/1493/1493
f 1493/1493/1493 1385/1385/1385 1486/1486/1486
f 1479/1479/1479 1478/1478/1478 1841/1841/1841
f 1841/1841/1841 1850/1850/1850 1544/1544/1544
f 1544/1544/1544 1850/1850/1850 1548/1548/1548
f 1676/1676/1676 1675/1675/1675 1677/1677/1677
f 1675/1675/1675 1672/1672/1672 1669/1669/1669
f 1668/1668/1668 1684/1684/1684 1683/1683/1683
f 1668/1668/1668 1683/1683/1683 1666/1666/1666
f 1957/1957/1957 1960/1960/1960 1194/1194/1194
f 1956/1956/1956 1958/1958/1958 1220/1220/1220
f 1223/1223/1223 1224/1224/1224 1220/1220/1220
f 1946/1946/1946 1948/1948/1948 1949/1949/1949
f 1952/1952/1952 1886/1886/1886 1953/1953/1953
f 1396/1396/1396 1872/1872/1872 1398/1398/1398
f 1398/1398/1398 1872/1872/1872 1871/1871/1871
f 1841/1841/1841 1842/1842/1842 1850/1850/1850
f 3878/3878/3878 3875/3875/3875 3942/3942/3942
f 1190/1190/1190 1191/1191/1191 1961/1961/1961
f 1957/1957/1957 1921/1921/1921 1956/1956/1956
f 1941/1941/1941 1944/1944/1944 1946/1946/1946
f 1946/1946/1946 1947/1947/1947 1948/1948/1948
f 1953/1953/1953 1875/1875/1875 1385/1385/1385
f 1388/1388/1388 1387/1387/1387 1390/1390/1390
f 1390/1390/1390 1874/1874/1874 1396/1396/1396
f 1396/1396/1396 1874/1874/1874 1872/1872/1872
f 1552/1552/1552 1551/1551/1551 1550/1550/1550
f 1676/1676/1676 1674/1674/1674 1675/1675/1675
f 1672/1672/1672 1671/1671/1671 1670/1670/1670
f 1671/1671/1671 1684/1684/1684 1668/1668/1668
f 1683/1683/1683 1161/1161/1161 1190/1190/1190
f 1961/1961/1961 1191/1191/1191 1960/1960/1960
f 1194/1194/1194 1921/1921/1921 1957/1957/1957
f 1956/1956/1956 1921/1921/1921 1958/1958/1958
f 1958/1958/1958 1223/1223/1223 1220/1220/1220
f 1224/1224/1224 1226/1226/1226 1222/1222/1222
f 1222/1222/1222 1226/1226/1226 1227/1227/1227
f 1942/1942/1942 1943/1943/1943 1941/1941/1941
f 1944/1944/1944 1947/1947/1947 1946/1946/1946
f 1478/1478/1478 1842/1842/1842 1841/1841/1841
f 1161/1161/1161 1160/1160/1160 1190/1190/1190
f 1193/1193/1193 1194/1194/1194 1960/1960/1960
f 1227/1227/1227 1226/1226/1226 1942/1942/1942
f 1941/1941/1941 1943/1943/1943 1944/1944/1944
f 1953/1953/1953 1886/1886/1886 1875/1875/1875
f 1875/1875/1875 1386/1386/1386 1385/1385/1385
f 1385/1385/1385 1386/1386/1386 1387/1387/1387
f 1387/1387/1387 1401/1401/1401 1390/1390/1390
f 1550/1550/1550 1554/1554/1554 1826/1826/1826
f 2034/2034/2034 2074/2074/2074 2073/2073/2073
f 2051/2051/2051 2075/2075/2075 1676/1676/1676
f 3942/3942/3942 3875/3875/3875 3866/3866/3866
f 1191/1191/1191 1193/1193/1193 1960/1960/1960
f 1949/1949/1949 1948/1948/1948 1951/1951/1951
f 1390/1390/1390 1401/1401/1401 1874/1874/1874
f 1874/1874/1874 1873/1873/1873 1872/1872/1872
f 1872/1872/1872 1870/1870/1870 1871/1871/1871
f 1478/1478/1478 1843/1843/1843 1842/1842/1842
f 1548/1548/1548 1551/1551/1551 1552/1552/1552
f 1826/1826/1826 1554/1554/1554 1828/1828/1828
f 1828/1828/1828 1829/1829/1829 2034/2034/2034
f 2034/2034/2034 1829/1829/1829 2074/2074/2074
f 1674/1674/1674 1672/1672/1672 1675/1675/1675
f 1160/1160/1160 1159/1159/1159 1190/1190/1190
f 1921/1921/1921 1920/1920/1920 1958/1958/1958
f 1951/1951/1951 1878/1878/1878 1952/1952/1952
f 1401/1401/1401 1410/1410/1410 1874/1874/1874
f 1868/1868/1868 1429/1429/1429 1871/1871/1871
f 1871/1871/1871 1429/1429/1429 1481/1481/1481
f 1482/1482/1482 1429/1429/1429 1475/1475/1475
f 1475/1475/1475 1429/1429/1429 1473/1473/1473
f 1473/1473/1473 1474/1474/1474 1478/1478/1478
f 1850/1850/1850 1842/1842/1842 1846/1846/1846
f 1551/1551/1551 1554/1554/1554 1550/1550/1550
f 1554/1554/1554 1829/1829/1829 1828/1828/1828
f 1190/1190/1190 1159/1159/1159 1191/1191/1191
f 1191/1191/1191 1192/1192/1192 1193/1193/1193
f 1194/1194/1194 1193/1193/1193 1195/1195/1195
f 1225/1225/1225 1224/1224/1224 1223/1223/1223
f 1942/1942/1942 1945/1945/1945 1943/1943/1943
f 1951/1951/1951 1948/1948/1948 1881/1881/1881
f 1952/1952/1952 1878/1878/1878 1886/1886/1886
f 1387/1387/1387 1386/1386/1386 1404/1404/1404
f 1404/1404/1404 1401/1401/1401 1387/1387/1387
f 1874/1874/1874 1410/1410/1410 1873/1873/1873
f 1481/1481/1481 1429/1429/1429 1482/1482/1482
f 1474/1474/1474 1843/1843/1843 1478/1478/1478
f 1548/1548/1548 1850/1850/1850 1846/1846/1846
f 2075/2075/2075 2010/2010/2010 1676/1676/1676
f 1674/1674/1674 1673/1673/1673 1672/1672/1672
f 1683/1683/1683 1162/1162/1162 1161/1161/1161
f 1192/1192/1192 1188/1188/1188 1193/1193/1193
f 1188/1188/1188 1189/1189/1189 1193/1193/1193
f 1193/1193/1193 1189/1189/1189 1195/1195/1195
f 1195/1195/1195 1921/1921/1921 1194/1194/1194
f 1920/1920/1920 1225/1225/1225 1958/1958/1958
f 1943/1943/1943 1884/1884/1884 1944/1944/1944
f 1947/1947/1947 1881/1881/1881 1948/1948/1948
f 1871/1871/1871 1870/1870/1870 1868/1868/1868
f 1474/1474/1474 1844/1844/1844 1843/1843/1843
f 1846/1846/1846 1849/1849/1849 1548/1548/1548
f 1548/1548/1548 1849/1849/1849 1551/1551/1551
f 1672/1672/1672 1673/1673/1673 1671/1671/1671
f 1671/1671/1671 1673/1673/1673 1684/1684/1684
f 1684/1684/1684 1685/1685/1685 1683/1683/1683
f 1191/1191/1191 1159/1159/1159 1192/1192/1192
f 1958/1958/1958 1225/1225/1225 1223/1223/1223
f 1942/1942/1942 1226/1226/1226 1945/1945/1945
f 1882/1882/1882 1881/1881/1881 1947/1947/1947
f 1881/1881/1881 1879/1879/1879 1951/1951/1951
f 1951/1951/1951 1879/1879/1879 1878/1878/1878
f 1886/1886/1886 1878/1878/1878 1875/1875/1875
f 1873/1873/1873 1870/1870/1870 1872/1872/1872
f 1473/1473/1473 1429/1429/1429 1474/1474/1474
f 1842/1842/1842 1843/1843/1843 1846/1846/1846
f 1554/1554/1554 2007/2007/2007 1829/1829/1829
f 1829/1829/1829 2007/2007/2007 2074/2074/2074
f 3875/3875/3875 3864/3864/3864 3866/3866/3866
f 1685/1685/1685 1686/1686/1686 1683/1683/1683
f 1943/1943/1943 1945/1945/1945 1884/1884/1884
f 1884/1884/1884 1882/1882/1882 1947/1947/1947
f 1944/1944/1944 1884/1884/1884 1947/1947/1947
f 1846/1846/1846 1847/1847/1847 1849/1849/1849
f 3866/3866/3866 3864/3864/3864 3860/3860/3860
f 1684/1684/1684 1673/1673/1673 1685/1685/1685
f 1686/1686/1686 1162/1162/1162 1683/1683/1683
f 1225/1225/1225 1228/1228/1228 1224/1224/1224
f 1224/1224/1224 1228/1228/1228 1226/1226/1226
f 1843/1843/1843 1845/1845/1845 1846/1846/1846
f 1846/1846/1846 1845/1845/1845 1848/1848/1848
f 1884/1884/1884 1883/1883/1883 1882/1882/1882
f 3860/3860/3860 3864/3864/3864 3863/3863/3863
f 3860/3860/3860 3863/3863/3863 3861/3861/3861
f 3861/3861/3861 3872/3872/3872 3871/3871/3871
f 3861/3861/3861 3871/3871/3871 3867/3867/3867
f 3867/3867/3867 3871/3871/3871 3873/3873/3873
f 4541/4541/4541 4542/4542/4542 4543/4543/4543
f 4399/4399/4399 4401/4401/4401 4406/4406/4406
f 4399/4399/4399 4406/4406/4406 4417/4417/4417
f 5331/5331/5331 5297/5297/5297 5235/5235/5235
f 5331/5331/5331 5235/5235/5235 5251/5251/5251
f 4521/4521/4521 4400/4400/4400 4428/4428/4428
f 4428/4428/4428 4400/4400/4400 4397/4397/4397
f 4417/4417/4417 4562/4562/4562 4416/4416/4416
f 5237/5237/5237 5165/5165/5165 5213/5213/5213
f 5214/5214/5214 5163/5163/5163 5215/5215/5215
f 5215/5215/5215 5163/5163/5163 5202/5202/5202
f 5202/5202/5202 5185/5185/5185 5203/5203/5203
f 5203/5203/5203 5185/5185/5185 5246/5246/5246
f 5286/5286/5286 5302/5302/5302 5203/5203/5203
f 5408/5408/5408 5409/5409/5409 5410/5410/5410
f 5286/5286/5286 5353/5353/5353 5302/5302/5302
f 2813/2813/2813 2862/2862/2862 2938/2938/2938
f 2960/2960/2960 2813/2813/2813 2938/2938/2938
f 2938/2938/2938 2862/2862/2862 2843/2843/2843
f 2844/2844/2844 2769/2769/2769 2843/2843/2843
f 2862/2862/2862 2844/2844/2844 2843/2843/2843
f 2938/2938/2938 2843/2843/2843 2937/2937/2937
f 2769/2769/2769 2768/2768/2768 2843/2843/2843
f 2937/2937/2937 2843/2843/2843 2841/2841/2841
f 2843/2843/2843 2768/2768/2768 2841/2841/2841
f 2841/2841/2841 2768/2768/2768 2767/2767/2767
f 2937/2937/2937 2841/2841/2841 2936/2936/2936
f 2841/2841/2841 2839/2839/2839 2936/2936/2936
f 2841/2841/2841 2767/2767/2767 2839/2839/2839
f 2936/2936/2936 2839/2839/2839 2917/2917/2917
f 2839/2839/2839 2840/2840/2840 2917/2917/2917
f 2839/2839/2839 2767/2767/2767 2840/2840/2840
f 2840/2840/2840 2767/2767/2767 2589/2589/2589
f 2917/2917/2917 2840/2840/2840 2909/2909/2909
f 2909/2909/2909 2840/2840/2840 2842/2842/2842
f 2909/2909/2909 2842/2842/2842 2908/2908/2908
f 2840/2840/2840 2589/2589/2589 2842/2842/2842
f 2842/2842/2842 2589/2589/2589 2588/2588/2588
f 2908/2908/2908 2842/2842/2842 2884/2884/2884
f 2884/2884/2884 2842/2842/2842 2838/2838/2838
f 2842/2842/2842 2588/2588/2588 2838/2838/2838
f 2838/2838/2838 2588/2588/2588 2587/2587/2587
f 2884/2884/2884 2838/2838/2838 2895/2895/2895
f 2895/2895/2895 2838/2838/2838 2894/2894/2894
f 2587/2587/2587 2791/2791/2791 2838/2838/2838
f 2894/2894/2894 2838/2838/2838 2893/2893/2893
f 2893/2893/2893 2838/2838/2838 2836/2836/2836
f 2838/2838/2838 2791/2791/2791 2836/2836/2836
f 2791/2791/2791 2787/2787/2787 2836/2836/2836
f 2893/2893/2893 2836/2836/2836 2837/2837/2837
f 2836/2836/2836 2787/2787/2787 2837/2837/2837
f 2837/2837/2837 2787/2787/2787 2829/2829/2829
f 2829/2829/2829 2787/2787/2787 2788/2788/2788
f 2873/2873/2873 2829/2829/2829 2818/2818/2818
f 2829/2829/2829 2788/2788/2788 2818/2818/2818
f 2873/2873/2873 2818/2818/2818 2869/2869/2869
f 2788/2788/2788 2789/2789/2789 2818/2818/2818
f 2869/2869/2869 2818/2818/2818 2867/2867/2867
f 2867/2867/2867 2818/2818/2818 2817/2817/2817
f 2818/2818/2818 2789/2789/2789 2817/2817/2817
f 2789/2789/2789 2790/2790/2790 2817/2817/2817
f 2867/2867/2867 2817/2817/2817 2868/2868/2868
f 2817/2817/2817 2819/2819/2819 2868/2868/2868
f 2817/2817/2817 2790/2790/2790 2819/2819/2819
f 2819/2819/2819 2790/2790/2790 2649/2649/2649
f 2819/2819/2819 2649/2649/2649 2827/2827/2827
f 2819/2819/2819 2827/2827/2827 2874/2874/2874
f 2874/2874/2874 2827/2827/2827 2826/2826/2826
f 2874/2874/2874 2826/2826/2826 2878/2878/2878
f 2649/2649/2649 2650/2650/2650 2826/2826/2826
f 2827/2827/2827 2649/2649/2649 2826/2826/2826
f 2878/2878/2878 2826/2826/2826 2877/2877/2877
f 2877/2877/2877 2826/2826/2826 2824/2824/2824
f 2826/2826/2826 2650/2650/2650 2824/2824/2824
f 2650/2650/2650 2654/2654/2654 2824/2824/2824
f 2877/2877/2877 2824/2824/2824 2879/2879/2879
f 2654/2654/2654 2656/2656/2656 2824/2824/2824
f 2879/2879/2879 2824/2824/2824 2825/2825/2825
f 2824/2824/2824 2656/2656/2656 2825/2825/2825
f 2879/2879/2879 2825/2825/2825 2896/2896/2896
f 2656/2656/2656 2657/2657/2657 2825/2825/2825
f 2825/2825/2825 2816/2816/2816 2896/2896/2896
f 2825/2825/2825 2657/2657/2657 2816/2816/2816
f 2896/2896/2896 2816/2816/2816 2897/2897/2897
f 2897/2897/2897 2816/2816/2816 2898/2898/2898
f 2657/2657/2657 2659/2659/2659 2816/2816/2816
f 2898/2898/2898 2816/2816/2816 2887/2887/2887
f 2816/2816/2816 2815/2815/2815 2887/2887/2887
f 2816/2816/2816 2659/2659/2659 2815/2815/2815
f 2659/2659/2659 2660/2660/2660 2815/2815/2815
f 2887/2887/2887 2815/2815/2815 2886/2886/2886
f 2660/2660/2660 2663/2663/2663 2815/2815/2815
f 2815/2815/2815 2814/2814/2814 2883/2883/2883
f 2886/2886/2886 2815/2815/2815 2883/2883/2883
f 2815/2815/2815 2663/2663/2663 2814/2814/2814
f 2883/2883/2883 2814/2814/2814 2903/2903/2903
f 2663/2663/2663 2664/2664/2664 2814/2814/2814
f 2903/2903/2903 2814/2814/2814 2912/2912/2912
f 2912/2912/2912 2814/2814/2814 2822/2822/2822
f 2814/2814/2814 2664/2664/2664 2822/2822/2822
f 2664/2664/2664 2665/2665/2665 2822/2822/2822
f 2912/2912/2912 2822/2822/2822 2913/2913/2913
f 2822/2822/2822 2810/2810/2810 2914/2914/2914
f 2913/2913/2913 2822/2822/2822 2914/2914/2914
f 2822/2822/2822 2665/2665/2665 2810/2810/2810
f 3290/3290/3290 3153/3153/3153 3154/3154/3154
f 1517/1517/1517 1833/1833/1833 1832/1832/1832
f 1657/1657/1657 1654/1654/1654 1658/1658/1658
f 1509/1509/1509 1508/1508/1508 1507/1507/1507
f 1507/1507/1507 1504/1504/1504 1505/1505/1505
f 1505/1505/1505 1504/1504/1504 1503/1503/1503
f 1501/1501/1501 1500/1500/1500 1502/1502/1502
f 1657/1657/1657 1658/1658/1658 1204/1204/1204
f 1204/1204/1204 1662/1662/1662 1201/1201/1201
f 1207/1207/1207 1211/1211/1211 1212/1212/1212
f 1212/1212/1212 1209/1209/1209 1208/1208/1208
f 1208/1208/1208 1209/1209/1209 1210/1210/1210
f 1508/1508/1508 1504/1504/1504 1507/1507/1507
f 1504/1504/1504 1501/1501/1501 1503/1503/1503
f 1502/1502/1502 1500/1500/1500 1839/1839/1839
f 1519/1519/1519 1832/1832/1832 1831/1831/1831
f 1831/1831/1831 1484/1484/1484 1521/1521/1521
f 1521/1521/1521 1840/1840/1840 1523/1523/1523
f 1531/1531/1531 1538/1538/1538 1533/1533/1533
f 1540/1540/1540 1542/1542/1542 1536/1536/1536
f 1536/1536/1536 1542/1542/1542 1557/1557/1557
f 1557/1557/1557 1822/1822/1822 1821/1821/1821
f 1822/1822/1822 1823/1823/1823 1821/1821/1821
f 1661/1661/1661 1977/1977/1977 1660/1660/1660
f 1661/1661/1661 1660/1660/1660 1654/1654/1654
f 1660/1660/1660 1659/1659/1659 1654/1654/1654
f 1654/1654/1654 1659/1659/1659 1658/1658/1658
f 1658/1658/1658 1662/1662/1662 1204/1204/1204
f 1201/1201/1201 1200/1200/1200 1202/1202/1202
f 1205/1205/1205 1206/1206/1206 1207/1207/1207
f 1207/1207/1207 1206/1206/1206 1198/1198/1198
f 1212/1212/1212 1211/1211/1211 1209/1209/1209
f 1210/1210/1210 1209/1209/1209 1933/1933/1933
f 1933/1933/1933 1209/1209/1209 1509/1509/1509
f 1504/1504/1504 1510/1510/1510 1501/1501/1501
f 1834/1834/1834 1496/1496/1496 1489/1489/1489
f 1834/1834/1834 1489/1489/1489 1833/1833/1833
f 1833/1833/1833 1495/1495/1495 1832/1832/1832
f 1521/1521/1521 1484/1484/1484 1840/1840/1840
f 1840/1840/1840 1483/1483/1483 1523/1523/1523
f 1530/1530/1530 1400/1400/1400 1531/1531/1531
f 1533/1533/1533 1540/1540/1540 1536/1536/1536
f 1501/1501/1501 1510/1510/1510 1500/1500/1500
f 1500/1500/1500 1498/1498/1498 1839/1839/1839
f 1489/1489/1489 1495/1495/1495 1833/1833/1833
f 1495/1495/1495 1831/1831/1831 1832/1832/1832
f 1523/1523/1523 1400/1400/1400 1530/1530/1530
f 1557/1557/1557 1556/1556/1556 1822/1822/1822
f 4109/4109/4109 3939/3939/3939 3916/3916/3916
f 1662/1662/1662 1665/1665/1665 1201/1201/1201
f 1202/1202/1202 1200/1200/1200 1205/1205/1205
f 1207/1207/1207 1954/1954/1954 1211/1211/1211
f 1211/1211/1211 1214/1214/1214 1209/1209/1209
f 1209/1209/1209 1216/1216/1216 1509/1509/1509
f 1216/1216/1216 1508/1508/1508 1509/1509/1509
f 1508/1508/1508 1934/1934/1934 1504/1504/1504
f 1504/1504/1504 1934/1934/1934 1510/1510/1510
f 1483/1483/1483 1395/1395/1395 1523/1523/1523
f 1537/1537/1537 1538/1538/1538 1531/1531/1531
f 1538/1538/1538 1540/1540/1540 1533/1533/1533
f 1977/1977/1977 1681/1681/1681 1660/1660/1660
f 1214/1214/1214 1215/1215/1215 1209/1209/1209
f 1209/1209/1209 1215/1215/1215 1216/1216/1216
f 1934/1934/1934 1935/1935/1935 1510/1510/1510
f 1510/1510/1510 1936/1936/1936 1500/1500/1500
f 1500/1500/1500 1499/1499/1499 1498/1498/1498
f 1839/1839/1839 1498/1498/1498 1834/1834/1834
f 1498/1498/1498 1496/1496/1496 1834/1834/1834
f 1484/1484/1484 1394/1394/1394 1840/1840/1840
f 1840/1840/1840 1394/1394/1394 1483/1483/1483
f 1483/1483/1483 1393/1393/1393 1395/1395/1395
f 1395/1395/1395 1400/1400/1400 1523/1523/1523
f 1531/1531/1531 1400/1400/1400 1537/1537/1537
f 4109/4109/4109 3916/3916/3916 3911/3911/3911
f 1659/1659/1659 1663/1663/1663 1658/1658/1658
f 1665/1665/1665 1199/1199/1199 1201/1201/1201
f 1201/1201/1201 1199/1199/1199 1200/1200/1200
f 1200/1200/1200 1196/1196/1196 1205/1205/1205
f 1954/1954/1954 1213/1213/1213 1211/1211/1211
f 1211/1211/1211 1213/1213/1213 1214/1214/1214
f 1216/1216/1216 1934/1934/1934 1508/1508/1508
f 1495/1495/1495 1488/1488/1488 1831/1831/1831
f 1488/1488/1488 1484/1484/1484 1831/1831/1831
f 1557/1557/1557 1545/1545/1545 1556/1556/1556
f 1822/1822/1822 1555/1555/1555 1823/1823/1823
f 1823/1823/1823 1824/1824/1824 1825/1825/1825
f 1196/1196/1196 1206/1206/1206 1205/1205/1205
f 1198/1198/1198 1954/1954/1954 1207/1207/1207
f 1934/1934/1934 1219/1219/1219 1935/1935/1935
f 1510/1510/1510 1935/1935/1935 1936/1936/1936
f 1500/1500/1500 1936/1936/1936 1499/1499/1499
f 1499/1499/1499 1497/1497/1497 1498/1498/1498
f 1538/1538/1538 1539/1539/1539 1540/1540/1540
f 1540/1540/1540 1541/1541/1541 1542/1542/1542
f 1542/1542/1542 1545/1545/1545 1557/1557/1557
f 1822/1822/1822 1556/1556/1556 1555/1555/1555
f 1681/1681/1681 1678/1678/1678 1660/1660/1660
f 1658/1658/1658 1663/1663/1663 1662/1662/1662
f 1199/1199/1199 1196/1196/1196 1200/1200/1200
f 1216/1216/1216 1219/1219/1219 1934/1934/1934
f 1489/1489/1489 1488/1488/1488 1495/1495/1495
f 1663/1663/1663 1664/1664/1664 1662/1662/1662
f 1664/1664/1664 1665/1665/1665 1662/1662/1662
f 1219/1219/1219 1938/1938/1938 1935/1935/1935
f 1394/1394/1394 1393/1393/1393 1483/1483/1483
f 1542/1542/1542 1541/1541/1541 1545/1545/1545
f 1199/1199/1199 1964/1964/1964 1196/1196/1196
f 1935/1935/1935 1937/1937/1937 1936/1936/1936
f 1498/1498/1498 1497/1497/1497 1496/1496/1496
f 1496/1496/1496 1492/1492/1492 1489/1489/1489
f 1488/1488/1488 1485/1485/1485 1484/1484/1484
f 1484/1484/1484 1392/1392/1392 1394/1394/1394
f 1538/1538/1538 1480/1480/1480 1539/1539/1539
f 1556/1556/1556 1545/1545/1545 1555/1555/1555
f 1555/1555/1555 1547/1547/1547 1823/1823/1823
f 1823/1823/1823 1547/1547/1547 1824/1824/1824
f 3911/3911/3911 3916/3916/3916 3910/3910/3910
f 1681/1681/1681 1680/1680/1680 1678/1678/1678
f 1664/1664/1664 1199/1199/1199 1665/1665/1665
f 1196/1196/1196 1198/1198/1198 1206/1206/1206
f 1219/1219/1219 1940/1940/1940 1938/1938/1938
f 1935/1935/1935 1938/1938/1938 1937/1937/1937
f 1936/1936/1936 1937/1937/1937 1499/1499/1499
f 1489/1489/1489 1492/1492/1492 1491/1491/1491
f 1394/1394/1394 1392/1392/1392 1393/1393/1393
f 1395/1395/1395 1397/1397/1397 1400/1400/1400
f 1539/1539/1539 1541/1541/1541 1540/1540/1540
f 1541/1541/1541 1544/1544/1544 1545/1545/1545
f 1825/1825/1825 1824/1824/1824 2024/2024/2024
f 1198/1198/1198 1956/1956/1956 1954/1954/1954
f 1954/1954/1954 1955/1955/1955 1213/1213/1213
f 1497/1497/1497 1492/1492/1492 1496/1496/1496
f 1490/1490/1490 1487/1487/1487 1489/1489/1489
f 1489/1489/1489 1487/1487/1487 1488/1488/1488
f 1400/1400/1400 1397/1397/1397 1399/1399/1399
f 1400/1400/1400 1399/1399/1399 1537/1537/1537
f 1537/1537/1537 1477/1477/1477 1538/1538/1538
f 1538/1538/1538 1477/1477/1477 1480/1480/1480
f 1545/1545/1545 1547/1547/1547 1555/1555/1555
f 1663/1663/1663 1666/1666/1666 1664/1664/1664
f 1664/1664/1664 1666/1666/1666 1667/1667/1667
f 1664/1664/1664 1667/1667/1667 1199/1199/1199
f 1215/1215/1215 1217/1217/1217 1216/1216/1216
f 1216/1216/1216 1218/1218/1218 1219/1219/1219
f 1938/1938/1938 1939/1939/1939 1937/1937/1937
f 1499/1499/1499 1937/1937/1937 1950/1950/1950
f 1488/1488/1488 1487/1487/1487 1485/1485/1485
f 1484/1484/1484 1485/1485/1485 1392/1392/1392
f 1539/1539/1539 1476/1476/1476 1541/1541/1541
f 1545/1545/1545 1546/1546/1546 1547/1547/1547
f 1824/1824/1824 2025/2025/2025 2024/2024/2024
f 2024/2024/2024 2025/2025/2025 2072/2072/2072
f 1681/1681/1681 2063/2063/2063 1680/1680/1680
f 3911/3911/3911 3910/3910/3910 3879/3879/3879
f 1680/1680/1680 1679/1679/1679 1678/1678/1678
f 1667/1667/1667 1965/1965/1965 1199/1199/1199
f 1196/1196/1196 1197/1197/1197 1198/1198/1198
f 1214/1214/1214 1221/1221/1221 1215/1215/1215
f 1221/1221/1221 1217/1217/1217 1215/1215/1215
f 1218/1218/1218 1940/1940/1940 1219/1219/1219
f 1499/1499/1499 1950/1950/1950 1497/1497/1497
f 1480/1480/1480 1476/1476/1476 1539/1539/1539
f 1544/1544/1544 1549/1549/1549 1545/1545/1545
f 1549/1549/1549 1546/1546/1546 1545/1545/1545
f 1547/1547/1547 1826/1826/1826 1824/1824/1824
f 2025/2025/2025 2081/2081/2081 2072/2072/2072
f 1965/1965/1965 1962/1962/1962 1199/1199/1199
f 1199/1199/1199 1962/1962/1962 1963/1963/1963
f 1199/1199/1199 1963/1963/1963 1964/1964/1964
f 1964/1964/1964 1963/1963/1963 1196/1196/1196
f 1963/1963/1963 1197/1197/1197 1196/1196/1196
f 1954/1954/1954 1956/1956/1956 1955/1955/1955
f 1213/1213/1213 1955/1955/1955 1214/1214/1214
f 1940/1940/1940 1939/1939/1939 1938/1938/1938
f 1477/1477/1477 1476/1476/1476 1480/1480/1480
f 1660/1660/1660 1669/1669/1669 1659/1659/1659
f 2063/2063/2063 1677/1677/1677 1680/1680/1680
f 1659/1659/1659 1669/1669/1669 1668/1668/1668
f 1659/1659/1659 1668/1668/1668 1663/1663/1663
f 1547/1547/1547 1550/1550/1550 1826/1826/1826
f 1826/1826/1826 1827/1827/1827 1824/1824/1824
f 1824/1824/1824 1827/1827/1827 2025/2025/2025
f 1663/1663/1663 1668/1668/1668 1666/1666/1666
f 1546/1546/1546 1550/1550/1550 1547/1547/1547
f 3910/3910/3910 3877/3877/3877 3879/3879/3879
f 3879/3879/3879 3877/3877/3877 3878/3878/3878
f 3878/3878/3878 3877/3877/3877 3875/3875/3875
f 3875/3875/3875 3877/3877/3877 3874/3874/3874
f 3875/3875/3875 3874/3874/3874 3864/3864/3864
f 3864/3864/3864 3874/3874/3874 3863/3863/3863
f 3863/3863/3863 4021/4021/4021 4019/4019/4019
f 3863/3863/3863 4019/4019/4019 3872/3872/3872
f 4550/4550/4550 4577/4577/4577 4572/4572/4572
f 3871/3871/3871 3872/3872/3872 3951/3951/3951
f 4422/4422/4422 4412/4412/4412 4423/4423/4423
f 5322/5322/5322 5306/5306/5306 5190/5190/5190
f 5322/5322/5322 5190/5190/5190 5304/5304/5304
f 5304/5304/5304 5190/5190/5190 5191/5191/5191
f 5304/5304/5304 5191/5191/5191 5297/5297/5297
f 5191/5191/5191 5192/5192/5192 5297/5297/5297
f 5297/5297/5297 5192/5192/5192 5235/5235/5235
f 5235/5235/5235 5236/5236/5236 5251/5251/5251
f 5236/5236/5236 5166/5166/5166 5237/5237/5237
f 5237/5237/5237 5166/5166/5166 5165/5165/5165
f 5213/5213/5213 5164/5164/5164 5214/5214/5214
f 5214/5214/5214 5164/5164/5164 5163/5163/5163
f 5163/5163/5163 5185/5185/5185 5202/5202/5202
f 5286/5286/5286 5246/5246/5246 5285/5285/5285
f 5286/5286/5286 5285/5285/5285 5287/5287/5287
f 2768/2768/2768 2598/2598/2598 2767/2767/2767
f 2596/2596/2596 2589/2589/2589 2767/2767/2767
f 2791/2791/2791 2638/2638/2638 2787/2787/2787
f 2787/2787/2787 2638/2638/2638 2639/2639/2639
f 2639/2639/2639 2641/2641/2641 2787/2787/2787
f 2787/2787/2787 2641/2641/2641 2788/2788/2788
f 2788/2788/2788 2642/2642/2642 2789/2789/2789
f 2789/2789/2789 2643/2643/2643 2790/2790/2790
f 2790/2790/2790 2643/2643/2643 2645/2645/2645
f 2790/2790/2790 2645/2645/2645 2649/2649/2649
f 2649/2649/2649 2648/2648/2648 2650/2650/2650
f 2651/2651/2651 2654/2654/2654 2650/2650/2650
f 5285/5285/5285 5325/5325/5325 5287/5287/5287
f 2832/2832/2832 2859/2859/2859 2808/2808/2808
f 2832/2832/2832 2808/2808/2808 2813/2813/2813
f 2844/2844/2844 2813/2813/2813 2769/2769/2769
f 2813/2813/2813 2808/2808/2808 2769/2769/2769
f 2665/2665/2665 2809/2809/2809 2810/2810/2810
f 2809/2809/2809 2849/2849/2849 2810/2810/2810
f 1815/1815/1815 2065/2065/2065 2066/2066/2066
f 2056/2056/2056 1648/1648/1648 1634/1634/1634
f 1587/1587/1587 1529/1529/1529 1525/1525/1525
f 1529/1529/1529 1526/1526/1526 1525/1525/1525
f 1814/1814/1814 1816/1816/1816 1815/1815/1815
f 1815/1815/1815 1816/1816/1816 2065/2065/2065
f 1630/1630/1630 1647/1647/1647 1645/1645/1645
f 1643/1643/1643 1645/1645/1645 1646/1646/1646
f 1643/1643/1643 1646/1646/1646 1644/1644/1644
f 1644/1644/1644 1646/1646/1646 1642/1642/1642
f 1646/1646/1646 1649/1649/1649 1642/1642/1642
f 1642/1642/1642 1649/1649/1649 1650/1650/1650
f 1642/1642/1642 1650/1650/1650 1932/1932/1932
f 1650/1650/1650 1926/1926/1926 1928/1928/1928
f 1928/1928/1928 1926/1926/1926 1925/1925/1925
f 1925/1925/1925 1512/1512/1512 1931/1931/1931
f 1931/1931/1931 1512/1512/1512 1514/1514/1514
f 1836/1836/1836 1837/1837/1837 1835/1835/1835
f 1516/1516/1516 1518/1518/1518 1592/1592/1592
f 1592/1592/1592 1518/1518/1518 1830/1830/1830
f 1518/1518/1518 1520/1520/1520 1830/1830/1830
f 1525/1525/1525 1526/1526/1526 1527/1527/1527
f 1527/1527/1527 1526/1526/1526 1559/1559/1559
f 1558/1558/1558 1814/1814/1814 1813/1813/1813
f 1813/1813/1813 1814/1814/1814 1809/1809/1809
f 2056/2056/2056 2061/2061/2061 1648/1648/1648
f 1645/1645/1645 1652/1652/1652 1646/1646/1646
f 1925/1925/1925 1926/1926/1926 1924/1924/1924
f 1514/1514/1514 1512/1512/1512 1515/1515/1515
f 1515/1515/1515 1512/1512/1512 1838/1838/1838
f 1838/1838/1838 1835/1835/1835 1837/1837/1837
f 1836/1836/1836 1835/1835/1835 1516/1516/1516
f 1520/1520/1520 1522/1522/1522 1830/1830/1830
f 1830/1830/1830 1522/1522/1522 1587/1587/1587
f 1587/1587/1587 1524/1524/1524 1529/1529/1529
f 1529/1529/1529 1528/1528/1528 1526/1526/1526
f 1559/1559/1559 1534/1534/1534 1558/1558/1558
f 1558/1558/1558 1535/1535/1535 1814/1814/1814
f 3945/3945/3945 3919/3919/3919 4104/4104/4104
f 1648/1648/1648 1991/1991/1991 1647/1647/1647
f 1648/1648/1648 1647/1647/1647 1634/1634/1634
f 1647/1647/1647 1653/1653/1653 1645/1645/1645
f 1645/1645/1645 1653/1653/1653 1652/1652/1652
f 1646/1646/1646 1651/1651/1651 1649/1649/1649
f 1649/1649/1649 1927/1927/1927 1926/1926/1926
f 1650/1650/1650 1649/1649/1649 1926/1926/1926
f 1926/1926/1926 1927/1927/1927 1924/1924/1924
f 1924/1924/1924 1208/1208/1208 1925/1925/1925
f 1925/1925/1925 1513/1513/1513 1512/1512/1512
f 1512/1512/1512 1513/1513/1513 1511/1511/1511
f 1515/1515/1515 1838/1838/1838 1837/1837/1837
f 1814/1814/1814 1535/1535/1535 1819/1819/1819
f 1819/1819/1819 1820/1820/1820 1814/1814/1814
f 1814/1814/1814 1817/1817/1817 1816/1816/1816
f 4104/4104/4104 3919/3919/3919 3959/3959/3959
f 1647/1647/1647 1991/1991/1991 1655/1655/1655
f 1647/1647/1647 1655/1655/1655 1653/1653/1653
f 1646/1646/1646 1652/1652/1652 1651/1651/1651
f 1925/1925/1925 1208/1208/1208 1513/1513/1513
f 1838/1838/1838 1512/1512/1512 1505/1505/1505
f 1838/1838/1838 1506/1506/1506 1835/1835/1835
f 1516/1516/1516 1517/1517/1517 1518/1518/1518
f 1517/1517/1517 1519/1519/1519 1518/1518/1518
f 1522/1522/1522 1524/1524/1524 1587/1587/1587
f 1526/1526/1526 1528/1528/1528 1532/1532/1532
f 1526/1526/1526 1532/1532/1532 1559/1559/1559
f 1532/1532/1532 1534/1534/1534 1559/1559/1559
f 1534/1534/1534 1535/1535/1535 1558/1558/1558
f 1814/1814/1814 1820/1820/1820 1817/1817/1817
f 1653/1653/1653 1654/1654/1654 1652/1652/1652
f 1652/1652/1652 1654/1654/1654 1656/1656/1656
f 1656/1656/1656 1203/1203/1203 1652/1652/1652
f 1652/1652/1652 1203/1203/1203 1651/1651/1651
f 1208/1208/1208 1210/1210/1210 1513/1513/1513
f 1513/1513/1513 1933/1933/1933 1511/1511/1511
f 1933/1933/1933 1507/1507/1507 1511/1511/1511
f 1838/1838/1838 1505/1505/1505 1506/1506/1506
f 1835/1835/1835 1834/1834/1834 1516/1516/1516
f 1518/1518/1518 1519/1519/1519 1520/1520/1520
f 1524/1524/1524 1528/1528/1528 1529/1529/1529
f 1816/1816/1816 2064/2064/2064 2065/2065/2065
f 1991/1991/1991 1661/1661/1661 1655/1655/1655
f 1651/1651/1651 1203/1203/1203 1202/1202/1202
f 1651/1651/1651 1202/1202/1202 1649/1649/1649
f 1207/1207/1207 1212/1212/1212 1927/1927/1927
f 1927/1927/1927 1212/1212/1212 1924/1924/1924
f 1924/1924/1924 1212/1212/1212 1208/1208/1208
f 1511/1511/1511 1505/1505/1505 1512/1512/1512
f 1506/1506/1506 1502/1502/1502 1835/1835/1835
f 1834/1834/1834 1517/1517/1517 1516/1516/1516
f 1520/1520/1520 1521/1521/1521 1522/1522/1522
f 1523/1523/1523 1530/1530/1530 1524/1524/1524
f 1524/1524/1524 1530/1530/1530 1528/1528/1528
f 1528/1528/1528 1531/1531/1531 1532/1532/1532
f 1532/1532/1532 1533/1533/1533 1534/1534/1534
f 1535/1535/1535 1534/1534/1534 1533/1533/1533
f 1819/1819/1819 1821/1821/1821 1820/1820/1820
f 1817/1817/1817 1818/1818/1818 1816/1816/1816
f 1816/1816/1816 1818/1818/1818 2064/2064/2064
f 1655/1655/1655 1654/1654/1654 1653/1653/1653
f 1202/1202/1202 1205/1205/1205 1649/1649/1649
f 1205/1205/1205 1927/1927/1927 1649/1649/1649
f 1210/1210/1210 1933/1933/1933 1513/1513/1513
f 1511/1511/1511 1507/1507/1507 1505/1505/1505
f 1505/1505/1505 1503/1503/1503 1506/1506/1506
f 1506/1506/1506 1503/1503/1503 1502/1502/1502
f 1831/1831/1831 1521/1521/1521 1520/1520/1520
f 1536/1536/1536 1557/1557/1557 1535/1535/1535
f 1535/1535/1535 1557/1557/1557 1819/1819/1819
f 3919/3919/3919 3917/3917/3917 3939/3939/3939
f 3959/3959/3959 3919/3919/3919 3939/3939/3939
f 1656/1656/1656 1204/1204/1204 1203/1203/1203
f 1205/1205/1205 1207/1207/1207 1927/1927/1927
f 1517/1517/1517 1834/1834/1834 1833/1833/1833
f 1517/1517/1517 1832/1832/1832 1519/1519/1519
f 1530/1530/1530 1531/1531/1531 1528/1528/1528
f 1533/1533/1533 1536/1536/1536 1535/1535/1535
f 1819/1819/1819 1557/1557/1557 1821/1821/1821
f 1820/1820/1820 1821/1821/1821 1817/1817/1817
f 2067/2067/2067 1661/1661/1661 1991/1991/1991
f 1654/1654/1654 1657/1657/1657 1656/1656/1656
f 1657/1657/1657 1204/1204/1204 1656/1656/1656
f 1204/1204/1204 1201/1201/1201 1203/1203/1203
f 1203/1203/1203 1201/1201/1201 1202/1202/1202
f 1503/1503/1503 1501/1501/1501 1502/1502/1502
f 1519/1519/1519 1831/1831/1831 1520/1520/1520
f 1521/1521/1521 1523/1523/1523 1522/1522/1522
f 1522/1522/1522 1523/1523/1523 1524/1524/1524
f 1531/1531/1531 1533/1533/1533 1532/1532/1532
f 1655/1655/1655 1661/1661/1661 1654/1654/1654
f 1818/1818/1818 2024/2024/2024 2064/2064/2064
f 1821/1821/1821 1825/1825/1825 1817/1817/1817
f 1817/1817/1817 1825/1825/1825 1818/1818/1818
f 1821/1821/1821 1823/1823/1823 1825/1825/1825
f 1818/1818/1818 1825/1825/1825 2024/2024/2024
f 2024/2024/2024 2072/2072/2072 2064/2064/2064
f 3939/3939/3939 3917/3917/3917 3916/3916/3916
f 3916/3916/3916 3917/3917/3917 3913/3913/3913
f 3916/3916/3916 3913/3913/3913 3910/3910/3910
f 3910/3910/3910 3913/3913/3913 3912/3912/3912
f 3910/3910/3910 3912/3912/3912 3877/3877/3877
f 3877/3877/3877 3912/3912/3912 3948/3948/3948
f 3948/3948/3948 4144/4144/4144 3947/3947/3947
f 4647/4647/4647 4586/4586/4586 4649/4649/4649
f 4251/4251/4251 4188/4188/4188 4186/4186/4186
f 4583/4583/4583 4585/4585/4585 4586/4586/4586
f 4583/4583/4583 4586/4586/4586 4647/4647/4647
f 3947/3947/3947 4144/4144/4144 4022/4022/4022
f 4426/4426/4426 4494/4494/4494 4414/4414/4414
f 5335/5335/5335 5273/5273/5273 5210/5210/5210
f 5335/5335/5335 5210/5210/5210 5307/5307/5307
f 5307/5307/5307 5210/5210/5210 5187/5187/5187
f 5307/5307/5307 5187/5187/5187 5306/5306/5306
f 5306/5306/5306 5187/5187/5187 5190/5190/5190
f 5235/5235/5235 5167/5167/5167 5236/5236/5236
f 5167/5167/5167 5166/5166/5166 5236/5236/5236
f 5165/5165/5165 5164/5164/5164 5213/5213/5213
f 5185/5185/5185 5245/5245/5245 5246/5246/5246
f 5245/5245/5245 5285/5285/5285 5246/5246/5246
f 2859/2859/2859 2601/2601/2601 2808/2808/2808
f 2808/2808/2808 2601/2601/2601 2769/2769/2769
f 2769/2769/2769 2600/2600/2600 2768/2768/2768
f 2768/2768/2768 2600/2600/2600 2598/2598/2598
f 2767/2767/2767 2598/2598/2598 2596/2596/2596
f 2589/2589/2589 2596/2596/2596 2595/2595/2595
f 2596/2596/2596 2594/2594/2594 2595/2595/2595
f 2595/2595/2595 2590/2590/2590 2589/2589/2589
f 2589/2589/2589 2586/2586/2586 2588/2588/2588
f 2586/2586/2586 2587/2587/2587 2588/2588/2588
f 2587/2587/2587 2638/2638/2638 2791/2791/2791
f 2587/2587/2587 2585/2585/2585 2638/2638/2638
f 2788/2788/2788 2641/2641/2641 2642/2642/2642
f 2642/2642/2642 2643/2643/2643 2789/2789/2789
f 2645/2645/2645 2648/2648/2648 2649/2649/2649
f 2650/2650/2650 2648/2648/2648 2651/2651/2651
f 2656/2656/2656 2655/2655/2655 2657/2657/2657
f 2655/2655/2655 2658/2658/2658 2657/2657/2657
f 2657/2657/2657 2658/2658/2658 2659/2659/2659
f 2659/2659/2659 2658/2658/2658 2660/2660/2660
f 2663/2663/2663 2660/2660/2660 2662/2662/2662
f 2663/2663/2663 2662/2662/2662 2664/2664/2664
f 2665/2665/2665 2662/2662/2662 2675/2675/2675
f 2665/2665/2665 2675/2675/2675 2809/2809/2809
f 1805/1805/1805 1804/1804/1804 2043/2043/2043
f 1572/1572/1572 1573/1573/1573 1802/1802/1802
f 1803/1803/1803 1804/1804/1804 1802/1802/1802
f 1802/1802/1802 1804/1804/1804 1805/1805/1805
f 1582/1582/1582 1781/1781/1781 1583/1583/1583
f 1626/1626/1626 1629/1629/1629 1625/1625/1625
f 1776/1776/1776 1593/1593/1593 1777/1777/1777
f 1777/1777/1777 1779/1779/1779 1780/1780/1780
f 1590/1590/1590 1582/1582/1582 1780/1780/1780
f 1590/1590/1590 1781/1781/1781 1582/1582/1582
f 1583/1583/1583 1781/1781/1781 1782/1782/1782
f 1573/1573/1573 1803/1803/1803 1802/1802/1802
f 1998/1998/1998 1999/1999/1999 1626/1626/1626
f 1600/1600/1600 1598/1598/1598 1773/1773/1773
f 1773/1773/1773 1598/1598/1598 1774/1774/1774
f 1780/1780/1780 1588/1588/1588 1590/1590/1590
f 1782/1782/1782 1561/1561/1561 1580/1580/1580
f 1580/1580/1580 1561/1561/1561 1562/1562/1562
f 1572/1572/1572 1570/1570/1570 1573/1573/1573
f 1999/1999/1999 1629/1629/1629 1626/1626/1626
f 1605/1605/1605 1604/1604/1604 1603/1603/1603
f 1601/1601/1601 1602/1602/1602 1600/1600/1600
f 1598/1598/1598 1597/1597/1597 1774/1774/1774
f 1777/1777/1777 1593/1593/1593 1779/1779/1779
f 1811/1811/1811 1563/1563/1563 1810/1810/1810
f 1563/1563/1563 1565/1565/1565 1810/1810/1810
f 1810/1810/1810 1565/1565/1565 1567/1567/1567
f 1568/1568/1568 1573/1573/1573 1570/1570/1570
f 1803/1803/1803 1807/1807/1807 1804/1804/1804
f 1804/1804/1804 1807/1807/1807 2043/2043/2043
f 1640/1640/1640 1619/1619/1619 1638/1638/1638
f 1605/1605/1605 1606/1606/1606 1604/1604/1604
f 1603/1603/1603 1602/1602/1602 1601/1601/1601
f 1774/1774/1774 1597/1597/1597 1775/1775/1775
f 1775/1775/1775 1597/1597/1597 1595/1595/1595
f 1775/1775/1775 1595/1595/1595 1776/1776/1776
f 1779/1779/1779 1588/1588/1588 1780/1780/1780
f 1781/1781/1781 1585/1585/1585 1782/1782/1782
f 1562/1562/1562 1560/1560/1560 1563/1563/1563
f 1567/1567/1567 1565/1565/1565 1568/1568/1568
f 1625/1625/1625 1630/1630/1630 1631/1631/1631
f 1620/1620/1620 1631/1631/1631 1632/1632/1632
f 1620/1620/1620 1632/1632/1632 1633/1633/1633
f 1620/1620/1620 1633/1633/1633 1619/1619/1619
f 1607/1607/1607 1606/1606/1606 1605/1605/1605
f 1930/1930/1930 1600/1600/1600 1602/1602/1602
f 1930/1930/1930 1599/1599/1599 1600/1600/1600
f 1600/1600/1600 1599/1599/1599 1598/1598/1598
f 1776/1776/1776 1595/1595/1595 1593/1593/1593
f 1782/1782/1782 1585/1585/1585 1561/1561/1561
f 1563/1563/1563 1564/1564/1564 1565/1565/1565
f 4020/4020/4020 3923/3923/3923 3938/3938/3938
f 1629/1629/1629 1630/1630/1630 1625/1625/1625
f 1604/1604/1604 1602/1602/1602 1603/1603/1603
f 1779/1779/1779 1591/1591/1591 1588/1588/1588
f 1590/1590/1590 1589/1589/1589 1781/1781/1781
f 1589/1589/1589 1586/1586/1586 1781/1781/1781
f 1573/1573/1573 1808/1808/1808 1803/1803/1803
f 1803/1803/1803 1808/1808/1808 1807/1807/1807
f 1619/1619/1619 1633/1633/1633 1638/1638/1638
f 1641/1641/1641 1638/1638/1638 1637/1637/1637
f 1638/1638/1638 1606/1606/1606 1637/1637/1637
f 1637/1637/1637 1606/1606/1606 1607/1607/1607
f 1929/1929/1929 1930/1930/1930 1602/1602/1602
f 1598/1598/1598 1599/1599/1599 1597/1597/1597
f 1593/1593/1593 1591/1591/1591 1779/1779/1779
f 1588/1588/1588 1589/1589/1589 1590/1590/1590
f 1781/1781/1781 1586/1586/1586 1585/1585/1585
f 1562/1562/1562 1561/1561/1561 1560/1560/1560
f 1563/1563/1563 1560/1560/1560 1564/1564/1564
f 1565/1565/1565 1564/1564/1564 1566/1566/1566
f 1565/1565/1565 1566/1566/1566 1568/1568/1568
f 1568/1568/1568 1566/1566/1566 1573/1573/1573
f 1573/1573/1573 1566/1566/1566 1809/1809/1809
f 1807/1807/1807 1808/1808/1808 1815/1815/1815
f 1807/1807/1807 1815/1815/1815 2043/2043/2043
f 2046/2046/2046 1634/1634/1634 1999/1999/1999
f 1999/1999/1999 1634/1634/1634 1629/1629/1629
f 1629/1629/1629 1634/1634/1634 1630/1630/1630
f 1630/1630/1630 1632/1632/1632 1631/1631/1631
f 1633/1633/1633 1642/1642/1642 1638/1638/1638
f 1604/1604/1604 1929/1929/1929 1602/1602/1602
f 1595/1595/1595 1594/1594/1594 1593/1593/1593
f 1593/1593/1593 1594/1594/1594 1591/1591/1591
f 1588/1588/1588 1591/1591/1591 1592/1592/1592
f 1573/1573/1573 1809/1809/1809 1808/1808/1808
f 1815/1815/1815 2066/2066/2066 2043/2043/2043
f 3923/3923/3923 3921/3921/3921 3938/3938/3938
f 1638/1638/1638 1642/1642/1642 1606/1606/1606
f 1606/1606/1606 1928/1928/1928 1604/1604/1604
f 1929/1929/1929 1931/1931/1931 1930/1930/1930
f 1930/1930/1930 1931/1931/1931 1599/1599/1599
f 1599/1599/1599 1515/1515/1515 1597/1597/1597
f 1595/1595/1595 1597/1597/1597 1596/1596/1596
f 1595/1595/1595 1596/1596/1596 1594/1594/1594
f 1588/1588/1588 1592/1592/1592 1589/1589/1589
f 1592/1592/1592 1830/1830/1830 1589/1589/1589
f 1585/1585/1585 1586/1586/1586 1587/1587/1587
f 1585/1585/1585 1525/1525/1525 1561/1561/1561
f 1561/1561/1561 1525/1525/1525 1560/1560/1560
f 1560/1560/1560 1527/1527/1527 1564/1564/1564
f 1566/1566/1566 1813/1813/1813 1809/1809/1809
f 2046/2046/2046 2061/2061/2061 1634/1634/1634
f 3938/3938/3938 3921/3921/3921 3945/3945/3945
f 1632/1632/1632 1643/1643/1643 1633/1633/1633
f 1643/1643/1643 1644/1644/1644 1633/1633/1633
f 1633/1633/1633 1644/1644/1644 1642/1642/1642
f 1932/1932/1932 1928/1928/1928 1606/1606/1606
f 1931/1931/1931 1514/1514/1514 1599/1599/1599
f 1589/1589/1589 1830/1830/1830 1586/1586/1586
f 1560/1560/1560 1525/1525/1525 1527/1527/1527
f 1564/1564/1564 1558/1558/1558 1566/1566/1566
f 1566/1566/1566 1558/1558/1558 1813/1813/1813
f 1808/1808/1808 1809/1809/1809 1815/1815/1815
f 2061/2061/2061 2056/2056/2056 1634/1634/1634
f 1634/1634/1634 1647/1647/1647 1630/1630/1630
f 1630/1630/1630 1645/1645/1645 1632/1632/1632
f 1632/1632/1632 1645/1645/1645 1643/1643/1643
f 1606/1606/1606 1642/1642/1642 1932/1932/1932
f 1932/1932/1932 1650/1650/1650 1928/1928/1928
f 1604/1604/1604 1928/1928/1928 1929/1929/1929
f 1929/1929/1929 1925/1925/1925 1931/1931/1931
f 1599/1599/1599 1514/1514/1514 1515/1515/1515
f 1515/1515/1515 1837/1837/1837 1597/1597/1597
f 1597/1597/1597 1837/1837/1837 1596/1596/1596
f 1596/1596/1596 1837/1837/1837 1836/1836/1836
f 1591/1591/1591 1594/1594/1594 1516/1516/1516
f 1586/1586/1586 1830/1830/1830 1587/1587/1587
f 1585/1585/1585 1587/1587/1587 1525/1525/1525
f 1527/1527/1527 1559/1559/1559 1564/1564/1564
f 1564/1564/1564 1559/1559/1559 1558/1558/1558
f 1928/1928/1928 1925/1925/1925 1929/1929/1929
f 1591/1591/1591 1516/1516/1516 1592/1592/1592
f 3945/3945/3945 3921/3921/3921 3919/3919/3919
f 3919/3919/3919 3918/3918/3918 3917/3917/3917
f 3917/3917/3917 3918/3918/3918 3913/3913/3913
f 3913/3913/3913 3915/3915/3915 3914/3914/3914
f 3913/3913/3913 3914/3914/3914 3912/3912/3912
f 3914/3914/3914 3946/3946/3946 3912/3912/3912
f 5337/5337/5337 5269/5269/5269 5188/5188/5188
f 5337/5337/5337 5188/5188/5188 5313/5313/5313
f 5188/5188/5188 5189/5189/5189 5313/5313/5313
f 5313/5313/5313 5189/5189/5189 5312/5312/5312
f 5312/5312/5312 5189/5189/5189 5186/5186/5186
f 5312/5312/5312 5186/5186/5186 5273/5273/5273
f 5273/5273/5273 5186/5186/5186 5210/5210/5210
f 5210/5210/5210 5186/5186/5186 5187/5187/5187
f 5191/5191/5191 5190/5190/5190 5168/5168/5168
f 5191/5191/5191 5168/5168/5168 5192/5192/5192
f 5192/5192/5192 5168/5168/5168 5167/5167/5167
f 5192/5192/5192 5167/5167/5167 5235/5235/5235
f 5165/5165/5165 5161/5161/5161 5164/5164/5164
f 5245/5245/5245 5288/5288/5288 5285/5285/5285
f 5285/5285/5285 5288/5288/5288 5324/5324/5324
f 5285/5285/5285 5324/5324/5324 5325/5325/5325
f 2859/2859/2859 2865/2865/2865 2601/2601/2601
f 2601/2601/2601 2600/2600/2600 2769/2769/2769
f 2589/2589/2589 2590/2590/2590 2586/2586/2586
f 2641/2641/2641 2639/2639/2639 2640/2640/2640
f 2647/2647/2647 2651/2651/2651 2648/2648/2648
f 2651/2651/2651 2653/2653/2653 2654/2654/2654
f 2656/2656/2656 2654/2654/2654 2655/2655/2655
f 2660/2660/2660 2661/2661/2661 2662/2662/2662
f 2664/2664/2664 2662/2662/2662 2665/2665/2665
f 2809/2809/2809 2675/2675/2675 2849/2849/2849
f 1760/1760/1760 1763/1763/1763 1789/1789/1789
f 1788/1788/1788 1785/1785/1785 1790/1790/1790
f 1790/1790/1790 1784/1784/1784 1792/1792/1792
f 1793/1793/1793 1794/1794/1794 1795/1795/1795
f 1986/1986/1986 1800/1800/1800 1989/1989/1989
f 1989/1989/1989 1976/1976/1976 1990/1990/1990
f 1994/1994/1994 2062/2062/2062 1992/1992/1992
f 1994/1994/1994 1992/1992/1992 1993/1993/1993
f 1789/1789/1789 1763/1763/1763 1788/1788/1788
f 1763/1763/1763 1785/1785/1785 1788/1788/1788
f 1790/1790/1790 1785/1785/1785 1784/1784/1784
f 1794/1794/1794 1796/1796/1796 1795/1795/1795
f 1795/1795/1795 1796/1796/1796 1797/1797/1797
f 1797/1797/1797 1798/1798/1798 1799/1799/1799
f 1798/1798/1798 1800/1800/1800 1799/1799/1799
f 1799/1799/1799 1800/1800/1800 1986/1986/1986
f 1800/1800/1800 1976/1976/1976 1989/1989/1989
f 3940/3940/3940 3935/3935/3935 3958/3958/3958
f 1992/1992/1992 1975/1975/1975 1993/1993/1993
f 1763/1763/1763 1786/1786/1786 1785/1785/1785
f 1785/1785/1785 1783/1783/1783 1784/1784/1784
f 1794/1794/1794 1578/1578/1578 1796/1796/1796
f 1796/1796/1796 1576/1576/1576 1797/1797/1797
f 1800/1800/1800 1801/1801/1801 1976/1976/1976
f 1762/1762/1762 1786/1786/1786 1763/1763/1763
f 1785/1785/1785 1786/1786/1786 1783/1783/1783
f 1783/1783/1783 1579/1579/1579 1784/1784/1784
f 1784/1784/1784 1579/1579/1579 1791/1791/1791
f 1791/1791/1791 1579/1579/1579 1578/1578/1578
f 1791/1791/1791 1578/1578/1578 1794/1794/1794
f 1797/1797/1797 1576/1576/1576 1798/1798/1798
f 1800/1800/1800 1798/1798/1798 1801/1801/1801
f 1976/1976/1976 2040/2040/2040 1990/1990/1990
f 1616/1616/1616 1622/1622/1622 1617/1617/1617
f 1616/1616/1616 1612/1612/1612 1615/1615/1615
f 1612/1612/1612 1613/1613/1613 1614/1614/1614
f 1614/1614/1614 1611/1611/1611 1609/1609/1609
f 1610/1610/1610 1751/1751/1751 1750/1750/1750
f 1762/1762/1762 1768/1768/1768 1786/1786/1786
f 1577/1577/1577 1575/1575/1575 1578/1578/1578
f 1578/1578/1578 1575/1575/1575 1796/1796/1796
f 1575/1575/1575 1576/1576/1576 1796/1796/1796
f 1798/1798/1798 1571/1571/1571 1801/1801/1801
f 3958/3958/3958 3935/3935/3935 3937/3937/3937
f 1992/1992/1992 1627/1627/1627 1975/1975/1975
f 1624/1624/1624 1623/1623/1623 1622/1622/1622
f 1751/1751/1751 1765/1765/1765 1752/1752/1752
f 1762/1762/1762 1755/1755/1755 1768/1768/1768
f 1787/1787/1787 1584/1584/1584 1786/1786/1786
f 1786/1786/1786 1584/1584/1584 1783/1783/1783
f 1783/1783/1783 1581/1581/1581 1579/1579/1579
f 1579/1579/1579 1580/1580/1580 1578/1578/1578
f 1580/1580/1580 1812/1812/1812 1578/1578/1578
f 1578/1578/1578 1812/1812/1812 1577/1577/1577
f 1576/1576/1576 1574/1574/1574 1798/1798/1798
f 3937/3937/3937 3935/3935/3935 3933/3933/3933
f 1992/1992/1992 1628/1628/1628 1627/1627/1627
f 1975/1975/1975 1627/1627/1627 1624/1624/1624
f 1627/1627/1627 1623/1623/1623 1624/1624/1624
f 1614/1614/1614 1613/1613/1613 1611/1611/1611
f 1768/1768/1768 1769/1769/1769 1786/1786/1786
f 1783/1783/1783 1584/1584/1584 1581/1581/1581
f 1574/1574/1574 1571/1571/1571 1798/1798/1798
f 1802/1802/1802 1976/1976/1976 1801/1801/1801
f 1616/1616/1616 1617/1617/1617 1612/1612/1612
f 1611/1611/1611 1608/1608/1608 1609/1609/1609
f 1765/1765/1765 1766/1766/1766 1752/1752/1752
f 1769/1769/1769 1787/1787/1787 1786/1786/1786
f 1575/1575/1575 1574/1574/1574 1576/1576/1576
f 1571/1571/1571 1802/1802/1802 1801/1801/1801
f 1976/1976/1976 1802/1802/1802 1806/1806/1806
f 1806/1806/1806 1805/1805/1805 2040/2040/2040
f 1976/1976/1976 1806/1806/1806 2040/2040/2040
f 1613/1613/1613 1639/1639/1639 1611/1611/1611
f 1751/1751/1751 1764/1764/1764 1765/1765/1765
f 1752/1752/1752 1767/1767/1767 1755/1755/1755
f 1755/1755/1755 1767/1767/1767 1768/1768/1768
f 1767/1767/1767 1769/1769/1769 1768/1768/1768
f 1612/1612/1612 1618/1618/1618 1613/1613/1613
f 1636/1636/1636 1639/1639/1639 1613/1613/1613
f 1610/1610/1610 1764/1764/1764 1751/1751/1751
f 1752/1752/1752 1766/1766/1766 1767/1767/1767
f 1579/1579/1579 1581/1581/1581 1580/1580/1580
f 1812/1812/1812 1811/1811/1811 1577/1577/1577
f 1811/1811/1811 1810/1810/1810 1577/1577/1577
f 1574/1574/1574 1569/1569/1569 1571/1571/1571
f 3937/3937/3937 3933/3933/3933 3930/3930/3930
f 1628/1628/1628 1626/1626/1626 1627/1627/1627
f 1627/1627/1627 1626/1626/1626 1623/1623/1623
f 1623/1623/1623 1621/1621/1621 1622/1622/1622
f 1622/1622/1622 1621/1621/1621 1617/1617/1617
f 1617/1617/1617 1618/1618/1618 1612/1612/1612
f 1639/1639/1639 1607/1607/1607 1611/1611/1611
f 1609/1609/1609 1608/1608/1608 1610/1610/1610
f 1610/1610/1610 1608/1608/1608 1764/1764/1764
f 1764/1764/1764 1778/1778/1778 1765/1765/1765
f 1767/1767/1767 1766/1766/1766 1770/1770/1770
f 1767/1767/1767 1771/1771/1771 1769/1769/1769
f 1769/1769/1769 1771/1771/1771 1772/1772/1772
f 1769/1769/1769 1772/1772/1772 1787/1787/1787
f 1787/1787/1787 1772/1772/1772 1584/1584/1584
f 1772/1772/1772 1582/1582/1582 1584/1584/1584
f 1584/1584/1584 1583/1583/1583 1581/1581/1581
f 1577/1577/1577 1810/1810/1810 1575/1575/1575
f 1575/1575/1575 1810/1810/1810 1574/1574/1574
f 1571/1571/1571 1570/1570/1570 1572/1572/1572
f 1571/1571/1571 1572/1572/1572 1802/1802/1802
f 1628/1628/1628 1998/1998/1998 1626/1626/1626
f 1613/1613/1613 1618/1618/1618 1636/1636/1636
f 1778/1778/1778 1773/1773/1773 1765/1765/1765
f 1765/1765/1765 1773/1773/1773 1766/1766/1766
f 1767/1767/1767 1770/1770/1770 1771/1771/1771
f 1582/1582/1582 1583/1583/1583 1584/1584/1584
f 1581/1581/1581 1782/1782/1782 1580/1580/1580
f 1812/1812/1812 1580/1580/1580 1811/1811/1811
f 1810/1810/1810 1569/1569/1569 1574/1574/1574
f 1569/1569/1569 1570/1570/1570 1571/1571/1571
f 1802/1802/1802 1805/1805/1805 1806/1806/1806
f 1621/1621/1621 1620/1620/1620 1617/1617/1617
f 1617/1617/1617 1619/1619/1619 1618/1618/1618
f 1639/1639/1639 1636/1636/1636 1641/1641/1641
f 1607/1607/1607 1608/1608/1608 1611/1611/1611
f 1608/1608/1608 1603/1603/1603 1764/1764/1764
f 1764/1764/1764 1601/1601/1601 1778/1778/1778
f 1774/1774/1774 1775/1775/1775 1766/1766/1766
f 1766/1766/1766 1775/1775/1775 1770/1770/1770
f 1770/1770/1770 1776/1776/1776 1771/1771/1771
f 1581/1581/1581 1583/1583/1583 1782/1782/1782
f 1628/1628/1628 2078/2078/2078 1998/1998/1998
f 3937/3937/3937 3930/3930/3930 3928/3928/3928
f 1626/1626/1626 1625/1625/1625 1623/1623/1623
f 1625/1625/1625 1621/1621/1621 1623/1623/1623
f 1618/1618/1618 1619/1619/1619 1640/1640/1640
f 1618/1618/1618 1640/1640/1640 1636/1636/1636
f 1773/1773/1773 1774/1774/1774 1766/1766/1766
f 1770/1770/1770 1775/1775/1775 1776/1776/1776
f 1776/1776/1776 1777/1777/1777 1771/1771/1771
f 1771/1771/1771 1777/1777/1777 1772/1772/1772
f 1780/1780/1780 1582/1582/1582 1772/1772/1772
f 1810/1810/1810 1567/1567/1567 1569/1569/1569
f 1567/1567/1567 1568/1568/1568 1569/1569/1569
f 1568/1568/1568 1570/1570/1570 1569/1569/1569
f 1621/1621/1621 1625/1625/1625 1620/1620/1620
f 1617/1617/1617 1620/1620/1620 1619/1619/1619
f 1603/1603/1603 1601/1601/1601 1764/1764/1764
f 1601/1601/1601 1600/1600/1600 1778/1778/1778
f 1772/1772/1772 1777/1777/1777 1780/1780/1780
f 1580/1580/1580 1563/1563/1563 1811/1811/1811
f 1607/1607/1607 1605/1605/1605 1608/1608/1608
f 1778/1778/1778 1600/1600/1600 1773/1773/1773
f 2078/2078/2078 1999/1999/1999 1998/1998/1998
f 3928/3928/3928 3930/3930/3930 3927/3927/3927
f 1636/1636/1636 1640/1640/1640 1641/1641/1641
f 1641/1641/1641 1637/1637/1637 1639/1639/1639
f 1639/1639/1639 1637/1637/1637 1607/1607/1607
f 1608/1608/1608 1605/1605/1605 1603/1603/1603
f 3928/3928/3928 3923/3923/3923 4020/4020/4020
f 3928/3928/3928 3927/3927/3927 3923/3923/3923
f 3923/3923/3923 3922/3922/3922 3921/3921/3921
f 3921/3921/3921 3922/3922/3922 3920/3920/3920
f 3921/3921/3921 3920/3920/3920 3919/3919/3919
f 3919/3919/3919 3920/3920/3920 3918/3918/3918
f 3918/3918/3918 4110/4110/4110 3924/3924/3924
f 3251/3251/3251 3191/3191/3191 3293/3293/3293
f 4600/4600/4600 4603/4603/4603 4602/4602/4602
f 3918/3918/3918 3924/3924/3924 3913/3913/3913
f 3913/3913/3913 3924/3924/3924 3915/3915/3915
f 5250/5250/5250 5152/5152/5152 5298/5298/5298
f 5298/5298/5298 5152/5152/5152 5301/5301/5301
f 5301/5301/5301 5152/5152/5152 5269/5269/5269
f 5269/5269/5269 5152/5152/5152 5153/5153/5153
f 5269/5269/5269 5153/5153/5153 5188/5188/5188
f 5153/5153/5153 5154/5154/5154 5188/5188/5188
f 5188/5188/5188 5154/5154/5154 5189/5189/5189
f 5189/5189/5189 5154/5154/5154 5186/5186/5186
f 5186/5186/5186 5158/5158/5158 5187/5187/5187
f 5187/5187/5187 5158/5158/5158 5190/5190/5190
f 5190/5190/5190 5158/5158/5158 5168/5168/5168
f 5168/5168/5168 5125/5125/5125 5167/5167/5167
f 5166/5166/5166 5160/5160/5160 5165/5165/5165
f 5160/5160/5160 5161/5161/5161 5165/5165/5165
f 5164/5164/5164 5161/5161/5161 5163/5163/5163
f 5163/5163/5163 5162/5162/5162 5185/5185/5185
f 5185/5185/5185 5177/5177/5177 5245/5245/5245
f 5288/5288/5288 5265/5265/5265 5324/5324/5324
f 2865/2865/2865 2811/2811/2811 2601/2601/2601
f 2811/2811/2811 2602/2602/2602 2601/2601/2601
f 2601/2601/2601 2599/2599/2599 2600/2600/2600
f 2596/2596/2596 2598/2598/2598 2597/2597/2597
f 2597/2597/2597 2594/2594/2594 2596/2596/2596
f 2595/2595/2595 2594/2594/2594 2590/2590/2590
f 2586/2586/2586 2585/2585/2585 2587/2587/2587
f 2639/2639/2639 2582/2582/2582 2640/2640/2640
f 2641/2641/2641 2640/2640/2640 2642/2642/2642
f 2640/2640/2640 2643/2643/2643 2642/2642/2642
f 2645/2645/2645 2647/2647/2647 2648/2648/2648
f 2647/2647/2647 2652/2652/2652 2651/2651/2651
f 2651/2651/2651 2652/2652/2652 2653/2653/2653
f 2654/2654/2654 2653/2653/2653 2655/2655/2655
f 2658/2658/2658 2661/2661/2661 2660/2660/2660
f 2062/2062/2062 1994/1994/1994 2077/2077/2077
f 2077/2077/2077 1994/1994/1994 2068/2068/2068
f 1994/1994/1994 1993/1993/1993 2068/2068/2068
f 2068/2068/2068 1993/1993/1993 2055/2055/2055
f 1993/1993/1993 1981/1981/1981 2055/2055/2055
f 2055/2055/2055 1981/1981/1981 1980/1980/1980
f 2055/2055/2055 1980/1980/1980 2054/2054/2054
f 2054/2054/2054 1980/1980/1980 1979/1979/1979
f 2054/2054/2054 1979/1979/1979 2053/2053/2053
f 2053/2053/2053 1979/1979/1979 1982/1982/1982
f 2053/2053/2053 1982/1982/1982 2049/2049/2049
f 2049/2049/2049 1982/1982/1982 1983/1983/1983
f 2049/2049/2049 1983/1983/1983 2045/2045/2045
f 1983/1983/1983 1984/1984/1984 2045/2045/2045
f 2045/2045/2045 1984/1984/1984 2047/2047/2047
f 2047/2047/2047 1984/1984/1984 1978/1978/1978
f 2047/2047/2047 1978/1978/1978 2048/2048/2048
f 2048/2048/2048 1978/1978/1978 2033/2033/2033
f 1978/1978/1978 1761/1761/1761 2033/2033/2033
f 1761/1761/1761 1759/1759/1759 2033/2033/2033
f 1759/1759/1759 1760/1760/1760 2033/2033/2033
f 2033/2033/2033 1760/1760/1760 2058/2058/2058
f 1760/1760/1760 1789/1789/1789 2058/2058/2058
f 2058/2058/2058 1789/1789/1789 2070/2070/2070
f 2070/2070/2070 1789/1789/1789 1790/1790/1790
f 2070/2070/2070 1790/1790/1790 2059/2059/2059
f 1790/1790/1790 1792/1792/1792 2059/2059/2059
f 2059/2059/2059 1792/1792/1792 1793/1793/1793
f 2059/2059/2059 1793/1793/1793 2060/2060/2060
f 2060/2060/2060 1793/1793/1793 1795/1795/1795
f 2060/2060/2060 1795/1795/1795 2071/2071/2071
f 1795/1795/1795 2026/2026/2026 2071/2071/2071
f 2071/2071/2071 2026/2026/2026 2027/2027/2027
f 1993/1993/1993 1975/1975/1975 1981/1981/1981
f 1983/1983/1983 1748/1748/1748 1984/1984/1984
f 1984/1984/1984 1749/1749/1749 1978/1978/1978
f 1749/1749/1749 1757/1757/1757 1978/1978/1978
f 1978/1978/1978 1757/1757/1757 1761/1761/1761
f 1759/1759/1759 1761/1761/1761 1756/1756/1756
f 1975/1975/1975 1624/1624/1624 1981/1981/1981
f 1981/1981/1981 1624/1624/1624 1635/1635/1635
f 1981/1981/1981 1635/1635/1635 1980/1980/1980
f 1980/1980/1980 1635/1635/1635 1979/1979/1979
f 1635/1635/1635 1616/1616/1616 1979/1979/1979
f 1979/1979/1979 1616/1616/1616 1615/1615/1615
f 1979/1979/1979 1615/1615/1615 1982/1982/1982
f 1982/1982/1982 1615/1615/1615 1614/1614/1614
f 1982/1982/1982 1614/1614/1614 1983/1983/1983
f 1614/1614/1614 1748/1748/1748 1983/1983/1983
f 1748/1748/1748 1749/1749/1749 1984/1984/1984
f 1749/1749/1749 1753/1753/1753 1757/1757/1757
f 1757/1757/1757 1756/1756/1756 1761/1761/1761
f 1759/1759/1759 1756/1756/1756 1758/1758/1758
f 1759/1759/1759 1758/1758/1758 1760/1760/1760
f 1758/1758/1758 1762/1762/1762 1760/1760/1760
f 1760/1760/1760 1762/1762/1762 1763/1763/1763
f 1792/1792/1792 1784/1784/1784 1791/1791/1791
f 1792/1792/1792 1791/1791/1791 1793/1793/1793
f 1793/1793/1793 1791/1791/1791 1794/1794/1794
f 1624/1624/1624 1622/1622/1622 1635/1635/1635
f 1635/1635/1635 1622/1622/1622 1616/1616/1616
f 1757/1757/1757 1753/1753/1753 1754/1754/1754
f 1757/1757/1757 1754/1754/1754 1756/1756/1756
f 1748/1748/1748 1614/1614/1614 1609/1609/1609
f 1748/1748/1748 1609/1609/1609 1749/1749/1749
f 1609/1609/1609 1610/1610/1610 1749/1749/1749
f 1749/1749/1749 1610/1610/1610 1750/1750/1750
f 1749/1749/1749 1750/1750/1750 1753/1753/1753
f 1753/1753/1753 1750/1750/1750 1752/1752/1752
f 1753/1753/1753 1752/1752/1752 1754/1754/1754
f 1754/1754/1754 1755/1755/1755 1756/1756/1756
f 1756/1756/1756 1755/1755/1755 1758/1758/1758
f 1755/1755/1755 1762/1762/1762 1758/1758/1758
f 1754/1754/1754 1752/1752/1752 1755/1755/1755
f 3930/3930/3930 3929/3929/3929 3927/3927/3927
f 3927/3927/3927 3926/3926/3926 3923/3923/3923
f 3923/3923/3923 3926/3926/3926 3925/3925/3925
f 3923/3923/3923 3925/3925/3925 3922/3922/3922
f 4452/4452/4452 4451/4451/4451 4490/4490/4490
f 4452/4452/4452 4490/4490/4490 4536/4536/4536
f 4665/4665/4665 4487/4487/4487 4475/4475/4475
f 4452/4452/4452 4536/4536/4536 4481/4481/4481
f 5216/5216/5216 5217/5217/5217 5250/5250/5250
f 5250/5250/5250 5217/5217/5217 5152/5152/5152
f 5152/5152/5152 5151/5151/5151 5153/5153/5153
f 5154/5154/5154 5156/5156/5156 5186/5186/5186
f 5156/5156/5156 5158/5158/5158 5186/5186/5186
f 5168/5168/5168 5158/5158/5158 5123/5123/5123
f 5167/5167/5167 5125/5125/5125 5166/5166/5166
f 5166/5166/5166 5125/5125/5125 5160/5160/5160
f 5161/5161/5161 5162/5162/5162 5163/5163/5163
f 5245/5245/5245 5265/5265/5265 5288/5288/5288
f 2602/2602/2602 2599/2599/2599 2601/2601/2601
f 2600/2600/2600 2599/2599/2599 2598/2598/2598
f 2599/2599/2599 2597/2597/2597 2598/2598/2598
f 2594/2594/2594 2593/2593/2593 2590/2590/2590
f 2640/2640/2640 2644/2644/2644 2643/2643/2643
f 2643/2643/2643 2644/2644/2644 2645/2645/2645
f 2644/2644/2644 2646/2646/2646 2645/2645/2645
f 2645/2645/2645 2646/2646/2646 2647/2647/2647
f 2653/2653/2653 2708/2708/2708 2655/2655/2655
f 2655/2655/2655 2705/2705/2705 2658/2658/2658
f 2705/2705/2705 2661/2661/2661 2658/2658/2658
f 2661/2661/2661 2668/2668/2668 2666/2666/2666
f 2662/2662/2662 2661/2661/2661 2666/2666/2666
f 2662/2662/2662 2667/2667/2667 2674/2674/2674
f 2662/2662/2662 2674/2674/2674 2675/2675/2675
f 3940/3940/3940 3941/3941/3941 3936/3936/3936
f 3940/3940/3940 3936/3936/3936 3935/3935/3935
f 3935/3935/3935 3936/3936/3936 3934/3934/3934
f 3935/3935/3935 3934/3934/3934 3933/3933/3933
f 3933/3933/3933 3932/3932/3932 3930/3930/3930
f 3930/3930/3930 3932/3932/3932 3929/3929/3929
f 3927/3927/3927 3929/3929/3929 3926/3926/3926
f 4618/4618/4618 4619/4619/4619 4617/4617/4617
f 4269/4269/4269 4236/4236/4236 4227/4227/4227
f 4616/4616/4616 4643/4643/4643 4618/4618/4618
f 4666/4666/4666 4499/4499/4499 4484/4484/4484
f 4476/4476/4476 4657/4657/4657 4482/4482/4482
f 5205/5205/5205 5206/5206/5206 5146/5146/5146
f 5204/5204/5204 5147/5147/5147 5208/5208/5208
f 5208/5208/5208 5147/5147/5147 5216/5216/5216
f 5216/5216/5216 5147/5147/5147 5150/5150/5150
f 5216/5216/5216 5150/5150/5150 5217/5217/5217
f 5217/5217/5217 5150/5150/5150 5152/5152/5152
f 5152/5152/5152 5150/5150/5150 5151/5151/5151
f 5168/5168/5168 5123/5123/5123 5125/5125/5125
f 5162/5162/5162 5177/5177/5177 5185/5185/5185
f 5177/5177/5177 5244/5244/5244 5245/5245/5245
f 5245/5245/5245 5244/5244/5244 5265/5265/5265
f 5265/5265/5265 5316/5316/5316 5324/5324/5324
f 2865/2865/2865 2902/2902/2902 2811/2811/2811
f 2586/2586/2586 2584/2584/2584 2585/2585/2585
f 2585/2585/2585 2583/2583/2583 2638/2638/2638
f 2638/2638/2638 2583/2583/2583 2639/2639/2639
f 2639/2639/2639 2583/2583/2583 2582/2582/2582
f 2640/2640/2640 2734/2734/2734 2732/2732/2732
f 2640/2640/2640 2732/2732/2732 2644/2644/2644
f 2647/2647/2647 2646/2646/2646 2713/2713/2713
f 2666/2666/2666 2667/2667/2667 2662/2662/2662
f 3933/3933/3933 3934/3934/3934 3932/3932/3932
f 4624/4624/4624 4640/4640/4640 4625/4625/4625
f 4623/4623/4623 4632/4632/4632 4658/4658/4658
f 4460/4460/4460 4503/4503/4503 4478/4478/4478
f 5354/5354/5354 5340/5340/5340 5207/5207/5207
f 4470/4470/4470 4469/4469/4469 4459/4459/4459
f 3929/3929/3929 3931/3931/3931 3926/3926/3926
f 4555/4555/4555 4469/4469/4469 4470/4470/4470
f 4478/4478/4478 4655/4655/4655 4477/4477/4477
f 5146/5146/5146 5147/5147/5147 5204/5204/5204
f 5205/5205/5205 5146/5146/5146 5204/5204/5204
f 5147/5147/5147 5148/5148/5148 5150/5150/5150
f 5151/5151/5151 5154/5154/5154 5153/5153/5153
f 5136/5136/5136 5155/5155/5155 5154/5154/5154
f 5154/5154/5154 5155/5155/5155 5156/5156/5156
f 5157/5157/5157 5123/5123/5123 5158/5158/5158
f 5123/5123/5123 5124/5124/5124 5125/5125/5125
f 5125/5125/5125 5124/5124/5124 5122/5122/5122
f 5125/5125/5125 5122/5122/5122 5160/5160/5160
f 5161/5161/5161 5120/5120/5120 5162/5162/5162
f 5177/5177/5177 5243/5243/5243 5244/5244/5244
f 5244/5244/5244 5256/5256/5256 5265/5265/5265
f 5265/5265/5265 5256/5256/5256 5316/5316/5316
f 2640/2640/2640 2582/2582/2582 2734/2734/2734
f 2713/2713/2713 2652/2652/2652 2647/2647/2647
f 2661/2661/2661 2705/2705/2705 2668/2668/2668
f 2597/2597/2597 2603/2603/2603 2594/2594/2594
f 2594/2594/2594 2603/2603/2603 2593/2593/2593
f 2590/2590/2590 2591/2591/2591 2586/2586/2586
f 2586/2586/2586 2591/2591/2591 2584/2584/2584
f 2584/2584/2584 2583/2583/2583 2585/2585/2585
f 3941/3941/3941 3949/3949/3949 3936/3936/3936
f 3936/3936/3936 3956/3956/3956 3957/3957/3957
f 3936/3936/3936 3957/3957/3957 3934/3934/3934
f 3934/3934/3934 3957/3957/3957 4163/4163/4163
f 4466/4466/4466 4504/4504/4504 4483/4483/4483
f 4466/4466/4466 4483/4483/4483 4472/4472/4472
f 4716/4716/4716 4715/4715/4715 4746/4746/4746
f 4746/4746/4746 4715/4715/4715 4686/4686/4686
f 4746/4746/4746 4686/4686/4686 4726/4726/4726
f 4639/4639/4639 4648/4648/4648 4630/4630/4630
f 4630/4630/4630 4648/4648/4648 4663/4663/4663
f 4630/4630/4630 4663/4663/4663 4637/4637/4637
f 4635/4635/4635 4662/4662/4662 4629/4629/4629
f 5282/5282/5282 5261/5261/5261 5142/5142/5142
f 5207/5207/5207 5144/5144/5144 5206/5206/5206
f 5147/5147/5147 5145/5145/5145 5148/5148/5148
f 5155/5155/5155 5157/5157/5157 5156/5156/5156
f 5156/5156/5156 5157/5157/5157 5158/5158/5158
f 5123/5123/5123 5159/5159/5159 5124/5124/5124
f 5120/5120/5120 5169/5169/5169 5162/5162/5162
f 5162/5162/5162 5169/5169/5169 5177/5177/5177
f 5256/5256/5256 5293/5293/5293 5316/5316/5316
f 2602/2602/2602 2605/2605/2605 2599/2599/2599
f 2604/2604/2604 2603/2603/2603 2597/2597/2597
f 2599/2599/2599 2604/2604/2604 2597/2597/2597
f 2593/2593/2593 2592/2592/2592 2590/2590/2590
f 2592/2592/2592 2591/2591/2591 2590/2590/2590
f 2584/2584/2584 2581/2581/2581 2583/2583/2583
f 2581/2581/2581 2582/2582/2582 2583/2583/2583
f 2653/2653/2653 2652/2652/2652 2708/2708/2708
f 2708/2708/2708 2707/2707/2707 2655/2655/2655
f 2707/2707/2707 2706/2706/2706 2655/2655/2655
f 2655/2655/2655 2706/2706/2706 2705/2705/2705
f 2705/2705/2705 2669/2669/2669 2668/2668/2668
f 2668/2668/2668 2669/2669/2669 2666/2666/2666
f 2667/2667/2667 2673/2673/2673 2674/2674/2674
f 2673/2673/2673 2821/2821/2821 2674/2674/2674
f 3949/3949/3949 3954/3954/3954 3936/3936/3936
f 3936/3936/3936 3954/3954/3954 3955/3955/3955
f 3936/3936/3936 3955/3955/3955 3956/3956/3956
f 4742/4742/4742 4748/4748/4748 4719/4719/4719
f 4742/4742/4742 4719/4719/4719 4720/4720/4720
f 4720/4720/4720 4719/4719/4719 4691/4691/4691
f 5382/5382/5382 5407/5407/5407 5390/5390/5390
f 4691/4691/4691 4715/4715/4715 4716/4716/4716
f 4691/4691/4691 4686/4686/4686 4715/4715/4715
f 4685/4685/4685 4690/4690/4690 4726/4726/4726
f 4686/4686/4686 4685/4685/4685 4726/4726/4726
f 4726/4726/4726 4690/4690/4690 4741/4741/4741
f 4887/4887/4887 4885/4885/4885 4886/4886/4886
f 4887/4887/4887 4886/4886/4886 4888/4888/4888
f 5262/5262/5262 5261/5261/5261 5282/5282/5282
f 3174/3174/3174 3267/3267/3267 3268/3268/3268
f 3200/3200/3200 3174/3174/3174 3268/3268/3268
f 5142/5142/5142 5141/5141/5141 5143/5143/5143
f 5143/5143/5143 5144/5144/5144 5207/5207/5207
f 5206/5206/5206 5144/5144/5144 5146/5146/5146
f 5148/5148/5148 5149/5149/5149 5150/5150/5150
f 5149/5149/5149 5101/5101/5101 5150/5150/5150
f 5151/5151/5151 5101/5101/5101 5154/5154/5154
f 5154/5154/5154 5101/5101/5101 5136/5136/5136
f 5160/5160/5160 5112/5112/5112 5121/5121/5121
f 5160/5160/5160 5121/5121/5121 5161/5161/5161
f 5161/5161/5161 5114/5114/5114 5120/5120/5120
f 2902/2902/2902 2812/2812/2812 2811/2811/2811
f 2811/2811/2811 2812/2812/2812 2602/2602/2602
f 2603/2603/2603 2611/2611/2611 2593/2593/2593
f 2584/2584/2584 2591/2591/2591 2621/2621/2621
f 2584/2584/2584 2621/2621/2621 2581/2581/2581
f 2582/2582/2582 2733/2733/2733 2734/2734/2734
f 2732/2732/2732 2727/2727/2727 2644/2644/2644
f 2644/2644/2644 2727/2727/2727 2646/2646/2646
f 2713/2713/2713 2712/2712/2712 2652/2652/2652
f 2712/2712/2712 2711/2711/2711 2652/2652/2652
f 2711/2711/2711 2709/2709/2709 2652/2652/2652
f 2652/2652/2652 2709/2709/2709 2708/2708/2708
f 2708/2708/2708 2709/2709/2709 2706/2706/2706
f 2708/2708/2708 2706/2706/2706 2707/2707/2707
f 2706/2706/2706 2703/2703/2703 2705/2705/2705
f 2705/2705/2705 2704/2704/2704 2669/2669/2669
f 2667/2667/2667 2672/2672/2672 2673/2673/2673
f 4748/4748/4748 4718/4718/4718 4719/4719/4719
f 2315/2315/2315 2327/2327/2327 2326/2326/2326
f 2315/2315/2315 2326/2326/2326 2302/2302/2302
f 2326/2326/2326 2316/2316/2316 2302/2302/2302
f 2302/2302/2302 2316/2316/2316 2303/2303/2303
f 2316/2316/2316 2317/2317/2317 2303/2303/2303
f 2303/2303/2303 2317/2317/2317 2304/2304/2304
f 2304/2304/2304 2317/2317/2317 2324/2324/2324
f 2324/2324/2324 2305/2305/2305 2304/2304/2304
f 2306/2306/2306 2305/2305/2305 2319/2319/2319
f 2319/2319/2319 2320/2320/2320 2307/2307/2307
f 2306/2306/2306 2319/2319/2319 2307/2307/2307
f 2307/2307/2307 2320/2320/2320 2308/2308/2308
f 2320/2320/2320 2321/2321/2321 2308/2308/2308
f 2321/2321/2321 2322/2322/2322 2308/2308/2308
f 2308/2308/2308 2322/2322/2322 2309/2309/2309
f 2322/2322/2322 2323/2323/2323 2309/2309/2309
f 2309/2309/2309 2323/2323/2323 2310/2310/2310
f 2323/2323/2323 2318/2318/2318 2310/2310/2310
f 2310/2310/2310 2318/2318/2318 2311/2311/2311
f 2311/2311/2311 2318/2318/2318 2312/2312/2312
f 2312/2312/2312 2325/2325/2325 2313/2313/2313
f 2325/2325/2325 2364/2364/2364 2363/2363/2363
f 2547/2547/2547 2571/2571/2571 2360/2360/2360
f 4719/4719/4719 4718/4718/4718 4691/4691/4691
f 4691/4691/4691 4718/4718/4718 4684/4684/4684
f 4691/4691/4691 4684/4684/4684 4686/4686/4686
f 4686/4686/4686 4684/4684/4684 4685/4685/4685
f 4885/4885/4885 4882/4882/4882 4886/4886/4886
f 5047/5047/5047 5042/5042/5042 5043/5043/5043
f 5048/5048/5048 5047/5047/5047 5043/5043/5043
f 5262/5262/5262 5138/5138/5138 5261/5261/5261
f 5261/5261/5261 5138/5138/5138 5142/5142/5142
f 5142/5142/5142 5138/5138/5138 5141/5141/5141
f 5143/5143/5143 5141/5141/5141 5144/5144/5144
f 5146/5146/5146 5145/5145/5145 5147/5147/5147
f 5150/5150/5150 5101/5101/5101 5151/5151/5151
f 5101/5101/5101 5059/5059/5059 5136/5136/5136
f 5136/5136/5136 5059/5059/5059 5155/5155/5155
f 5155/5155/5155 5134/5134/5134 5157/5157/5157
f 5157/5157/5157 5159/5159/5159 5123/5123/5123
f 5122/5122/5122 5112/5112/5112 5160/5160/5160
f 2812/2812/2812 2605/2605/2605 2602/2602/2602
f 2599/2599/2599 2605/2605/2605 2604/2604/2604
f 2593/2593/2593 2611/2611/2611 2592/2592/2592
f 2673/2673/2673 2786/2786/2786 2821/2821/2821
f 3954/3954/3954 3960/3960/3960 3955/3955/3955
f 3955/3955/3955 3960/3960/3960 4114/4114/4114
f 4718/4718/4718 4727/4727/4727 4684/4684/4684
f 4690/4690/4690 4722/4722/4722 4741/4741/4741
f 4883/4883/4883 4881/4881/4881 4882/4882/4882
f 4885/4885/4885 4883/4883/4883 4882/4882/4882
f 4882/4882/4882 4881/4881/4881 4880/4880/4880
f 5262/5262/5262 5290/5290/5290 5138/5138/5138
f 3174/3174/3174 3249/3249/3249 3267/3267/3267
f 5146/5146/5146 5144/5144/5144 5145/5145/5145
f 5149/5149/5149 5100/5100/5100 5101/5101/5101
f 5293/5293/5293 5314/5314/5314 5316/5316/5316
f 2902/2902/2902 2916/2916/2916 2812/2812/2812
f 2606/2606/2606 2607/2607/2607 2604/2604/2604
f 2604/2604/2604 2607/2607/2607 2603/2603/2603
f 2621/2621/2621 2579/2579/2579 2581/2581/2581
f 2581/2581/2581 2580/2580/2580 2582/2582/2582
f 2580/2580/2580 2733/2733/2733 2582/2582/2582
f 2734/2734/2734 2733/2733/2733 2732/2732/2732
f 2732/2732/2732 2728/2728/2728 2727/2727/2727
f 2705/2705/2705 2703/2703/2703 2704/2704/2704
f 2669/2669/2669 2670/2670/2670 2666/2666/2666
f 3954/3954/3954 3961/3961/3961 3960/3960/3960
f 4718/4718/4718 4728/4728/4728 4727/4727/4727
f 4727/4727/4727 4728/4728/4728 4729/4729/4729
f 4727/4727/4727 4729/4729/4729 4681/4681/4681
f 4727/4727/4727 4681/4681/4681 4684/4684/4684
f 4684/4684/4684 4681/4681/4681 4683/4683/4683
f 4684/4684/4684 4683/4683/4683 4685/4685/4685
f 4685/4685/4685 4683/4683/4683 4690/4690/4690
f 5290/5290/5290 5291/5291/5291 5138/5138/5138
f 5291/5291/5291 5139/5139/5139 5138/5138/5138
f 5138/5138/5138 5139/5139/5139 5140/5140/5140
f 5140/5140/5140 5141/5141/5141 5138/5138/5138
f 5148/5148/5148 5145/5145/5145 5149/5149/5149
f 5100/5100/5100 5099/5099/5099 5101/5101/5101
f 5101/5101/5101 5099/5099/5099 5059/5059/5059
f 5059/5059/5059 5134/5134/5134 5155/5155/5155
f 5157/5157/5157 5134/5134/5134 5159/5159/5159
f 5161/5161/5161 5121/5121/5121 5114/5114/5114
f 5256/5256/5256 5257/5257/5257 5293/5293/5293
f 5293/5293/5293 5257/5257/5257 5314/5314/5314
f 2581/2581/2581 2579/2579/2579 2580/2580/2580
f 2733/2733/2733 2731/2731/2731 2732/2732/2732
f 2731/2731/2731 2728/2728/2728 2732/2732/2732
f 2727/2727/2727 2725/2725/2725 2646/2646/2646
f 2646/2646/2646 2725/2725/2725 2713/2713/2713
f 2715/2715/2715 2711/2711/2711 2712/2712/2712
f 2666/2666/2666 2671/2671/2671 2667/2667/2667
f 3961/3961/3961 3962/3962/3962 3960/3960/3960
f 3960/3960/3960 3962/3962/3962 3963/3963/3963
f 4728/4728/4728 4732/4732/4732 4729/4729/4729
f 4883/4883/4883 4879/4879/4879 4881/4881/4881
f 4881/4881/4881 4879/4879/4879 4880/4880/4880
f 4690/4690/4690 4683/4683/4683 4722/4722/4722
f 5141/5141/5141 5076/5076/5076 5144/5144/5144
f 5144/5144/5144 5076/5076/5076 5145/5145/5145
f 5145/5145/5145 5073/5073/5073 5149/5149/5149
f 5149/5149/5149 5102/5102/5102 5100/5100/5100
f 5059/5059/5059 5135/5135/5135 5134/5134/5134
f 5159/5159/5159 5134/5134/5134 5131/5131/5131
f 5114/5114/5114 5113/5113/5113 5120/5120/5120
f 5256/5256/5256 5242/5242/5242 5257/5257/5257
f 2725/2725/2725 2714/2714/2714 2713/2713/2713
f 2711/2711/2711 2710/2710/2710 2709/2709/2709
f 2703/2703/2703 2670/2670/2670 2704/2704/2704
f 2670/2670/2670 2671/2671/2671 2666/2666/2666
f 2916/2916/2916 2860/2860/2860 2812/2812/2812
f 2812/2812/2812 2860/2860/2860 2637/2637/2637
f 2812/2812/2812 2637/2637/2637 2605/2605/2605
f 2605/2605/2605 2606/2606/2606 2604/2604/2604
f 2603/2603/2603 2607/2607/2607 2611/2611/2611
f 2592/2592/2592 2611/2611/2611 2610/2610/2610
f 2592/2592/2592 2610/2610/2610 2591/2591/2591
f 2591/2591/2591 2620/2620/2620 2621/2621/2621
f 2727/2727/2727 2728/2728/2728 2726/2726/2726
f 2713/2713/2713 2714/2714/2714 2712/2712/2712
f 2667/2667/2667 2671/2671/2671 2672/2672/2672
f 2672/2672/2672 2679/2679/2679 2673/2673/2673
f 2673/2673/2673 2679/2679/2679 2786/2786/2786
f 4732/4732/4732 4733/4733/4733 4693/4693/4693
f 4732/4732/4732 4693/4693/4693 4729/4729/4729
f 4878/4878/4878 4889/4889/4889 4880/4880/4880
f 4879/4879/4879 4878/4878/4878 4880/4880/4880
f 4729/4729/4729 4693/4693/4693 4681/4681/4681
f 4681/4681/4681 4679/4679/4679 4683/4683/4683
f 4683/4683/4683 4682/4682/4682 4722/4722/4722
f 4722/4722/4722 4682/4682/4682 4747/4747/4747
f 4883/4883/4883 4884/4884/4884 4879/4879/4879
f 4871/4871/4871 4878/4878/4878 4879/4879/4879
f 4884/4884/4884 4871/4871/4871 4879/4879/4879
f 3179/3179/3179 3281/3281/3281 3247/3247/3247
f 3180/3180/3180 3179/3179/3179 3247/3247/3247
f 5140/5140/5140 5084/5084/5084 5141/5141/5141
f 5073/5073/5073 5137/5137/5137 5149/5149/5149
f 5137/5137/5137 5102/5102/5102 5149/5149/5149
f 5100/5100/5100 5098/5098/5098 5099/5099/5099
f 5128/5128/5128 5126/5126/5126 5159/5159/5159
f 5159/5159/5159 5126/5126/5126 5124/5124/5124
f 5121/5121/5121 5111/5111/5111 5114/5114/5114
f 5314/5314/5314 5257/5257/5257 5334/5334/5334
f 2605/2605/2605 2637/2637/2637 2606/2606/2606
f 2606/2606/2606 2608/2608/2608 2607/2607/2607
f 2611/2611/2611 2607/2607/2607 2610/2610/2610
f 2591/2591/2591 2610/2610/2610 2620/2620/2620
f 2579/2579/2579 2578/2578/2578 2580/2580/2580
f 2580/2580/2580 2578/2578/2578 2733/2733/2733
f 2714/2714/2714 2715/2715/2715 2712/2712/2712
f 2710/2710/2710 2706/2706/2706 2709/2709/2709
f 2704/2704/2704 2670/2670/2670 2669/2669/2669
f 3962/3962/3962 3964/3964/3964 3963/3963/3963
f 3963/3963/3963 3964/3964/3964 4102/4102/4102
f 4693/4693/4693 4674/4674/4674 4681/4681/4681
f 4681/4681/4681 4674/4674/4674 4679/4679/4679
f 4683/4683/4683 4679/4679/4679 4682/4682/4682
f 4871/4871/4871 4858/4858/4858 4869/4869/4869
f 4871/4871/4871 4869/4869/4869 4878/4878/4878
f 4878/4878/4878 4892/4892/4892 4889/4889/4889
f 4878/4878/4878 4869/4869/4869 4892/4892/4892
f 4874/4874/4874 4858/4858/4858 4875/4875/4875
f 5145/5145/5145 5076/5076/5076 5073/5073/5073
f 5098/5098/5098 5059/5059/5059 5099/5099/5099
f 5124/5124/5124 5126/5126/5126 5122/5122/5122
f 5112/5112/5112 5111/5111/5111 5121/5121/5121
f 5177/5177/5177 5172/5172/5172 5243/5243/5243
f 5243/5243/5243 5172/5172/5172 5242/5242/5242
f 2608/2608/2608 2609/2609/2609 2607/2607/2607
f 2607/2607/2607 2609/2609/2609 2610/2610/2610
f 2620/2620/2620 2622/2622/2622 2621/2621/2621
f 2624/2624/2624 2579/2579/2579 2621/2621/2621
f 2711/2711/2711 2715/2715/2715 2710/2710/2710
f 2703/2703/2703 2706/2706/2706 2702/2702/2702
f 2703/2703/2703 2702/2702/2702 2670/2670/2670
f 2679/2679/2679 2678/2678/2678 2786/2786/2786
f 3964/3964/3964 3966/3966/3966 4102/4102/4102
f 4733/4733/4733 4745/4745/4745 4678/4678/4678
f 4733/4733/4733 4678/4678/4678 4693/4693/4693
f 4693/4693/4693 4678/4678/4678 4674/4674/4674
f 4679/4679/4679 4680/4680/4680 4682/4682/4682
f 4682/4682/4682 4680/4680/4680 4734/4734/4734
f 4682/4682/4682 4734/4734/4734 4747/4747/4747
f 4841/4841/4841 4848/4848/4848 4858/4858/4858
f 4874/4874/4874 4841/4841/4841 4858/4858/4858
f 4858/4858/4858 4859/4859/4859 4869/4869/4869
f 4858/4858/4858 4848/4848/4848 4847/4847/4847
f 4858/4858/4858 4847/4847/4847 4859/4859/4859
f 4869/4869/4869 4859/4859/4859 4892/4892/4892
f 5139/5139/5139 5211/5211/5211 5140/5140/5140
f 5141/5141/5141 5081/5081/5081 5076/5076/5076
f 5102/5102/5102 5097/5097/5097 5100/5100/5100
f 5100/5100/5100 5097/5097/5097 5098/5098/5098
f 5131/5131/5131 5130/5130/5130 5159/5159/5159
f 5113/5113/5113 5170/5170/5170 5120/5120/5120
f 5120/5120/5120 5170/5170/5170 5169/5169/5169
f 5169/5169/5169 5172/5172/5172 5177/5177/5177
f 5242/5242/5242 5174/5174/5174 5257/5257/5257
f 5257/5257/5257 5174/5174/5174 5334/5334/5334
f 2609/2609/2609 2617/2617/2617 2610/2610/2610
f 2617/2617/2617 2618/2618/2618 2610/2610/2610
f 2618/2618/2618 2619/2619/2619 2610/2610/2610
f 2610/2610/2610 2619/2619/2619 2620/2620/2620
f 2621/2621/2621 2622/2622/2622 2623/2623/2623
f 2623/2623/2623 2624/2624/2624 2621/2621/2621
f 2579/2579/2579 2576/2576/2576 2578/2578/2578
f 2578/2578/2578 2577/2577/2577 2733/2733/2733
f 2733/2733/2733 2577/2577/2577 2731/2731/2731
f 2726/2726/2726 2725/2725/2725 2727/2727/2727
f 2725/2725/2725 2724/2724/2724 2714/2714/2714
f 2714/2714/2714 2716/2716/2716 2715/2715/2715
f 2715/2715/2715 2717/2717/2717 2710/2710/2710
f 2710/2710/2710 2719/2719/2719 2706/2706/2706
f 2706/2706/2706 2719/2719/2719 2700/2700/2700
f 2706/2706/2706 2721/2721/2721 2702/2702/2702
f 2702/2702/2702 2676/2676/2676 2670/2670/2670
f 2676/2676/2676 2671/2671/2671 2670/2670/2670
f 2672/2672/2672 2678/2678/2678 2679/2679/2679
f 2678/2678/2678 2823/2823/2823 2786/2786/2786
f 4674/4674/4674 4672/4672/4672 4679/4679/4679
f 4679/4679/4679 4672/4672/4672 4680/4680/4680
f 5141/5141/5141 5084/5084/5084 5081/5081/5081
f 5059/5059/5059 5061/5061/5061 5135/5135/5135
f 5133/5133/5133 5131/5131/5131 5134/5134/5134
f 5112/5112/5112 5109/5109/5109 5111/5111/5111
f 5114/5114/5114 5111/5111/5111 5113/5113/5113
f 5242/5242/5242 5172/5172/5172 5174/5174/5174
f 5174/5174/5174 5305/5305/5305 5334/5334/5334
f 2637/2637/2637 2608/2608/2608 2606/2606/2606
f 2619/2619/2619 2622/2622/2622 2620/2620/2620
f 2731/2731/2731 2577/2577/2577 2728/2728/2728
f 2706/2706/2706 2700/2700/2700 2721/2721/2721
f 2721/2721/2721 2701/2701/2701 2702/2702/2702
f 2860/2860/2860 2820/2820/2820 2637/2637/2637
f 5334/5334/5334 5305/5305/5305 5349/5349/5349
f 2820/2820/2820 2613/2613/2613 2637/2637/2637
f 3962/3962/3962 3965/3965/3965 3964/3964/3964
f 3964/3964/3964 3965/3965/3965 3966/3966/3966
f 4745/4745/4745 4721/4721/4721 4678/4678/4678
f 4721/4721/4721 4676/4676/4676 4678/4678/4678
f 4678/4678/4678 4676/4676/4676 4674/4674/4674
f 4680/4680/4680 4671/4671/4671 4734/4734/4734
f 4734/4734/4734 4671/4671/4671 4744/4744/4744
f 4841/4841/4841 4840/4840/4840 4848/4848/4848
f 4848/4848/4848 4840/4840/4840 4847/4847/4847
f 4847/4847/4847 4873/4873/4873 4859/4859/4859
f 5211/5211/5211 5212/5212/5212 5140/5140/5140
f 5130/5130/5130 5128/5128/5128 5159/5159/5159
f 2579/2579/2579 2624/2624/2624 2573/2573/2573
f 2579/2579/2579 2573/2573/2573 2576/2576/2576
f 2710/2710/2710 2718/2718/2718 2719/2719/2719
f 2676/2676/2676 2672/2672/2672 2671/2671/2671
f 2678/2678/2678 2677/2677/2677 2680/2680/2680
f 2678/2678/2678 2680/2680/2680 2823/2823/2823
f 3962/3962/3962 4011/4011/4011 3965/3965/3965
f 4680/4680/4680 4672/4672/4672 4671/4671/4671
f 4841/4841/4841 4839/4839/4839 4840/4840/4840
f 4840/4840/4840 4845/4845/4845 4847/4847/4847
f 4847/4847/4847 4845/4845/4845 4873/4873/4873
f 5212/5212/5212 5218/5218/5218 5140/5140/5140
f 5140/5140/5140 5218/5218/5218 5084/5084/5084
f 5076/5076/5076 5072/5072/5072 5073/5073/5073
f 5112/5112/5112 5122/5122/5122 5109/5109/5109
f 5172/5172/5172 5169/5169/5169 5171/5171/5171
f 2637/2637/2637 2613/2613/2613 2608/2608/2608
f 2576/2576/2576 2577/2577/2577 2578/2578/2578
f 2577/2577/2577 2729/2729/2729 2728/2728/2728
f 2728/2728/2728 2729/2729/2729 2726/2726/2726
f 2726/2726/2726 2724/2724/2724 2725/2725/2725
f 2724/2724/2724 2723/2723/2723 2714/2714/2714
f 2714/2714/2714 2723/2723/2723 2716/2716/2716
f 2716/2716/2716 2717/2717/2717 2715/2715/2715
f 2717/2717/2717 2718/2718/2718 2710/2710/2710
f 3965/3965/3965 3967/3967/3967 3966/3966/3966
f 3966/3966/3966 3967/3967/3967 3997/3997/3997
f 4676/4676/4676 4673/4673/4673 4674/4674/4674
f 4673/4673/4673 4668/4668/4668 4672/4672/4672
f 4674/4674/4674 4673/4673/4673 4672/4672/4672
f 4672/4672/4672 4668/4668/4668 4671/4671/4671
f 4845/4845/4845 4846/4846/4846 4873/4873/4873
f 5080/5080/5080 5081/5081/5081 5084/5084/5084
f 5137/5137/5137 5071/5071/5071 5102/5102/5102
f 5098/5098/5098 5066/5066/5066 5059/5059/5059
f 5059/5059/5059 5060/5060/5060 5061/5061/5061
f 5135/5135/5135 5061/5061/5061 5133/5133/5133
f 5135/5135/5135 5133/5133/5133 5134/5134/5134
f 5109/5109/5109 5110/5110/5110 5111/5111/5111
f 5111/5111/5111 5110/5110/5110 5113/5113/5113
f 5113/5113/5113 5116/5116/5116 5170/5170/5170
f 5172/5172/5172 5173/5173/5173 5174/5174/5174
f 5174/5174/5174 5173/5173/5173 5305/5305/5305
f 5305/5305/5305 5173/5173/5173 5319/5319/5319
f 5305/5305/5305 5319/5319/5319 5349/5349/5349
f 2820/2820/2820 2858/2858/2858 2613/2613/2613
f 2617/2617/2617 2609/2609/2609 2616/2616/2616
f 2617/2617/2617 2616/2616/2616 2618/2618/2618
f 2624/2624/2624 2623/2623/2623 2573/2573/2573
f 2726/2726/2726 2730/2730/2730 2724/2724/2724
f 2717/2717/2717 2722/2722/2722 2718/2718/2718
f 2702/2702/2702 2701/2701/2701 2688/2688/2688
f 2702/2702/2702 2688/2688/2688 2676/2676/2676
f 2672/2672/2672 2676/2676/2676 2677/2677/2677
f 2672/2672/2672 2677/2677/2677 2678/2678/2678
f 2680/2680/2680 2772/2772/2772 2823/2823/2823
f 4721/4721/4721 4743/4743/4743 4673/4673/4673
f 4721/4721/4721 4673/4673/4673 4676/4676/4676
f 4668/4668/4668 4670/4670/4670 4671/4671/4671
f 4671/4671/4671 4670/4670/4670 4735/4735/4735
f 4671/4671/4671 4735/4735/4735 4744/4744/4744
f 5211/5211/5211 5263/5263/5263 5212/5212/5212
f 4845/4845/4845 4838/4838/4838 4846/4846/4846
f 4838/4838/4838 4833/4833/4833 4846/4846/4846
f 5169/5169/5169 5170/5170/5170 5171/5171/5171
f 2608/2608/2608 2613/2613/2613 2612/2612/2612
f 2608/2608/2608 2612/2612/2612 2609/2609/2609
f 2619/2619/2619 2625/2625/2625 2622/2622/2622
f 2625/2625/2625 2623/2623/2623 2622/2622/2622
f 2576/2576/2576 2573/2573/2573 2575/2575/2575
f 2576/2576/2576 2575/2575/2575 2577/2577/2577
f 2577/2577/2577 2575/2575/2575 2729/2729/2729
f 2726/2726/2726 2729/2729/2729 2730/2730/2730
f 2716/2716/2716 2723/2723/2723 2717/2717/2717
f 2718/2718/2718 2720/2720/2720 2719/2719/2719
f 2719/2719/2719 2720/2720/2720 2700/2700/2700
f 2676/2676/2676 2688/2688/2688 2681/2681/2681
f 4840/4840/4840 4839/4839/4839 4838/4838/4838
f 4840/4840/4840 4838/4838/4838 4845/4845/4845
f 5212/5212/5212 5263/5263/5263 5218/5218/5218
f 5218/5218/5218 5083/5083/5083 5084/5084/5084
f 5084/5084/5084 5083/5083/5083 5080/5080/5080
f 5098/5098/5098 5097/5097/5097 5066/5066/5066
f 5059/5059/5059 5066/5066/5066 5060/5060/5060
f 5113/5113/5113 5110/5110/5110 5116/5116/5116
f 5116/5116/5116 5178/5178/5178 5170/5170/5170
f 5173/5173/5173 5283/5283/5283 5319/5319/5319
f 2721/2721/2721 2700/2700/2700 2701/2701/2701
f 2676/2676/2676 2681/2681/2681 2677/2677/2677
f 2677/2677/2677 2772/2772/2772 2680/2680/2680
f 4743/4743/4743 4692/4692/4692 4673/4673/4673
f 4692/4692/4692 4675/4675/4675 4673/4673/4673
f 4673/4673/4673 4675/4675/4675 4668/4668/4668
f 4670/4670/4670 4738/4738/4738 4735/4735/4735
f 4839/4839/4839 4872/4872/4872 4835/4835/4835
f 5263/5263/5263 5264/5264/5264 5218/5218/5218
f 5077/5077/5077 5076/5076/5076 5081/5081/5081
f 5076/5076/5076 5075/5075/5075 5072/5072/5072
f 5128/5128/5128 5129/5129/5129 5126/5126/5126
f 5170/5170/5170 5178/5178/5178 5171/5171/5171
f 2858/2858/2858 2614/2614/2614 2613/2613/2613
f 2613/2613/2613 2614/2614/2614 2612/2612/2612
f 2612/2612/2612 2616/2616/2616 2609/2609/2609
f 2616/2616/2616 2630/2630/2630 2618/2618/2618
f 2618/2618/2618 2626/2626/2626 2625/2625/2625
f 2618/2618/2618 2625/2625/2625 2619/2619/2619
f 2623/2623/2623 2628/2628/2628 2573/2573/2573
f 2754/2754/2754 2746/2746/2746 2575/2575/2575
f 2746/2746/2746 2729/2729/2729 2575/2575/2575
f 2730/2730/2730 2723/2723/2723 2724/2724/2724
f 2701/2701/2701 2699/2699/2699 2688/2688/2688
f 2688/2688/2688 2687/2687/2687 2681/2681/2681
f 2681/2681/2681 2682/2682/2682 2677/2677/2677
f 4675/4675/4675 4669/4669/4669 4668/4668/4668
f 4668/4668/4668 4669/4669/4669 4670/4670/4670
f 4670/4670/4670 4669/4669/4669 4738/4738/4738
f 4835/4835/4835 4833/4833/4833 4838/4838/4838
f 5264/5264/5264 5219/5219/5219 5218/5218/5218
f 5218/5218/5218 5219/5219/5219 5083/5083/5083
f 5077/5077/5077 5075/5075/5075 5076/5076/5076
f 5073/5073/5073 5071/5071/5071 5137/5137/5137
f 5102/5102/5102 5071/5071/5071 5097/5097/5097
f 5130/5130/5130 5129/5129/5129 5128/5128/5128
f 5122/5122/5122 5118/5118/5118 5109/5109/5109
f 5118/5118/5118 5110/5110/5110 5109/5109/5109
f 5171/5171/5171 5173/5173/5173 5172/5172/5172
f 5283/5283/5283 5320/5320/5320 5319/5319/5319
f 2858/2858/2858 2866/2866/2866 2614/2614/2614
f 2625/2625/2625 2628/2628/2628 2623/2623/2623
f 2628/2628/2628 2574/2574/2574 2573/2573/2573
f 2573/2573/2573 2574/2574/2574 2575/2575/2575
f 2574/2574/2574 2754/2754/2754 2575/2575/2575
f 2730/2730/2730 2745/2745/2745 2744/2744/2744
f 2730/2730/2730 2744/2744/2744 2723/2723/2723
f 2717/2717/2717 2736/2736/2736 2722/2722/2722
f 2735/2735/2735 2720/2720/2720 2722/2722/2722
f 2720/2720/2720 2696/2696/2696 2700/2700/2700
f 2700/2700/2700 2699/2699/2699 2701/2701/2701
f 2699/2699/2699 2689/2689/2689 2688/2688/2688
f 2688/2688/2688 2689/2689/2689 2687/2687/2687
f 2687/2687/2687 2683/2683/2683 2681/2681/2681
f 2677/2677/2677 2682/2682/2682 2771/2771/2771
f 2677/2677/2677 2771/2771/2771 2772/2772/2772
f 2772/2772/2772 2771/2771/2771 2857/2857/2857
f 3967/3967/3967 3998/3998/3998 3999/3999/3999
f 4692/4692/4692 4730/4730/4730 4675/4675/4675
f 4675/4675/4675 4677/4677/4677 4669/4669/4669
f 4669/4669/4669 4708/4708/4708 4738/4738/4738
f 4870/4870/4870 4831/4831/4831 4835/4835/4835
f 4872/4872/4872 4870/4870/4870 4835/4835/4835
f 4835/4835/4835 4831/4831/4831 4833/4833/4833
f 5264/5264/5264 5299/5299/5299 5219/5219/5219
f 5083/5083/5083 5082/5082/5082 5080/5080/5080
f 5073/5073/5073 5072/5072/5072 5071/5071/5071
f 5097/5097/5097 5071/5071/5071 5066/5066/5066
f 5133/5133/5133 5132/5132/5132 5131/5131/5131
f 5129/5129/5129 5127/5127/5127 5126/5126/5126
f 5126/5126/5126 5127/5127/5127 5122/5122/5122
f 5116/5116/5116 5179/5179/5179 5178/5178/5178
f 2614/2614/2614 2615/2615/2615 2612/2612/2612
f 2612/2612/2612 2615/2615/2615 2616/2616/2616
f 2618/2618/2618 2630/2630/2630 2626/2626/2626
f 2729/2729/2729 2746/2746/2746 2745/2745/2745
f 2729/2729/2729 2745/2745/2745 2730/2730/2730
f 2723/2723/2723 2736/2736/2736 2717/2717/2717
f 2722/2722/2722 2736/2736/2736 2735/2735/2735
f 2700/2700/2700 2696/2696/2696 2699/2699/2699
f 2681/2681/2681 2683/2683/2683 2682/2682/2682
f 3965/3965/3965 3968/3968/3968 3967/3967/3967
f 3967/3967/3967 3968/3968/3968 3998/3998/3998
f 4730/4730/4730 4677/4677/4677 4675/4675/4675
f 4669/4669/4669 4687/4687/4687 4708/4708/4708
f 5081/5081/5081 5080/5080/5080 5077/5077/5077
f 5071/5071/5071 5067/5067/5067 5066/5066/5066
f 5131/5131/5131 5132/5132/5132 5130/5130/5130
f 5110/5110/5110 5115/5115/5115 5116/5116/5116
f 2744/2744/2744 2743/2743/2743 2741/2741/2741
f 2744/2744/2744 2741/2741/2741 2723/2723/2723
f 2723/2723/2723 2741/2741/2741 2736/2736/2736
f 2614/2614/2614 2636/2636/2636 2615/2615/2615
f 2615/2615/2615 2631/2631/2631 2616/2616/2616
f 2616/2616/2616 2631/2631/2631 2630/2630/2630
f 2628/2628/2628 2629/2629/2629 2574/2574/2574
f 2745/2745/2745 2746/2746/2746 2751/2751/2751
f 4677/4677/4677 4687/4687/4687 4669/4669/4669
f 5083/5083/5083 5219/5219/5219 5082/5082/5082
f 5072/5072/5072 5070/5070/5070 5071/5071/5071
f 5066/5066/5066 5067/5067/5067 5065/5065/5065
f 5132/5132/5132 5129/5129/5129 5130/5130/5130
f 5127/5127/5127 5118/5118/5118 5122/5122/5122
f 5118/5118/5118 5115/5115/5115 5110/5110/5110
f 5116/5116/5116 5119/5119/5119 5179/5179/5179
f 5173/5173/5173 5175/5175/5175 5283/5283/5283
f 5175/5175/5175 5310/5310/5310 5320/5320/5320
f 5283/5283/5283 5175/5175/5175 5320/5320/5320
f 2626/2626/2626 2627/2627/2627 2625/2625/2625
f 2574/2574/2574 2629/2629/2629 2755/2755/2755
f 2574/2574/2574 2755/2755/2755 2754/2754/2754
f 2745/2745/2745 2743/2743/2743 2744/2744/2744
f 2689/2689/2689 2686/2686/2686 2687/2687/2687
f 2686/2686/2686 2683/2683/2683 2687/2687/2687
f 4730/4730/4730 4689/4689/4689 4677/4677/4677
f 4689/4689/4689 4688/4688/4688 4677/4677/4677
f 4677/4677/4677 4688/4688/4688 4687/4687/4687
f 4831/4831/4831 4832/4832/4832 4833/4833/4833
f 5071/5071/5071 5070/5070/5070 5067/5067/5067
f 5133/5133/5133 5061/5061/5061 5132/5132/5132
f 5179/5179/5179 5171/5171/5171 5178/5178/5178
f 5171/5171/5171 5175/5175/5175 5173/5173/5173
f 2866/2866/2866 2801/2801/2801 2614/2614/2614
f 2614/2614/2614 2801/2801/2801 2636/2636/2636
f 2631/2631/2631 2632/2632/2632 2630/2630/2630
f 2630/2630/2630 2632/2632/2632 2626/2626/2626
f 2625/2625/2625 2627/2627/2627 2628/2628/2628
f 2628/2628/2628 2627/2627/2627 2629/2629/2629
f 2743/2743/2743 2742/2742/2742 2741/2741/2741
f 2720/2720/2720 2735/2735/2735 2696/2696/2696
f 2699/2699/2699 2694/2694/2694 2689/2689/2689
f 2689/2689/2689 2694/2694/2694 2690/2690/2690
f 2682/2682/2682 2684/2684/2684 2770/2770/2770
f 2682/2682/2682 2770/2770/2770 2771/2771/2771
f 2771/2771/2771 2770/2770/2770 2857/2857/2857
f 4005/4005/4005 4151/4151/4151 3969/3969/3969
f 4005/4005/4005 3969/3969/3969 3965/3965/3965
f 3965/3965/3965 3969/3969/3969 3968/3968/3968
f 4730/4730/4730 4740/4740/4740 4689/4689/4689
f 4870/4870/4870 4834/4834/4834 4831/4831/4831
f 4831/4831/4831 4834/4834/4834 4832/4832/4832
f 4832/4832/4832 4861/4861/4861 4833/4833/4833
f 5060/5060/5060 5062/5062/5062 5061/5061/5061
f 5132/5132/5132 5106/5106/5106 5129/5129/5129
f 5129/5129/5129 5105/5105/5105 5127/5127/5127
f 5175/5175/5175 5238/5238/5238 5310/5310/5310
f 2636/2636/2636 2635/2635/2635 2615/2615/2615
f 2635/2635/2635 2634/2634/2634 2615/2615/2615
f 2631/2631/2631 2633/2633/2633 2632/2632/2632
f 2626/2626/2626 2632/2632/2632 2627/2627/2627
f 2629/2629/2629 2757/2757/2757 2755/2755/2755
f 2754/2754/2754 2753/2753/2753 2746/2746/2746
f 2746/2746/2746 2753/2753/2753 2752/2752/2752
f 2752/2752/2752 2750/2750/2750 2746/2746/2746
f 2746/2746/2746 2750/2750/2750 2751/2751/2751
f 2751/2751/2751 2750/2750/2750 2745/2745/2745
f 2750/2750/2750 2749/2749/2749 2745/2745/2745
f 2745/2745/2745 2749/2749/2749 2748/2748/2748
f 2745/2745/2745 2748/2748/2748 2743/2743/2743
f 2742/2742/2742 2739/2739/2739 2741/2741/2741
f 2741/2741/2741 2739/2739/2739 2736/2736/2736
f 2736/2736/2736 2737/2737/2737 2735/2735/2735
f 2737/2737/2737 2698/2698/2698 2735/2735/2735
f 2689/2689/2689 2690/2690/2690 2686/2686/2686
f 2686/2686/2686 2685/2685/2685 2683/2683/2683
f 5065/5065/5065 5060/5060/5060 5066/5066/5066
f 5062/5062/5062 5063/5063/5063 5061/5061/5061
f 5118/5118/5118 5127/5127/5127 5108/5108/5108
f 5310/5310/5310 5238/5238/5238 5317/5317/5317
f 5310/5310/5310 5317/5317/5317 5320/5320/5320
f 2866/2866/2866 2910/2910/2910 2801/2801/2801
f 2801/2801/2801 2635/2635/2635 2636/2636/2636
f 2615/2615/2615 2634/2634/2634 2631/2631/2631
f 2632/2632/2632 2778/2778/2778 2627/2627/2627
f 2629/2629/2629 2627/2627/2627 2757/2757/2757
f 2754/2754/2754 2755/2755/2755 2753/2753/2753
f 2698/2698/2698 2696/2696/2696 2735/2735/2735
f 2696/2696/2696 2694/2694/2694 2699/2699/2699
f 2685/2685/2685 2684/2684/2684 2683/2683/2683
f 2683/2683/2683 2684/2684/2684 2682/2682/2682
f 3971/3971/3971 4100/4100/4100 3998/3998/3998
f 3968/3968/3968 3971/3971/3971 3998/3998/3998
f 5082/5082/5082 5079/5079/5079 5080/5080/5080
f 5075/5075/5075 5074/5074/5074 5072/5072/5072
f 5063/5063/5063 5103/5103/5103 5061/5061/5061
f 5061/5061/5061 5103/5103/5103 5132/5132/5132
f 5106/5106/5106 5105/5105/5105 5129/5129/5129
f 5171/5171/5171 5176/5176/5176 5175/5175/5175
f 2634/2634/2634 2633/2633/2633 2631/2631/2631
f 2739/2739/2739 2737/2737/2737 2736/2736/2736
f 2633/2633/2633 2778/2778/2778 2632/2632/2632
f 2778/2778/2778 2780/2780/2780 2627/2627/2627
f 2780/2780/2780 2758/2758/2758 2627/2627/2627
f 2627/2627/2627 2758/2758/2758 2757/2757/2757
f 2757/2757/2757 2756/2756/2756 2755/2755/2755
f 2756/2756/2756 2753/2753/2753 2755/2755/2755
f 2748/2748/2748 2747/2747/2747 2743/2743/2743
f 2747/2747/2747 2742/2742/2742 2743/2743/2743
f 2696/2696/2696 2698/2698/2698 2697/2697/2697
f 2693/2693/2693 2773/2773/2773 2684/2684/2684
f 2684/2684/2684 2773/2773/2773 2770/2770/2770
f 2770/2770/2770 2773/2773/2773 2792/2792/2792
f 2792/2792/2792 2863/2863/2863 2770/2770/2770
f 4740/4740/4740 4697/4697/4697 4689/4689/4689
f 4689/4689/4689 4697/4697/4697 4688/4688/4688
f 5077/5077/5077 5078/5078/5078 5075/5075/5075
f 5074/5074/5074 5070/5070/5070 5072/5072/5072
f 5067/5067/5067 5068/5068/5068 5065/5065/5065
f 5103/5103/5103 5104/5104/5104 5132/5132/5132
f 5108/5108/5108 5117/5117/5117 5118/5118/5118
f 5118/5118/5118 5117/5117/5117 5115/5115/5115
f 5115/5115/5115 5117/5117/5117 5183/5183/5183
f 5183/5183/5183 5180/5180/5180 5115/5115/5115
f 5115/5115/5115 5180/5180/5180 5119/5119/5119
f 5119/5119/5119 5180/5180/5180 5179/5179/5179
f 5181/5181/5181 5182/5182/5182 5179/5179/5179
f 5179/5179/5179 5182/5182/5182 5171/5171/5171
f 5175/5175/5175 5176/5176/5176 5238/5238/5238
f 5238/5238/5238 5318/5318/5318 5317/5317/5317
f 2910/2910/2910 2803/2803/2803 2801/2801/2801
f 2803/2803/2803 2766/2766/2766 2635/2635/2635
f 2801/2801/2801 2803/2803/2803 2635/2635/2635
f 2766/2766/2766 2765/2765/2765 2635/2635/2635
f 2635/2635/2635 2765/2765/2765 2634/2634/2634
f 2634/2634/2634 2775/2775/2775 2759/2759/2759
f 2634/2634/2634 2759/2759/2759 2633/2633/2633
f 2780/2780/2780 2779/2779/2779 2758/2758/2758
f 2757/2757/2757 2758/2758/2758 2756/2756/2756
f 2696/2696/2696 2697/2697/2697 2695/2695/2695
f 2696/2696/2696 2695/2695/2695 2694/2694/2694
f 2694/2694/2694 2695/2695/2695 2690/2690/2690
f 2690/2690/2690 2691/2691/2691 2686/2686/2686
f 2686/2686/2686 2691/2691/2691 2685/2685/2685
f 2685/2685/2685 2691/2691/2691 2692/2692/2692
f 2685/2685/2685 2692/2692/2692 2684/2684/2684
f 2692/2692/2692 2693/2693/2693 2684/2684/2684
f 3971/3971/3971 4018/4018/4018 4100/4100/4100
f 4740/4740/4740 4736/4736/4736 4697/4697/4697
f 4687/4687/4687 4695/4695/4695 4708/4708/4708
f 4870/4870/4870 4844/4844/4844 4834/4834/4834
f 5289/5289/5289 5087/5087/5087 5219/5219/5219
f 5299/5299/5299 5289/5289/5289 5219/5219/5219
f 5079/5079/5079 5078/5078/5078 5077/5077/5077
f 5080/5080/5080 5079/5079/5079 5077/5077/5077
f 5070/5070/5070 5069/5069/5069 5067/5067/5067
f 5065/5065/5065 5064/5064/5064 5060/5060/5060
f 5060/5060/5060 5064/5064/5064 5062/5062/5062
f 5104/5104/5104 5106/5106/5106 5132/5132/5132
f 5105/5105/5105 5108/5108/5108 5127/5127/5127
f 5180/5180/5180 5181/5181/5181 5179/5179/5179
f 5171/5171/5171 5182/5182/5182 5176/5176/5176
f 5238/5238/5238 5239/5239/5239 5284/5284/5284
f 5238/5238/5238 5284/5284/5284 5318/5318/5318
f 2634/2634/2634 2765/2765/2765 2775/2775/2775
f 2775/2775/2775 2776/2776/2776 2759/2759/2759
f 2759/2759/2759 2776/2776/2776 2777/2777/2777
f 2759/2759/2759 2777/2777/2777 2633/2633/2633
f 2633/2633/2633 2777/2777/2777 2781/2781/2781
f 2633/2633/2633 2781/2781/2781 2778/2778/2778
f 2778/2778/2778 2781/2781/2781 2779/2779/2779
f 2778/2778/2778 2779/2779/2779 2780/2780/2780
f 2779/2779/2779 2785/2785/2785 2758/2758/2758
f 2785/2785/2785 2783/2783/2783 2758/2758/2758
f 2783/2783/2783 2761/2761/2761 2758/2758/2758
f 2758/2758/2758 2761/2761/2761 2756/2756/2756
f 2756/2756/2756 2761/2761/2761 2753/2753/2753
f 2761/2761/2761 2795/2795/2795 2753/2753/2753
f 2753/2753/2753 2795/2795/2795 2752/2752/2752
f 2752/2752/2752 2796/2796/2796 2750/2750/2750
f 2796/2796/2796 2794/2794/2794 2749/2749/2749
f 2750/2750/2750 2796/2796/2796 2749/2749/2749
f 2749/2749/2749 2794/2794/2794 2748/2748/2748
f 2748/2748/2748 2794/2794/2794 2793/2793/2793
f 2748/2748/2748 2793/2793/2793 2747/2747/2747
f 2747/2747/2747 2740/2740/2740 2742/2742/2742
f 2742/2742/2742 2740/2740/2740 2739/2739/2739
f 2739/2739/2739 2740/2740/2740 2738/2738/2738
f 2739/2739/2739 2738/2738/2738 2737/2737/2737
f 2737/2737/2737 2738/2738/2738 2698/2698/2698
f 2698/2698/2698 2738/2738/2738 2697/2697/2697
f 2695/2695/2695 2764/2764/2764 2690/2690/2690
f 2690/2690/2690 2764/2764/2764 2691/2691/2691
f 2691/2691/2691 2764/2764/2764 2762/2762/2762
f 2691/2691/2691 2762/2762/2762 2692/2692/2692
f 2692/2692/2692 2762/2762/2762 2763/2763/2763
f 2692/2692/2692 2763/2763/2763 2760/2760/2760
f 2692/2692/2692 2760/2760/2760 2693/2693/2693
f 2693/2693/2693 2760/2760/2760 2773/2773/2773
f 2792/2792/2792 2864/2864/2864 2863/2863/2863
f 4697/4697/4697 4694/4694/4694 4688/4688/4688
f 4694/4694/4694 4695/4695/4695 4687/4687/4687
f 4688/4688/4688 4694/4694/4694 4687/4687/4687
f 5087/5087/5087 5082/5082/5082 5219/5219/5219
f 5079/5079/5079 5086/5086/5086 5078/5078/5078
f 5075/5075/5075 5078/5078/5078 5074/5074/5074
f 5074/5074/5074 5092/5092/5092 5070/5070/5070
f 5092/5092/5092 5069/5069/5069 5070/5070/5070
f 5067/5067/5067 5069/5069/5069 5068/5068/5068
f 5105/5105/5105 5106/5106/5106 5107/5107/5107
f 5176/5176/5176 5240/5240/5240 5239/5239/5239
f 5284/5284/5284 5343/5343/5343 5318/5318/5318
f 2803/2803/2803 2828/2828/2828 2766/2766/2766
f 2766/2766/2766 2797/2797/2797 2765/2765/2765
f 2765/2765/2765 2797/2797/2797 2775/2775/2775
f 2781/2781/2781 2782/2782/2782 2779/2779/2779
f 2779/2779/2779 2782/2782/2782 2800/2800/2800
f 2779/2779/2779 2800/2800/2800 2785/2785/2785
f 2783/2783/2783 2784/2784/2784 2761/2761/2761
f 2761/2761/2761 2784/2784/2784 2795/2795/2795
f 2752/2752/2752 2795/2795/2795 2796/2796/2796
f 2793/2793/2793 2804/2804/2804 2747/2747/2747
f 2747/2747/2747 2804/2804/2804 2740/2740/2740
f 2804/2804/2804 2802/2802/2802 2740/2740/2740
f 2740/2740/2740 2802/2802/2802 2738/2738/2738
f 2802/2802/2802 2807/2807/2807 2738/2738/2738
f 2738/2738/2738 2807/2807/2807 2805/2805/2805
f 2738/2738/2738 2805/2805/2805 2697/2697/2697
f 2697/2697/2697 2805/2805/2805 2695/2695/2695
f 2695/2695/2695 2805/2805/2805 2806/2806/2806
f 2695/2695/2695 2806/2806/2806 2764/2764/2764
f 2806/2806/2806 2798/2798/2798 2764/2764/2764
f 2764/2764/2764 2798/2798/2798 2762/2762/2762
f 2762/2762/2762 2798/2798/2798 2799/2799/2799
f 2762/2762/2762 2799/2799/2799 2763/2763/2763
f 2763/2763/2763 2799/2799/2799 2760/2760/2760
f 2760/2760/2760 2774/2774/2774 2773/2773/2773
f 2773/2773/2773 2774/2774/2774 2792/2792/2792
f 4844/4844/4844 4837/4837/4837 4834/4834/4834
f 4834/4834/4834 4837/4837/4837 4836/4836/4836
f 4834/4834/4834 4836/4836/4836 4832/4832/4832
f 4836/4836/4836 4868/4868/4868 4861/4861/4861
f 4832/4832/4832 4836/4836/4836 4861/4861/4861
f 5068/5068/5068 5064/5064/5064 5065/5065/5065
f 5103/5103/5103 5063/5063/5063 5104/5104/5104
f 5105/5105/5105 5107/5107/5107 5108/5108/5108
f 5180/5180/5180 5209/5209/5209 5181/5181/5181
f 5182/5182/5182 5181/5181/5181 5240/5240/5240
f 5182/5182/5182 5240/5240/5240 5176/5176/5176
f 5239/5239/5239 5240/5240/5240 5241/5241/5241
f 5239/5239/5239 5241/5241/5241 5284/5284/5284
f 5241/5241/5241 5348/5348/5348 5343/5343/5343
f 5284/5284/5284 5241/5241/5241 5343/5343/5343
f 2828/2828/2828 2872/2872/2872 2871/2871/2871
f 2828/2828/2828 2871/2871/2871 2766/2766/2766
f 2871/2871/2871 2852/2852/2852 2766/2766/2766
f 2766/2766/2766 2852/2852/2852 2797/2797/2797
f 2797/2797/2797 2852/2852/2852 2775/2775/2775
f 2852/2852/2852 2831/2831/2831 2775/2775/2775
f 2775/2775/2775 2831/2831/2831 2776/2776/2776
f 2776/2776/2776 2831/2831/2831 2777/2777/2777
f 2777/2777/2777 2831/2831/2831 2830/2830/2830
f 2777/2777/2777 2830/2830/2830 2781/2781/2781
f 2781/2781/2781 2830/2830/2830 2782/2782/2782
f 2830/2830/2830 2845/2845/2845 2782/2782/2782
f 2845/2845/2845 2800/2800/2800 2782/2782/2782
f 2800/2800/2800 2833/2833/2833 2785/2785/2785
f 2833/2833/2833 2834/2834/2834 2785/2785/2785
f 2785/2785/2785 2834/2834/2834 2783/2783/2783
f 2834/2834/2834 2854/2854/2854 2783/2783/2783
f 2854/2854/2854 2853/2853/2853 2783/2783/2783
f 2783/2783/2783 2853/2853/2853 2784/2784/2784
f 2853/2853/2853 2851/2851/2851 2784/2784/2784
f 2784/2784/2784 2851/2851/2851 2795/2795/2795
f 2795/2795/2795 2851/2851/2851 2796/2796/2796
f 2851/2851/2851 2846/2846/2846 2796/2796/2796
f 2796/2796/2796 2846/2846/2846 2794/2794/2794
f 2794/2794/2794 2846/2846/2846 2793/2793/2793
f 2846/2846/2846 2855/2855/2855 2793/2793/2793
f 2793/2793/2793 2855/2855/2855 2804/2804/2804
f 2855/2855/2855 2856/2856/2856 2804/2804/2804
f 2804/2804/2804 2856/2856/2856 2861/2861/2861
f 2804/2804/2804 2861/2861/2861 2802/2802/2802
f 2802/2802/2802 2861/2861/2861 2807/2807/2807
f 2807/2807/2807 2861/2861/2861 2891/2891/2891
f 2806/2806/2806 2870/2870/2870 2850/2850/2850
f 2806/2806/2806 2850/2850/2850 2798/2798/2798
f 2798/2798/2798 2850/2850/2850 2799/2799/2799
f 2850/2850/2850 2847/2847/2847 2799/2799/2799
f 2799/2799/2799 2847/2847/2847 2760/2760/2760
f 2760/2760/2760 2847/2847/2847 2848/2848/2848
f 2760/2760/2760 2848/2848/2848 2774/2774/2774
f 2848/2848/2848 2835/2835/2835 2774/2774/2774
f 2774/2774/2774 2835/2835/2835 2792/2792/2792
f 2807/2807/2807 2891/2891/2891 2904/2904/2904
f 3462/3462/3462 3463/3463/3463 3464/3464/3464
f 3462/3462/3462 3464/3464/3464 3536/3536/3536
f 2807/2807/2807 2904/2904/2904 2805/2805/2805
f 3464/3464/3464 3467/3467/3467 3536/3536/3536
f 3743/3743/3743 3536/3536/3536 3547/3547/3547
f 3536/3536/3536 3467/3467/3467 3547/3547/3547
f 3467/3467/3467 3470/3470/3470 3547/3547/3547
f 2805/2805/2805 2870/2870/2870 2806/2806/2806
f 3750/3750/3750 3492/3492/3492 3751/3751/3751
f 3750/3750/3750 3543/3543/3543 3492/3492/3492
f 3433/3433/3433 3439/3439/3439 3440/3440/3440
f 3452/3452/3452 3457/3457/3457 3455/3455/3455
f 3461/3461/3461 3465/3465/3465 3464/3464/3464
f 3467/3467/3467 3468/3468/3468 3469/3469/3469
f 3441/3441/3441 3436/3436/3436 3433/3433/3433
f 3433/3433/3433 3436/3436/3436 3439/3439/3439
f 3439/3439/3439 3442/3442/3442 3440/3440/3440
f 3464/3464/3464 3466/3466/3466 3467/3467/3467
f 3466/3466/3466 3468/3468/3468 3467/3467/3467
f 3423/3423/3423 3422/3422/3422 3441/3441/3441
f 3422/3422/3422 3436/3436/3436 3441/3441/3441
f 3436/3436/3436 3438/3438/3438 3439/3439/3439
f 3439/3439/3439 3438/3438/3438 3442/3442/3442
f 3469/3469/3469 3468/3468/3468 3471/3471/3471
f 3482/3482/3482 3481/3481/3481 3491/3491/3491
f 3482/3482/3482 3491/3491/3491 3492/3492/3492
f 3424/3424/3424 3425/3425/3425 3422/3422/3422
f 3422/3422/3422 3425/3425/3425 3435/3435/3435
f 3422/3422/3422 3435/3435/3435 3436/3436/3436
f 3435/3435/3435 3437/3437/3437 3436/3436/3436
f 3436/3436/3436 3437/3437/3437 3438/3438/3438
f 3438/3438/3438 3437/3437/3437 3445/3445/3445
f 3456/3456/3456 3451/3451/3451 3475/3475/3475
f 3456/3456/3456 3475/3475/3475 3457/3457/3457
f 3475/3475/3475 3474/3474/3474 3457/3457/3457
f 3466/3466/3466 3465/3465/3465 3476/3476/3476
f 3466/3466/3466 3476/3476/3476 3468/3468/3468
f 3476/3476/3476 3472/3472/3472 3468/3468/3468
f 3468/3468/3468 3472/3472/3472 3471/3471/3471
f 3472/3472/3472 3477/3477/3477 3471/3471/3471
f 3497/3497/3497 3677/3677/3677 3522/3522/3522
f 3677/3677/3677 3704/3704/3704 3522/3522/3522
f 3424/3424/3424 3522/3522/3522 3523/3523/3523
f 3522/3522/3522 3704/3704/3704 3523/3523/3523
f 3424/3424/3424 3523/3523/3523 3425/3425/3425
f 3523/3523/3523 3704/3704/3704 3733/3733/3733
f 3523/3523/3523 3685/3685/3685 3425/3425/3425
f 3523/3523/3523 3733/3733/3733 3685/3685/3685
f 3856/3856/3856 3827/3827/3827 3824/3824/3824
f 3685/3685/3685 3686/3686/3686 3435/3435/3435
f 3425/3425/3425 3685/3685/3685 3435/3435/3435
f 3856/3856/3856 3824/3824/3824 3855/3855/3855
f 3855/3855/3855 3824/3824/3824 3830/3830/3830
f 3435/3435/3435 3686/3686/3686 3437/3437/3437
f 3686/3686/3686 3679/3679/3679 3437/3437/3437
f 3855/3855/3855 3830/3830/3830 3847/3847/3847
f 3830/3830/3830 3829/3829/3829 3847/3847/3847
f 3829/3829/3829 3828/3828/3828 3847/3847/3847
f 3437/3437/3437 3679/3679/3679 3544/3544/3544
f 3847/3847/3847 3828/3828/3828 3843/3843/3843
f 3437/3437/3437 3544/3544/3544 3445/3445/3445
f 3828/3828/3828 3831/3831/3831 3843/3843/3843
f 3544/3544/3544 3529/3529/3529 3445/3445/3445
f 3843/3843/3843 3831/3831/3831 3848/3848/3848
f 3445/3445/3445 3529/3529/3529 3453/3453/3453
f 3831/3831/3831 3835/3835/3835 3848/3848/3848
f 3529/3529/3529 3528/3528/3528 3453/3453/3453
f 3848/3848/3848 3835/3835/3835 3849/3849/3849
f 3453/3453/3453 3528/3528/3528 3450/3450/3450
f 3450/3450/3450 3528/3528/3528 3451/3451/3451
f 3451/3451/3451 3528/3528/3528 3549/3549/3549
f 3849/3849/3849 3835/3835/3835 3850/3850/3850
f 3451/3451/3451 3549/3549/3549 3475/3475/3475
f 3835/3835/3835 3841/3841/3841 3850/3850/3850
f 3475/3475/3475 3549/3549/3549 3542/3542/3542
f 3475/3475/3475 3542/3542/3542 3474/3474/3474
f 3850/3850/3850 3841/3841/3841 3852/3852/3852
f 3474/3474/3474 3542/3542/3542 3473/3473/3473
f 3852/3852/3852 3841/3841/3841 3844/3844/3844
f 3473/3473/3473 3542/3542/3542 3535/3535/3535
f 3852/3852/3852 3844/3844/3844 3853/3853/3853
f 3473/3473/3473 3535/3535/3535 3465/3465/3465
f 3853/3853/3853 3844/3844/3844 3845/3845/3845
f 3535/3535/3535 3534/3534/3534 3465/3465/3465
f 3853/3853/3853 3845/3845/3845 3859/3859/3859
f 3534/3534/3534 3730/3730/3730 3705/3705/3705
f 3465/3465/3465 3534/3534/3534 3476/3476/3476
f 3534/3534/3534 3532/3532/3532 3476/3476/3476
f 3534/3534/3534 3705/3705/3705 3532/3532/3532
f 3476/3476/3476 3532/3532/3532 3472/3472/3472
f 3705/3705/3705 3692/3692/3692 3532/3532/3532
f 3472/3472/3472 3532/3532/3532 3477/3477/3477
f 3532/3532/3532 3531/3531/3531 3477/3477/3477
f 3532/3532/3532 3692/3692/3692 3531/3531/3531
f 3531/3531/3531 3692/3692/3692 3672/3672/3672
f 3477/3477/3477 3531/3531/3531 3486/3486/3486
f 3531/3531/3531 3533/3533/3533 3486/3486/3486
f 3531/3531/3531 3672/3672/3672 3533/3533/3533
f 3533/3533/3533 3672/3672/3672 3673/3673/3673
f 3486/3486/3486 3533/3533/3533 3480/3480/3480
f 3480/3480/3480 3533/3533/3533 3524/3524/3524
f 3533/3533/3533 3673/3673/3673 3524/3524/3524
f 3480/3480/3480 3524/3524/3524 3481/3481/3481
f 3524/3524/3524 3525/3525/3525 3481/3481/3481
f 3481/3481/3481 3525/3525/3525 3491/3491/3491
f 3806/3806/3806 3807/3807/3807 3846/3846/3846
f 3969/3969/3969 3970/3970/3970 3968/3968/3968
f 3968/3968/3968 3970/3970/3970 3971/3971/3971
f 5092/5092/5092 5091/5091/5091 5069/5069/5069
f 5069/5069/5069 5091/5091/5091 5093/5093/5093
f 5069/5069/5069 5093/5093/5093 5068/5068/5068
f 5094/5094/5094 5064/5064/5064 5068/5068/5068
f 5104/5104/5104 5063/5063/5063 5194/5194/5194
f 5104/5104/5104 5194/5194/5194 5106/5106/5106
f 5108/5108/5108 5184/5184/5184 5117/5117/5117
f 5117/5117/5117 5184/5184/5184 5183/5183/5183
f 5183/5183/5183 5209/5209/5209 5180/5180/5180
f 5209/5209/5209 5259/5259/5259 5181/5181/5181
f 3553/3553/3553 3558/3558/3558 3648/3648/3648
f 5181/5181/5181 5259/5259/5259 5240/5240/5240
f 3567/3567/3567 3551/3551/3551 3553/3553/3553
f 3553/3553/3553 3648/3648/3648 3567/3567/3567
f 5259/5259/5259 5342/5342/5342 5240/5240/5240
f 3648/3648/3648 3683/3683/3683 3567/3567/3567
f 4092/4092/4092 4069/4069/4069 4070/4070/4070
f 3551/3551/3551 3550/3550/3550 3552/3552/3552
f 3728/3728/3728 3566/3566/3566 3570/3570/3570
f 3683/3683/3683 3546/3546/3546 3567/3567/3567
f 3546/3546/3546 3541/3541/3541 3551/3551/3551
f 3567/3567/3567 3546/3546/3546 3551/3551/3551
f 3551/3551/3551 3541/3541/3541 3550/3550/3550
f 3550/3550/3550 3540/3540/3540 3570/3570/3570
f 3570/3570/3570 3540/3540/3540 3728/3728/3728
f 3541/3541/3541 3540/3540/3540 3550/3550/3550
f 3218/3218/3218 3269/3269/3269 3295/3295/3295
f 3218/3218/3218 3190/3190/3190 3269/3269/3269
f 3683/3683/3683 3711/3711/3711 3546/3546/3546
f 4070/4070/4070 4068/4068/4068 4087/4087/4087
f 3546/3546/3546 3516/3516/3516 3541/3541/3541
f 3541/3541/3541 3516/3516/3516 3540/3540/3540
f 3516/3516/3516 3521/3521/3521 3540/3540/3540
f 3516/3516/3516 3514/3514/3514 3521/3521/3521
f 3521/3521/3521 3514/3514/3514 3515/3515/3515
f 3515/3515/3515 3507/3507/3507 3681/3681/3681
f 3681/3681/3681 3507/3507/3507 3659/3659/3659
f 3659/3659/3659 3507/3507/3507 3506/3506/3506
f 3659/3659/3659 3506/3506/3506 3505/3505/3505
f 3659/3659/3659 3505/3505/3505 3660/3660/3660
f 3660/3660/3660 3505/3505/3505 3503/3503/3503
f 3503/3503/3503 3502/3502/3502 3660/3660/3660
f 3660/3660/3660 3502/3502/3502 3684/3684/3684
f 3502/3502/3502 3527/3527/3527 3684/3684/3684
f 3440/3440/3440 3443/3443/3443 3434/3434/3434
f 3434/3434/3434 3443/3443/3443 3530/3530/3530
f 3530/3530/3530 3443/3443/3443 3447/3447/3447
f 3530/3530/3530 3447/3447/3447 3526/3526/3526
f 3447/3447/3447 3449/3449/3449 3526/3526/3526
f 3526/3526/3526 3449/3449/3449 3454/3454/3454
f 3520/3520/3520 3458/3458/3458 3459/3459/3459
f 3520/3520/3520 3459/3459/3459 3462/3462/3462
f 3547/3547/3547 3470/3470/3470 3548/3548/3548
f 3548/3548/3548 3470/3470/3470 3488/3488/3488
f 3548/3548/3548 3488/3488/3488 3489/3489/3489
f 3548/3548/3548 3489/3489/3489 3545/3545/3545
f 3489/3489/3489 3484/3484/3484 3545/3545/3545
f 3545/3545/3545 3484/3484/3484 3490/3490/3490
f 3514/3514/3514 3513/3513/3513 3515/3515/3515
f 3515/3515/3515 3513/3513/3513 3507/3507/3507
f 3513/3513/3513 3504/3504/3504 3507/3507/3507
f 3507/3507/3507 3504/3504/3504 3506/3506/3506
f 3506/3506/3506 3504/3504/3504 3505/3505/3505
f 3503/3503/3503 3494/3494/3494 3502/3502/3502
f 3494/3494/3494 3495/3495/3495 3502/3502/3502
f 3502/3502/3502 3495/3495/3495 3527/3527/3527
f 3527/3527/3527 3495/3495/3495 3427/3427/3427
f 3527/3527/3527 3427/3427/3427 3429/3429/3429
f 3429/3429/3429 3427/3427/3427 3428/3428/3428
f 3429/3429/3429 3428/3428/3428 3431/3431/3431
f 3428/3428/3428 3430/3430/3430 3431/3431/3431
f 3431/3431/3431 3430/3430/3430 3432/3432/3432
f 3430/3430/3430 3433/3433/3433 3432/3432/3432
f 3432/3432/3432 3433/3433/3433 3434/3434/3434
f 3434/3434/3434 3433/3433/3433 3440/3440/3440
f 3443/3443/3443 3446/3446/3446 3447/3447/3447
f 3447/3447/3447 3448/3448/3448 3449/3449/3449
f 3449/3449/3449 3452/3452/3452 3454/3454/3454
f 3452/3452/3452 3455/3455/3455 3454/3454/3454
f 3454/3454/3454 3455/3455/3455 3458/3458/3458
f 3458/3458/3458 3455/3455/3455 3459/3459/3459
f 3462/3462/3462 3459/3459/3459 3461/3461/3461
f 3462/3462/3462 3461/3461/3461 3463/3463/3463
f 3467/3467/3467 3469/3469/3469 3470/3470/3470
f 3488/3488/3488 3487/3487/3487 3489/3489/3489
f 3487/3487/3487 3485/3485/3485 3489/3489/3489
f 3489/3489/3489 3485/3485/3485 3483/3483/3483
f 3489/3489/3489 3483/3483/3483 3484/3484/3484
f 3490/3490/3490 3482/3482/3482 3543/3543/3543
f 3711/3711/3711 3519/3519/3519 3546/3546/3546
f 3546/3546/3546 3519/3519/3519 3516/3516/3516
f 3516/3516/3516 3510/3510/3510 3514/3514/3514
f 3514/3514/3514 3510/3510/3510 3513/3513/3513
f 3510/3510/3510 3511/3511/3511 3513/3513/3513
f 3513/3513/3513 3511/3511/3511 3504/3504/3504
f 3505/3505/3505 3504/3504/3504 3498/3498/3498
f 3505/3505/3505 3498/3498/3498 3503/3503/3503
f 3503/3503/3503 3498/3498/3498 3494/3494/3494
f 3495/3495/3495 3426/3426/3426 3427/3427/3427
f 3427/3427/3427 3421/3421/3421 3428/3428/3428
f 3430/3430/3430 3428/3428/3428 3423/3423/3423
f 3423/3423/3423 3441/3441/3441 3430/3430/3430
f 3430/3430/3430 3441/3441/3441 3433/3433/3433
f 3440/3440/3440 3442/3442/3442 3443/3443/3443
f 3448/3448/3448 3452/3452/3452 3449/3449/3449
f 3455/3455/3455 3460/3460/3460 3459/3459/3459
f 3460/3460/3460 3461/3461/3461 3459/3459/3459
f 3470/3470/3470 3478/3478/3478 3488/3488/3488
f 3488/3488/3488 3478/3478/3478 3487/3487/3487
f 3484/3484/3484 3483/3483/3483 3479/3479/3479
f 3484/3484/3484 3479/3479/3479 3482/3482/3482
f 3484/3484/3484 3482/3482/3482 3490/3490/3490
f 3516/3516/3516 3519/3519/3519 3510/3510/3510
f 3510/3510/3510 3509/3509/3509 3511/3511/3511
f 3511/3511/3511 3512/3512/3512 3504/3504/3504
f 3504/3504/3504 3512/3512/3512 3499/3499/3499
f 3504/3504/3504 3499/3499/3499 3498/3498/3498
f 3498/3498/3498 3496/3496/3496 3494/3494/3494
f 3494/3494/3494 3493/3493/3493 3495/3495/3495
f 3495/3495/3495 3493/3493/3493 3426/3426/3426
f 3427/3427/3427 3426/3426/3426 3421/3421/3421
f 3428/3428/3428 3421/3421/3421 3423/3423/3423
f 3443/3443/3443 3442/3442/3442 3444/3444/3444
f 3443/3443/3443 3444/3444/3444 3446/3446/3446
f 3446/3446/3446 3448/3448/3448 3447/3447/3447
f 3448/3448/3448 3451/3451/3451 3452/3452/3452
f 3452/3452/3452 3451/3451/3451 3456/3456/3456
f 3455/3455/3455 3474/3474/3474 3473/3473/3473
f 3455/3455/3455 3473/3473/3473 3460/3460/3460
f 3469/3469/3469 3471/3471/3471 3470/3470/3470
f 3470/3470/3470 3471/3471/3471 3478/3478/3478
f 3487/3487/3487 3486/3486/3486 3485/3485/3485
f 3485/3485/3485 3480/3480/3480 3483/3483/3483
f 3519/3519/3519 3508/3508/3508 3510/3510/3510
f 3508/3508/3508 3509/3509/3509 3510/3510/3510
f 3511/3511/3511 3509/3509/3509 3512/3512/3512
f 3498/3498/3498 3499/3499/3499 3496/3496/3496
f 3494/3494/3494 3496/3496/3496 3493/3493/3493
f 3426/3426/3426 3493/3493/3493 3424/3424/3424
f 3426/3426/3426 3424/3424/3424 3421/3421/3421
f 3442/3442/3442 3445/3445/3445 3444/3444/3444
f 3444/3444/3444 3445/3445/3445 3446/3446/3446
f 3446/3446/3446 3450/3450/3450 3448/3448/3448
f 3448/3448/3448 3450/3450/3450 3451/3451/3451
f 3456/3456/3456 3457/3457/3457 3452/3452/3452
f 3457/3457/3457 3474/3474/3474 3455/3455/3455
f 3473/3473/3473 3465/3465/3465 3460/3460/3460
f 3460/3460/3460 3465/3465/3465 3461/3461/3461
f 3464/3464/3464 3465/3465/3465 3466/3466/3466
f 3471/3471/3471 3477/3477/3477 3478/3478/3478
f 3478/3478/3478 3477/3477/3477 3487/3487/3487
f 3485/3485/3485 3486/3486/3486 3480/3480/3480
f 3483/3483/3483 3480/3480/3480 3479/3479/3479
f 3479/3479/3479 3480/3480/3480 3481/3481/3481
f 3479/3479/3479 3481/3481/3481 3482/3482/3482
f 3711/3711/3711 3745/3745/3745 3519/3519/3519
f 4087/4087/4087 4068/4068/4068 4072/4072/4072
f 4087/4087/4087 4072/4072/4072 4094/4094/4094
f 3519/3519/3519 3537/3537/3537 3508/3508/3508
f 3508/3508/3508 3518/3518/3518 3509/3509/3509
f 3509/3509/3509 3518/3518/3518 3517/3517/3517
f 3509/3509/3509 3517/3517/3517 3512/3512/3512
f 3512/3512/3512 3517/3517/3517 3499/3499/3499
f 3517/3517/3517 3500/3500/3500 3499/3499/3499
f 3499/3499/3499 3500/3500/3500 3496/3496/3496
f 3496/3496/3496 3500/3500/3500 3501/3501/3501
f 3501/3501/3501 3497/3497/3497 3496/3496/3496
f 3496/3496/3496 3497/3497/3497 3493/3493/3493
f 3493/3493/3493 3497/3497/3497 3424/3424/3424
f 3446/3446/3446 3453/3453/3453 3450/3450/3450
f 3487/3487/3487 3477/3477/3477 3486/3486/3486
f 3745/3745/3745 3537/3537/3537 3519/3519/3519
f 3508/3508/3508 3537/3537/3537 3538/3538/3538
f 3508/3508/3508 3538/3538/3538 3518/3518/3518
f 3538/3538/3538 3539/3539/3539 3518/3518/3518
f 3518/3518/3518 3539/3539/3539 3517/3517/3517
f 3517/3517/3517 3539/3539/3539 3500/3500/3500
f 3500/3500/3500 3539/3539/3539 3678/3678/3678
f 3500/3500/3500 3678/3678/3678 3501/3501/3501
f 3678/3678/3678 3676/3676/3676 3501/3501/3501
f 3501/3501/3501 3676/3676/3676 3497/3497/3497
f 3676/3676/3676 3677/3677/3677 3497/3497/3497
f 4072/4072/4072 4122/4122/4122 4094/4094/4094
f 3818/3818/3818 3836/3836/3836 3786/3786/3786
f 3537/3537/3537 3745/3745/3745 3725/3725/3725
f 3818/3818/3818 3786/3786/3786 3787/3787/3787
f 3537/3537/3537 3725/3725/3725 3538/3538/3538
f 3786/3786/3786 3783/3783/3783 3787/3787/3787
f 3538/3538/3538 3725/3725/3725 3741/3741/3741
f 3538/3538/3538 3741/3741/3741 3539/3539/3539
f 3741/3741/3741 3744/3744/3744 3539/3539/3539
f 3783/3783/3783 3782/3782/3782 3781/3781/3781
f 3781/3781/3781 3782/3782/3782 3780/3780/3780
f 3744/3744/3744 3748/3748/3748 3539/3539/3539
f 3781/3781/3781 3780/3780/3780 3779/3779/3779
f 3539/3539/3539 3748/3748/3748 3678/3678/3678
f 3779/3779/3779 3780/3780/3780 3778/3778/3778
f 3748/3748/3748 3747/3747/3747 3678/3678/3678
f 3779/3779/3779 3778/3778/3778 3777/3777/3777
f 3678/3678/3678 3747/3747/3747 3676/3676/3676
f 3777/3777/3777 3778/3778/3778 3776/3776/3776
f 3777/3777/3777 3768/3768/3768 3858/3858/3858
f 3777/3777/3777 3776/3776/3776 3768/3768/3768
f 3858/3858/3858 3768/3768/3768 3857/3857/3857
f 3776/3776/3776 3767/3767/3767 3768/3768/3768
f 3857/3857/3857 3768/3768/3768 3851/3851/3851
f 3851/3851/3851 3768/3768/3768 3766/3766/3766
f 3768/3768/3768 3767/3767/3767 3766/3766/3766
f 3851/3851/3851 3766/3766/3766 3827/3827/3827
f 3827/3827/3827 3766/3766/3766 3765/3765/3765
f 3765/3765/3765 3766/3766/3766 3764/3764/3764
f 3827/3827/3827 3765/3765/3765 3824/3824/3824
f 3765/3765/3765 3761/3761/3761 3824/3824/3824
f 3765/3765/3765 3764/3764/3764 3761/3761/3761
f 3761/3761/3761 3764/3764/3764 3763/3763/3763
f 3824/3824/3824 3761/3761/3761 3830/3830/3830
f 3761/3761/3761 3760/3760/3760 3830/3830/3830
f 3760/3760/3760 3761/3761/3761 3759/3759/3759
f 3830/3830/3830 3760/3760/3760 3829/3829/3829
f 3829/3829/3829 3760/3760/3760 3828/3828/3828
f 3828/3828/3828 3760/3760/3760 3757/3757/3757
f 3828/3828/3828 3757/3757/3757 3831/3831/3831
f 3757/3757/3757 3756/3756/3756 3831/3831/3831
f 3831/3831/3831 3756/3756/3756 3752/3752/3752
f 3831/3831/3831 3752/3752/3752 3835/3835/3835
f 3835/3835/3835 3752/3752/3752 3754/3754/3754
f 3835/3835/3835 3754/3754/3754 3841/3841/3841
f 3754/3754/3754 3771/3771/3771 3841/3841/3841
f 3771/3771/3771 3754/3754/3754 3770/3770/3770
f 3841/3841/3841 3771/3771/3771 3844/3844/3844
f 3771/3771/3771 3773/3773/3773 3844/3844/3844
f 3844/3844/3844 3773/3773/3773 3845/3845/3845
f 3773/3773/3773 3774/3774/3774 3845/3845/3845
f 3773/3773/3773 3772/3772/3772 3774/3774/3774
f 3845/3845/3845 3774/3774/3774 3792/3792/3792
f 3845/3845/3845 3792/3792/3792 3832/3832/3832
f 3832/3832/3832 3792/3792/3792 3793/3793/3793
f 3805/3805/3805 3804/3804/3804 3793/3793/3793
f 3832/3832/3832 3793/3793/3793 3803/3803/3803
f 3832/3832/3832 3803/3803/3803 3833/3833/3833
f 3793/3793/3793 3804/3804/3804 3803/3803/3803
f 3803/3803/3803 3802/3802/3802 3833/3833/3833
f 3833/3833/3833 3802/3802/3802 3816/3816/3816
f 3816/3816/3816 3802/3802/3802 3801/3801/3801
f 3802/3802/3802 3799/3799/3799 3801/3801/3801
f 3816/3816/3816 3801/3801/3801 3798/3798/3798
f 3801/3801/3801 3799/3799/3799 3798/3798/3798
f 3816/3816/3816 3798/3798/3798 3815/3815/3815
f 3798/3798/3798 3799/3799/3799 3797/3797/3797
f 3797/3797/3797 3794/3794/3794 3798/3798/3798
f 3815/3815/3815 3798/3798/3798 3794/3794/3794
f 3815/3815/3815 3794/3794/3794 3806/3806/3806
f 3794/3794/3794 3796/3796/3796 3806/3806/3806
f 3806/3806/3806 3796/3796/3796 3807/3807/3807
f 3807/3807/3807 3796/3796/3796 3809/3809/3809
f 4902/4902/4902 4898/4898/4898 4910/4910/4910
f 3970/3970/3970 3972/3972/3972 3971/3971/3971
f 3971/3971/3971 3972/3972/3972 4018/4018/4018
f 4697/4697/4697 4696/4696/4696 4694/4694/4694
f 4837/4837/4837 4842/4842/4842 4836/4836/4836
f 4836/4836/4836 4842/4842/4842 4868/4868/4868
f 5085/5085/5085 5086/5086/5086 5079/5079/5079
f 5082/5082/5082 5085/5085/5085 5079/5079/5079
f 5086/5086/5086 5088/5088/5088 5078/5078/5078
f 5092/5092/5092 5074/5074/5074 5091/5091/5091
f 5093/5093/5093 5094/5094/5094 5068/5068/5068
f 5064/5064/5064 5096/5096/5096 5062/5062/5062
f 5062/5062/5062 5096/5096/5096 5063/5063/5063
f 5194/5194/5194 5193/5193/5193 5106/5106/5106
f 5193/5193/5193 5107/5107/5107 5106/5106/5106
f 5201/5201/5201 5266/5266/5266 5184/5184/5184
f 5108/5108/5108 5201/5201/5201 5184/5184/5184
f 5266/5266/5266 5267/5267/5267 5184/5184/5184
f 5184/5184/5184 5267/5267/5267 5183/5183/5183
f 5183/5183/5183 5267/5267/5267 5308/5308/5308
f 3560/3560/3560 3559/3559/3559 3561/3561/3561
f 5183/5183/5183 5308/5308/5308 5209/5209/5209
f 3573/3573/3573 3557/3557/3557 3560/3560/3560
f 4076/4076/4076 4055/4055/4055 4077/4077/4077
f 3560/3560/3560 3557/3557/3557 3559/3559/3559
f 3557/3557/3557 3556/3556/3556 3559/3559/3559
f 5209/5209/5209 5308/5308/5308 5309/5309/5309
f 3573/3573/3573 3703/3703/3703 3557/3557/3557
f 4077/4077/4077 4055/4055/4055 4071/4071/4071
f 3557/3557/3557 3554/3554/3554 3556/3556/3556
f 3554/3554/3554 3555/3555/3555 3556/3556/3556
f 3556/3556/3556 3555/3555/3555 3650/3650/3650
f 3555/3555/3555 3568/3568/3568 3650/3650/3650
f 5309/5309/5309 5328/5328/5328 5209/5209/5209
f 3703/3703/3703 3558/3558/3558 3557/3557/3557
f 4055/4055/4055 4058/4058/4058 4071/4071/4071
f 3557/3557/3557 3558/3558/3558 3554/3554/3554
f 5328/5328/5328 5259/5259/5259 5209/5209/5209
f 3703/3703/3703 3729/3729/3729 3558/3558/3558
f 4071/4071/4071 4058/4058/4058 4069/4069/4069
f 3554/3554/3554 3552/3552/3552 3555/3555/3555
f 3555/3555/3555 3552/3552/3552 3568/3568/3568
f 3558/3558/3558 3553/3553/3553 3554/3554/3554
f 3554/3554/3554 3553/3553/3553 3552/3552/3552
f 3552/3552/3552 3566/3566/3566 3568/3568/3568
f 3568/3568/3568 3566/3566/3566 3709/3709/3709
f 3729/3729/3729 3648/3648/3648 3558/3558/3558
f 5037/5037/5037 5036/5036/5036 5006/5006/5006
f 4058/4058/4058 4062/4062/4062 4069/4069/4069
f 3552/3552/3552 3550/3550/3550 3566/3566/3566
f 5036/5036/5036 5003/5003/5003 5006/5006/5006
f 4069/4069/4069 4062/4062/4062 4070/4070/4070
f 3550/3550/3550 3570/3570/3570 3566/3566/3566
f 4070/4070/4070 4062/4062/4062 4068/4068/4068
f 4068/4068/4068 4062/4062/4062 4064/4064/4064
f 4068/4068/4068 4064/4064/4064 4072/4072/4072
f 3783/3783/3783 3784/3784/3784 3782/3782/3782
f 3782/3782/3782 3784/3784/3784 3780/3780/3780
f 3780/3780/3780 3784/3784/3784 3788/3788/3788
f 3780/3780/3780 3789/3789/3789 3778/3778/3778
f 3778/3778/3778 3789/3789/3789 3776/3776/3776
f 3789/3789/3789 3790/3790/3790 3776/3776/3776
f 3776/3776/3776 3790/3790/3790 3767/3767/3767
f 3766/3766/3766 3767/3767/3767 3764/3764/3764
f 3763/3763/3763 3762/3762/3762 3761/3761/3761
f 3761/3761/3761 3762/3762/3762 3759/3759/3759
f 3760/3760/3760 3759/3759/3759 3757/3757/3757
f 3759/3759/3759 3758/3758/3758 3757/3757/3757
f 3758/3758/3758 3755/3755/3755 3757/3757/3757
f 3757/3757/3757 3755/3755/3755 3756/3756/3756
f 3755/3755/3755 3753/3753/3753 3752/3752/3752
f 3756/3756/3756 3755/3755/3755 3752/3752/3752
f 3752/3752/3752 3753/3753/3753 3754/3754/3754
f 3754/3754/3754 3769/3769/3769 3770/3770/3770
f 3771/3771/3771 3770/3770/3770 3772/3772/3772
f 3771/3771/3771 3772/3772/3772 3773/3773/3773
f 3774/3774/3774 3775/3775/3775 3792/3792/3792
f 3792/3792/3792 3775/3775/3775 3793/3793/3793
f 3793/3793/3793 3775/3775/3775 3805/3805/3805
f 3803/3803/3803 3804/3804/3804 3800/3800/3800
f 3803/3803/3803 3800/3800/3800 3802/3802/3802
f 3802/3802/3802 3800/3800/3800 3799/3799/3799
f 3797/3797/3797 3795/3795/3795 3794/3794/3794
f 3794/3794/3794 3795/3795/3795 3796/3796/3796
f 4898/4898/4898 4911/4911/4911 4910/4910/4910
f 4736/4736/4736 4705/4705/4705 4697/4697/4697
f 4697/4697/4697 4705/4705/4705 4696/4696/4696
f 4694/4694/4694 4696/4696/4696 4695/4695/4695
f 5289/5289/5289 5271/5271/5271 5087/5087/5087
f 4842/4842/4842 4849/4849/4849 4868/4868/4868
f 5087/5087/5087 5085/5085/5085 5082/5082/5082
f 5088/5088/5088 5089/5089/5089 5078/5078/5078
f 5078/5078/5078 5089/5089/5089 5074/5074/5074
f 5089/5089/5089 5090/5090/5090 5074/5074/5074
f 5074/5074/5074 5090/5090/5090 5091/5091/5091
f 5064/5064/5064 5094/5094/5094 5095/5095/5095
f 5095/5095/5095 5096/5096/5096 5064/5064/5064
f 5096/5096/5096 5195/5195/5195 5063/5063/5063
f 5063/5063/5063 5195/5195/5195 5194/5194/5194
f 5107/5107/5107 5193/5193/5193 5198/5198/5198
f 5107/5107/5107 5199/5199/5199 5200/5200/5200
f 5107/5107/5107 5200/5200/5200 5108/5108/5108
f 5108/5108/5108 5200/5200/5200 5201/5201/5201
f 3572/3572/3572 3563/3563/3563 3571/3571/3571
f 4084/4084/4084 4078/4078/4078 4074/4074/4074
f 3563/3563/3563 3564/3564/3564 3565/3565/3565
f 3571/3571/3571 3563/3563/3563 3565/3565/3565
f 3564/3564/3564 3562/3562/3562 3565/3565/3565
f 3565/3565/3565 3562/3562/3562 3675/3675/3675
f 3572/3572/3572 3702/3702/3702 3563/3563/3563
f 3563/3563/3563 3561/3561/3561 3564/3564/3564
f 3564/3564/3564 3561/3561/3561 3562/3562/3562
f 3562/3562/3562 3569/3569/3569 3675/3675/3675
f 3561/3561/3561 3559/3559/3559 3562/3562/3562
f 3562/3562/3562 3559/3559/3559 3569/3569/3569
f 3702/3702/3702 3721/3721/3721 3560/3560/3560
f 3702/3702/3702 3560/3560/3560 3563/3563/3563
f 4074/4074/4074 4055/4055/4055 4076/4076/4076
f 3563/3563/3563 3560/3560/3560 3561/3561/3561
f 3184/3184/3184 3234/3234/3234 3275/3275/3275
f 4058/4058/4058 4060/4060/4060 4062/4062/4062
f 4062/4062/4062 4063/4063/4063 4064/4064/4064
f 4064/4064/4064 4063/4063/4063 4065/4065/4065
f 4994/4994/4994 4995/4995/4995 4993/4993/4993
f 4065/4065/4065 4073/4073/4073 4064/4064/4064
f 4064/4064/4064 4073/4073/4073 4072/4072/4072
f 4072/4072/4072 4073/4073/4073 4123/4123/4123
f 4072/4072/4072 4123/4123/4123 4122/4122/4122
f 3837/3837/3837 3810/3810/3810 3786/3786/3786
f 3836/3836/3836 3837/3837/3837 3786/3786/3786
f 3786/3786/3786 3810/3810/3810 3785/3785/3785
f 3786/3786/3786 3785/3785/3785 3783/3783/3783
f 3783/3783/3783 3785/3785/3785 3784/3784/3784
f 3788/3788/3788 3789/3789/3789 3780/3780/3780
f 3767/3767/3767 3790/3790/3790 3764/3764/3764
f 3790/3790/3790 3791/3791/3791 3764/3764/3764
f 3764/3764/3764 3791/3791/3791 3763/3763/3763
f 3763/3763/3763 3791/3791/3791 3762/3762/3762
f 3754/3754/3754 3753/3753/3753 3769/3769/3769
f 3774/3774/3774 3772/3772/3772 3775/3775/3775
f 3804/3804/3804 3805/3805/3805 3800/3800/3800
f 3799/3799/3799 3800/3800/3800 3797/3797/3797
f 3795/3795/3795 3808/3808/3808 3796/3796/3796
f 3796/3796/3796 3808/3808/3808 3809/3809/3809
f 3808/3808/3808 3834/3834/3834 3809/3809/3809
f 3972/3972/3972 4017/4017/4017 4018/4018/4018
f 4736/4736/4736 4737/4737/4737 4705/4705/4705
f 4844/4844/4844 4867/4867/4867 4843/4843/4843
f 4844/4844/4844 4843/4843/4843 4837/4837/4837
f 4843/4843/4843 4849/4849/4849 4842/4842/4842
f 4837/4837/4837 4843/4843/4843 4842/4842/4842
f 4843/4843/4843 4850/4850/4850 4849/4849/4849
f 4849/4849/4849 4850/4850/4850 4857/4857/4857
f 5086/5086/5086 5223/5223/5223 5088/5088/5088
f 5089/5089/5089 5227/5227/5227 5090/5090/5090
f 5090/5090/5090 5222/5222/5222 5091/5091/5091
f 5091/5091/5091 5222/5222/5222 5234/5234/5234
f 5091/5091/5091 5234/5234/5234 5093/5093/5093
f 5197/5197/5197 5193/5193/5193 5194/5194/5194
f 5198/5198/5198 5199/5199/5199 5107/5107/5107
f 3240/3240/3240 3194/3194/3194 3145/3145/3145
f 4085/4085/4085 4081/4081/4081 4049/4049/4049
f 3576/3576/3576 3575/3575/3575 3574/3574/3574
f 4085/4085/4085 4049/4049/4049 4078/4078/4078
f 3574/3574/3574 3690/3690/3690 3688/3688/3688
f 3720/3720/3720 3571/3571/3571 3575/3575/3575
f 4049/4049/4049 4054/4054/4054 4078/4078/4078
f 3575/3575/3575 3571/3571/3571 3574/3574/3574
f 3571/3571/3571 3565/3565/3565 3574/3574/3574
f 3574/3574/3574 3565/3565/3565 3690/3690/3690
f 4078/4078/4078 4054/4054/4054 4074/4074/4074
f 4074/4074/4074 4054/4054/4054 4055/4055/4055
f 4055/4055/4055 4054/4054/4054 4051/4051/4051
f 3193/3193/3193 3276/3276/3276 3294/3294/3294
f 3193/3193/3193 3256/3256/3256 3276/3276/3276
f 4055/4055/4055 4057/4057/4057 4058/4058/4058
f 4058/4058/4058 4057/4057/4057 4059/4059/4059
f 4058/4058/4058 4059/4059/4059 4060/4060/4060
f 4062/4062/4062 4060/4060/4060 4063/4063/4063
f 4063/4063/4063 4075/4075/4075 4065/4065/4065
f 4075/4075/4075 4080/4080/4080 4065/4065/4065
f 4065/4065/4065 4080/4080/4080 4073/4073/4073
f 4080/4080/4080 4124/4124/4124 4073/4073/4073
f 4124/4124/4124 4123/4123/4123 4073/4073/4073
f 3810/3810/3810 3837/3837/3837 3825/3825/3825
f 3810/3810/3810 3825/3825/3825 3785/3785/3785
f 3785/3785/3785 3825/3825/3825 3784/3784/3784
f 3825/3825/3825 3823/3823/3823 3784/3784/3784
f 3784/3784/3784 3823/3823/3823 3788/3788/3788
f 3788/3788/3788 3823/3823/3823 3789/3789/3789
f 3789/3789/3789 3823/3823/3823 3839/3839/3839
f 3789/3789/3789 3839/3839/3839 3840/3840/3840
f 3789/3789/3789 3840/3840/3840 3790/3790/3790
f 3790/3790/3790 3840/3840/3840 3842/3842/3842
f 3790/3790/3790 3842/3842/3842 3791/3791/3791
f 3842/3842/3842 3838/3838/3838 3791/3791/3791
f 3791/3791/3791 3838/3838/3838 3762/3762/3762
f 3838/3838/3838 3826/3826/3826 3762/3762/3762
f 3762/3762/3762 3826/3826/3826 3759/3759/3759
f 3759/3759/3759 3826/3826/3826 3758/3758/3758
f 3755/3755/3755 3814/3814/3814 3753/3753/3753
f 3753/3753/3753 3814/3814/3814 3812/3812/3812
f 3753/3753/3753 3812/3812/3812 3769/3769/3769
f 3812/3812/3812 3813/3813/3813 3769/3769/3769
f 3769/3769/3769 3813/3813/3813 3770/3770/3770
f 3813/3813/3813 3817/3817/3817 3770/3770/3770
f 3770/3770/3770 3817/3817/3817 3772/3772/3772
f 3817/3817/3817 3822/3822/3822 3772/3772/3772
f 3772/3772/3772 3822/3822/3822 3775/3775/3775
f 3775/3775/3775 3822/3822/3822 3820/3820/3820
f 3775/3775/3775 3820/3820/3820 3805/3805/3805
f 3820/3820/3820 3819/3819/3819 3805/3805/3805
f 3805/3805/3805 3819/3819/3819 3800/3800/3800
f 3800/3800/3800 3819/3819/3819 3821/3821/3821
f 3800/3800/3800 3821/3821/3821 3797/3797/3797
f 3821/3821/3821 3811/3811/3811 3797/3797/3797
f 3797/3797/3797 3811/3811/3811 3795/3795/3795
f 3795/3795/3795 3811/3811/3811 3808/3808/3808
f 4696/4696/4696 4698/4698/4698 4695/4695/4695
f 4867/4867/4867 4851/4851/4851 4843/4843/4843
f 4843/4843/4843 4851/4851/4851 4850/4850/4850
f 5271/5271/5271 5268/5268/5268 5087/5087/5087
f 5087/5087/5087 5268/5268/5268 5085/5085/5085
f 5088/5088/5088 5225/5225/5225 5089/5089/5089
f 5093/5093/5093 5234/5234/5234 5233/5233/5233
f 5094/5094/5094 5093/5093/5093 5231/5231/5231
f 5094/5094/5094 5228/5228/5228 5095/5095/5095
f 5195/5195/5195 5096/5096/5096 5196/5196/5196
f 5195/5195/5195 5196/5196/5196 5194/5194/5194
f 5193/5193/5193 5292/5292/5292 5300/5300/5300
f 5193/5193/5193 5300/5300/5300 5198/5198/5198
f 5300/5300/5300 5327/5327/5327 5198/5198/5198
f 5327/5327/5327 5350/5350/5350 5199/5199/5199
f 5198/5198/5198 5327/5327/5327 5199/5199/5199
f 3589/3589/3589 3578/3578/3578 3580/3580/3580
f 3580/3580/3580 3578/3578/3578 3579/3579/3579
f 5199/5199/5199 5350/5350/5350 5351/5351/5351
f 3589/3589/3589 3590/3590/3590 3578/3578/3578
f 4095/4095/4095 4079/4079/4079 4081/4081/4081
f 5351/5351/5351 5200/5200/5200 5199/5199/5199
f 4079/4079/4079 4049/4049/4049 4081/4081/4081
f 3578/3578/3578 3577/3577/3577 3579/3579/3579
f 3579/3579/3579 3577/3577/3577 3608/3608/3608
f 3608/3608/3608 3577/3577/3577 3664/3664/3664
f 3590/3590/3590 3576/3576/3576 3578/3578/3578
f 3578/3578/3578 3576/3576/3576 3577/3577/3577
f 3576/3576/3576 3574/3574/3574 3577/3577/3577
f 3577/3577/3577 3688/3688/3688 3664/3664/3664
f 3577/3577/3577 3574/3574/3574 3688/3688/3688
f 3240/3240/3240 3241/3241/3241 3194/3194/3194
f 5052/5052/5052 4982/4982/4982 5050/5050/5050
f 5052/5052/5052 5051/5051/5051 4982/4982/4982
f 5051/5051/5051 4981/4981/4981 4982/4982/4982
f 3282/3282/3282 3287/3287/3287 3288/3288/3288
f 4055/4055/4055 4051/4051/4051 4056/4056/4056
f 4056/4056/4056 4057/4057/4057 4055/4055/4055
f 4060/4060/4060 4083/4083/4083 4063/4063/4063
f 4988/4988/4988 4990/4990/4990 5005/5005/5005
f 4083/4083/4083 4097/4097/4097 4063/4063/4063
f 4063/4063/4063 4097/4097/4097 4075/4075/4075
f 4990/4990/4990 5004/5004/5004 5005/5005/5005
f 4075/4075/4075 4097/4097/4097 4124/4124/4124
f 4075/4075/4075 4124/4124/4124 4080/4080/4080
f 782/782/782 781/781/781 778/778/778
f 813/813/813 819/819/819 811/811/811
f 1000/1000/1000 837/837/837 817/817/817
f 817/817/817 837/837/837 816/816/816
f 3969/3969/3969 3974/3974/3974 3970/3970/3970
f 3972/3972/3972 4002/4002/4002 4017/4017/4017
f 4705/4705/4705 4699/4699/4699 4696/4696/4696
f 4737/4737/4737 4706/4706/4706 4705/4705/4705
f 4017/4017/4017 4002/4002/4002 4112/4112/4112
f 4696/4696/4696 4699/4699/4699 4698/4698/4698
f 4867/4867/4867 4866/4866/4866 4851/4851/4851
f 4851/4851/4851 4852/4852/4852 4850/4850/4850
f 4852/4852/4852 4862/4862/4862 4857/4857/4857
f 4850/4850/4850 4852/4852/4852 4857/4857/4857
f 5268/5268/5268 5220/5220/5220 5085/5085/5085
f 5085/5085/5085 5220/5220/5220 5086/5086/5086
f 5086/5086/5086 5220/5220/5220 5223/5223/5223
f 5088/5088/5088 5223/5223/5223 5225/5225/5225
f 5089/5089/5089 5225/5225/5225 5227/5227/5227
f 5090/5090/5090 5221/5221/5221 5222/5222/5222
f 5094/5094/5094 5229/5229/5229 5228/5228/5228
f 5228/5228/5228 5056/5056/5056 5095/5095/5095
f 5095/5095/5095 5056/5056/5056 5096/5096/5096
f 5292/5292/5292 5193/5193/5193 5197/5197/5197
f 5355/5355/5355 5356/5356/5356 5292/5292/5292
f 5292/5292/5292 5356/5356/5356 5300/5300/5300
f 3582/3582/3582 3581/3581/3581 3583/3583/3583
f 3583/3583/3583 3581/3581/3581 3607/3607/3607
f 3698/3698/3698 3697/3697/3697 3582/3582/3582
f 5030/5030/5030 5044/5044/5044 5011/5011/5011
f 5030/5030/5030 5011/5011/5011 5017/5017/5017
f 3697/3697/3697 3580/3580/3580 3582/3582/3582
f 3582/3582/3582 3580/3580/3580 3581/3581/3581
f 3581/3581/3581 3587/3587/3587 3607/3607/3607
f 3697/3697/3697 3724/3724/3724 3580/3580/3580
f 4082/4082/4082 4043/4043/4043 4079/4079/4079
f 3580/3580/3580 3579/3579/3579 3581/3581/3581
f 3579/3579/3579 3588/3588/3588 3587/3587/3587
f 3581/3581/3581 3579/3579/3579 3587/3587/3587
f 4079/4079/4079 4043/4043/4043 4047/4047/4047
f 5044/5044/5044 5039/5039/5039 4983/4983/4983
f 5044/5044/5044 4983/4983/4983 5011/5011/5011
f 4079/4079/4079 4047/4047/4047 4049/4049/4049
f 5039/5039/5039 5038/5038/5038 4983/4983/4983
f 5038/5038/5038 5031/5031/5031 4983/4983/4983
f 5031/5031/5031 4982/4982/4982 4983/4983/4983
f 4049/4049/4049 4050/4050/4050 4051/4051/4051
f 4049/4049/4049 4051/4051/4051 4054/4054/4054
f 4056/4056/4056 4061/4061/4061 4057/4057/4057
f 4061/4061/4061 4067/4067/4067 4057/4057/4057
f 4057/4057/4057 4067/4067/4067 4059/4059/4059
f 4067/4067/4067 4090/4090/4090 4059/4059/4059
f 4059/4059/4059 4090/4090/4090 4060/4060/4060
f 4090/4090/4090 4128/4128/4128 4060/4060/4060
f 4060/4060/4060 4128/4128/4128 4083/4083/4083
f 765/765/765 787/787/787 763/763/763
f 823/823/823 822/822/822 824/824/824
f 843/843/843 844/844/844 845/845/845
f 1036/1036/1036 1005/1005/1005 1051/1051/1051
f 933/933/933 934/934/934 936/936/936
f 936/936/936 849/849/849 930/930/930
f 1051/1051/1051 1005/1005/1005 1050/1050/1050
f 836/836/836 838/838/838 833/833/833
f 3974/3974/3974 3973/3973/3973 3970/3970/3970
f 3970/3970/3970 3973/3973/3973 3972/3972/3972
f 4706/4706/4706 4707/4707/4707 4699/4699/4699
f 5289/5289/5289 5326/5326/5326 5280/5280/5280
f 5289/5289/5289 5280/5280/5280 5271/5271/5271
f 5271/5271/5271 5280/5280/5280 5268/5268/5268
f 5227/5227/5227 5226/5226/5226 5221/5221/5221
f 5227/5227/5227 5221/5221/5221 5090/5090/5090
f 5233/5233/5233 5231/5231/5231 5093/5093/5093
f 5094/5094/5094 5231/5231/5231 5229/5229/5229
f 5229/5229/5229 5230/5230/5230 5228/5228/5228
f 5228/5228/5228 5230/5230/5230 5053/5053/5053
f 5228/5228/5228 5053/5053/5053 5056/5056/5056
f 5096/5096/5096 5056/5056/5056 5058/5058/5058
f 5096/5096/5096 5058/5058/5058 5196/5196/5196
f 5058/5058/5058 5323/5323/5323 5196/5196/5196
f 5196/5196/5196 5323/5323/5323 5281/5281/5281
f 3739/3739/3739 3661/3661/3661 3594/3594/3594
f 5281/5281/5281 5260/5260/5260 5196/5196/5196
f 3739/3739/3739 3594/3594/3594 3737/3737/3737
f 4155/4155/4155 4131/4131/4131 4125/4125/4125
f 3593/3593/3593 3586/3586/3586 3594/3594/3594
f 3695/3695/3695 3585/3585/3585 3593/3593/3593
f 3696/3696/3696 3695/3695/3695 3593/3593/3593
f 3593/3593/3593 3585/3585/3585 3586/3586/3586
f 3586/3586/3586 3592/3592/3592 3594/3594/3594
f 3594/3594/3594 3592/3592/3592 3737/3737/3737
f 3695/3695/3695 3699/3699/3699 3585/3585/3585
f 3585/3585/3585 3584/3584/3584 3586/3586/3586
f 3584/3584/3584 3591/3591/3591 3592/3592/3592
f 3586/3586/3586 3584/3584/3584 3592/3592/3592
f 3226/3226/3226 3253/3253/3253 3254/3254/3254
f 3699/3699/3699 3582/3582/3582 3585/3585/3585
f 3585/3585/3585 3582/3582/3582 3584/3584/3584
f 3226/3226/3226 3198/3198/3198 3253/3253/3253
f 3699/3699/3699 3698/3698/3698 3582/3582/3582
f 3584/3584/3584 3583/3583/3583 3591/3591/3591
f 4088/4088/4088 4082/4082/4082 4120/4120/4120
f 4088/4088/4088 4042/4042/4042 4082/4082/4082
f 4082/4082/4082 4042/4042/4042 4043/4043/4043
f 4043/4043/4043 4045/4045/4045 4047/4047/4047
f 4045/4045/4045 4048/4048/4048 4047/4047/4047
f 4048/4048/4048 4049/4049/4049 4047/4047/4047
f 4048/4048/4048 4050/4050/4050 4049/4049/4049
f 4050/4050/4050 4052/4052/4052 4051/4051/4051
f 4052/4052/4052 4066/4066/4066 4051/4051/4051
f 4066/4066/4066 4093/4093/4093 4056/4056/4056
f 4051/4051/4051 4066/4066/4066 4056/4056/4056
f 4093/4093/4093 4096/4096/4096 4056/4056/4056
f 4056/4056/4056 4096/4096/4096 4061/4061/4061
f 4061/4061/4061 4096/4096/4096 4134/4134/4134
f 4061/4061/4061 4134/4134/4134 4067/4067/4067
f 588/588/588 858/858/858 585/585/585
f 1059/1059/1059 1044/1044/1044 1034/1034/1034
f 1059/1059/1059 1034/1034/1034 1039/1039/1039
f 1039/1039/1039 1034/1034/1034 1006/1006/1006
f 1039/1039/1039 1006/1006/1006 1036/1036/1036
f 4898/4898/4898 4894/4894/4894 4911/4911/4911
f 4695/4695/4695 4704/4704/4704 4709/4709/4709
f 4707/4707/4707 4702/4702/4702 4699/4699/4699
f 4702/4702/4702 4701/4701/4701 4699/4699/4699
f 4699/4699/4699 4701/4701/4701 4700/4700/4700
f 4699/4699/4699 4700/4700/4700 4698/4698/4698
f 4866/4866/4866 4853/4853/4853 4851/4851/4851
f 4851/4851/4851 4853/4853/4853 4852/4852/4852
f 5268/5268/5268 5270/5270/5270 5220/5220/5220
f 5220/5220/5220 5270/5270/5270 5252/5252/5252
f 5220/5220/5220 5252/5252/5252 5223/5223/5223
f 5225/5225/5225 5224/5224/5224 5226/5226/5226
f 5225/5225/5225 5226/5226/5226 5227/5227/5227
f 5247/5247/5247 5234/5234/5234 5222/5222/5222
f 5053/5053/5053 5054/5054/5054 5055/5055/5055
f 5053/5053/5053 5055/5055/5055 5056/5056/5056
f 5055/5055/5055 5057/5057/5057 5056/5056/5056
f 5056/5056/5056 5057/5057/5057 5058/5058/5058
f 3600/3600/3600 3682/3682/3682 3746/3746/3746
f 3600/3600/3600 3680/3680/3680 3597/3597/3597
f 3600/3600/3600 3746/3746/3746 3680/3680/3680
f 3596/3596/3596 3661/3661/3661 3694/3694/3694
f 3746/3746/3746 3689/3689/3689 3680/3680/3680
f 3680/3680/3680 3689/3689/3689 3597/3597/3597
f 4040/4040/4040 4039/4039/4039 4035/4035/4035
f 3689/3689/3689 3593/3593/3593 3597/3597/3597
f 3593/3593/3593 3595/3595/3595 3596/3596/3596
f 3597/3597/3597 3593/3593/3593 3596/3596/3596
f 3596/3596/3596 3595/3595/3595 3661/3661/3661
f 4817/4817/4817 4818/4818/4818 4816/4816/4816
f 3595/3595/3595 3594/3594/3594 3661/3661/3661
f 4818/4818/4818 4819/4819/4819 4816/4816/4816
f 4040/4040/4040 4089/4089/4089 4131/4131/4131
f 4040/4040/4040 4035/4035/4035 4089/4089/4089
f 3593/3593/3593 3594/3594/3594 3595/3595/3595
f 4089/4089/4089 4125/4125/4125 4131/4131/4131
f 4818/4818/4818 4820/4820/4820 4819/4819/4819
f 4089/4089/4089 4088/4088/4088 4125/4125/4125
f 4089/4089/4089 4035/4035/4035 4088/4088/4088
f 4820/4820/4820 4829/4829/4829 4819/4819/4819
f 4088/4088/4088 4035/4035/4035 4037/4037/4037
f 4088/4088/4088 4037/4037/4037 4042/4042/4042
f 4042/4042/4042 4037/4037/4037 4041/4041/4041
f 4042/4042/4042 4041/4041/4041 4043/4043/4043
f 4041/4041/4041 4044/4044/4044 4043/4043/4043
f 4043/4043/4043 4044/4044/4044 4045/4045/4045
f 4044/4044/4044 4046/4046/4046 4045/4045/4045
f 4045/4045/4045 4046/4046/4046 4048/4048/4048
f 4048/4048/4048 4046/4046/4046 4050/4050/4050
f 4050/4050/4050 4046/4046/4046 4053/4053/4053
f 4053/4053/4053 4052/4052/4052 4050/4050/4050
f 4053/4053/4053 4086/4086/4086 4052/4052/4052
f 4052/4052/4052 4086/4086/4086 4066/4066/4066
f 4086/4086/4086 4157/4157/4157 4066/4066/4066
f 4976/4976/4976 5021/5021/5021 5020/5020/5020
f 4066/4066/4066 4157/4157/4157 4158/4158/4158
f 4066/4066/4066 4158/4158/4158 4093/4093/4093
f 4976/4976/4976 4984/4984/4984 5021/5021/5021
f 1055/1055/1055 1038/1038/1038 1045/1045/1045
f 1045/1045/1045 1038/1038/1038 978/978/978
f 748/748/748 362/362/362 749/749/749
f 1045/1045/1045 978/978/978 1044/1044/1044
f 4707/4707/4707 4723/4723/4723 4702/4702/4702
f 5326/5326/5326 5347/5347/5347 5279/5279/5279
f 5326/5326/5326 5279/5279/5279 5280/5280/5280
f 4866/4866/4866 4864/4864/4864 4853/4853/4853
f 5279/5279/5279 5270/5270/5270 5280/5280/5280
f 5252/5252/5252 5224/5224/5224 5223/5223/5223
f 5223/5223/5223 5224/5224/5224 5225/5225/5225
f 5224/5224/5224 5254/5254/5254 5226/5226/5226
f 5226/5226/5226 5248/5248/5248 5221/5221/5221
f 5221/5221/5221 5248/5248/5248 5247/5247/5247
f 5221/5221/5221 5247/5247/5247 5222/5222/5222
f 5229/5229/5229 5330/5330/5330 5329/5329/5329
f 5229/5229/5229 5329/5329/5329 5230/5230/5230
f 3196/3196/3196 3229/3229/3229 3124/3124/3124
f 5230/5230/5230 5329/5329/5329 5054/5054/5054
f 3604/3604/3604 3609/3609/3609 3610/3610/3610
f 3604/3604/3604 3610/3610/3610 3601/3601/3601
f 3674/3674/3674 3606/3606/3606 3605/3605/3605
f 3601/3601/3601 3603/3603/3603 3604/3604/3604
f 5054/5054/5054 5295/5295/5295 5230/5230/5230
f 3610/3610/3610 3701/3701/3701 3601/3601/3601
f 4133/4133/4133 4116/4116/4116 4026/4026/4026
f 4133/4133/4133 4026/4026/4026 4142/4142/4142
f 3601/3601/3601 3598/3598/3598 3603/3603/3603
f 3603/3603/3603 3598/3598/3598 3670/3670/3670
f 3603/3603/3603 3670/3670/3670 3674/3674/3674
f 4026/4026/4026 4039/4039/4039 4142/4142/4142
f 4026/4026/4026 4027/4027/4027 4039/4039/4039
f 4803/4803/4803 4804/4804/4804 4802/4802/4802
f 4039/4039/4039 4135/4135/4135 4142/4142/4142
f 3701/3701/3701 3682/3682/3682 3601/3601/3601
f 3682/3682/3682 3599/3599/3599 3601/3601/3601
f 3601/3601/3601 3599/3599/3599 3598/3598/3598
f 3598/3598/3598 3602/3602/3602 3670/3670/3670
f 4803/4803/4803 4806/4806/4806 4805/4805/4805
f 4803/4803/4803 4805/4805/4805 4804/4804/4804
f 4805/4805/4805 4810/4810/4810 4804/4804/4804
f 4039/4039/4039 4040/4040/4040 4135/4135/4135
f 3599/3599/3599 3597/3597/3597 3598/3598/3598
f 3597/3597/3597 3596/3596/3596 3598/3598/3598
f 3598/3598/3598 3596/3596/3596 3602/3602/3602
f 4039/4039/4039 4029/4029/4029 4032/4032/4032
f 4806/4806/4806 4807/4807/4807 4805/4805/4805
f 4805/4805/4805 4807/4807/4807 4812/4812/4812
f 4805/4805/4805 4812/4812/4812 4810/4810/4810
f 4039/4039/4039 4032/4032/4032 4035/4035/4035
f 4035/4035/4035 4032/4032/4032 4034/4034/4034
f 4035/4035/4035 4034/4034/4034 4036/4036/4036
f 4035/4035/4035 4036/4036/4036 4037/4037/4037
f 4036/4036/4036 4038/4038/4038 4037/4037/4037
f 4037/4037/4037 4038/4038/4038 4041/4041/4041
f 4038/4038/4038 4118/4118/4118 4041/4041/4041
f 4041/4041/4041 4118/4118/4118 4044/4044/4044
f 4968/4968/4968 4969/4969/4969 5015/5015/5015
f 4044/4044/4044 4118/4118/4118 4046/4046/4046
f 1058/1058/1058 1040/1040/1040 1060/1060/1060
f 1060/1060/1060 1040/1040/1040 1037/1037/1037
f 573/573/573 574/574/574 571/571/571
f 1060/1060/1060 1037/1037/1037 1061/1061/1061
f 365/365/365 366/366/366 367/367/367
f 366/366/366 370/370/370 369/369/369
f 367/367/367 366/366/366 369/369/369
f 11/11/11 373/373/373 372/372/372
f 602/602/602 906/906/906 537/537/537
f 3973/3973/3973 4003/4003/4003 4002/4002/4002
f 3972/3972/3972 3973/3973/3973 4002/4002/4002
f 4723/4723/4723 4711/4711/4711 4702/4702/4702
f 4702/4702/4702 4711/4711/4711 4710/4710/4710
f 4702/4702/4702 4710/4710/4710 4701/4701/4701
f 4701/4701/4701 4703/4703/4703 4700/4700/4700
f 4700/4700/4700 4703/4703/4703 4704/4704/4704
f 4704/4704/4704 4703/4703/4703 4739/4739/4739
f 5347/5347/5347 5278/5278/5278 5279/5279/5279
f 4853/4853/4853 4854/4854/4854 4852/4852/4852
f 4854/4854/4854 4863/4863/4863 4862/4862/4862
f 4852/4852/4852 4854/4854/4854 4862/4862/4862
f 5224/5224/5224 5275/5275/5275 5258/5258/5258
f 5258/5258/5258 5254/5254/5254 5224/5224/5224
f 5226/5226/5226 5254/5254/5254 5249/5249/5249
f 5226/5226/5226 5249/5249/5249 5248/5248/5248
f 5248/5248/5248 5249/5249/5249 5247/5247/5247
f 5332/5332/5332 5253/5253/5253 5247/5247/5247
f 3715/3715/3715 3653/3653/3653 3716/3716/3716
f 5253/5253/5253 5234/5234/5234 5247/5247/5247
f 3653/3653/3653 3617/3617/3617 3716/3716/3716
f 5253/5253/5253 5233/5233/5233 5234/5234/5234
f 5253/5253/5253 5315/5315/5315 5233/5233/5233
f 3716/3716/3716 3617/3617/3617 3719/3719/3719
f 3617/3617/3617 3616/3616/3616 3719/3719/3719
f 3619/3619/3619 3614/3614/3614 3615/3615/3615
f 5315/5315/5315 5231/5231/5231 5233/5233/5233
f 3614/3614/3614 3613/3613/3613 3615/3615/3615
f 3719/3719/3719 3651/3651/3651 3738/3738/3738
f 3719/3719/3719 3616/3616/3616 3651/3651/3651
f 3693/3693/3693 3611/3611/3611 3614/3614/3614
f 3614/3614/3614 3611/3611/3611 3613/3613/3613
f 3613/3613/3613 3618/3618/3618 3651/3651/3651
f 3651/3651/3651 3618/3618/3618 3723/3723/3723
f 3651/3651/3651 3723/3723/3723 3738/3738/3738
f 3693/3693/3693 3700/3700/3700 3611/3611/3611
f 3611/3611/3611 3612/3612/3612 3613/3613/3613
f 3613/3613/3613 3612/3612/3612 3618/3618/3618
f 3611/3611/3611 3606/3606/3606 3612/3612/3612
f 3612/3612/3612 3606/3606/3606 3618/3618/3618
f 3700/3700/3700 3609/3609/3609 3611/3611/3611
f 3611/3611/3611 3609/3609/3609 3606/3606/3606
f 4797/4797/4797 4791/4791/4791 4796/4796/4796
f 3700/3700/3700 3734/3734/3734 3609/3609/3609
f 4797/4797/4797 4798/4798/4798 4791/4791/4791
f 4799/4799/4799 4800/4800/4800 4791/4791/4791
f 4798/4798/4798 4799/4799/4799 4791/4791/4791
f 3609/3609/3609 3604/3604/3604 3606/3606/3606
f 4799/4799/4799 4801/4801/4801 4800/4800/4800
f 3734/3734/3734 3610/3610/3610 3609/3609/3609
f 3604/3604/3604 3605/3605/3605 3606/3606/3606
f 4801/4801/4801 4802/4802/4802 4800/4800/4800
f 4800/4800/4800 4802/4802/4802 4809/4809/4809
f 4024/4024/4024 4026/4026/4026 4116/4116/4116
f 4024/4024/4024 4010/4010/4010 4026/4026/4026
f 4802/4802/4802 4828/4828/4828 4809/4809/4809
f 4026/4026/4026 4010/4010/4010 4027/4027/4027
f 4802/4802/4802 4804/4804/4804 4828/4828/4828
f 4027/4027/4027 4029/4029/4029 4039/4039/4039
f 4029/4029/4029 4031/4031/4031 4032/4032/4032
f 4958/4958/4958 4959/4959/4959 4954/4954/4954
f 4959/4959/4959 4956/4956/4956 4954/4954/4954
f 4031/4031/4031 4033/4033/4033 4032/4032/4032
f 4032/4032/4032 4033/4033/4033 4034/4034/4034
f 4033/4033/4033 4091/4091/4091 4034/4034/4034
f 4034/4034/4034 4091/4091/4091 4036/4036/4036
f 4091/4091/4091 4132/4132/4132 4036/4036/4036
f 4962/4962/4962 4964/4964/4964 4961/4961/4961
f 4962/4962/4962 4963/4963/4963 4964/4964/4964
f 4036/4036/4036 4132/4132/4132 4038/4038/4038
f 102/102/102 97/97/97 95/95/95
f 1056/1056/1056 1054/1054/1054 1011/1011/1011
f 1056/1056/1056 1011/1011/1011 1057/1057/1057
f 1011/1011/1011 993/993/993 1041/1041/1041
f 3974/3974/3974 3975/3975/3975 3973/3973/3973
f 4003/4003/4003 3973/3973/3973 4004/4004/4004
f 4724/4724/4724 4725/4725/4725 4711/4711/4711
f 4723/4723/4723 4724/4724/4724 4711/4711/4711
f 4731/4731/4731 4712/4712/4712 4710/4710/4710
f 4712/4712/4712 4713/4713/4713 4701/4701/4701
f 4710/4710/4710 4712/4712/4712 4701/4701/4701
f 4701/4701/4701 4713/4713/4713 4703/4703/4703
f 4703/4703/4703 4713/4713/4713 4714/4714/4714
f 4703/4703/4703 4714/4714/4714 4739/4739/4739
f 4864/4864/4864 4865/4865/4865 4856/4856/4856
f 4864/4864/4864 4856/4856/4856 4853/4853/4853
f 4853/4853/4853 4856/4856/4856 4855/4855/4855
f 4853/4853/4853 4855/4855/4855 4854/4854/4854
f 4854/4854/4854 4855/4855/4855 4863/4863/4863
f 5279/5279/5279 5278/5278/5278 5270/5270/5270
f 5270/5270/5270 5278/5278/5278 5276/5276/5276
f 5275/5275/5275 5277/5277/5277 5258/5258/5258
f 5277/5277/5277 5333/5333/5333 5258/5258/5258
f 5258/5258/5258 5333/5333/5333 5336/5336/5336
f 5258/5258/5258 5336/5336/5336 5254/5254/5254
f 5336/5336/5336 5346/5346/5346 5254/5254/5254
f 5254/5254/5254 5346/5346/5346 5339/5339/5339
f 5254/5254/5254 5339/5339/5339 5255/5255/5255
f 5255/5255/5255 5321/5321/5321 5249/5249/5249
f 5254/5254/5254 5255/5255/5255 5249/5249/5249
f 3654/3654/3654 3671/3671/3671 3718/3718/3718
f 3654/3654/3654 3625/3625/3625 3671/3671/3671
f 3624/3624/3624 3623/3623/3623 3625/3625/3625
f 3626/3626/3626 3624/3624/3624 3625/3625/3625
f 3625/3625/3625 3623/3623/3623 3671/3671/3671
f 3623/3623/3623 3652/3652/3652 3671/3671/3671
f 3671/3671/3671 3652/3652/3652 3718/3718/3718
f 3624/3624/3624 3622/3622/3622 3623/3623/3623
f 3652/3652/3652 3717/3717/3717 3718/3718/3718
f 3624/3624/3624 3662/3662/3662 3622/3622/3622
f 3622/3622/3622 3621/3621/3621 3623/3623/3623
f 3623/3623/3623 3621/3621/3621 3652/3652/3652
f 3662/3662/3662 3663/3663/3663 3622/3622/3622
f 3662/3662/3662 3708/3708/3708 3663/3663/3663
f 3621/3621/3621 3653/3653/3653 3652/3652/3652
f 3652/3652/3652 3653/3653/3653 3715/3715/3715
f 3652/3652/3652 3715/3715/3715 3717/3717/3717
f 3663/3663/3663 3620/3620/3620 3622/3622/3622
f 3622/3622/3622 3620/3620/3620 3621/3621/3621
f 4106/4106/4106 4107/4107/4107 3993/3993/3993
f 3620/3620/3620 3617/3617/3617 3621/3621/3621
f 3621/3621/3621 3617/3617/3617 3653/3653/3653
f 3708/3708/3708 3712/3712/3712 3663/3663/3663
f 4106/4106/4106 3993/3993/3993 4099/4099/4099
f 3712/3712/3712 3691/3691/3691 3663/3663/3663
f 3663/3663/3663 3691/3691/3691 3620/3620/3620
f 4099/4099/4099 3993/3993/3993 4006/4006/4006
f 3691/3691/3691 3619/3619/3619 3620/3620/3620
f 3620/3620/3620 3619/3619/3619 3617/3617/3617
f 4792/4792/4792 4784/4784/4784 4777/4777/4777
f 3742/3742/3742 3710/3710/3710 3691/3691/3691
f 3712/3712/3712 3742/3742/3742 3691/3691/3691
f 4099/4099/4099 4006/4006/4006 4098/4098/4098
f 3691/3691/3691 3710/3710/3710 3619/3619/3619
f 3619/3619/3619 3615/3615/3615 3617/3617/3617
f 3615/3615/3615 3616/3616/3616 3617/3617/3617
f 4784/4784/4784 4778/4778/4778 4777/4777/4777
f 3710/3710/3710 3614/3614/3614 3619/3619/3619
f 4784/4784/4784 4782/4782/4782 4778/4778/4778
f 4098/4098/4098 4130/4130/4130 4153/4153/4153
f 3710/3710/3710 3693/3693/3693 3614/3614/3614
f 4782/4782/4782 4781/4781/4781 4778/4778/4778
f 4098/4098/4098 4025/4025/4025 4130/4130/4130
f 4098/4098/4098 4006/4006/4006 4025/4025/4025
f 4782/4782/4782 4783/4783/4783 4781/4781/4781
f 4025/4025/4025 4129/4129/4129 4130/4130/4130
f 4025/4025/4025 4006/4006/4006 4008/4008/4008
f 4782/4782/4782 4785/4785/4785 4783/4783/4783
f 4783/4783/4783 4789/4789/4789 4781/4781/4781
f 4785/4785/4785 4786/4786/4786 4783/4783/4783
f 4783/4783/4783 4786/4786/4786 4789/4789/4789
f 4786/4786/4786 4791/4791/4791 4789/4789/4789
f 4025/4025/4025 4024/4024/4024 4116/4116/4116
f 4025/4025/4025 4116/4116/4116 4129/4129/4129
f 4025/4025/4025 4008/4008/4008 4024/4024/4024
f 4791/4791/4791 4813/4813/4813 4789/4789/4789
f 4024/4024/4024 4008/4008/4008 4010/4010/4010
f 4010/4010/4010 4028/4028/4028 4027/4027/4027
f 4027/4027/4027 4028/4028/4028 4029/4029/4029
f 4028/4028/4028 4030/4030/4030 4029/4029/4029
f 4029/4029/4029 4030/4030/4030 4031/4031/4031
f 4030/4030/4030 4117/4117/4117 4031/4031/4031
f 4117/4117/4117 4136/4136/4136 4033/4033/4033
f 4031/4031/4031 4117/4117/4117 4033/4033/4033
f 4033/4033/4033 4136/4136/4136 4150/4150/4150
f 4033/4033/4033 4150/4150/4150 4091/4091/4091
f 638/638/638 640/640/640 636/636/636
f 116/116/116 121/121/121 99/99/99
f 122/122/122 84/84/84 123/123/123
f 25/25/25 125/125/125 26/26/26
f 408/408/408 413/413/413 428/428/428
f 553/553/553 559/559/559 872/872/872
f 2266/2266/2266 2557/2557/2557 2329/2329/2329
f 3722/3722/3722 3649/3649/3649 3655/3655/3655
f 4865/4865/4865 4860/4860/4860 4856/4856/4856
f 4856/4856/4856 4860/4860/4860 4855/4855/4855
f 3643/3643/3643 3639/3639/3639 3649/3649/3649
f 3669/3669/3669 3643/3643/3643 3649/3649/3649
f 4004/4004/4004 3973/3973/3973 3992/3992/3992
f 3649/3649/3649 3639/3639/3639 3645/3645/3645
f 3649/3649/3649 3645/3645/3645 3655/3655/3655
f 3655/3655/3655 3645/3645/3645 3687/3687/3687
f 3687/3687/3687 3645/3645/3645 3656/3656/3656
f 3657/3657/3657 3641/3641/3641 3726/3726/3726
f 4855/4855/4855 4877/4877/4877 4863/4863/4863
f 4768/4768/4768 4762/4762/4762 4790/4790/4790
f 4855/4855/4855 4860/4860/4860 4877/4877/4877
f 4790/4790/4790 4762/4762/4762 4788/4788/4788
f 3973/3973/3973 3978/3978/3978 3992/3992/3992
f 3645/3645/3645 3639/3639/3639 3641/3641/3641
f 3645/3645/3645 3641/3641/3641 3656/3656/3656
f 3643/3643/3643 3637/3637/3637 3639/3639/3639
f 3637/3637/3637 3638/3638/3638 3639/3639/3639
f 3639/3639/3639 3638/3638/3638 3641/3641/3641
f 3638/3638/3638 3640/3640/3640 3641/3641/3641
f 3640/3640/3640 3727/3727/3727 3726/3726/3726
f 3641/3641/3641 3640/3640/3640 3726/3726/3726
f 3643/3643/3643 3706/3706/3706 3637/3637/3637
f 3992/3992/3992 3978/3978/3978 3991/3991/3991
f 3637/3637/3637 3633/3633/3633 3638/3638/3638
f 3706/3706/3706 3632/3632/3632 3637/3637/3637
f 3637/3637/3637 3632/3632/3632 3633/3633/3633
f 3633/3633/3633 3634/3634/3634 3638/3638/3638
f 3638/3638/3638 3634/3634/3634 3640/3640/3640
f 3634/3634/3634 3647/3647/3647 3640/3640/3640
f 3640/3640/3640 3647/3647/3647 3714/3714/3714
f 3640/3640/3640 3714/3714/3714 3727/3727/3727
f 3632/3632/3632 3630/3630/3630 3633/3633/3633
f 3706/3706/3706 3707/3707/3707 3632/3632/3632
f 3991/3991/3991 3978/3978/3978 3982/3982/3982
f 3633/3633/3633 3630/3630/3630 3634/3634/3634
f 3707/3707/3707 3631/3631/3631 3632/3632/3632
f 3632/3632/3632 3631/3631/3631 3630/3630/3630
f 3630/3630/3630 3635/3635/3635 3634/3634/3634
f 3634/3634/3634 3635/3635/3635 3646/3646/3646
f 3634/3634/3634 3646/3646/3646 3647/3647/3647
f 3647/3647/3647 3646/3646/3646 3713/3713/3713
f 3647/3647/3647 3713/3713/3713 3714/3714/3714
f 3631/3631/3631 3628/3628/3628 3630/3630/3630
f 3635/3635/3635 3665/3665/3665 3646/3646/3646
f 3646/3646/3646 3665/3665/3665 3667/3667/3667
f 3646/3646/3646 3667/3667/3667 3713/3713/3713
f 3628/3628/3628 3629/3629/3629 3630/3630/3630
f 3630/3630/3630 3629/3629/3629 3635/3635/3635
f 3665/3665/3665 3732/3732/3732 3667/3667/3667
f 3665/3665/3665 3731/3731/3731 3732/3732/3732
f 3707/3707/3707 3735/3735/3735 3631/3631/3631
f 3635/3635/3635 3644/3644/3644 3665/3665/3665
f 3665/3665/3665 3644/3644/3644 3666/3666/3666
f 3665/3665/3665 3666/3666/3666 3731/3731/3731
f 3644/3644/3644 3668/3668/3668 3666/3666/3666
f 3629/3629/3629 3636/3636/3636 3635/3635/3635
f 3635/3635/3635 3636/3636/3636 3644/3644/3644
f 3628/3628/3628 3626/3626/3626 3629/3629/3629
f 3629/3629/3629 3626/3626/3626 3636/3636/3636
f 3735/3735/3735 3736/3736/3736 3631/3631/3631
f 3636/3636/3636 3654/3654/3654 3644/3644/3644
f 3644/3644/3644 3654/3654/3654 3668/3668/3668
f 4753/4753/4753 4765/4765/4765 4764/4764/4764
f 3736/3736/3736 3642/3642/3642 3631/3631/3631
f 3642/3642/3642 3627/3627/3627 3628/3628/3628
f 3631/3631/3631 3642/3642/3642 3628/3628/3628
f 3628/3628/3628 3627/3627/3627 3626/3626/3626
f 4753/4753/4753 4766/4766/4766 4765/4765/4765
f 4766/4766/4766 4776/4776/4776 4765/4765/4765
f 3636/3636/3636 3625/3625/3625 3654/3654/3654
f 3626/3626/3626 3625/3625/3625 3636/3636/3636
f 4779/4779/4779 4769/4769/4769 4753/4753/4753
f 4780/4780/4780 4779/4779/4779 4753/4753/4753
f 4753/4753/4753 4769/4769/4769 4766/4766/4766
f 3736/3736/3736 3658/3658/3658 3642/3642/3642
f 3642/3642/3642 3658/3658/3658 3627/3627/3627
f 3627/3627/3627 3624/3624/3624 3626/3626/3626
f 3658/3658/3658 3624/3624/3624 3627/3627/3627
f 4769/4769/4769 4770/4770/4770 4766/4766/4766
f 4766/4766/4766 4770/4770/4770 4776/4776/4776
f 3985/3985/3985 3988/3988/3988 4113/4113/4113
f 3658/3658/3658 3662/3662/3662 3624/3624/3624
f 4779/4779/4779 4771/4771/4771 4769/4769/4769
f 3988/3988/3988 4107/4107/4107 4113/4113/4113
f 4113/4113/4113 4107/4107/4107 4140/4140/4140
f 4771/4771/4771 4770/4770/4770 4769/4769/4769
f 4107/4107/4107 4106/4106/4106 4140/4140/4140
f 4771/4771/4771 4772/4772/4772 4770/4770/4770
f 3988/3988/3988 3993/3993/3993 4107/4107/4107
f 3988/3988/3988 3989/3989/3989 3993/3993/3993
f 4770/4770/4770 4811/4811/4811 4776/4776/4776
f 4771/4771/4771 4774/4774/4774 4772/4772/4772
f 4772/4772/4772 4773/4773/4773 4770/4770/4770
f 4770/4770/4770 4773/4773/4773 4811/4811/4811
f 3993/3993/3993 3994/3994/3994 4006/4006/4006
f 4774/4774/4774 4775/4775/4775 4772/4772/4772
f 4772/4772/4772 4775/4775/4775 4773/4773/4773
f 4774/4774/4774 4777/4777/4777 4775/4775/4775
f 4775/4775/4775 4787/4787/4787 4773/4773/4773
f 4773/4773/4773 4787/4787/4787 4811/4811/4811
f 5033/5033/5033 4931/4931/4931 4935/4935/4935
f 3994/3994/3994 3996/3996/3996 4006/4006/4006
f 5033/5033/5033 4940/4940/4940 4931/4931/4931
f 3996/3996/3996 4007/4007/4007 4006/4006/4006
f 4006/4006/4006 4007/4007/4007 4008/4008/4008
f 4940/4940/4940 4939/4939/4939 4931/4931/4931
f 4939/4939/4939 4932/4932/4932 4931/4931/4931
f 4007/4007/4007 4009/4009/4009 4008/4008/4008
f 4008/4008/4008 4009/4009/4009 4010/4010/4010
f 4939/4939/4939 4942/4942/4942 4932/4932/4932
f 4009/4009/4009 4115/4115/4115 4010/4010/4010
f 4942/4942/4942 4943/4943/4943 4932/4932/4932
f 4010/4010/4010 4115/4115/4115 4028/4028/4028
f 4115/4115/4115 4148/4148/4148 4028/4028/4028
f 4028/4028/4028 4148/4148/4148 4030/4030/4030
f 1032/1032/1032 999/999/999 713/713/713
f 1032/1032/1032 713/713/713 1031/1031/1031
f 726/726/726 722/722/722 721/721/721
f 2301/2301/2301 2442/2442/2442 2439/2439/2439
f 2560/2560/2560 2456/2456/2456 2330/2330/2330
f 2560/2560/2560 2330/2330/2330 2559/2559/2559
f 2559/2559/2559 2330/2330/2330 2557/2557/2557
f 2557/2557/2557 2330/2330/2330 2329/2329/2329
f 3975/3975/3975 3976/3976/3976 3973/3973/3973
f 3973/3973/3973 3976/3976/3976 3977/3977/3977
f 4767/4767/4767 4762/4762/4762 4768/4768/4768
f 3973/3973/3973 3977/3977/3977 3978/3978/3978
f 4761/4761/4761 4760/4760/4760 4767/4767/4767
f 4767/4767/4767 4760/4760/4760 4762/4762/4762
f 4760/4760/4760 4759/4759/4759 4762/4762/4762
f 4762/4762/4762 4759/4759/4759 4788/4788/4788
f 4758/4758/4758 4755/4755/4755 4760/4760/4760
f 4761/4761/4761 4758/4758/4758 4760/4760/4760
f 4760/4760/4760 4755/4755/4755 4759/4759/4759
f 4759/4759/4759 4794/4794/4794 4788/4788/4788
f 4755/4755/4755 4756/4756/4756 4759/4759/4759
f 4759/4759/4759 4756/4756/4756 4794/4794/4794
f 4755/4755/4755 4754/4754/4754 4756/4756/4756
f 4756/4756/4756 4754/4754/4754 4794/4794/4794
f 4758/4758/4758 4757/4757/4757 4755/4755/4755
f 3978/3978/3978 3981/3981/3981 3982/3982/3982
f 4757/4757/4757 4750/4750/4750 4755/4755/4755
f 4755/4755/4755 4750/4750/4750 4754/4754/4754
f 4754/4754/4754 4814/4814/4814 4794/4794/4794
f 4750/4750/4750 4752/4752/4752 4754/4754/4754
f 4754/4754/4754 4752/4752/4752 4814/4814/4814
f 4757/4757/4757 4751/4751/4751 4750/4750/4750
f 4750/4750/4750 4751/4751/4751 4752/4752/4752
f 5040/5040/5040 4923/4923/4923 4922/4922/4922
f 3982/3982/3982 3981/3981/3981 3984/3984/3984
f 3981/3981/3981 3983/3983/3983 3984/3984/3984
f 4751/4751/4751 4763/4763/4763 4753/4753/4753
f 4751/4751/4751 4753/4753/4753 4752/4752/4752
f 5040/5040/5040 5035/5035/5035 4923/4923/4923
f 3984/3984/3984 3983/3983/3983 3985/3985/3985
f 5035/5035/5035 4937/4937/4937 4923/4923/4923
f 3985/3985/3985 3983/3983/3983 3986/3986/3986
f 3985/3985/3985 3986/3986/3986 3987/3987/3987
f 3985/3985/3985 3987/3987/3987 3988/3988/3988
f 3988/3988/3988 3987/3987/3987 3989/3989/3989
f 3989/3989/3989 3994/3994/3994 3993/3993/3993
f 3989/3989/3989 3995/3995/3995 3994/3994/3994
f 3995/3995/3995 3996/3996/3996 3994/3994/3994
f 3995/3995/3995 4012/4012/4012 3996/3996/3996
f 4012/4012/4012 4013/4013/4013 3996/3996/3996
f 3996/3996/3996 4013/4013/4013 4007/4007/4007
f 4007/4007/4007 4013/4013/4013 4115/4115/4115
f 4007/4007/4007 4115/4115/4115 4009/4009/4009
f 950/950/950 467/467/467 510/510/510
f 2440/2440/2440 2550/2550/2550 2422/2422/2422
f 3990/3990/3990 3976/3976/3976 3975/3975/3975
f 2436/2436/2436 2439/2439/2439 2553/2553/2553
f 2436/2436/2436 2553/2553/2553 2435/2435/2435
f 2553/2553/2553 2434/2434/2434 2435/2435/2435
f 2432/2432/2432 2437/2437/2437 2431/2431/2431
f 2431/2431/2431 2437/2437/2437 2424/2424/2424
f 2424/2424/2424 2437/2437/2437 2564/2564/2564
f 2424/2424/2424 2564/2564/2564 2443/2443/2443
f 2443/2443/2443 2564/2564/2564 2565/2565/2565
f 2443/2443/2443 2565/2565/2565 2444/2444/2444
f 2444/2444/2444 2565/2565/2565 2566/2566/2566
f 2444/2444/2444 2566/2566/2566 2445/2445/2445
f 2445/2445/2445 2566/2566/2566 2346/2346/2346
f 2445/2445/2445 2346/2346/2346 2446/2446/2446
f 2446/2446/2446 2344/2344/2344 2447/2447/2447
f 2447/2447/2447 2344/2344/2344 2256/2256/2256
f 2447/2447/2447 2256/2256/2256 2448/2448/2448
f 2448/2448/2448 2336/2336/2336 2449/2449/2449
f 2449/2449/2449 2336/2336/2336 2450/2450/2450
f 2450/2450/2450 2337/2337/2337 2453/2453/2453
f 2453/2453/2453 2339/2339/2339 2455/2455/2455
f 2339/2339/2339 2558/2558/2558 2455/2455/2455
f 2455/2455/2455 2558/2558/2558 2454/2454/2454
f 2454/2454/2454 2558/2558/2558 2560/2560/2560
f 2454/2454/2454 2560/2560/2560 2452/2452/2452
f 3977/3977/3977 3979/3979/3979 3978/3978/3978
f 3978/3978/3978 3979/3979/3979 3980/3980/3980
f 3978/3978/3978 3980/3980/3980 3981/3981/3981
f 3980/3980/3980 3983/3983/3983 3981/3981/3981
f 3986/3986/3986 4000/4000/4000 3987/3987/3987
f 4000/4000/4000 4001/4001/4001 3987/3987/3987
f 3987/3987/3987 4001/4001/4001 3989/3989/3989
f 289/289/289 290/290/290 288/288/288
f 887/887/887 1021/1021/1021 1053/1053/1053
f 2417/2417/2417 2418/2418/2418 2419/2419/2419
f 2418/2418/2418 2420/2420/2420 2419/2419/2419
f 2419/2419/2419 2420/2420/2420 2421/2421/2421
f 2421/2421/2421 2420/2420/2420 2422/2422/2422
f 3979/3979/3979 4023/4023/4023 3980/3980/3980
f 4023/4023/4023 4014/4014/4014 3980/3980/3980
f 4014/4014/4014 4101/4101/4101 3983/3983/3983
f 3980/3980/3980 4014/4014/4014 3983/3983/3983
f 707/707/707 684/684/684 683/683/683
f 683/683/683 684/684/684 681/681/681
f 684/684/684 685/685/685 681/681/681
f 265/265/265 264/264/264 347/347/347
f 161/161/161 303/303/303 304/304/304
f 169/169/169 168/168/168 170/170/170
f 170/170/170 168/168/168 174/174/174
f 174/174/174 173/173/173 170/170/170
f 177/177/177 178/178/178 180/180/180
f 3983/3983/3983 4101/4101/4101 3986/3986/3986
f 1052/1052/1052 1010/1010/1010 957/957/957
f 3979/3979/3979 3977/3977/3977 4023/4023/4023
f 210/210/210 212/212/212 211/211/211
f 334/334/334 227/227/227 333/333/333
f 313/313/313 312/312/312 314/314/314
f 1899/1899/1899 1361/1361/1361 1900/1900/1900
f 1121/1121/1121 1124/1124/1124 1125/1125/1125
f 1095/1095/1095 1096/1096/1096 1087/1087/1087
f 1745/1745/1745 1744/1744/1744 1739/1739/1739
f 1318/1318/1318 1326/1326/1326 1335/1335/1335
f 1345/1345/1345 1335/1335/1335 1346/1346/1346
f 1174/1174/1174 1131/1131/1131 1119/1119/1119
f 1113/1113/1113 1082/1082/1082 1177/1177/1177
f 1083/1083/1083 1080/1080/1080 1079/1079/1079
f 1066/1066/1066 1075/1075/1075 1074/1074/1074
f 4206/4206/4206 4209/4209/4209 4202/4202/4202
f 4202/4202/4202 4209/4209/4209 4203/4203/4203
f 2000/2000/2000 1864/1864/1864 2042/2042/2042
f 1306/1306/1306 1315/1315/1315 1307/1307/1307
f 1369/1369/1369 1344/1344/1344 1367/1367/1367
f 4256/4256/4256 4245/4245/4245 4198/4198/4198
f 1062/1062/1062 1063/1063/1063 1064/1064/1064
f 4198/4198/4198 4245/4245/4245 4196/4196/4196
f 4245/4245/4245 4207/4207/4207 4196/4196/4196
f 4196/4196/4196 4207/4207/4207 4199/4199/4199
f 4199/4199/4199 4207/4207/4207 4206/4206/4206
f 4199/4199/4199 4206/4206/4206 4202/4202/4202
f 4202/4202/4202 4203/4203/4203 4200/4200/4200
f 1146/1146/1146 1145/1145/1145 1144/1144/1144
f 1296/1296/1296 1299/1299/1299 1298/1298/1298
f 4217/4217/4217 4198/4198/4198 4194/4194/4194
f 1278/1278/1278 1300/1300/1300 1912/1912/1912
f 3903/3903/3903 3908/3908/3908 4103/4103/4103
f 4194/4194/4194 4198/4198/4198 4195/4195/4195
f 4195/4195/4195 4198/4198/4198 4196/4196/4196
f 4199/4199/4199 4202/4202/4202 4200/4200/4200
f 4203/4203/4203 4204/4204/4204 4205/4205/4205
f 4200/4200/4200 4203/4203/4203 4205/4205/4205
f 1288/1288/1288 1290/1290/1290 1291/1291/1291
f 1702/1702/1702 1706/1706/1706 1707/1707/1707
f 1707/1707/1707 1709/1709/1709 1728/1728/1728
f 1448/1448/1448 1449/1449/1449 1447/1447/1447
f 1255/1255/1255 1256/1256/1256 1253/1253/1253
f 4182/4182/4182 4180/4180/4180 4217/4217/4217
f 4182/4182/4182 4217/4217/4217 4185/4185/4185
f 4217/4217/4217 4194/4194/4194 4185/4185/4185
f 4185/4185/4185 4194/4194/4194 4193/4193/4193
f 4193/4193/4193 4194/4194/4194 4195/4195/4195
f 4193/4193/4193 4195/4195/4195 4196/4196/4196
f 4193/4193/4193 4196/4196/4196 4197/4197/4197
f 4196/4196/4196 4199/4199/4199 4197/4197/4197
f 4197/4197/4197 4199/4199/4199 4201/4201/4201
f 4199/4199/4199 4200/4200/4200 4201/4201/4201
f 3902/3902/3902 3899/3899/3899 3900/3900/3900
f 4201/4201/4201 4200/4200/4200 4208/4208/4208
f 4208/4208/4208 4200/4200/4200 4211/4211/4211
f 4211/4211/4211 4200/4200/4200 4212/4212/4212
f 4212/4212/4212 4200/4200/4200 4213/4213/4213
f 4200/4200/4200 4205/4205/4205 4213/4213/4213
f 4213/4213/4213 4205/4205/4205 4214/4214/4214
f 1692/1692/1692 1701/1701/1701 1691/1691/1691
f 1164/1164/1164 1727/1727/1727 1165/1165/1165
f 1914/1914/1914 1292/1292/1292 1281/1281/1281
f 1431/1431/1431 1436/1436/1436 1433/1433/1433
f 1241/1241/1241 1889/1889/1889 1890/1890/1890
f 1418/1418/1418 1421/1421/1421 1420/1420/1420
f 1239/1239/1239 1242/1242/1242 1241/1241/1241
f 1855/1855/1855 1987/1987/1987 1856/1856/1856
f 3869/3869/3869 3884/3884/3884 4126/4126/4126
f 4177/4177/4177 4255/4255/4255 4180/4180/4180
f 4181/4181/4181 4182/4182/4182 4183/4183/4183
f 4183/4183/4183 4182/4182/4182 4184/4184/4184
f 4182/4182/4182 4185/4185/4185 4184/4184/4184
f 4184/4184/4184 4185/4185/4185 4192/4192/4192
f 4185/4185/4185 4193/4193/4193 4192/4192/4192
f 4192/4192/4192 4193/4193/4193 4210/4210/4210
f 4210/4210/4210 4193/4193/4193 4215/4215/4215
f 4215/4215/4215 4193/4193/4193 4216/4216/4216
f 4216/4216/4216 4193/4193/4193 4197/4197/4197
f 4368/4368/4368 4364/4364/4364 4363/4363/4363
f 4364/4364/4364 4365/4365/4365 4361/4361/4361
f 4365/4365/4365 4564/4564/4564 4556/4556/4556
f 4361/4361/4361 4365/4365/4365 4556/4556/4556
f 4363/4363/4363 4364/4364/4364 4361/4361/4361
f 4363/4363/4363 4362/4362/4362 4524/4524/4524
f 4362/4362/4362 4363/4363/4363 4361/4361/4361
f 4358/4358/4358 4362/4362/4362 4361/4361/4361
f 4358/4358/4358 4361/4361/4361 4359/4359/4359
f 4359/4359/4359 4361/4361/4361 4556/4556/4556
f 4258/4258/4258 4201/4201/4201 4208/4208/4208
f 4356/4356/4356 4358/4358/4358 4359/4359/4359
f 4356/4356/4356 4359/4359/4359 4360/4360/4360
f 4358/4358/4358 4356/4356/4356 4357/4357/4357
f 4211/4211/4211 4258/4258/4258 4208/4208/4208
f 4357/4357/4357 4356/4356/4356 4348/4348/4348
f 4355/4355/4355 4356/4356/4356 4534/4534/4534
f 4348/4348/4348 4356/4356/4356 4355/4355/4355
f 4534/4534/4534 4356/4356/4356 4533/4533/4533
f 4534/4534/4534 4533/4533/4533 4660/4660/4660
f 4534/4534/4534 4660/4660/4660 4535/4535/4535
f 4355/4355/4355 4534/4534/4534 4535/4535/4535
f 1688/1688/1688 1690/1690/1690 1691/1691/1691
f 1688/1688/1688 1691/1691/1691 1699/1699/1699
f 1915/1915/1915 1914/1914/1914 1918/1918/1918
f 1235/1235/1235 1237/1237/1237 1238/1238/1238
f 1238/1238/1238 1237/1237/1237 1379/1379/1379
f 1867/1867/1867 1432/1432/1432 1427/1427/1427
f 1432/1432/1432 1428/1428/1428 1427/1427/1427
f 1470/1470/1470 1454/1454/1454 1852/1852/1852
f 4173/4173/4173 4176/4176/4176 4175/4175/4175
f 4176/4176/4176 4177/4177/4177 4175/4175/4175
f 4175/4175/4175 4177/4177/4177 4178/4178/4178
f 4178/4178/4178 4177/4177/4177 4179/4179/4179
f 4177/4177/4177 4180/4180/4180 4179/4179/4179
f 4179/4179/4179 4180/4180/4180 4181/4181/4181
f 4180/4180/4180 4182/4182/4182 4181/4181/4181
f 4376/4376/4376 4510/4510/4510 4659/4659/4659
f 4375/4375/4375 4376/4376/4376 4659/4659/4659
f 4376/4376/4376 4375/4375/4375 4374/4374/4374
f 4508/4508/4508 4376/4376/4376 4374/4374/4374
f 4374/4374/4374 4375/4375/4375 4373/4373/4373
f 4373/4373/4373 4375/4375/4375 4659/4659/4659
f 4372/4372/4372 4374/4374/4374 4373/4373/4373
f 4374/4374/4374 4372/4372/4372 4566/4566/4566
f 4373/4373/4373 4659/4659/4659 4527/4527/4527
f 4566/4566/4566 4372/4372/4372 4569/4569/4569
f 4372/4372/4372 4373/4373/4373 4371/4371/4371
f 4371/4371/4371 4373/4373/4373 4527/4527/4527
f 4569/4569/4569 4372/4372/4372 4520/4520/4520
f 4520/4520/4520 4372/4372/4372 4369/4369/4369
f 3150/3150/3150 3188/3188/3188 3084/3084/3084
f 4369/4369/4369 4372/4372/4372 4371/4371/4371
f 4537/4537/4537 4520/4520/4520 4369/4369/4369
f 3188/3188/3188 3177/3177/3177 3084/3084/3084
f 4371/4371/4371 4527/4527/4527 4370/4370/4370
f 4369/4369/4369 4371/4371/4371 4370/4370/4370
f 4369/4369/4369 4370/4370/4370 4367/4367/4367
f 4537/4537/4537 4369/4369/4369 4368/4368/4368
f 4553/4553/4553 4537/4537/4537 4368/4368/4368
f 3177/3177/3177 3175/3175/3175 3084/3084/3084
f 4368/4368/4368 4369/4369/4369 4367/4367/4367
f 3084/3084/3084 3175/3175/3175 3086/3086/3086
f 4368/4368/4368 4367/4367/4367 4364/4364/4364
f 4364/4364/4364 4367/4367/4367 4366/4366/4366
f 3898/3898/3898 3897/3897/3897 3893/3893/3893
f 4553/4553/4553 4368/4368/4368 4363/4363/4363
f 3898/3898/3898 3893/3893/3893 4137/4137/4137
f 3176/3176/3176 3175/3175/3175 3264/3264/3264
f 3086/3086/3086 3175/3175/3175 3176/3176/3176
f 3898/3898/3898 4137/4137/4137 4141/4141/4141
f 3086/3086/3086 3176/3176/3176 3186/3186/3186
f 3909/3909/3909 3898/3898/3898 4141/4141/4141
f 4524/4524/4524 4362/4362/4362 4358/4358/4358
f 4523/4523/4523 4524/4524/4524 4358/4358/4358
f 3176/3176/3176 3214/3214/3214 3186/3186/3186
f 3901/3901/3901 3900/3900/3900 3909/3909/3909
f 4357/4357/4357 4523/4523/4523 4358/4358/4358
f 3186/3186/3186 3214/3214/3214 3224/3224/3224
f 3186/3186/3186 3224/3224/3224 3225/3225/3225
f 3901/3901/3901 3909/3909/3909 4121/4121/4121
f 4121/4121/4121 3909/3909/3909 4141/4141/4141
f 4353/4353/4353 4357/4357/4357 4348/4348/4348
f 4340/4340/4340 4353/4353/4353 4348/4348/4348
f 3286/3286/3286 3299/3299/3299 3298/3298/3298
f 4351/4351/4351 4529/4529/4529 4349/4349/4349
f 4291/4291/4291 4296/4296/4296 4290/4290/4290
f 4290/4290/4290 4296/4296/4296 4285/4285/4285
f 4285/4285/4285 4296/4296/4296 4293/4293/4293
f 4285/4285/4285 4293/4293/4293 4283/4283/4283
f 4283/4283/4283 4293/4293/4293 4286/4286/4286
f 4283/4283/4283 4286/4286/4286 4282/4282/4282
f 4282/4282/4282 4286/4286/4286 4287/4287/4287
f 4282/4282/4282 4287/4287/4287 4280/4280/4280
f 4280/4280/4280 4287/4287/4287 4294/4294/4294
f 4280/4280/4280 4294/4294/4294 4275/4275/4275
f 4275/4275/4275 4294/4294/4294 4278/4278/4278
f 4275/4275/4275 4278/4278/4278 4276/4276/4276
f 4292/4292/4292 4306/4306/4306 4297/4297/4297
f 4306/4306/4306 4305/4305/4305 4297/4297/4297
f 4297/4297/4297 4305/4305/4305 4299/4299/4299
f 2911/2911/2911 2907/2907/2907 2892/2892/2892
f 4317/4317/4317 4347/4347/4347 4319/4319/4319
f 4319/4319/4319 4347/4347/4347 4346/4346/4346
f 4319/4319/4319 4346/4346/4346 4322/4322/4322
f 4319/4319/4319 4322/4322/4322 4321/4321/4321
f 4322/4322/4322 4324/4324/4324 4321/4321/4321
f 4326/4326/4326 4327/4327/4327 4329/4329/4329
f 4331/4331/4331 4334/4334/4334 4333/4333/4333
f 4333/4333/4333 4334/4334/4334 4335/4335/4335
f 4335/4335/4335 4334/4334/4334 4338/4338/4338
f 4335/4335/4335 4338/4338/4338 4339/4339/4339
f 4339/4339/4339 4338/4338/4338 4340/4340/4340
f 4339/4339/4339 4340/4340/4340 4341/4341/4341
f 4341/4341/4341 4340/4340/4340 4348/4348/4348
f 4352/4352/4352 4351/4351/4351 4350/4350/4350
f 4350/4350/4350 4351/4351/4351 4349/4349/4349
f 4350/4350/4350 4349/4349/4349 4289/4289/4289
f 4349/4349/4349 4291/4291/4291 4289/4289/4289
f 4291/4291/4291 4290/4290/4290 4289/4289/4289
f 4289/4289/4289 4290/4290/4290 4285/4285/4285
f 4289/4289/4289 4285/4285/4285 4288/4288/4288
f 4288/4288/4288 4285/4285/4285 4284/4284/4284
f 4284/4284/4284 4285/4285/4285 4283/4283/4283
f 4284/4284/4284 4283/4283/4283 4281/4281/4281
f 4281/4281/4281 4283/4283/4283 4282/4282/4282
f 4281/4281/4281 4282/4282/4282 4280/4280/4280
f 4281/4281/4281 4280/4280/4280 4279/4279/4279
f 4279/4279/4279 4280/4280/4280 4275/4275/4275
f 4279/4279/4279 4275/4275/4275 4274/4274/4274
f 4274/4274/4274 4275/4275/4275 4276/4276/4276
f 4274/4274/4274 4276/4276/4276 4277/4277/4277
f 4276/4276/4276 4292/4292/4292 4277/4277/4277
f 4292/4292/4292 4297/4297/4297 4295/4295/4295
f 4277/4277/4277 4292/4292/4292 4295/4295/4295
f 4295/4295/4295 4297/4297/4297 4298/4298/4298
f 4298/4298/4298 4297/4297/4297 4299/4299/4299
f 4299/4299/4299 4300/4300/4300 4298/4298/4298
f 4298/4298/4298 4300/4300/4300 4301/4301/4301
f 4301/4301/4301 4300/4300/4300 4307/4307/4307
f 4301/4301/4301 4307/4307/4307 4310/4310/4310
f 4307/4307/4307 4311/4311/4311 4310/4310/4310
f 4310/4310/4310 4311/4311/4311 4312/4312/4312
f 4312/4312/4312 4311/4311/4311 4313/4313/4313
f 4312/4312/4312 4313/4313/4313 4314/4314/4314
f 4313/4313/4313 4315/4315/4315 4314/4314/4314
f 4314/4314/4314 4315/4315/4315 4316/4316/4316
f 4315/4315/4315 4317/4317/4317 4316/4316/4316
f 4316/4316/4316 4317/4317/4317 4318/4318/4318
f 4317/4317/4317 4319/4319/4319 4318/4318/4318
f 4318/4318/4318 4319/4319/4319 4320/4320/4320
f 4320/4320/4320 4319/4319/4319 4321/4321/4321
f 4320/4320/4320 4321/4321/4321 4323/4323/4323
f 4323/4323/4323 4321/4321/4321 4324/4324/4324
f 4323/4323/4323 4324/4324/4324 4325/4325/4325
f 4323/4323/4323 4325/4325/4325 4326/4326/4326
f 4325/4325/4325 4327/4327/4327 4326/4326/4326
f 4326/4326/4326 4329/4329/4329 4330/4330/4330
f 4329/4329/4329 4331/4331/4331 4330/4330/4330
f 4330/4330/4330 4331/4331/4331 4332/4332/4332
f 4332/4332/4332 4331/4331/4331 4333/4333/4333
f 4333/4333/4333 4335/4335/4335 4336/4336/4336
f 4336/4336/4336 4335/4335/4335 4337/4337/4337
f 4335/4335/4335 4339/4339/4339 4337/4337/4337
f 4339/4339/4339 4341/4341/4341 4345/4345/4345
f 4337/4337/4337 4339/4339/4339 4345/4345/4345
f 4341/4341/4341 4348/4348/4348 4345/4345/4345
f 4345/4345/4345 4348/4348/4348 4355/4355/4355
f 4352/4352/4352 4350/4350/4350 4354/4354/4354
f 4352/4352/4352 4354/4354/4354 4379/4379/4379
f 4350/4350/4350 4289/4289/4289 4354/4354/4354
f 4354/4354/4354 4289/4289/4289 4308/4308/4308
f 4308/4308/4308 4289/4289/4289 4303/4303/4303
f 4303/4303/4303 4289/4289/4289 4288/4288/4288
f 4303/4303/4303 4288/4288/4288 4284/4284/4284
f 4303/4303/4303 4284/4284/4284 4309/4309/4309
f 4309/4309/4309 4284/4284/4284 4281/4281/4281
f 4309/4309/4309 4281/4281/4281 4304/4304/4304
f 4304/4304/4304 4281/4281/4281 4279/4279/4279
f 4279/4279/4279 4274/4274/4274 4304/4304/4304
f 4304/4304/4304 4274/4274/4274 4302/4302/4302
f 4302/4302/4302 4274/4274/4274 4277/4277/4277
f 4302/4302/4302 4277/4277/4277 4295/4295/4295
f 4320/4320/4320 4323/4323/4323 4328/4328/4328
f 4323/4323/4323 4326/4326/4326 4328/4328/4328
f 4328/4328/4328 4326/4326/4326 4343/4343/4343
f 4343/4343/4343 4326/4326/4326 4330/4330/4330
f 4343/4343/4343 4330/4330/4330 4342/4342/4342
f 4342/4342/4342 4330/4330/4330 4332/4332/4332
f 4332/4332/4332 4333/4333/4333 4342/4342/4342
f 4342/4342/4342 4333/4333/4333 4336/4336/4336
f 4336/4336/4336 4337/4337/4337 4344/4344/4344
f 4344/4344/4344 4337/4337/4337 4345/4345/4345
f 1682/1682/1682 1673/1673/1673 1674/1674/1674
f 1410/1410/1410 1409/1409/1409 1873/1873/1873
f 2074/2074/2074 2007/2007/2007 2076/2076/2076
f 1189/1189/1189 1966/1966/1966 1195/1195/1195
f 1882/1882/1882 1880/1880/1880 1881/1881/1881
f 4171/4171/4171 4173/4173/4173 4169/4169/4169
f 4169/4169/4169 4173/4173/4173 4174/4174/4174
f 4173/4173/4173 4175/4175/4175 4174/4174/4174
f 4252/4252/4252 4175/4175/4175 4253/4253/4253
f 4253/4253/4253 4175/4175/4175 4178/4178/4178
f 4253/4253/4253 4178/4178/4178 4272/4272/4272
f 4178/4178/4178 4250/4250/4250 4273/4273/4273
f 4272/4272/4272 4178/4178/4178 4273/4273/4273
f 4250/4250/4250 4178/4178/4178 4179/4179/4179
f 4263/4263/4263 4250/4250/4250 4179/4179/4179
f 4250/4250/4250 4263/4263/4263 4273/4273/4273
f 4512/4512/4512 4514/4514/4514 4513/4513/4513
f 4514/4514/4514 4512/4512/4512 4515/4515/4515
f 4263/4263/4263 4179/4179/4179 4181/4181/4181
f 4512/4512/4512 4513/4513/4513 4511/4511/4511
f 4511/4511/4511 4513/4513/4513 4661/4661/4661
f 3164/3164/3164 3244/3244/3244 3212/3212/3212
f 4509/4509/4509 4512/4512/4512 4511/4511/4511
f 3164/3164/3164 3212/3212/3212 3121/3121/3121
f 4511/4511/4511 4661/4661/4661 4510/4510/4510
f 4509/4509/4509 4511/4511/4511 4510/4510/4510
f 4568/4568/4568 4509/4509/4509 4508/4508/4508
f 3121/3121/3121 3212/3212/3212 3199/3199/3199
f 4509/4509/4509 4510/4510/4510 4376/4376/4376
f 4508/4508/4508 4509/4509/4509 4376/4376/4376
f 4568/4568/4568 4508/4508/4508 4374/4374/4374
f 4568/4568/4568 4374/4374/4374 4566/4566/4566
f 3172/3172/3172 3199/3199/3199 3289/3289/3289
f 3199/3199/3199 3172/3172/3172 3121/3121/3121
f 3121/3121/3121 3172/3172/3172 3120/3120/3120
f 3172/3172/3172 3289/3289/3289 3228/3228/3228
f 3953/3953/3953 3952/3952/3952 4108/4108/4108
f 3150/3150/3150 3172/3172/3172 3228/3228/3228
f 3172/3172/3172 3150/3150/3150 3085/3085/3085
f 3120/3120/3120 3172/3172/3172 3085/3085/3085
f 3953/3953/3953 4108/4108/4108 4156/4156/4156
f 3150/3150/3150 3228/3228/3228 3188/3188/3188
f 4392/4392/4392 4393/4393/4393 4391/4391/4391
f 4391/4391/4391 4393/4393/4393 4403/4403/4403
f 4391/4391/4391 4403/4403/4403 4404/4404/4404
f 4404/4404/4404 4403/4403/4403 4489/4489/4489
f 3150/3150/3150 3084/3084/3084 3085/3085/3085
f 4425/4425/4425 4392/4392/4392 4390/4390/4390
f 4390/4390/4390 4392/4392/4392 4391/4391/4391
f 4571/4571/4571 4425/4425/4425 4424/4424/4424
f 4424/4424/4424 4425/4425/4425 4390/4390/4390
f 4404/4404/4404 4489/4489/4489 4492/4492/4492
f 4496/4496/4496 4571/4571/4571 4424/4424/4424
f 4424/4424/4424 4390/4390/4390 4389/4389/4389
f 4390/4390/4390 4391/4391/4391 4387/4387/4387
f 4389/4389/4389 4390/4390/4390 4387/4387/4387
f 4387/4387/4387 4391/4391/4391 4404/4404/4404
f 4387/4387/4387 4404/4404/4404 4388/4388/4388
f 4388/4388/4388 4404/4404/4404 4492/4492/4492
f 4496/4496/4496 4424/4424/4424 4419/4419/4419
f 4419/4419/4419 4424/4424/4424 4389/4389/4389
f 3084/3084/3084 3086/3086/3086 3082/3082/3082
f 4419/4419/4419 4389/4389/4389 4386/4386/4386
f 4386/4386/4386 4389/4389/4389 4387/4387/4387
f 4388/4388/4388 4492/4492/4492 4493/4493/4493
f 4387/4387/4387 4388/4388/4388 4385/4385/4385
f 4385/4385/4385 4388/4388/4388 4493/4493/4493
f 4386/4386/4386 4387/4387/4387 4385/4385/4385
f 4385/4385/4385 4493/4493/4493 4384/4384/4384
f 4384/4384/4384 4493/4493/4493 4532/4532/4532
f 4418/4418/4418 4419/4419/4419 4386/4386/4386
f 3082/3082/3082 3086/3086/3086 3030/3030/3030
f 4386/4386/4386 4385/4385/4385 4381/4381/4381
f 4384/4384/4384 4532/4532/4532 4531/4531/4531
f 4418/4418/4418 4386/4386/4386 4381/4381/4381
f 4381/4381/4381 4385/4385/4385 4383/4383/4383
f 4383/4383/4383 4385/4385/4385 4384/4384/4384
f 3030/3030/3030 3086/3086/3086 3186/3186/3186
f 4382/4382/4382 4418/4418/4418 4381/4381/4381
f 4381/4381/4381 4383/4383/4383 4378/4378/4378
f 4384/4384/4384 4531/4531/4531 4488/4488/4488
f 3186/3186/3186 3225/3225/3225 3029/3029/3029
f 3030/3030/3030 3186/3186/3186 3029/3029/3029
f 4382/4382/4382 4381/4381/4381 4380/4380/4380
f 4380/4380/4380 4381/4381/4381 4378/4378/4378
f 4378/4378/4378 4383/4383/4383 4384/4384/4384
f 4378/4378/4378 4384/4384/4384 4488/4488/4488
f 3225/3225/3225 3232/3232/3232 3029/3029/3029
f 4427/4427/4427 4382/4382/4382 4380/4380/4380
f 3029/3029/3029 3232/3232/3232 3233/3233/3233
f 3029/3029/3029 3233/3233/3233 3154/3154/3154
f 4380/4380/4380 4378/4378/4378 4379/4379/4379
f 4379/4379/4379 4378/4378/4378 4352/4352/4352
f 4378/4378/4378 4488/4488/4488 4377/4377/4377
f 4352/4352/4352 4378/4378/4378 4377/4377/4377
f 3154/3154/3154 3233/3233/3233 3290/3290/3290
f 4557/4557/4557 4380/4380/4380 4379/4379/4379
f 1392/1392/1392 1391/1391/1391 1393/1393/1393
f 1393/1393/1393 1391/1391/1391 1395/1395/1395
f 1678/1678/1678 1669/1669/1669 1660/1660/1660
f 1216/1216/1216 1217/1217/1217 1218/1218/1218
f 1667/1667/1667 1190/1190/1190 1965/1965/1965
f 2081/2081/2081 2025/2025/2025 2073/2073/2073
f 4187/4187/4187 4170/4170/4170 4172/4172/4172
f 4172/4172/4172 4170/4170/4170 4167/4167/4167
f 4167/4167/4167 4170/4170/4170 4168/4168/4168
f 4167/4167/4167 4168/4168/4168 4169/4169/4169
f 4168/4168/4168 4171/4171/4171 4169/4169/4169
f 4244/4244/4244 4169/4169/4169 4248/4248/4248
f 4169/4169/4169 4174/4174/4174 4248/4248/4248
f 4248/4248/4248 4174/4174/4174 4249/4249/4249
f 4174/4174/4174 4175/4175/4175 4249/4249/4249
f 4249/4249/4249 4175/4175/4175 4252/4252/4252
f 4541/4541/4541 4543/4543/4543 4519/4519/4519
f 4542/4542/4542 4541/4541/4541 4540/4540/4540
f 4540/4540/4540 4541/4541/4541 4517/4517/4517
f 4517/4517/4517 4541/4541/4541 4519/4519/4519
f 4539/4539/4539 4540/4540/4540 4517/4517/4517
f 3248/3248/3248 3207/3207/3207 3167/3167/3167
f 4517/4517/4517 4519/4519/4519 4518/4518/4518
f 4538/4538/4538 4539/4539/4539 4517/4517/4517
f 3167/3167/3167 3207/3207/3207 3206/3206/3206
f 3167/3167/3167 3206/3206/3206 3107/3107/3107
f 4517/4517/4517 4518/4518/4518 4516/4516/4516
f 4538/4538/4538 4517/4517/4517 4514/4514/4514
f 4514/4514/4514 4517/4517/4517 4516/4516/4516
f 4559/4559/4559 4538/4538/4538 4514/4514/4514
f 3206/3206/3206 3205/3205/3205 3107/3107/3107
f 4559/4559/4559 4514/4514/4514 4515/4515/4515
f 3164/3164/3164 3205/3205/3205 3250/3250/3250
f 3205/3205/3205 3164/3164/3164 3107/3107/3107
f 3164/3164/3164 3250/3250/3250 3244/3244/3244
f 3107/3107/3107 3164/3164/3164 3106/3106/3106
f 3164/3164/3164 3121/3121/3121 3106/3106/3106
f 4401/4401/4401 4399/4399/4399 4400/4400/4400
f 3888/3888/3888 3887/3887/3887 4143/4143/4143
f 4397/4397/4397 4399/4399/4399 4398/4398/4398
f 4399/4399/4399 4397/4397/4397 4400/4400/4400
f 4398/4398/4398 4399/4399/4399 4417/4417/4417
f 4398/4398/4398 4417/4417/4417 4416/4416/4416
f 3889/3889/3889 3888/3888/3888 4143/4143/4143
f 3889/3889/3889 4143/4143/4143 4159/4159/4159
f 4429/4429/4429 4428/4428/4428 4397/4397/4397
f 4429/4429/4429 4397/4397/4397 4396/4396/4396
f 4396/4396/4396 4397/4397/4397 4398/4398/4398
f 4416/4416/4416 4562/4562/4562 4654/4654/4654
f 4108/4108/4108 3889/3889/3889 4159/4159/4159
f 4396/4396/4396 4398/4398/4398 4395/4395/4395
f 4395/4395/4395 4398/4398/4398 4416/4416/4416
f 4420/4420/4420 4429/4429/4429 4396/4396/4396
f 4420/4420/4420 4396/4396/4396 4394/4394/4394
f 4394/4394/4394 4396/4396/4396 4395/4395/4395
f 4395/4395/4395 4416/4416/4416 4415/4415/4415
f 4415/4415/4415 4416/4416/4416 4654/4654/4654
f 4394/4394/4394 4395/4395/4395 4393/4393/4393
f 4393/4393/4393 4395/4395/4395 4415/4415/4415
f 5352/5352/5352 5236/5236/5236 5237/5237/5237
f 3083/3083/3083 3120/3120/3120 3085/3085/3085
f 4402/4402/4402 4420/4420/4420 4394/4394/4394
f 4402/4402/4402 4394/4394/4394 4392/4392/4392
f 4392/4392/4392 4394/4394/4394 4393/4393/4393
f 5296/5296/5296 5352/5352/5352 5237/5237/5237
f 3085/3085/3085 3084/3084/3084 3083/3083/3083
f 5286/5286/5286 5203/5203/5203 5246/5246/5246
f 3029/3029/3029 3154/3154/3154 3028/3028/3028
f 3028/3028/3028 3154/3154/3154 3153/3153/3153
f 2844/2844/2844 2862/2862/2862 2813/2813/2813
f 1933/1933/1933 1509/1509/1509 1507/1507/1507
f 1502/1502/1502 1839/1839/1839 1835/1835/1835
f 1839/1839/1839 1834/1834/1834 1835/1835/1835
f 2067/2067/2067 1977/1977/1977 1661/1661/1661
f 4189/4189/4189 4187/4187/4187 4188/4188/4188
f 4187/4187/4187 4172/4172/4172 4186/4186/4186
f 4186/4186/4186 4172/4172/4172 4167/4167/4167
f 4243/4243/4243 4167/4167/4167 4169/4169/4169
f 4167/4167/4167 4243/4243/4243 4261/4261/4261
f 4261/4261/4261 4243/4243/4243 4262/4262/4262
f 3861/3861/3861 3863/3863/3863 3872/3872/3872
f 4550/4550/4550 4572/4572/4572 4567/4567/4567
f 4547/4547/4547 4550/4550/4550 4567/4567/4567
f 4550/4550/4550 4547/4547/4547 4549/4549/4549
f 4244/4244/4244 4243/4243/4243 4169/4169/4169
f 3219/3219/3219 3259/3259/3259 3156/3156/3156
f 4547/4547/4547 4567/4567/4567 4546/4546/4546
f 4548/4548/4548 4549/4549/4549 4547/4547/4547
f 3259/3259/3259 3239/3239/3239 3025/3025/3025
f 3156/3156/3156 3259/3259/3259 3025/3025/3025
f 4548/4548/4548 4547/4547/4547 4545/4545/4545
f 4545/4545/4545 4547/4547/4547 4546/4546/4546
f 4545/4545/4545 4546/4546/4546 4544/4544/4544
f 4551/4551/4551 4548/4548/4548 4545/4545/4545
f 3025/3025/3025 3239/3239/3239 3168/3168/3168
f 3871/3871/3871 3951/3951/3951 4145/4145/4145
f 4412/4412/4412 4413/4413/4413 4411/4411/4411
f 4411/4411/4411 4502/4502/4502 4501/4501/4501
f 4551/4551/4551 4545/4545/4545 4542/4542/4542
f 4542/4542/4542 4545/4545/4545 4544/4544/4544
f 4542/4542/4542 4544/4544/4544 4543/4543/4543
f 3871/3871/3871 4145/4145/4145 4164/4164/4164
f 4409/4409/4409 4423/4423/4423 4412/4412/4412
f 4409/4409/4409 4412/4412/4412 4411/4411/4411
f 3873/3873/3873 3871/3871/3871 4164/4164/4164
f 4409/4409/4409 4411/4411/4411 4410/4410/4410
f 4410/4410/4410 4411/4411/4411 4501/4501/4501
f 4551/4551/4551 4542/4542/4542 4540/4540/4540
f 3167/3167/3167 3168/3168/3168 3248/3248/3248
f 3168/3168/3168 3167/3167/3167 3024/3024/3024
f 3025/3025/3025 3168/3168/3168 3024/3024/3024
f 4409/4409/4409 4410/4410/4410 4407/4407/4407
f 4408/4408/4408 4409/4409/4409 4407/4407/4407
f 4407/4407/4407 4410/4410/4410 4501/4501/4501
f 4651/4651/4651 4409/4409/4409 4408/4408/4408
f 3167/3167/3167 3107/3107/3107 3024/3024/3024
f 4573/4573/4573 4651/4651/4651 4408/4408/4408
f 4405/4405/4405 4408/4408/4408 4407/4407/4407
f 4573/4573/4573 4408/4408/4408 4405/4405/4405
f 4405/4405/4405 4407/4407/4407 4406/4406/4406
f 4406/4406/4406 4407/4407/4407 4501/4501/4501
f 4406/4406/4406 4501/4501/4501 4526/4526/4526
f 4401/4401/4401 4405/4405/4405 4406/4406/4406
f 4521/4521/4521 4573/4573/4573 4405/4405/4405
f 4521/4521/4521 4405/4405/4405 4400/4400/4400
f 4400/4400/4400 4405/4405/4405 4401/4401/4401
f 4417/4417/4417 4406/4406/4406 4526/4526/4526
f 3106/3106/3106 3121/3121/3121 3006/3006/3006
f 3006/3006/3006 3121/3121/3121 3120/3120/3120
f 3006/3006/3006 3120/3120/3120 3083/3083/3083
f 3083/3083/3083 3084/3084/3084 3082/3082/3082
f 3082/3082/3082 3030/3030/3030 2996/2996/2996
f 2996/2996/2996 3030/3030/3030 3029/3029/3029
f 3028/3028/3028 3153/3153/3153 3116/3116/3116
f 1596/1596/1596 1836/1836/1836 1594/1594/1594
f 1836/1836/1836 1516/1516/1516 1594/1594/1594
f 1809/1809/1809 1814/1814/1814 1815/1815/1815
f 4220/4220/4220 4191/4191/4191 4219/4219/4219
f 4191/4191/4191 4189/4189/4189 4190/4190/4190
f 4190/4190/4190 4189/4189/4189 4188/4188/4188
f 3877/3877/3877 3948/3948/3948 3947/3947/3947
f 4187/4187/4187 4186/4186/4186 4188/4188/4188
f 3874/3874/3874 3877/3877/3877 3947/3947/3947
f 4585/4585/4585 4583/4583/4583 4584/4584/4584
f 4583/4583/4583 4647/4647/4647 4644/4644/4644
f 4260/4260/4260 4251/4251/4251 4186/4186/4186
f 3874/3874/3874 3947/3947/3947 4022/4022/4022
f 4260/4260/4260 4186/4186/4186 4167/4167/4167
f 4582/4582/4582 4583/4583/4583 4644/4644/4644
f 4583/4583/4583 4582/4582/4582 4581/4581/4581
f 4584/4584/4584 4583/4583/4583 4581/4581/4581
f 3863/3863/3863 3874/3874/3874 4022/4022/4022
f 3863/3863/3863 4022/4022/4022 4021/4021/4021
f 4021/4021/4021 4022/4022/4022 4154/4154/4154
f 3252/3252/3252 3283/3283/3283 3211/3211/3211
f 4581/4581/4581 4582/4582/4582 4580/4580/4580
f 4580/4580/4580 4582/4582/4582 4644/4644/4644
f 4667/4667/4667 4480/4480/4480 4430/4430/4430
f 4580/4580/4580 4644/4644/4644 4578/4578/4578
f 4261/4261/4261 4260/4260/4260 4167/4167/4167
f 4579/4579/4579 4581/4581/4581 4580/4580/4580
f 3283/3283/3283 3274/3274/3274 3211/3211/3211
f 4570/4570/4570 4667/4667/4667 4430/4430/4430
f 3211/3211/3211 3274/3274/3274 3157/3157/3157
f 4570/4570/4570 4430/4430/4430 4421/4421/4421
f 4421/4421/4421 4430/4430/4430 4426/4426/4426
f 4421/4421/4421 4426/4426/4426 4414/4414/4414
f 4579/4579/4579 4580/4580/4580 4576/4576/4576
f 4576/4576/4576 4580/4580/4580 4578/4578/4578
f 4414/4414/4414 4494/4494/4494 4525/4525/4525
f 4575/4575/4575 4579/4579/4579 4576/4576/4576
f 3157/3157/3157 3274/3274/3274 3219/3219/3219
f 4576/4576/4576 4578/4578/4578 4577/4577/4577
f 4565/4565/4565 4570/4570/4570 4421/4421/4421
f 4575/4575/4575 4576/4576/4576 4550/4550/4550
f 3157/3157/3157 3219/3219/3219 3099/3099/3099
f 4550/4550/4550 4576/4576/4576 4577/4577/4577
f 4575/4575/4575 4550/4550/4550 4549/4549/4549
f 3219/3219/3219 3156/3156/3156 3099/3099/3099
f 4411/4411/4411 4414/4414/4414 4525/4525/4525
f 3099/3099/3099 3156/3156/3156 3023/3023/3023
f 4421/4421/4421 4414/4414/4414 4413/4413/4413
f 4413/4413/4413 4414/4414/4414 4411/4411/4411
f 4411/4411/4411 4525/4525/4525 4561/4561/4561
f 3156/3156/3156 3025/3025/3025 3023/3023/3023
f 4565/4565/4565 4421/4421/4421 4422/4422/4422
f 4422/4422/4422 4421/4421/4421 4413/4413/4413
f 4422/4422/4422 4413/4413/4413 4412/4412/4412
f 4502/4502/4502 4411/4411/4411 4561/4561/4561
f 3023/3023/3023 3025/3025/3025 3024/3024/3024
f 3024/3024/3024 3107/3107/3107 3027/3027/3027
f 3027/3027/3027 3107/3107/3107 3106/3106/3106
f 3008/3008/3008 3106/3106/3106 3007/3007/3007
f 3106/3106/3106 3006/3006/3006 3007/3007/3007
f 2996/2996/2996 3029/3029/3029 3028/3028/3028
f 4228/4228/4228 4242/4242/4242 4240/4240/4240
f 1580/1580/1580 1562/1562/1562 1563/1563/1563
f 1625/1625/1625 1631/1631/1631 1620/1620/1620
f 1640/1640/1640 1638/1638/1638 1641/1641/1641
f 4228/4228/4228 4240/4240/4240 4225/4225/4225
f 4225/4225/4225 4240/4240/4240 4237/4237/4237
f 4225/4225/4225 4237/4237/4237 4223/4223/4223
f 4223/4223/4223 4220/4220/4220 4222/4222/4222
f 4222/4222/4222 4220/4220/4220 4221/4221/4221
f 4221/4221/4221 4220/4220/4220 4219/4219/4219
f 4247/4247/4247 4219/4219/4219 4254/4254/4254
f 4218/4218/4218 4219/4219/4219 4191/4191/4191
f 4254/4254/4254 4219/4219/4219 4218/4218/4218
f 4254/4254/4254 4218/4218/4218 4271/4271/4271
f 4218/4218/4218 4191/4191/4191 4190/4190/4190
f 4257/4257/4257 4218/4218/4218 4190/4190/4190
f 4271/4271/4271 4218/4218/4218 4257/4257/4257
f 4592/4592/4592 4595/4595/4595 4594/4594/4594
f 4259/4259/4259 4257/4257/4257 4190/4190/4190
f 4590/4590/4590 4592/4592/4592 4594/4594/4594
f 4591/4591/4591 4592/4592/4592 4590/4590/4590
f 3223/3223/3223 3285/3285/3285 3171/3171/3171
f 4259/4259/4259 4190/4190/4190 4188/4188/4188
f 4590/4590/4590 4594/4594/4594 4593/4593/4593
f 4267/4267/4267 4259/4259/4259 4188/4188/4188
f 3948/3948/3948 3912/3912/3912 3946/3946/3946
f 3948/3948/3948 3946/3946/3946 4152/4152/4152
f 4589/4589/4589 4591/4591/4591 4590/4590/4590
f 3285/3285/3285 3272/3272/3272 3171/3171/3171
f 3948/3948/3948 4152/4152/4152 4165/4165/4165
f 4589/4589/4589 4590/4590/4590 4588/4588/4588
f 4588/4588/4588 4590/4590/4590 4593/4593/4593
f 4144/4144/4144 3948/3948/3948 4165/4165/4165
f 3171/3171/3171 3272/3272/3272 3077/3077/3077
f 4554/4554/4554 4437/4437/4437 4479/4479/4479
f 4437/4437/4437 4438/4438/4438 4436/4436/4436
f 4479/4479/4479 4437/4437/4437 4434/4434/4434
f 4434/4434/4434 4437/4437/4437 4436/4436/4436
f 4589/4589/4589 4588/4588/4588 4587/4587/4587
f 3272/3272/3272 3273/3273/3273 3077/3077/3077
f 4588/4588/4588 4593/4593/4593 4586/4586/4586
f 4587/4587/4587 4588/4588/4588 4586/4586/4586
f 4586/4586/4586 4593/4593/4593 4649/4649/4649
f 4434/4434/4434 4436/4436/4436 4435/4435/4435
f 4645/4645/4645 4587/4587/4587 4585/4585/4585
f 3273/3273/3273 3265/3265/3265 3077/3077/3077
f 4585/4585/4585 4587/4587/4587 4586/4586/4586
f 4528/4528/4528 4554/4554/4554 4479/4479/4479
f 4479/4479/4479 4434/4434/4434 4432/4432/4432
f 4434/4434/4434 4435/4435/4435 4433/4433/4433
f 4432/4432/4432 4434/4434/4434 4433/4433/4433
f 4433/4433/4433 4435/4435/4435 4497/4497/4497
f 4645/4645/4645 4585/4585/4585 4584/4584/4584
f 4528/4528/4528 4479/4479/4479 4480/4480/4480
f 4480/4480/4480 4479/4479/4479 4432/4432/4432
f 4650/4650/4650 4645/4645/4645 4584/4584/4584
f 3077/3077/3077 3265/3265/3265 3252/3252/3252
f 3077/3077/3077 3252/3252/3252 3078/3078/3078
f 4650/4650/4650 4584/4584/4584 4581/4581/4581
f 4430/4430/4430 4480/4480/4480 4432/4432/4432
f 4430/4430/4430 4432/4432/4432 4431/4431/4431
f 4431/4431/4431 4432/4432/4432 4433/4433/4433
f 4431/4431/4431 4433/4433/4433 4497/4497/4497
f 3252/3252/3252 3211/3211/3211 3078/3078/3078
f 4431/4431/4431 4497/4497/4497 4506/4506/4506
f 3078/3078/3078 3211/3211/3211 3079/3079/3079
f 4430/4430/4430 4431/4431/4431 4426/4426/4426
f 4426/4426/4426 4431/4431/4431 4506/4506/4506
f 4494/4494/4494 4426/4426/4426 4506/4506/4506
f 3079/3079/3079 3211/3211/3211 3157/3157/3157
f 3079/3079/3079 3157/3157/3157 3026/3026/3026
f 3026/3026/3026 3157/3157/3157 3099/3099/3099
f 3099/3099/3099 3023/3023/3023 3026/3026/3026
f 3023/3023/3023 3024/3024/3024 3011/3011/3011
f 3011/3011/3011 3024/3024/3024 3010/3010/3010
f 3010/3010/3010 3024/3024/3024 3027/3027/3027
f 3027/3027/3027 3106/3106/3106 3008/3008/3008
f 2995/2995/2995 3006/3006/3006 3083/3083/3083
f 3083/3083/3083 3082/3082/3082 2996/2996/2996
f 2995/2995/2995 3083/3083/3083 2996/2996/2996
f 2514/2514/2514 2545/2545/2545 2517/2517/2517
f 1789/1789/1789 1788/1788/1788 1790/1790/1790
f 1795/1795/1795 1797/1797/1797 2026/2026/2026
f 2026/2026/2026 1797/1797/1797 2027/2027/2027
f 1797/1797/1797 1799/1799/1799 2027/2027/2027
f 2027/2027/2027 1799/1799/1799 2028/2028/2028
f 1799/1799/1799 1986/1986/1986 2028/2028/2028
f 2028/2028/2028 1986/1986/1986 1989/1989/1989
f 1615/1615/1615 1612/1612/1612 1614/1614/1614
f 1750/1750/1750 1751/1751/1751 1752/1752/1752
f 4231/4231/4231 4242/4242/4242 4228/4228/4228
f 4227/4227/4227 4228/4228/4228 4225/4225/4225
f 4227/4227/4227 4225/4225/4225 4226/4226/4226
f 4226/4226/4226 4225/4225/4225 4224/4224/4224
f 4225/4225/4225 4223/4223/4223 4224/4224/4224
f 4224/4224/4224 4223/4223/4223 4222/4222/4222
f 4607/4607/4607 4653/4653/4653 4604/4604/4604
f 4221/4221/4221 4246/4246/4246 4264/4264/4264
f 4246/4246/4246 4221/4221/4221 4219/4219/4219
f 4264/4264/4264 4246/4246/4246 4247/4247/4247
f 4602/4602/4602 4604/4604/4604 4646/4646/4646
f 4604/4604/4604 4602/4602/4602 4603/4603/4603
f 4605/4605/4605 4604/4604/4604 4603/4603/4603
f 4247/4247/4247 4246/4246/4246 4219/4219/4219
f 4602/4602/4602 4646/4646/4646 4598/4598/4598
f 4600/4600/4600 4602/4602/4602 4601/4601/4601
f 4601/4601/4601 4602/4602/4602 4598/4598/4598
f 3191/3191/3191 3251/3251/3251 3115/3115/3115
f 4600/4600/4600 4601/4601/4601 4597/4597/4597
f 4597/4597/4597 4601/4601/4601 4598/4598/4598
f 4560/4560/4560 4500/4500/4500 4444/4444/4444
f 4599/4599/4599 4600/4600/4600 4597/4597/4597
f 3251/3251/3251 3236/3236/3236 3115/3115/3115
f 4560/4560/4560 4444/4444/4444 4441/4441/4441
f 4441/4441/4441 4444/4444/4444 4443/4443/4443
f 4597/4597/4597 4598/4598/4598 4596/4596/4596
f 4442/4442/4442 4443/4443/4443 4495/4495/4495
f 3115/3115/3115 3236/3236/3236 3074/3074/3074
f 4441/4441/4441 4443/4443/4443 4442/4442/4442
f 4442/4442/4442 4495/4495/4495 4530/4530/4530
f 4599/4599/4599 4597/4597/4597 4592/4592/4592
f 4592/4592/4592 4597/4597/4597 4596/4596/4596
f 4552/4552/4552 4560/4560/4560 4441/4441/4441
f 4642/4642/4642 4599/4599/4599 4592/4592/4592
f 3236/3236/3236 3235/3235/3235 3074/3074/3074
f 4592/4592/4592 4596/4596/4596 4595/4595/4595
f 3074/3074/3074 3235/3235/3235 3075/3075/3075
f 4642/4642/4642 4592/4592/4592 4591/4591/4591
f 3223/3223/3223 3235/3235/3235 3285/3285/3285
f 3075/3075/3075 3235/3235/3235 3223/3223/3223
f 4441/4441/4441 4442/4442/4442 4439/4439/4439
f 4439/4439/4439 4442/4442/4442 4530/4530/4530
f 4552/4552/4552 4441/4441/4441 4440/4440/4440
f 4440/4440/4440 4441/4441/4441 4439/4439/4439
f 3223/3223/3223 3171/3171/3171 3075/3075/3075
f 4439/4439/4439 4530/4530/4530 4563/4563/4563
f 4437/4437/4437 4440/4440/4440 4439/4439/4439
f 4437/4437/4437 4439/4439/4439 4438/4438/4438
f 4438/4438/4438 4439/4439/4439 4563/4563/4563
f 3075/3075/3075 3171/3171/3171 3076/3076/3076
f 3171/3171/3171 3077/3077/3077 3076/3076/3076
f 4436/4436/4436 4438/4438/4438 4563/4563/4563
f 3078/3078/3078 3079/3079/3079 3021/3021/3021
f 3026/3026/3026 3023/3023/3023 3022/3022/3022
f 3022/3022/3022 3023/3023/3023 3011/3011/3011
f 2996/2996/2996 3028/3028/3028 2990/2990/2990
f 2990/2990/2990 3028/3028/3028 3116/3116/3116
f 2990/2990/2990 3116/3116/3116 3117/3117/3117
f 2461/2461/2461 2462/2462/2462 2463/2463/2463
f 2467/2467/2467 2469/2469/2469 2470/2470/2470
f 2470/2470/2470 2469/2469/2469 2471/2471/2471
f 2471/2471/2471 2469/2469/2469 2475/2475/2475
f 2471/2471/2471 2475/2475/2475 2476/2476/2476
f 2475/2475/2475 2480/2480/2480 2476/2476/2476
f 2476/2476/2476 2480/2480/2480 2478/2478/2478
f 2481/2481/2481 2518/2518/2518 2488/2488/2488
f 2488/2488/2488 2518/2518/2518 2485/2485/2485
f 2485/2485/2485 2518/2518/2518 2487/2487/2487
f 2518/2518/2518 2519/2519/2519 2487/2487/2487
f 2487/2487/2487 2519/2519/2519 2489/2489/2489
f 2489/2489/2489 2519/2519/2519 2492/2492/2492
f 2492/2492/2492 2519/2519/2519 2494/2494/2494
f 2494/2494/2494 2519/2519/2519 2523/2523/2523
f 2494/2494/2494 2523/2523/2523 2500/2500/2500
f 2523/2523/2523 2521/2521/2521 2500/2500/2500
f 2500/2500/2500 2521/2521/2521 2497/2497/2497
f 2521/2521/2521 2520/2520/2520 2497/2497/2497
f 2497/2497/2497 2520/2520/2520 2501/2501/2501
f 2520/2520/2520 2511/2511/2511 2501/2501/2501
f 2501/2501/2501 2511/2511/2511 2513/2513/2513
f 2511/2511/2511 2508/2508/2508 2510/2510/2510
f 2503/2503/2503 2514/2514/2514 2504/2504/2504
f 2504/2504/2504 2514/2514/2514 2517/2517/2517
f 4235/4235/4235 4239/4239/4239 4231/4231/4231
f 4231/4231/4231 4228/4228/4228 4230/4230/4230
f 4230/4230/4230 4228/4228/4228 4229/4229/4229
f 4229/4229/4229 4228/4228/4228 4227/4227/4227
f 4265/4265/4265 4224/4224/4224 4222/4222/4222
f 4610/4610/4610 4612/4612/4612 4609/4609/4609
f 4266/4266/4266 4265/4265/4265 4222/4222/4222
f 4611/4611/4611 4610/4610/4610 4608/4608/4608
f 3213/3213/3213 3278/3278/3278 3142/3142/3142
f 4608/4608/4608 4610/4610/4610 4609/4609/4609
f 3142/3142/3142 3278/3278/3278 3237/3237/3237
f 4608/4608/4608 4609/4609/4609 4607/4607/4607
f 4268/4268/4268 4266/4266/4266 4222/4222/4222
f 3918/3918/3918 3920/3920/3920 4111/4111/4111
f 4450/4450/4450 4451/4451/4451 4447/4447/4447
f 4447/4447/4447 4451/4451/4451 4452/4452/4452
f 3142/3142/3142 3237/3237/3237 3089/3089/3089
f 4449/4449/4449 4450/4450/4450 4447/4447/4447
f 4636/4636/4636 4608/4608/4608 4606/4606/4606
f 3089/3089/3089 3237/3237/3237 3201/3201/3201
f 4606/4606/4606 4608/4608/4608 4607/4607/4607
f 4268/4268/4268 4222/4222/4222 4221/4221/4221
f 4450/4450/4450 4449/4449/4449 4475/4475/4475
f 4447/4447/4447 4452/4452/4452 4481/4481/4481
f 3918/3918/3918 4111/4111/4111 4110/4110/4110
f 4498/4498/4498 4475/4475/4475 4449/4449/4449
f 3089/3089/3089 3201/3201/3201 3090/3090/3090
f 4606/4606/4606 4607/4607/4607 4604/4604/4604
f 4636/4636/4636 4606/4606/4606 4605/4605/4605
f 4605/4605/4605 4606/4606/4606 4604/4604/4604
f 4481/4481/4481 4536/4536/4536 4522/4522/4522
f 4638/4638/4638 4636/4636/4636 4605/4605/4605
f 3090/3090/3090 3201/3201/3201 3192/3192/3192
f 4498/4498/4498 4449/4449/4449 4446/4446/4446
f 4446/4446/4446 4449/4449/4449 4447/4447/4447
f 4447/4447/4447 4481/4481/4481 4448/4448/4448
f 4448/4448/4448 4481/4481/4481 4522/4522/4522
f 4507/4507/4507 4498/4498/4498 4446/4446/4446
f 4446/4446/4446 4447/4447/4447 4445/4445/4445
f 4445/4445/4445 4447/4447/4447 4448/4448/4448
f 4448/4448/4448 4522/4522/4522 4558/4558/4558
f 4638/4638/4638 4605/4605/4605 4603/4603/4603
f 3191/3191/3191 3192/3192/3192 3293/3293/3293
f 3192/3192/3192 3191/3191/3191 3071/3071/3071
f 3090/3090/3090 3192/3192/3192 3071/3071/3071
f 4500/4500/4500 4507/4507/4507 4446/4446/4446
f 4500/4500/4500 4446/4446/4446 4444/4444/4444
f 4444/4444/4444 4446/4446/4446 4445/4445/4445
f 4445/4445/4445 4448/4448/4448 4443/4443/4443
f 4443/4443/4443 4448/4448/4448 4558/4558/4558
f 3071/3071/3071 3191/3191/3191 3115/3115/3115
f 3071/3071/3071 3115/3115/3115 3072/3072/3072
f 4444/4444/4444 4445/4445/4445 4443/4443/4443
f 4495/4495/4495 4443/4443/4443 4558/4558/4558
f 3072/3072/3072 3115/3115/3115 3074/3074/3074
f 3076/3076/3076 3077/3077/3077 3020/3020/3020
f 3077/3077/3077 3078/3078/3078 3020/3020/3020
f 3020/3020/3020 3078/3078/3078 3021/3021/3021
f 3021/3021/3021 3079/3079/3079 3026/3026/3026
f 3021/3021/3021 3026/3026/3026 3022/3022/3022
f 3007/3007/3007 3006/3006/3006 3004/3004/3004
f 3006/3006/3006 2995/2995/2995 3005/3005/3005
f 2992/2992/2992 2996/2996/2996 2990/2990/2990
f 2990/2990/2990 3117/3117/3117 3118/3118/3118
f 2481/2481/2481 2488/2488/2488 2483/2483/2483
f 2517/2517/2517 2545/2545/2545 2516/2516/2516
f 2458/2458/2458 2572/2572/2572 2462/2462/2462
f 2462/2462/2462 2461/2461/2461 2458/2458/2458
f 2461/2461/2461 2463/2463/2463 2464/2464/2464
f 2463/2463/2463 2465/2465/2465 2464/2464/2464
f 2464/2464/2464 2465/2465/2465 2466/2466/2466
f 2466/2466/2466 2465/2465/2465 2467/2467/2467
f 2468/2468/2468 2470/2470/2470 2471/2471/2471
f 2509/2509/2509 2510/2510/2510 2508/2508/2508
f 2509/2509/2509 2508/2508/2508 2507/2507/2507
f 2507/2507/2507 2508/2508/2508 2506/2506/2506
f 2507/2507/2507 2506/2506/2506 2505/2505/2505
f 2506/2506/2506 2503/2503/2503 2505/2505/2505
f 2502/2502/2502 2503/2503/2503 2504/2504/2504
f 4241/4241/4241 4239/4239/4239 4235/4235/4235
f 4232/4232/4232 4231/4231/4231 4230/4230/4230
f 4229/4229/4229 4227/4227/4227 4236/4236/4236
f 4616/4616/4616 4617/4617/4617 4614/4614/4614
f 4617/4617/4617 4616/4616/4616 4618/4618/4618
f 4269/4269/4269 4227/4227/4227 4226/4226/4226
f 4614/4614/4614 4617/4617/4617 4652/4652/4652
f 4615/4615/4615 4616/4616/4616 4614/4614/4614
f 3181/3181/3181 3246/3246/3246 3151/3151/3151
f 4614/4614/4614 4652/4652/4652 4613/4613/4613
f 4616/4616/4616 4615/4615/4615 4610/4610/4610
f 4641/4641/4641 4616/4616/4616 4610/4610/4610
f 3246/3246/3246 3213/3213/3213 3151/3151/3151
f 4610/4610/4610 4615/4615/4615 4614/4614/4614
f 4610/4610/4610 4614/4614/4614 4613/4613/4613
f 4666/4666/4666 4484/4484/4484 4486/4486/4486
f 4486/4486/4486 4484/4484/4484 4456/4456/4456
f 4486/4486/4486 4456/4456/4456 4454/4454/4454
f 4454/4454/4454 4456/4456/4456 4455/4455/4455
f 4454/4454/4454 4455/4455/4455 4453/4453/4453
f 4455/4455/4455 4476/4476/4476 4482/4482/4482
f 4453/4453/4453 4455/4455/4455 4482/4482/4482
f 4610/4610/4610 4613/4613/4613 4612/4612/4612
f 4641/4641/4641 4610/4610/4610 4611/4611/4611
f 3151/3151/3151 3213/3213/3213 3059/3059/3059
f 4665/4665/4665 4666/4666/4666 4486/4486/4486
f 4665/4665/4665 4486/4486/4486 4487/4487/4487
f 4487/4487/4487 4486/4486/4486 4454/4454/4454
f 3059/3059/3059 3213/3213/3213 3142/3142/3142
f 4487/4487/4487 4454/4454/4454 4450/4450/4450
f 4450/4450/4450 4454/4454/4454 4453/4453/4453
f 4453/4453/4453 4482/4482/4482 4490/4490/4490
f 4490/4490/4490 4482/4482/4482 4657/4657/4657
f 4450/4450/4450 4453/4453/4453 4451/4451/4451
f 4451/4451/4451 4453/4453/4453 4490/4490/4490
f 5341/5341/5341 5205/5205/5205 5204/5204/5204
f 3059/3059/3059 3142/3142/3142 3089/3089/3089
f 5208/5208/5208 5341/5341/5341 5204/5204/5204
f 4475/4475/4475 4487/4487/4487 4450/4450/4450
f 3089/3089/3089 3090/3090/3090 3060/3060/3060
f 3060/3060/3060 3090/3090/3090 3071/3071/3071
f 3040/3040/3040 3072/3072/3072 3074/3074/3074
f 3040/3040/3040 3074/3074/3074 3075/3075/3075
f 3040/3040/3040 3075/3075/3075 3076/3076/3076
f 3040/3040/3040 3076/3076/3076 3020/3020/3020
f 3010/3010/3010 3027/3027/3027 3008/3008/3008
f 2458/2458/2458 2461/2461/2461 2460/2460/2460
f 2460/2460/2460 2461/2461/2461 2524/2524/2524
f 2461/2461/2461 2464/2464/2464 2524/2524/2524
f 2524/2524/2524 2464/2464/2464 2522/2522/2522
f 2522/2522/2522 2464/2464/2464 2466/2466/2466
f 2522/2522/2522 2466/2466/2466 2472/2472/2472
f 2467/2467/2467 2470/2470/2470 2468/2468/2468
f 2466/2466/2466 2467/2467/2467 2468/2468/2468
f 2472/2472/2472 2466/2466/2466 2468/2468/2468
f 2472/2472/2472 2468/2468/2468 2473/2473/2473
f 2473/2473/2473 2468/2468/2468 2471/2471/2471
f 2473/2473/2473 2471/2471/2471 2474/2474/2474
f 2474/2474/2474 2471/2471/2471 2476/2476/2476
f 2474/2474/2474 2476/2476/2476 2477/2477/2477
f 2476/2476/2476 2478/2478/2478 2477/2477/2477
f 2477/2477/2477 2478/2478/2478 2479/2479/2479
f 2478/2478/2478 2480/2480/2480 2479/2479/2479
f 2480/2480/2480 2481/2481/2481 2479/2479/2479
f 2479/2479/2479 2481/2481/2481 2482/2482/2482
f 2482/2482/2482 2481/2481/2481 2483/2483/2483
f 2482/2482/2482 2483/2483/2483 2484/2484/2484
f 2483/2483/2483 2488/2488/2488 2485/2485/2485
f 2484/2484/2484 2483/2483/2483 2485/2485/2485
f 2485/2485/2485 2487/2487/2487 2486/2486/2486
f 2484/2484/2484 2485/2485/2485 2486/2486/2486
f 2486/2486/2486 2487/2487/2487 2489/2489/2489
f 2486/2486/2486 2489/2489/2489 2490/2490/2490
f 2489/2489/2489 2492/2492/2492 2491/2491/2491
f 2490/2490/2490 2489/2489/2489 2491/2491/2491
f 2492/2492/2492 2493/2493/2493 2491/2491/2491
f 2491/2491/2491 2493/2493/2493 2495/2495/2495
f 2493/2493/2493 2492/2492/2492 2494/2494/2494
f 2495/2495/2495 2493/2493/2493 2494/2494/2494
f 2494/2494/2494 2500/2500/2500 2496/2496/2496
f 2495/2495/2495 2494/2494/2494 2496/2496/2496
f 2500/2500/2500 2497/2497/2497 2496/2496/2496
f 2496/2496/2496 2497/2497/2497 2498/2498/2498
f 2497/2497/2497 2501/2501/2501 2499/2499/2499
f 2498/2498/2498 2497/2497/2497 2499/2499/2499
f 2501/2501/2501 2513/2513/2513 2499/2499/2499
f 2499/2499/2499 2513/2513/2513 2512/2512/2512
f 2512/2512/2512 2513/2513/2513 2511/2511/2511
f 2512/2512/2512 2511/2511/2511 2510/2510/2510
f 2512/2512/2512 2510/2510/2510 2509/2509/2509
f 2503/2503/2503 2502/2502/2502 2505/2505/2505
f 2502/2502/2502 2504/2504/2504 2515/2515/2515
f 2504/2504/2504 2517/2517/2517 2516/2516/2516
f 2515/2515/2515 2504/2504/2504 2516/2516/2516
f 4241/4241/4241 4235/4235/4235 4234/4234/4234
f 4235/4235/4235 4231/4231/4231 4234/4234/4234
f 4234/4234/4234 4231/4231/4231 4232/4232/4232
f 4232/4232/4232 4230/4230/4230 4233/4233/4233
f 4233/4233/4233 4230/4230/4230 4229/4229/4229
f 4624/4624/4624 4625/4625/4625 4622/4622/4622
f 4622/4622/4622 4625/4625/4625 4623/4623/4623
f 4622/4622/4622 4623/4623/4623 4620/4620/4620
f 4620/4620/4620 4623/4623/4623 4658/4658/4658
f 4631/4631/4631 4624/4624/4624 4622/4622/4622
f 3243/3243/3243 3230/3230/3230 3170/3170/3170
f 4620/4620/4620 4658/4658/4658 4619/4619/4619
f 4631/4631/4631 4622/4622/4622 4621/4621/4621
f 3170/3170/3170 3230/3230/3230 3169/3169/3169
f 4621/4621/4621 4622/4622/4622 4620/4620/4620
f 4633/4633/4633 4631/4631/4631 4621/4621/4621
f 3230/3230/3230 3220/3220/3220 3169/3169/3169
f 4633/4633/4633 4621/4621/4621 4618/4618/4618
f 4618/4618/4618 4621/4621/4621 4620/4620/4620
f 4618/4618/4618 4620/4620/4620 4619/4619/4619
f 4470/4470/4470 4459/4459/4459 4457/4457/4457
f 4459/4459/4459 4460/4460/4460 4458/4458/4458
f 4457/4457/4457 4459/4459/4459 4458/4458/4458
f 4460/4460/4460 4478/4478/4478 4477/4477/4477
f 4458/4458/4458 4460/4460/4460 4477/4477/4477
f 4555/4555/4555 4470/4470/4470 4457/4457/4457
f 4643/4643/4643 4633/4633/4633 4618/4618/4618
f 3220/3220/3220 3181/3181/3181 3169/3169/3169
f 4499/4499/4499 4555/4555/4555 4457/4457/4457
f 4457/4457/4457 4458/4458/4458 4455/4455/4455
f 4458/4458/4458 4477/4477/4477 4476/4476/4476
f 4455/4455/4455 4458/4458/4458 4476/4476/4476
f 4476/4476/4476 4477/4477/4477 4655/4655/4655
f 4476/4476/4476 4655/4655/4655 4656/4656/4656
f 3169/3169/3169 3181/3181/3181 3132/3132/3132
f 4499/4499/4499 4457/4457/4457 4484/4484/4484
f 4484/4484/4484 4457/4457/4457 4456/4456/4456
f 4456/4456/4456 4457/4457/4457 4455/4455/4455
f 3181/3181/3181 3151/3151/3151 3132/3132/3132
f 4657/4657/4657 4476/4476/4476 4656/4656/4656
f 3132/3132/3132 3151/3151/3151 3059/3059/3059
f 3009/3009/3009 3010/3010/3010 3008/3008/3008
f 3004/3004/3004 3006/3006/3006 3005/3005/3005
f 2990/2990/2990 3118/3118/3118 2991/2991/2991
f 2458/2458/2458 2460/2460/2460 2379/2379/2379
f 2457/2457/2457 2458/2458/2458 2379/2379/2379
f 2379/2379/2379 2460/2460/2460 2524/2524/2524
f 2379/2379/2379 2524/2524/2524 2459/2459/2459
f 2459/2459/2459 2524/2524/2524 2544/2544/2544
f 2524/2524/2524 2522/2522/2522 2544/2544/2544
f 2544/2544/2544 2522/2522/2522 2543/2543/2543
f 2522/2522/2522 2472/2472/2472 2543/2543/2543
f 2543/2543/2543 2472/2472/2472 2542/2542/2542
f 2472/2472/2472 2473/2473/2473 2542/2542/2542
f 2542/2542/2542 2473/2473/2473 2541/2541/2541
f 2541/2541/2541 2473/2473/2473 2474/2474/2474
f 2541/2541/2541 2474/2474/2474 2536/2536/2536
f 2536/2536/2536 2474/2474/2474 2535/2535/2535
f 2535/2535/2535 2474/2474/2474 2477/2477/2477
f 2477/2477/2477 2479/2479/2479 2535/2535/2535
f 2535/2535/2535 2479/2479/2479 2532/2532/2532
f 2532/2532/2532 2479/2479/2479 2531/2531/2531
f 2479/2479/2479 2482/2482/2482 2531/2531/2531
f 2531/2531/2531 2482/2482/2482 2484/2484/2484
f 2531/2531/2531 2484/2484/2484 2533/2533/2533
f 2533/2533/2533 2484/2484/2484 2528/2528/2528
f 2528/2528/2528 2484/2484/2484 2486/2486/2486
f 2528/2528/2528 2486/2486/2486 2490/2490/2490
f 2528/2528/2528 2490/2490/2490 2530/2530/2530
f 2490/2490/2490 2491/2491/2491 2530/2530/2530
f 2491/2491/2491 2495/2495/2495 2530/2530/2530
f 2530/2530/2530 2495/2495/2495 2527/2527/2527
f 2527/2527/2527 2495/2495/2495 2526/2526/2526
f 2495/2495/2495 2496/2496/2496 2526/2526/2526
f 2526/2526/2526 2496/2496/2496 2525/2525/2525
f 2525/2525/2525 2496/2496/2496 2498/2498/2498
f 2525/2525/2525 2498/2498/2498 2499/2499/2499
f 2525/2525/2525 2499/2499/2499 2529/2529/2529
f 2529/2529/2529 2499/2499/2499 2512/2512/2512
f 2529/2529/2529 2512/2512/2512 2534/2534/2534
f 2534/2534/2534 2512/2512/2512 2509/2509/2509
f 2534/2534/2534 2509/2509/2509 2539/2539/2539
f 2539/2539/2539 2509/2509/2509 2507/2507/2507
f 2539/2539/2539 2507/2507/2507 2537/2537/2537
f 2537/2537/2537 2507/2507/2507 2505/2505/2505
f 2537/2537/2537 2505/2505/2505 2538/2538/2538
f 2538/2538/2538 2505/2505/2505 2502/2502/2502
f 2538/2538/2538 2502/2502/2502 2551/2551/2551
f 2551/2551/2551 2502/2502/2502 2515/2515/2515
f 5360/5360/5360 5361/5361/5361 5359/5359/5359
f 5359/5359/5359 5361/5361/5361 5362/5362/5362
f 4691/4691/4691 4716/4716/4716 4717/4717/4717
f 4234/4234/4234 4232/4232/4232 4238/4238/4238
f 4466/4466/4466 4472/4472/4472 4467/4467/4467
f 4467/4467/4467 4473/4473/4473 4468/4468/4468
f 4629/4629/4629 4639/4639/4639 4630/4630/4630
f 4639/4639/4639 4629/4629/4629 4662/4662/4662
f 4466/4466/4466 4467/4467/4467 4465/4465/4465
f 4465/4465/4465 4467/4467/4467 4468/4468/4468
f 4629/4629/4629 4630/4630/4630 4628/4628/4628
f 4628/4628/4628 4630/4630/4630 4637/4637/4637
f 4464/4464/4464 4466/4466/4466 4465/4465/4465
f 4468/4468/4468 4473/4473/4473 4474/4474/4474
f 4634/4634/4634 4635/4635/4635 4629/4629/4629
f 3140/3140/3140 3200/3200/3200 3197/3197/3197
f 3932/3932/3932 3934/3934/3934 4163/4163/4163
f 3932/3932/3932 4163/4163/4163 4162/4162/4162
f 4471/4471/4471 4466/4466/4466 4464/4464/4464
f 3140/3140/3140 3197/3197/3197 3058/3058/3058
f 4628/4628/4628 4637/4637/4637 4632/4632/4632
f 4465/4465/4465 4468/4468/4468 4462/4462/4462
f 4462/4462/4462 4468/4468/4468 4474/4474/4474
f 4462/4462/4462 4474/4474/4474 4485/4485/4485
f 4485/4485/4485 4474/4474/4474 4505/4505/4505
f 4634/4634/4634 4629/4629/4629 4627/4627/4627
f 4627/4627/4627 4629/4629/4629 4628/4628/4628
f 4627/4627/4627 4628/4628/4628 4626/4626/4626
f 4626/4626/4626 4628/4628/4628 4632/4632/4632
f 4634/4634/4634 4627/4627/4627 4625/4625/4625
f 4625/4625/4625 4627/4627/4627 4626/4626/4626
f 4471/4471/4471 4464/4464/4464 4463/4463/4463
f 4464/4464/4464 4465/4465/4465 4461/4461/4461
f 4463/4463/4463 4464/4464/4464 4461/4461/4461
f 4461/4461/4461 4465/4465/4465 4462/4462/4462
f 4640/4640/4640 4634/4634/4634 4625/4625/4625
f 3197/3197/3197 3170/3170/3170 3058/3058/3058
f 4625/4625/4625 4626/4626/4626 4623/4623/4623
f 4623/4623/4623 4626/4626/4626 4632/4632/4632
f 3929/3929/3929 3932/3932/3932 4162/4162/4162
f 4491/4491/4491 4471/4471/4471 4463/4463/4463
f 4461/4461/4461 4462/4462/4462 4460/4460/4460
f 4460/4460/4460 4462/4462/4462 4485/4485/4485
f 4460/4460/4460 4485/4485/4485 4503/4503/4503
f 4503/4503/4503 4485/4485/4485 4505/4505/4505
f 5340/5340/5340 5142/5142/5142 5143/5143/5143
f 4463/4463/4463 4461/4461/4461 4459/4459/4459
f 4459/4459/4459 4461/4461/4461 4460/4460/4460
f 3058/3058/3058 3170/3170/3170 3131/3131/3131
f 4469/4469/4469 4491/4491/4491 4463/4463/4463
f 3131/3131/3131 3170/3170/3170 3169/3169/3169
f 4469/4469/4469 4463/4463/4463 4459/4459/4459
f 5207/5207/5207 5340/5340/5340 5143/5143/5143
f 3131/3131/3131 3169/3169/3169 3132/3132/3132
f 3060/3060/3060 3059/3059/3059 3089/3089/3089
f 3011/3011/3011 3010/3010/3010 3009/3009/3009
f 3009/3009/3009 3008/3008/3008 3004/3004/3004
f 3004/3004/3004 3008/3008/3008 3007/3007/3007
f 2343/2343/2343 2379/2379/2379 2459/2459/2459
f 2343/2343/2343 2459/2459/2459 2540/2540/2540
f 2540/2540/2540 2459/2459/2459 2552/2552/2552
f 2552/2552/2552 2459/2459/2459 2544/2544/2544
f 2544/2544/2544 2543/2543/2543 2552/2552/2552
f 2540/2540/2540 2552/2552/2552 2355/2355/2355
f 2552/2552/2552 2543/2543/2543 2556/2556/2556
f 2552/2552/2552 2556/2556/2556 2355/2355/2355
f 2355/2355/2355 2556/2556/2556 2372/2372/2372
f 2543/2543/2543 2542/2542/2542 2556/2556/2556
f 5400/5400/5400 5401/5401/5401 5399/5399/5399
f 2372/2372/2372 2556/2556/2556 2373/2373/2373
f 5400/5400/5400 5399/5399/5399 5397/5397/5397
f 2556/2556/2556 2562/2562/2562 2373/2373/2373
f 5399/5399/5399 5398/5398/5398 5397/5397/5397
f 5397/5397/5397 5398/5398/5398 5396/5396/5396
f 5397/5397/5397 5396/5396/5396 5395/5395/5395
f 2373/2373/2373 2562/2562/2562 2563/2563/2563
f 2373/2373/2373 2563/2563/2563 2375/2375/2375
f 5396/5396/5396 5394/5394/5394 5395/5395/5395
f 2375/2375/2375 2563/2563/2563 2374/2374/2374
f 5395/5395/5395 5394/5394/5394 5393/5393/5393
f 5406/5406/5406 5395/5395/5395 5393/5393/5393
f 5393/5393/5393 5394/5394/5394 5392/5392/5392
f 5406/5406/5406 5393/5393/5393 5405/5405/5405
f 5393/5393/5393 5392/5392/5392 5389/5389/5389
f 5393/5393/5393 5389/5389/5389 5405/5405/5405
f 5392/5392/5392 5391/5391/5391 5389/5389/5389
f 5405/5405/5405 5389/5389/5389 5404/5404/5404
f 5404/5404/5404 5389/5389/5389 5402/5402/5402
f 5391/5391/5391 5386/5386/5386 5389/5389/5389
f 5389/5389/5389 5386/5386/5386 5385/5385/5385
f 5402/5402/5402 5389/5389/5389 5385/5385/5385
f 5402/5402/5402 5385/5385/5385 5403/5403/5403
f 5386/5386/5386 5384/5384/5384 5385/5385/5385
f 5385/5385/5385 5384/5384/5384 5383/5383/5383
f 5383/5383/5383 5384/5384/5384 5372/5372/5372
f 5367/5367/5367 5368/5368/5368 5369/5369/5369
f 5369/5369/5369 5368/5368/5368 5363/5363/5363
f 5363/5363/5363 5368/5368/5368 5366/5366/5366
f 5363/5363/5363 5366/5366/5366 5364/5364/5364
f 5363/5363/5363 5364/5364/5364 5365/5365/5365
f 5364/5364/5364 5376/5376/5376 5375/5375/5375
f 5376/5376/5376 5378/5378/5378 5377/5377/5377
f 5378/5378/5378 5380/5380/5380 5379/5379/5379
f 5379/5379/5379 5380/5380/5380 5381/5381/5381
f 5381/5381/5381 5380/5380/5380 5360/5360/5360
f 5382/5382/5382 5360/5360/5360 5358/5358/5358
f 5407/5407/5407 5382/5382/5382 5358/5358/5358
f 5360/5360/5360 5359/5359/5359 5358/5358/5358
f 2363/2363/2363 2569/2569/2569 2547/2547/2547
f 5403/5403/5403 5385/5385/5385 5388/5388/5388
f 5388/5388/5388 5385/5385/5385 5387/5387/5387
f 5385/5385/5385 5383/5383/5383 5387/5387/5387
f 5373/5373/5373 5383/5383/5383 5372/5372/5372
f 5373/5373/5373 5372/5372/5372 5371/5371/5371
f 5371/5371/5371 5372/5372/5372 5367/5367/5367
f 5371/5371/5371 5367/5367/5367 5370/5370/5370
f 5370/5370/5370 5367/5367/5367 5369/5369/5369
f 5365/5365/5365 5364/5364/5364 5374/5374/5374
f 5374/5374/5374 5364/5364/5364 5375/5375/5375
f 5375/5375/5375 5376/5376/5376 5377/5377/5377
f 2323/2323/2323 2378/2378/2378 2318/2318/2318
f 2378/2378/2378 2331/2331/2331 2318/2318/2318
f 5379/5379/5379 5377/5377/5377 5378/5378/5378
f 2318/2318/2318 2331/2331/2331 2312/2312/2312
f 2312/2312/2312 2331/2331/2331 2325/2325/2325
f 5381/5381/5381 5360/5360/5360 5382/5382/5382
f 5381/5381/5381 5382/5382/5382 5390/5390/5390
f 5357/5357/5357 5358/5358/5358 5359/5359/5359
f 4270/4270/4270 4234/4234/4234 4238/4238/4238
f 5411/5411/5411 5412/5412/5412 5413/5413/5413
f 3957/3957/3957 3956/3956/3956 4166/4166/4166
f 4720/4720/4720 4691/4691/4691 4717/4717/4717
f 4749/4749/4749 4720/4720/4720 4717/4717/4717
f 4648/4648/4648 4664/4664/4664 4663/4663/4663
f 5048/5048/5048 5049/5049/5049 5047/5047/5047
f 5282/5282/5282 5338/5338/5338 5262/5262/5262
f 4887/4887/4887 4891/4891/4891 4890/4890/4890
f 4885/4885/4885 4887/4887/4887 4890/4890/4890
f 3174/3174/3174 3200/3200/3200 3140/3140/3140
f 3058/3058/3058 3131/3131/3131 3056/3056/3056
f 3056/3056/3056 3131/3131/3131 3132/3132/3132
f 3056/3056/3056 3132/3132/3132 3059/3059/3059
f 3060/3060/3060 3071/3071/3071 3038/3038/3038
f 3038/3038/3038 3071/3071/3071 3072/3072/3072
f 3018/3018/3018 3020/3020/3020 3021/3021/3021
f 3018/3018/3018 3021/3021/3021 3014/3014/3014
f 3021/3021/3021 3022/3022/3022 3014/3014/3014
f 3014/3014/3014 3022/3022/3022 3011/3011/3011
f 3014/3014/3014 3011/3011/3011 3013/3013/3013
f 2554/2554/2554 2457/2457/2457 2376/2376/2376
f 2376/2376/2376 2457/2457/2457 2379/2379/2379
f 2376/2376/2376 2379/2379/2379 2341/2341/2341
f 2340/2340/2340 2376/2376/2376 2341/2341/2341
f 2341/2341/2341 2379/2379/2379 2343/2343/2343
f 2343/2343/2343 2540/2540/2540 2355/2355/2355
f 2349/2349/2349 2355/2355/2355 2372/2372/2372
f 2349/2349/2349 2372/2372/2372 2350/2350/2350
f 2350/2350/2350 2372/2372/2372 2373/2373/2373
f 2350/2350/2350 2373/2373/2373 2351/2351/2351
f 2373/2373/2373 2375/2375/2375 2351/2351/2351
f 2351/2351/2351 2375/2375/2375 2352/2352/2352
f 2352/2352/2352 2375/2375/2375 2374/2374/2374
f 2352/2352/2352 2374/2374/2374 2353/2353/2353
f 2374/2374/2374 2354/2354/2354 2353/2353/2353
f 2353/2353/2353 2354/2354/2354 2229/2229/2229
f 2229/2229/2229 2354/2354/2354 2231/2231/2231
f 2231/2231/2231 2314/2314/2314 2227/2227/2227
f 2227/2227/2227 2314/2314/2314 2112/2112/2112
f 2314/2314/2314 2315/2315/2315 2112/2112/2112
f 2112/2112/2112 2315/2315/2315 2111/2111/2111
f 2315/2315/2315 2302/2302/2302 2111/2111/2111
f 2110/2110/2110 2302/2302/2302 2303/2303/2303
f 2313/2313/2313 2325/2325/2325 2275/2275/2275
f 2275/2275/2275 2325/2325/2325 2298/2298/2298
f 2325/2325/2325 2363/2363/2363 2298/2298/2298
f 2363/2363/2363 2547/2547/2547 2360/2360/2360
f 2298/2298/2298 2363/2363/2363 2360/2360/2360
f 5029/5029/5029 5043/5043/5043 5042/5042/5042
f 3140/3140/3140 3058/3058/3058 3057/3057/3057
f 3057/3057/3057 3058/3058/3058 3056/3056/3056
f 3055/3055/3055 3056/3056/3056 3059/3059/3059
f 3039/3039/3039 3040/3040/3040 3020/3020/3020
f 3013/3013/3013 3011/3011/3011 3012/3012/3012
f 3012/3012/3012 3011/3011/3011 3009/3009/3009
f 3005/3005/3005 2995/2995/2995 2997/2997/2997
f 2997/2997/2997 2995/2995/2995 2994/2994/2994
f 2554/2554/2554 2376/2376/2376 2362/2362/2362
f 2362/2362/2362 2376/2376/2376 2340/2340/2340
f 2236/2236/2236 2350/2350/2350 2351/2351/2351
f 2232/2232/2232 2352/2352/2352 2353/2353/2353
f 2232/2232/2232 2353/2353/2353 2229/2229/2229
f 2229/2229/2229 2231/2231/2231 2230/2230/2230
f 2230/2230/2230 2231/2231/2231 2227/2227/2227
f 2111/2111/2111 2302/2302/2302 2110/2110/2110
f 2110/2110/2110 2303/2303/2303 2107/2107/2107
f 2107/2107/2107 2303/2303/2303 2304/2304/2304
f 2107/2107/2107 2304/2304/2304 2106/2106/2106
f 2304/2304/2304 2305/2305/2305 2106/2106/2106
f 2106/2106/2106 2305/2305/2305 2104/2104/2104
f 2305/2305/2305 2306/2306/2306 2104/2104/2104
f 2104/2104/2104 2306/2306/2306 2103/2103/2103
f 2306/2306/2306 2307/2307/2307 2103/2103/2103
f 2103/2103/2103 2307/2307/2307 2308/2308/2308
f 2103/2103/2103 2308/2308/2308 2142/2142/2142
f 2142/2142/2142 2308/2308/2308 2281/2281/2281
f 2308/2308/2308 2309/2309/2309 2281/2281/2281
f 2309/2309/2309 2310/2310/2310 2281/2281/2281
f 2281/2281/2281 2310/2310/2310 2280/2280/2280
f 2310/2310/2310 2311/2311/2311 2280/2280/2280
f 2280/2280/2280 2311/2311/2311 2279/2279/2279
f 2311/2311/2311 2312/2312/2312 2279/2279/2279
f 2312/2312/2312 2313/2313/2313 2279/2279/2279
f 2279/2279/2279 2313/2313/2313 2275/2275/2275
f 2293/2293/2293 2298/2298/2298 2360/2360/2360
f 2293/2293/2293 2360/2360/2360 2438/2438/2438
f 5029/5029/5029 5042/5042/5042 5028/5028/5028
f 4883/4883/4883 4885/4885/4885 4890/4890/4890
f 3291/3291/3291 3267/3267/3267 3249/3249/3249
f 3174/3174/3174 3140/3140/3140 3138/3138/3138
f 3057/3057/3057 3056/3056/3056 3053/3053/3053
f 3059/3059/3059 3060/3060/3060 3046/3046/3046
f 3055/3055/3055 3059/3059/3059 3046/3046/3046
f 3046/3046/3046 3060/3060/3060 3038/3038/3038
f 3038/3038/3038 3072/3072/3072 3040/3040/3040
f 3038/3038/3038 3040/3040/3040 3039/3039/3039
f 3004/3004/3004 3005/3005/3005 3000/3000/3000
f 3000/3000/3000 3005/3005/3005 2997/2997/2997
f 2362/2362/2362 2340/2340/2340 2241/2241/2241
f 2341/2341/2341 2343/2343/2343 2342/2342/2342
f 2342/2342/2342 2343/2343/2343 2239/2239/2239
f 2239/2239/2239 2343/2343/2343 2355/2355/2355
f 2355/2355/2355 2349/2349/2349 2239/2239/2239
f 2349/2349/2349 2350/2350/2350 2235/2235/2235
f 2235/2235/2235 2350/2350/2350 2236/2236/2236
f 2238/2238/2238 2236/2236/2236 2351/2351/2351
f 2351/2351/2351 2352/2352/2352 2238/2238/2238
f 2238/2238/2238 2352/2352/2352 2234/2234/2234
f 2352/2352/2352 2232/2232/2232 2234/2234/2234
f 2228/2228/2228 2232/2232/2232 2229/2229/2229
f 2228/2228/2228 2229/2229/2229 2230/2230/2230
f 2143/2143/2143 2281/2281/2281 2280/2280/2280
f 2280/2280/2280 2279/2279/2279 2143/2143/2143
f 2279/2279/2279 2275/2275/2275 2146/2146/2146
f 2298/2298/2298 2293/2293/2293 2276/2276/2276
f 2293/2293/2293 2438/2438/2438 2277/2277/2277
f 3249/3249/3249 3174/3174/3174 3180/3180/3180
f 3180/3180/3180 3174/3174/3174 3138/3138/3138
f 3138/3138/3138 3140/3140/3140 3057/3057/3057
f 3056/3056/3056 3055/3055/3055 3053/3053/3053
f 3037/3037/3037 3039/3039/3039 3020/3020/3020
f 3037/3037/3037 3020/3020/3020 3036/3036/3036
f 2993/2993/2993 2996/2996/2996 2992/2992/2992
f 2340/2340/2340 2341/2341/2341 2240/2240/2240
f 2241/2241/2241 2340/2340/2340 2240/2240/2240
f 2240/2240/2240 2341/2341/2341 2342/2342/2342
f 2239/2239/2239 2349/2349/2349 2235/2235/2235
f 2235/2235/2235 2236/2236/2236 2237/2237/2237
f 2226/2226/2226 2227/2227/2227 2112/2112/2112
f 2112/2112/2112 2111/2111/2111 2108/2108/2108
f 2111/2111/2111 2110/2110/2110 2108/2108/2108
f 2110/2110/2110 2107/2107/2107 2108/2108/2108
f 2108/2108/2108 2107/2107/2107 2105/2105/2105
f 2105/2105/2105 2107/2107/2107 2106/2106/2106
f 2105/2105/2105 2106/2106/2106 2104/2104/2104
f 2105/2105/2105 2104/2104/2104 2101/2101/2101
f 2101/2101/2101 2104/2104/2104 2103/2103/2103
f 2143/2143/2143 2279/2279/2279 2146/2146/2146
f 2276/2276/2276 2293/2293/2293 2277/2277/2277
f 2277/2277/2277 2438/2438/2438 2570/2570/2570
f 4909/4909/4909 5029/5029/5029 5028/5028/5028
f 3291/3291/3291 3249/3249/3249 3263/3263/3263
f 3263/3263/3263 3249/3249/3249 3180/3180/3180
f 3263/3263/3263 3180/3180/3180 3247/3247/3247
f 3036/3036/3036 3020/3020/3020 3019/3019/3019
f 3009/3009/3009 3004/3004/3004 3003/3003/3003
f 2994/2994/2994 2995/2995/2995 2993/2993/2993
f 2993/2993/2993 2995/2995/2995 2996/2996/2996
f 5244/5244/5244 5243/5243/5243 5242/5242/5242
f 5256/5256/5256 5244/5244/5244 5242/5242/5242
f 2237/2237/2237 2236/2236/2236 2238/2238/2238
f 2228/2228/2228 2230/2230/2230 2196/2196/2196
f 2230/2230/2230 2227/2227/2227 2217/2217/2217
f 2217/2217/2217 2227/2227/2227 2226/2226/2226
f 2085/2085/2085 2108/2108/2108 2105/2105/2105
f 2101/2101/2101 2103/2103/2103 2102/2102/2102
f 2103/2103/2103 2142/2142/2142 2102/2102/2102
f 2142/2142/2142 2281/2281/2281 2137/2137/2137
f 2281/2281/2281 2143/2143/2143 2137/2137/2137
f 2144/2144/2144 2143/2143/2143 2145/2145/2145
f 2145/2145/2145 2143/2143/2143 2146/2146/2146
f 2275/2275/2275 2298/2298/2298 2276/2276/2276
f 4909/4909/4909 5028/5028/5028 5027/5027/5027
f 3292/3292/3292 3263/3263/3263 3247/3247/3247
f 4871/4871/4871 4876/4876/4876 4875/4875/4875
f 3179/3179/3179 3180/3180/3180 3138/3138/3138
f 2989/2989/2989 2991/2991/2991 3114/3114/3114
f 2328/2328/2328 2362/2362/2362 2241/2241/2241
f 2342/2342/2342 2239/2239/2239 2240/2240/2240
f 2239/2239/2239 2235/2235/2235 2201/2201/2201
f 2201/2201/2201 2235/2235/2235 2237/2237/2237
f 2237/2237/2237 2238/2238/2238 2198/2198/2198
f 2198/2198/2198 2238/2238/2238 2195/2195/2195
f 2195/2195/2195 2238/2238/2238 2234/2234/2234
f 2233/2233/2233 2234/2234/2234 2232/2232/2232
f 2233/2233/2233 2232/2232/2232 2228/2228/2228
f 2196/2196/2196 2230/2230/2230 2217/2217/2217
f 2219/2219/2219 2226/2226/2226 2112/2112/2112
f 2219/2219/2219 2112/2112/2112 2109/2109/2109
f 2112/2112/2112 2108/2108/2108 2109/2109/2109
f 2109/2109/2109 2108/2108/2108 2085/2085/2085
f 2085/2085/2085 2105/2105/2105 2091/2091/2091
f 2091/2091/2091 2105/2105/2105 2101/2101/2101
f 2091/2091/2091 2101/2101/2101 2099/2099/2099
f 2135/2135/2135 2137/2137/2137 2143/2143/2143
f 2135/2135/2135 2143/2143/2143 2144/2144/2144
f 4909/4909/4909 5027/5027/5027 5026/5026/5026
f 4858/4858/4858 4871/4871/4871 4875/4875/4875
f 3179/3179/3179 3138/3138/3138 3139/3139/3139
f 3138/3138/3138 3057/3057/3057 3137/3137/3137
f 3038/3038/3038 3039/3039/3039 3037/3037/3037
f 3019/3019/3019 3020/3020/3020 3018/3018/3018
f 3012/3012/3012 3009/3009/3009 3003/3003/3003
f 3003/3003/3003 3004/3004/3004 3000/3000/3000
f 2240/2240/2240 2239/2239/2239 2202/2202/2202
f 2202/2202/2202 2239/2239/2239 2201/2201/2201
f 2195/2195/2195 2234/2234/2234 2233/2233/2233
f 2233/2233/2233 2228/2228/2228 2196/2196/2196
f 2145/2145/2145 2146/2146/2146 2272/2272/2272
f 2272/2272/2272 2146/2146/2146 2273/2273/2273
f 2146/2146/2146 2275/2275/2275 2273/2273/2273
f 2273/2273/2273 2275/2275/2275 2274/2274/2274
f 2275/2275/2275 2276/2276/2276 2274/2274/2274
f 2276/2276/2276 2277/2277/2277 2274/2274/2274
f 2277/2277/2277 2570/2570/2570 2371/2371/2371
f 4909/4909/4909 5026/5026/5026 4908/4908/4908
f 3139/3139/3139 3138/3138/3138 3137/3137/3137
f 3053/3053/3053 3055/3055/3055 3054/3054/3054
f 3054/3054/3054 3055/3055/3055 3046/3046/3046
f 3014/3014/3014 3016/3016/3016 3018/3018/3018
f 2973/2973/2973 3013/3013/3013 3012/3012/3012
f 2998/2998/2998 3000/3000/3000 2997/2997/2997
f 2990/2990/2990 2991/2991/2991 2989/2989/2989
f 2989/2989/2989 3114/3114/3114 3111/3111/3111
f 2199/2199/2199 2201/2201/2201 2237/2237/2237
f 2199/2199/2199 2237/2237/2237 2198/2198/2198
f 2217/2217/2217 2226/2226/2226 2219/2219/2219
f 2090/2090/2090 2085/2085/2085 2091/2091/2091
f 2099/2099/2099 2101/2101/2101 2102/2102/2102
f 2102/2102/2102 2142/2142/2142 2137/2137/2137
f 2144/2144/2144 2145/2145/2145 2272/2272/2272
f 2274/2274/2274 2277/2277/2277 2278/2278/2278
f 2278/2278/2278 2277/2277/2277 2371/2371/2371
f 3050/3050/3050 3054/3054/3054 3046/3046/3046
f 3045/3045/3045 3038/3038/3038 3034/3034/3034
f 3034/3034/3034 3038/3038/3038 3037/3037/3037
f 3036/3036/3036 3019/3019/3019 2964/2964/2964
f 2992/2992/2992 2990/2990/2990 2985/2985/2985
f 2985/2985/2985 2990/2990/2990 2989/2989/2989
f 2328/2328/2328 2241/2241/2241 2242/2242/2242
f 2241/2241/2241 2240/2240/2240 2205/2205/2205
f 2233/2233/2233 2196/2196/2196 2195/2195/2195
f 2091/2091/2091 2099/2099/2099 2100/2100/2100
f 2136/2136/2136 2137/2137/2137 2135/2135/2135
f 2149/2149/2149 2273/2273/2273 2274/2274/2274
f 4946/4946/4946 4909/4909/4909 4907/4907/4907
f 4909/4909/4909 4908/4908/4908 4907/4907/4907
f 4907/4907/4907 4908/4908/4908 4905/4905/4905
f 3046/3046/3046 3038/3038/3038 3045/3045/3045
f 3034/3034/3034 3037/3037/3037 3035/3035/3035
f 3035/3035/3035 3037/3037/3037 3036/3036/3036
f 2975/2975/2975 3012/3012/3012 3003/3003/3003
f 2242/2242/2242 2241/2241/2241 2205/2205/2205
f 2240/2240/2240 2202/2202/2202 2205/2205/2205
f 2199/2199/2199 2198/2198/2198 2190/2190/2190
f 2190/2190/2190 2198/2198/2198 2195/2195/2195
f 2190/2190/2190 2195/2195/2195 2191/2191/2191
f 2191/2191/2191 2195/2195/2195 2194/2194/2194
f 2194/2194/2194 2195/2195/2195 2193/2193/2193
f 2195/2195/2195 2196/2196/2196 2193/2193/2193
f 2217/2217/2217 2219/2219/2219 2218/2218/2218
f 2219/2219/2219 2109/2109/2109 2114/2114/2114
f 2084/2084/2084 2109/2109/2109 2085/2085/2085
f 2089/2089/2089 2090/2090/2090 2091/2091/2091
f 2096/2096/2096 2100/2100/2100 2099/2099/2099
f 2099/2099/2099 2102/2102/2102 2098/2098/2098
f 2098/2098/2098 2102/2102/2102 2137/2137/2137
f 2098/2098/2098 2137/2137/2137 2138/2138/2138
f 2138/2138/2138 2137/2137/2137 2136/2136/2136
f 2272/2272/2272 2273/2273/2273 2148/2148/2148
f 3222/3222/3222 3139/3139/3139 3159/3159/3159
f 3159/3159/3159 3139/3139/3139 3137/3137/3137
f 3159/3159/3159 3137/3137/3137 3160/3160/3160
f 3050/3050/3050 3046/3046/3046 3048/3048/3048
f 2973/2973/2973 3012/3012/3012 2975/2975/2975
f 3003/3003/3003 3000/3000/3000 3001/3001/3001
f 2148/2148/2148 2273/2273/2273 2149/2149/2149
f 3061/3061/3061 3137/3137/3137 3057/3057/3057
f 3035/3035/3035 3036/3036/3036 2964/2964/2964
f 2965/2965/2965 3018/3018/3018 3016/3016/3016
f 3016/3016/3016 3014/3014/3014 3015/3015/3015
f 3015/3015/3015 3014/3014/3014 2973/2973/2973
f 2973/2973/2973 3014/3014/3014 3013/3013/3013
f 2993/2993/2993 2992/2992/2992 2985/2985/2985
f 2149/2149/2149 2274/2274/2274 2278/2278/2278
f 2278/2278/2278 2371/2371/2371 2370/2370/2370
f 2151/2151/2151 2278/2278/2278 2370/2370/2370
f 2183/2183/2183 2202/2202/2202 2201/2201/2201
f 2183/2183/2183 2201/2201/2201 2200/2200/2200
f 2200/2200/2200 2201/2201/2201 2199/2199/2199
f 2114/2114/2114 2109/2109/2109 2084/2084/2084
f 2089/2089/2089 2091/2091/2091 2092/2092/2092
f 2092/2092/2092 2091/2091/2091 2100/2100/2100
f 2092/2092/2092 2100/2100/2100 2096/2096/2096
f 2096/2096/2096 2099/2099/2099 2098/2098/2098
f 2134/2134/2134 2136/2136/2136 2135/2135/2135
f 4945/4945/4945 4946/4946/4946 4907/4907/4907
f 3222/3222/3222 3159/3159/3159 3215/3215/3215
f 4905/4905/4905 4906/4906/4906 4904/4904/4904
f 3215/3215/3215 3159/3159/3159 3160/3160/3160
f 2965/2965/2965 3019/3019/3019 3018/3018/3018
f 3000/3000/3000 2998/2998/2998 2999/2999/2999
f 2998/2998/2998 2997/2997/2997 2994/2994/2994
f 2295/2295/2295 2242/2242/2242 2205/2205/2205
f 3965/3965/3965 4011/4011/4011 4016/4016/4016
f 2205/2205/2205 2202/2202/2202 2203/2203/2203
f 2200/2200/2200 2199/2199/2199 2190/2190/2190
f 2191/2191/2191 2194/2194/2194 2193/2193/2193
f 2196/2196/2196 2217/2217/2217 2216/2216/2216
f 2218/2218/2218 2219/2219/2219 2225/2225/2225
f 2225/2225/2225 2219/2219/2219 2114/2114/2114
f 2085/2085/2085 2090/2090/2090 2087/2087/2087
f 2087/2087/2087 2090/2090/2090 2089/2089/2089
f 2149/2149/2149 2278/2278/2278 2151/2151/2151
f 3160/3160/3160 3137/3137/3137 3135/3135/3135
f 3135/3135/3135 3137/3137/3137 3061/3061/3061
f 3061/3061/3061 3057/3057/3057 3053/3053/3053
f 3047/3047/3047 3046/3046/3046 3045/3045/3045
f 2964/2964/2964 3019/3019/3019 2965/2965/2965
f 3001/3001/3001 3000/3000/3000 2999/2999/2999
f 2989/2989/2989 3111/3111/3111 2988/2988/2988
f 2988/2988/2988 3111/3111/3111 3112/3112/3112
f 2356/2356/2356 2242/2242/2242 2295/2295/2295
f 2295/2295/2295 2205/2205/2205 2291/2291/2291
f 2197/2197/2197 2193/2193/2193 2196/2196/2196
f 2197/2197/2197 2196/2196/2196 2216/2216/2216
f 2217/2217/2217 2218/2218/2218 2216/2216/2216
f 2084/2084/2084 2085/2085/2085 2086/2086/2086
f 2086/2086/2086 2085/2085/2085 2087/2087/2087
f 2140/2140/2140 2098/2098/2098 2138/2138/2138
f 2134/2134/2134 2135/2135/2135 2133/2133/2133
f 2135/2135/2135 2144/2144/2144 2133/2133/2133
f 2133/2133/2133 2144/2144/2144 2272/2272/2272
f 2147/2147/2147 2148/2148/2148 2149/2149/2149
f 4907/4907/4907 4905/4905/4905 4902/4902/4902
f 4838/4838/4838 4839/4839/4839 4835/4835/4835
f 4902/4902/4902 4905/4905/4905 4904/4904/4904
f 3048/3048/3048 3046/3046/3046 3047/3047/3047
f 2985/2985/2985 2994/2994/2994 2993/2993/2993
f 2985/2985/2985 2989/2989/2989 2988/2988/2988
f 2988/2988/2988 3112/3112/3112 3113/3113/3113
f 2720/2720/2720 2718/2718/2718 2722/2722/2722
f 2356/2356/2356 2295/2295/2295 2296/2296/2296
f 2291/2291/2291 2205/2205/2205 2203/2203/2203
f 2203/2203/2203 2202/2202/2202 2183/2183/2183
f 2192/2192/2192 2191/2191/2191 2193/2193/2193
f 2192/2192/2192 2193/2193/2193 2197/2197/2197
f 2197/2197/2197 2216/2216/2216 2220/2220/2220
f 2216/2216/2216 2218/2218/2218 2225/2225/2225
f 2114/2114/2114 2084/2084/2084 2115/2115/2115
f 2115/2115/2115 2084/2084/2084 2086/2086/2086
f 2089/2089/2089 2092/2092/2092 2093/2093/2093
f 2095/2095/2095 2092/2092/2092 2096/2096/2096
f 2095/2095/2095 2096/2096/2096 2097/2097/2097
f 2097/2097/2097 2096/2096/2096 2098/2098/2098
f 2097/2097/2097 2098/2098/2098 2140/2140/2140
f 2124/2124/2124 2136/2136/2136 2134/2134/2134
f 2131/2131/2131 2133/2133/2133 2272/2272/2272
f 2131/2131/2131 2272/2272/2272 2148/2148/2148
f 3044/3044/3044 3045/3045/3045 3034/3034/3034
f 2965/2965/2965 3016/3016/3016 3017/3017/3017
f 3017/3017/3017 3016/3016/3016 3015/3015/3015
f 2975/2975/2975 3003/3003/3003 2976/2976/2976
f 2976/2976/2976 3003/3003/3003 3001/3001/3001
f 3002/3002/3002 3001/3001/3001 2999/2999/2999
f 4005/4005/4005 3965/3965/3965 4016/4016/4016
f 2296/2296/2296 2295/2295/2295 2291/2291/2291
f 2183/2183/2183 2200/2200/2200 2184/2184/2184
f 2185/2185/2185 2200/2200/2200 2190/2190/2190
f 2147/2147/2147 2149/2149/2149 2150/2150/2150
f 2150/2150/2150 2149/2149/2149 2151/2151/2151
f 2150/2150/2150 2151/2151/2151 2284/2284/2284
f 2284/2284/2284 2151/2151/2151 2370/2370/2370
f 3216/3216/3216 3215/3215/3215 3160/3160/3160
f 3135/3135/3135 3061/3061/3061 3134/3134/3134
f 3017/3017/3017 3015/3015/3015 2969/2969/2969
f 2976/2976/2976 3001/3001/3001 3002/3002/3002
f 2999/2999/2999 2998/2998/2998 2982/2982/2982
f 2998/2998/2998 2994/2994/2994 2982/2982/2982
f 2982/2982/2982 2994/2994/2994 2985/2985/2985
f 2982/2982/2982 2985/2985/2985 2983/2983/2983
f 2296/2296/2296 2291/2291/2291 2294/2294/2294
f 2291/2291/2291 2203/2203/2203 2204/2204/2204
f 2184/2184/2184 2200/2200/2200 2185/2185/2185
f 2190/2190/2190 2191/2191/2191 2189/2189/2189
f 2191/2191/2191 2192/2192/2192 2189/2189/2189
f 4945/4945/4945 4907/4907/4907 4910/4910/4910
f 4910/4910/4910 4907/4907/4907 4902/4902/4902
f 3061/3061/3061 3053/3053/3053 3052/3052/3052
f 3052/3052/3052 3053/3053/3053 3051/3051/3051
f 3051/3051/3051 3053/3053/3053 3054/3054/3054
f 2972/2972/2972 3015/3015/3015 2973/2973/2973
f 2294/2294/2294 2291/2291/2291 2208/2208/2208
f 2208/2208/2208 2291/2291/2291 2204/2204/2204
f 2204/2204/2204 2203/2203/2203 2183/2183/2183
f 2185/2185/2185 2190/2190/2190 2189/2189/2189
f 2192/2192/2192 2197/2197/2197 2220/2220/2220
f 2225/2225/2225 2114/2114/2114 2223/2223/2223
f 2088/2088/2088 2086/2086/2086 2087/2087/2087
f 2095/2095/2095 2093/2093/2093 2092/2092/2092
f 2138/2138/2138 2136/2136/2136 2124/2124/2124
f 2124/2124/2124 2134/2134/2134 2133/2133/2133
f 2127/2127/2127 2133/2133/2133 2131/2131/2131
f 2148/2148/2148 2147/2147/2147 2131/2131/2131
f 2147/2147/2147 2150/2150/2150 2271/2271/2271
f 3032/3032/3032 3035/3035/3035 2964/2964/2964
f 2985/2985/2985 2988/2988/2988 2986/2986/2986
f 2988/2988/2988 3113/3113/3113 2986/2986/2986
f 2114/2114/2114 2115/2115/2115 2223/2223/2223
f 2088/2088/2088 2087/2087/2087 2089/2089/2089
f 2093/2093/2093 2095/2095/2095 2113/2113/2113
f 2141/2141/2141 2140/2140/2140 2138/2138/2138
f 2138/2138/2138 2124/2124/2124 2141/2141/2141
f 2124/2124/2124 2133/2133/2133 2127/2127/2127
f 3216/3216/3216 3160/3160/3160 3161/3161/3161
f 3161/3161/3161 3160/3160/3160 3135/3135/3135
f 3032/3032/3032 3034/3034/3034 3035/3035/3035
f 2972/2972/2972 2969/2969/2969 3015/3015/3015
f 2973/2973/2973 2975/2975/2975 2974/2974/2974
f 2974/2974/2974 2975/2975/2975 2976/2976/2976
f 2977/2977/2977 2976/2976/2976 3002/3002/3002
f 2980/2980/2980 2999/2999/2999 2982/2982/2982
f 5116/5116/5116 5115/5115/5115 5119/5119/5119
f 2986/2986/2986 3113/3113/3113 3119/3119/3119
f 2297/2297/2297 2296/2296/2296 2294/2294/2294
f 2180/2180/2180 2183/2183/2183 2184/2184/2184
f 2188/2188/2188 2189/2189/2189 2192/2192/2192
f 2221/2221/2221 2220/2220/2220 2216/2216/2216
f 2224/2224/2224 2223/2223/2223 2115/2115/2115
f 2116/2116/2116 2115/2115/2115 2086/2086/2086
f 2088/2088/2088 2089/2089/2089 2094/2094/2094
f 2094/2094/2094 2089/2089/2089 2093/2093/2093
f 2097/2097/2097 2140/2140/2140 2139/2139/2139
f 2139/2139/2139 2140/2140/2140 2141/2141/2141
f 2141/2141/2141 2124/2124/2124 2122/2122/2122
f 2122/2122/2122 2124/2124/2124 2125/2125/2125
f 2125/2125/2125 2124/2124/2124 2127/2127/2127
f 2127/2127/2127 2131/2131/2131 2128/2128/2128
f 2152/2152/2152 2131/2131/2131 2147/2147/2147
f 2284/2284/2284 2370/2370/2370 2369/2369/2369
f 2187/2187/2187 2185/2185/2185 2189/2189/2189
f 2216/2216/2216 2225/2225/2225 2223/2223/2223
f 4948/4948/4948 4945/4945/4945 4910/4910/4910
f 4902/4902/4902 4904/4904/4904 4903/4903/4903
f 3051/3051/3051 3054/3054/3054 3050/3050/3050
f 2972/2972/2972 2973/2973/2973 2970/2970/2970
f 2208/2208/2208 2204/2204/2204 2207/2207/2207
f 2113/2113/2113 2095/2095/2095 2097/2097/2097
f 2147/2147/2147 2271/2271/2271 2155/2155/2155
f 2204/2204/2204 2183/2183/2183 2182/2182/2182
f 2182/2182/2182 2183/2183/2183 2180/2180/2180
f 2180/2180/2180 2184/2184/2184 2185/2185/2185
f 2188/2188/2188 2192/2192/2192 2220/2220/2220
f 2086/2086/2086 2088/2088/2088 2116/2116/2116
f 2119/2119/2119 2097/2097/2097 2139/2139/2139
f 3051/3051/3051 3050/3050/3050 3049/3049/3049
f 2970/2970/2970 2973/2973/2973 2974/2974/2974
f 2984/2984/2984 2985/2985/2985 2986/2986/2986
f 2213/2213/2213 2294/2294/2294 2208/2208/2208
f 2213/2213/2213 2208/2208/2208 2207/2207/2207
f 2128/2128/2128 2131/2131/2131 2130/2130/2130
f 2130/2130/2130 2131/2131/2131 2152/2152/2152
f 2150/2150/2150 2284/2284/2284 2270/2270/2270
f 2270/2270/2270 2284/2284/2284 2369/2369/2369
f 2187/2187/2187 2189/2189/2189 2188/2188/2188
f 2224/2224/2224 2115/2115/2115 2283/2283/2283
f 2283/2283/2283 2115/2115/2115 2116/2116/2116
f 2113/2113/2113 2097/2097/2097 2119/2119/2119
f 2126/2126/2126 2125/2125/2125 2127/2127/2127
f 3161/3161/3161 3135/3135/3135 3136/3136/3136
f 3136/3136/3136 3135/3135/3135 3134/3134/3134
f 3047/3047/3047 3045/3045/3045 3044/3044/3044
f 2967/2967/2967 3017/3017/3017 2969/2969/2969
f 2974/2974/2974 2976/2976/2976 2977/2977/2977
f 3002/3002/3002 2999/2999/2999 2977/2977/2977
f 2999/2999/2999 2980/2980/2980 2977/2977/2977
f 2980/2980/2980 2982/2982/2982 2981/2981/2981
f 2981/2981/2981 2982/2982/2982 2983/2983/2983
f 2981/2981/2981 2983/2983/2983 2984/2984/2984
f 2983/2983/2983 2985/2985/2985 2984/2984/2984
f 2297/2297/2297 2294/2294/2294 2213/2213/2213
f 2271/2271/2271 2150/2150/2150 2267/2267/2267
f 2267/2267/2267 2150/2150/2150 2270/2270/2270
f 2206/2206/2206 2207/2207/2207 2204/2204/2204
f 2206/2206/2206 2204/2204/2204 2182/2182/2182
f 2186/2186/2186 2185/2185/2185 2187/2187/2187
f 2216/2216/2216 2223/2223/2223 2222/2222/2222
f 2088/2088/2088 2094/2094/2094 2168/2168/2168
f 2094/2094/2094 2093/2093/2093 2117/2117/2117
f 2117/2117/2117 2093/2093/2093 2113/2113/2113
f 2126/2126/2126 2122/2122/2122 2125/2125/2125
f 2126/2126/2126 2127/2127/2127 2128/2128/2128
f 3034/3034/3034 3032/3032/3032 3031/3031/3031
f 2965/2965/2965 3017/3017/3017 2967/2967/2967
f 2980/2980/2980 2981/2981/2981 2979/2979/2979
f 2984/2984/2984 2986/2986/2986 2987/2987/2987
f 2987/2987/2987 2986/2986/2986 3119/3119/3119
f 2987/2987/2987 3119/3119/3119 3148/3148/3148
f 2181/2181/2181 2182/2182/2182 2180/2180/2180
f 2185/2185/2185 2186/2186/2186 2180/2180/2180
f 2187/2187/2187 2175/2175/2175 2186/2186/2186
f 2188/2188/2188 2220/2220/2220 2214/2214/2214
f 2214/2214/2214 2220/2220/2220 2221/2221/2221
f 2221/2221/2221 2216/2216/2216 2222/2222/2222
f 2222/2222/2222 2223/2223/2223 2224/2224/2224
f 2169/2169/2169 2224/2224/2224 2283/2283/2283
f 2116/2116/2116 2088/2088/2088 2168/2168/2168
f 2117/2117/2117 2113/2113/2113 2162/2162/2162
f 2162/2162/2162 2113/2113/2113 2282/2282/2282
f 2139/2139/2139 2141/2141/2141 2121/2121/2121
f 2141/2141/2141 2122/2122/2122 2121/2121/2121
f 2129/2129/2129 2126/2126/2126 2128/2128/2128
f 2129/2129/2129 2128/2128/2128 2130/2130/2130
f 2152/2152/2152 2147/2147/2147 2155/2155/2155
f 3227/3227/3227 3216/3216/3216 3161/3161/3161
f 3051/3051/3051 3049/3049/3049 3052/3052/3052
f 2979/2979/2979 2977/2977/2977 2980/2980/2980
f 3091/3091/3091 2979/2979/2979 2981/2981/2981
f 3091/3091/3091 2981/2981/2981 3092/3092/3092
f 3092/3092/3092 2981/2981/2981 2984/2984/2984
f 3149/3149/3149 2987/2987/2987 3148/3148/3148
f 3149/3149/3149 3148/3148/3148 3189/3189/3189
f 2180/2180/2180 2186/2186/2186 2174/2174/2174
f 2165/2165/2165 2094/2094/2094 2117/2117/2117
f 2282/2282/2282 2113/2113/2113 2119/2119/2119
f 2120/2120/2120 2119/2119/2119 2139/2139/2139
f 2120/2120/2120 2139/2139/2139 2121/2121/2121
f 2154/2154/2154 2152/2152/2152 2155/2155/2155
f 3062/3062/3062 3061/3061/3061 3052/3052/3052
f 2974/2974/2974 2977/2977/2977 2978/2978/2978
f 2978/2978/2978 2977/2977/2977 2979/2979/2979
f 3101/3101/3101 3092/3092/3092 2984/2984/2984
f 3102/3102/3102 2984/2984/2984 3105/3105/3105
f 2984/2984/2984 2987/2987/2987 3105/3105/3105
f 5238/5238/5238 5176/5176/5176 5239/5239/5239
f 3105/3105/3105 2987/2987/2987 3141/3141/3141
f 3141/3141/3141 2987/2987/2987 3149/3149/3149
f 3141/3141/3141 3149/3149/3149 3190/3190/3190
f 3190/3190/3190 3149/3149/3149 3189/3189/3189
f 2155/2155/2155 2271/2271/2271 2267/2267/2267
f 2335/2335/2335 2297/2297/2297 2213/2213/2213
f 2213/2213/2213 2207/2207/2207 2206/2206/2206
f 2180/2180/2180 2174/2174/2174 2179/2179/2179
f 2175/2175/2175 2187/2187/2187 2188/2188/2188
f 2222/2222/2222 2224/2224/2224 2169/2169/2169
f 2169/2169/2169 2283/2283/2283 2167/2167/2167
f 2283/2283/2283 2116/2116/2116 2167/2167/2167
f 2168/2168/2168 2094/2094/2094 2165/2165/2165
f 4948/4948/4948 4910/4910/4910 4949/4949/4949
f 4902/4902/4902 4903/4903/4903 4901/4901/4901
f 3049/3049/3049 3050/3050/3050 3048/3048/3048
f 3048/3048/3048 3047/3047/3047 3049/3049/3049
f 3047/3047/3047 3044/3044/3044 3063/3063/3063
f 3044/3044/3044 3034/3034/3034 3031/3031/3031
f 2964/2964/2964 2965/2965/2965 2966/2966/2966
f 2969/2969/2969 2972/2972/2972 2970/2970/2970
f 3093/3093/3093 2979/2979/2979 3091/3091/3091
f 3103/3103/3103 3092/3092/3092 3101/3101/3101
f 3101/3101/3101 2984/2984/2984 3102/3102/3102
f 3209/3209/3209 3102/3102/3102 3105/3105/3105
f 3209/3209/3209 3105/3105/3105 3217/3217/3217
f 3105/3105/3105 3141/3141/3141 3218/3218/3218
f 3217/3217/3217 3105/3105/3105 3218/3218/3218
f 3141/3141/3141 3190/3190/3190 3218/3218/3218
f 3269/3269/3269 3190/3190/3190 3189/3189/3189
f 5016/5016/5016 5025/5025/5025 5024/5024/5024
f 3463/3463/3463 3461/3461/3461 3464/3464/3464
f 3482/3482/3482 3492/3492/3492 3543/3543/3543
f 5016/5016/5016 5024/5024/5024 4994/4994/4994
f 4994/4994/4994 5024/5024/5024 4996/4996/4996
f 3424/3424/3424 3422/3422/3422 3421/3421/3421
f 3421/3421/3421 3422/3422/3422 3423/3423/3423
f 3438/3438/3438 3445/3445/3445 3442/3442/3442
f 3446/3446/3446 3445/3445/3445 3453/3453/3453
f 4996/4996/4996 5024/5024/5024 5046/5046/5046
f 3497/3497/3497 3522/3522/3522 3424/3424/3424
f 4996/4996/4996 5046/5046/5046 4997/4997/4997
f 3740/3740/3740 3491/3491/3491 3525/3525/3525
f 3740/3740/3740 3525/3525/3525 3749/3749/3749
f 2213/2213/2213 2206/2206/2206 2212/2212/2212
f 2206/2206/2206 2182/2182/2182 2212/2212/2212
f 2212/2212/2212 2182/2182/2182 2181/2181/2181
f 2214/2214/2214 2221/2221/2221 2172/2172/2172
f 2172/2172/2172 2221/2221/2221 2251/2251/2251
f 2251/2251/2251 2221/2221/2221 2222/2222/2222
f 2162/2162/2162 2282/2282/2282 2161/2161/2161
f 2121/2121/2121 2122/2122/2122 2123/2123/2123
f 2123/2123/2123 2122/2122/2122 2126/2126/2126
f 2157/2157/2157 2126/2126/2126 2132/2132/2132
f 2126/2126/2126 2129/2129/2129 2132/2132/2132
f 2153/2153/2153 2154/2154/2154 2155/2155/2155
f 3063/3063/3063 3049/3049/3049 3047/3047/3047
f 3031/3031/3031 3032/3032/3032 3033/3033/3033
f 3033/3033/3033 3032/3032/3032 2964/2964/2964
f 3033/3033/3033 2964/2964/2964 2966/2966/2966
f 2965/2965/2965 2967/2967/2967 2966/2966/2966
f 2969/2969/2969 2970/2970/2970 2968/2968/2968
f 2970/2970/2970 2974/2974/2974 3097/3097/3097
f 3097/3097/3097 2974/2974/2974 3096/3096/3096
f 2974/2974/2974 2978/2978/2978 3096/3096/3096
f 3093/3093/3093 3091/3091/3091 3100/3100/3100
f 3091/3091/3091 3092/3092/3092 3100/3100/3100
f 3100/3100/3100 3092/3092/3092 3103/3103/3103
f 3210/3210/3210 3101/3101/3101 3102/3102/3102
f 3553/3553/3553 3551/3551/3551 3552/3552/3552
f 3210/3210/3210 3102/3102/3102 3209/3209/3209
f 3209/3209/3209 3217/3217/3217 3295/3295/3295
f 3217/3217/3217 3218/3218/3218 3295/3295/3295
f 5003/5003/5003 5016/5016/5016 4991/4991/4991
f 4991/4991/4991 5016/5016/5016 4992/4992/4992
f 4992/4992/4992 5016/5016/5016 4994/4994/4994
f 2267/2267/2267 2270/2270/2270 2268/2268/2268
f 2270/2270/2270 2369/2369/2369 2268/2268/2268
f 2568/2568/2568 2297/2297/2297 2335/2335/2335
f 2181/2181/2181 2180/2180/2180 2179/2179/2179
f 2174/2174/2174 2186/2186/2186 2175/2175/2175
f 2215/2215/2215 2175/2175/2175 2188/2188/2188
f 2165/2165/2165 2117/2117/2117 2162/2162/2162
f 2161/2161/2161 2282/2282/2282 2119/2119/2119
f 2161/2161/2161 2119/2119/2119 2118/2118/2118
f 2118/2118/2118 2119/2119/2119 2120/2120/2120
f 2118/2118/2118 2120/2120/2120 2123/2123/2123
f 2120/2120/2120 2121/2121/2121 2123/2123/2123
f 2153/2153/2153 2155/2155/2155 2267/2267/2267
f 4949/4949/4949 4910/4910/4910 4911/4911/4911
f 4898/4898/4898 4902/4902/4902 4901/4901/4901
f 3227/3227/3227 3161/3161/3161 3203/3203/3203
f 3203/3203/3203 3161/3161/3161 3136/3136/3136
f 3062/3062/3062 3134/3134/3134 3061/3061/3061
f 3044/3044/3044 3031/3031/3031 3041/3041/3041
f 3041/3041/3041 3031/3031/3031 3033/3033/3033
f 2968/2968/2968 2967/2967/2967 2969/2969/2969
f 2970/2970/2970 3097/3097/3097 3098/3098/3098
f 3096/3096/3096 2978/2978/2978 3095/3095/3095
f 3095/3095/3095 2978/2978/2978 2979/2979/2979
f 3095/3095/3095 2979/2979/2979 3094/3094/3094
f 2979/2979/2979 3093/3093/3093 3094/3094/3094
f 3093/3093/3093 3100/3100/3100 3104/3104/3104
f 3721/3721/3721 3573/3573/3573 3560/3560/3560
f 3104/3104/3104 3100/3100/3100 3108/3108/3108
f 3108/3108/3108 3100/3100/3100 3109/3109/3109
f 3100/3100/3100 3103/3103/3103 3109/3109/3109
f 3559/3559/3559 3556/3556/3556 3569/3569/3569
f 3556/3556/3556 3650/3650/3650 3569/3569/3569
f 3109/3109/3109 3103/3103/3103 3110/3110/3110
f 3110/3110/3110 3103/3103/3103 3184/3184/3184
f 3184/3184/3184 3103/3103/3103 3101/3101/3101
f 3184/3184/3184 3101/3101/3101 3234/3234/3234
f 3234/3234/3234 3101/3101/3101 3210/3210/3210
f 3234/3234/3234 3210/3210/3210 3260/3260/3260
f 5007/5007/5007 5006/5006/5006 4987/4987/4987
f 4987/4987/4987 5006/5006/5006 4989/4989/4989
f 5006/5006/5006 5003/5003/5003 4989/4989/4989
f 5003/5003/5003 4991/4991/4991 4989/4989/4989
f 4989/4989/4989 4991/4991/4991 4990/4990/4990
f 4990/4990/4990 4991/4991/4991 4992/4992/4992
f 4993/4993/4993 4992/4992/4992 4994/4994/4994
f 4994/4994/4994 4996/4996/4996 4995/4995/4995
f 4996/4996/4996 4997/4997/4997 4995/4995/4995
f 4995/4995/4995 4997/4997/4997 4998/4998/4998
f 4995/4995/4995 4998/4998/4998 4999/4999/4999
f 2335/2335/2335 2213/2213/2213 2333/2333/2333
f 2212/2212/2212 2181/2181/2181 2211/2211/2211
f 2211/2211/2211 2181/2181/2181 2210/2210/2210
f 2181/2181/2181 2179/2179/2179 2178/2178/2178
f 2215/2215/2215 2188/2188/2188 2214/2214/2214
f 2251/2251/2251 2222/2222/2222 2169/2169/2169
f 2167/2167/2167 2116/2116/2116 2168/2168/2168
f 2162/2162/2162 2161/2161/2161 2163/2163/2163
f 2123/2123/2123 2126/2126/2126 2259/2259/2259
f 2126/2126/2126 2157/2157/2157 2259/2259/2259
f 2132/2132/2132 2129/2129/2129 2156/2156/2156
f 2156/2156/2156 2129/2129/2129 2130/2130/2130
f 2154/2154/2154 2130/2130/2130 2152/2152/2152
f 4898/4898/4898 4901/4901/4901 4899/4899/4899
f 3098/3098/3098 3097/3097/3097 3130/3130/3130
f 3097/3097/3097 3096/3096/3096 3143/3143/3143
f 3130/3130/3130 3097/3097/3097 3143/3143/3143
f 3143/3143/3143 3096/3096/3096 3095/3095/3095
f 3095/3095/3095 3094/3094/3094 3145/3145/3145
f 3094/3094/3094 3093/3093/3093 3146/3146/3146
f 3145/3145/3145 3094/3094/3094 3146/3146/3146
f 3720/3720/3720 3572/3572/3572 3571/3571/3571
f 3565/3565/3565 3675/3675/3675 3690/3690/3690
f 3146/3146/3146 3093/3093/3093 3155/3155/3155
f 3155/3155/3155 3093/3093/3093 3104/3104/3104
f 3155/3155/3155 3104/3104/3104 3147/3147/3147
f 3147/3147/3147 3104/3104/3104 3108/3108/3108
f 3147/3147/3147 3108/3108/3108 3193/3193/3193
f 3108/3108/3108 3109/3109/3109 3193/3193/3193
f 3193/3193/3193 3109/3109/3109 3110/3110/3110
f 3193/3193/3193 3110/3110/3110 3256/3256/3256
f 3256/3256/3256 3110/3110/3110 3184/3184/3184
f 3256/3256/3256 3184/3184/3184 3276/3276/3276
f 3276/3276/3276 3184/3184/3184 3275/3275/3275
f 4986/4986/4986 5007/5007/5007 4987/4987/4987
f 4987/4987/4987 4989/4989/4989 4988/4988/4988
f 4988/4988/4988 4989/4989/4989 4990/4990/4990
f 4990/4990/4990 4992/4992/4992 4993/4993/4993
f 4993/4993/4993 4995/4995/4995 5000/5000/5000
f 5000/5000/5000 4995/4995/4995 4999/4999/4999
f 5000/5000/5000 4999/4999/4999 5001/5001/5001
f 2215/2215/2215 2214/2214/2214 2171/2171/2171
f 2171/2171/2171 2214/2214/2214 2172/2172/2172
f 2169/2169/2169 2167/2167/2167 2170/2170/2170
f 4898/4898/4898 4899/4899/4899 4900/4900/4900
f 3203/3203/3203 3136/3136/3136 3133/3133/3133
f 3133/3133/3133 3136/3136/3136 3134/3134/3134
f 3133/3133/3133 3134/3134/3134 3062/3062/3062
f 3052/3052/3052 3049/3049/3049 3063/3063/3063
f 2966/2966/2966 2967/2967/2967 2968/2968/2968
f 2971/2971/2971 2968/2968/2968 2970/2970/2970
f 2971/2971/2971 2970/2970/2970 3098/3098/3098
f 3163/3163/3163 3130/3130/3130 3143/3143/3143
f 3143/3143/3143 3095/3095/3095 3144/3144/3144
f 3144/3144/3144 3095/3095/3095 3145/3145/3145
f 3144/3144/3144 3145/3145/3145 3194/3194/3194
f 3590/3590/3590 3575/3575/3575 3576/3576/3576
f 3240/3240/3240 3145/3145/3145 3146/3146/3146
f 3241/3241/3241 3240/3240/3240 3146/3146/3146
f 3241/3241/3241 3146/3146/3146 3155/3155/3155
f 3241/3241/3241 3155/3155/3155 3282/3282/3282
f 3282/3282/3282 3155/3155/3155 3147/3147/3147
f 3282/3282/3282 3147/3147/3147 3287/3287/3287
f 3147/3147/3147 3193/3193/3193 3288/3288/3288
f 3287/3287/3287 3147/3147/3147 3288/3288/3288
f 3288/3288/3288 3193/3193/3193 3294/3294/3294
f 4980/4980/4980 5012/5012/5012 4974/4974/4974
f 5012/5012/5012 4986/4986/4986 4974/4974/4974
f 4974/4974/4974 4986/4986/4986 4978/4978/4978
f 4986/4986/4986 4987/4987/4987 4978/4978/4978
f 4978/4978/4978 4987/4987/4987 4988/4988/4988
f 4990/4990/4990 4993/4993/4993 5004/5004/5004
f 5004/5004/5004 4993/4993/4993 5002/5002/5002
f 5002/5002/5002 4993/4993/4993 5000/5000/5000
f 3826/3826/3826 3854/3854/3854 3758/3758/3758
f 3758/3758/3758 3854/3854/3854 3755/3755/3755
f 3755/3755/3755 3854/3854/3854 3814/3814/3814
f 2333/2333/2333 2213/2213/2213 2300/2300/2300
f 2300/2300/2300 2213/2213/2213 2212/2212/2212
f 2178/2178/2178 2179/2179/2179 2174/2174/2174
f 2171/2171/2171 2175/2175/2175 2215/2215/2215
f 2171/2171/2171 2172/2172/2172 2173/2173/2173
f 2166/2166/2166 2167/2167/2167 2168/2168/2168
f 2163/2163/2163 2161/2161/2161 2258/2258/2258
f 2261/2261/2261 2132/2132/2132 2156/2156/2156
f 2263/2263/2263 2154/2154/2154 2153/2153/2153
f 2265/2265/2265 2267/2267/2267 2268/2268/2268
f 3043/3043/3043 3063/3063/3063 3044/3044/3044
f 3043/3043/3043 3044/3044/3044 3041/3041/3041
f 3041/3041/3041 3033/3033/3033 2961/2961/2961
f 2966/2966/2966 2968/2968/2968 3073/3073/3073
f 2971/2971/2971 3098/3098/3098 3128/3128/3128
f 5197/5197/5197 5194/5194/5194 5260/5260/5260
f 3098/3098/3098 3130/3130/3130 3128/3128/3128
f 3128/3128/3128 3130/3130/3130 3162/3162/3162
f 3130/3130/3130 3163/3163/3163 3162/3162/3162
f 3162/3162/3162 3163/3163/3163 3198/3198/3198
f 3198/3198/3198 3163/3163/3163 3143/3143/3143
f 3198/3198/3198 3143/3143/3143 3221/3221/3221
f 3724/3724/3724 3589/3589/3589 3580/3580/3580
f 3221/3221/3221 3143/3143/3143 3144/3144/3144
f 3588/3588/3588 3579/3579/3579 3608/3608/3608
f 3221/3221/3221 3144/3144/3144 3280/3280/3280
f 3280/3280/3280 3144/3144/3144 3194/3194/3194
f 3280/3280/3280 3194/3194/3194 3296/3296/3296
f 3296/3296/3296 3194/3194/3194 3297/3297/3297
f 5050/5050/5050 4982/4982/4982 5031/5031/5031
f 4982/4982/4982 4981/4981/4981 4975/4975/4975
f 4981/4981/4981 4980/4980/4980 4971/4971/4971
f 4975/4975/4975 4981/4981/4981 4971/4971/4971
f 4980/4980/4980 4974/4974/4974 4971/4971/4971
f 4971/4971/4971 4974/4974/4974 4973/4973/4973
f 4973/4973/4973 4974/4974/4974 4978/4978/4978
f 4978/4978/4978 4988/4988/4988 5010/5010/5010
f 5010/5010/5010 4988/4988/4988 5005/5005/5005
f 778/778/778 776/776/776 777/777/777
f 805/805/805 848/848/848 803/803/803
f 848/848/848 802/802/802 803/803/803
f 792/792/792 791/791/791 790/790/790
f 972/972/972 782/782/782 970/970/970
f 782/782/782 778/778/778 970/970/970
f 970/970/970 778/778/778 777/777/777
f 777/777/777 776/776/776 772/772/772
f 805/805/805 803/803/803 804/804/804
f 803/803/803 802/802/802 799/799/799
f 802/802/802 798/798/798 799/799/799
f 798/798/798 797/797/797 796/796/796
f 796/796/796 797/797/797 792/792/792
f 795/795/795 788/788/788 972/972/972
f 772/772/772 769/769/769 967/967/967
f 967/967/967 769/769/769 770/770/770
f 770/770/770 771/771/771 965/965/965
f 771/771/771 774/774/774 960/960/960
f 960/960/960 774/774/774 964/964/964
f 815/815/815 813/813/813 814/814/814
f 814/814/814 813/813/813 812/812/812
f 813/813/813 811/811/811 812/812/812
f 811/811/811 809/809/809 810/810/810
f 809/809/809 808/808/808 806/806/806
f 808/808/808 807/807/807 806/806/806
f 807/807/807 805/805/805 806/806/806
f 804/804/804 803/803/803 801/801/801
f 801/801/801 803/803/803 799/799/799
f 799/799/799 798/798/798 796/796/796
f 793/793/793 796/796/796 792/792/792
f 793/793/793 792/792/792 790/790/790
f 790/790/790 788/788/788 795/795/795
f 795/795/795 972/972/972 973/973/973
f 972/972/972 970/970/970 973/973/973
f 973/973/973 970/970/970 971/971/971
f 971/971/971 970/970/970 969/969/969
f 969/969/969 970/970/970 777/777/777
f 968/968/968 777/777/777 772/772/772
f 772/772/772 967/967/967 968/968/968
f 966/966/966 967/967/967 770/770/770
f 966/966/966 770/770/770 965/965/965
f 961/961/961 965/965/965 771/771/771
f 771/771/771 960/960/960 961/961/961
f 960/960/960 964/964/964 974/974/974
f 5001/5001/5001 5002/5002/5002 5000/5000/5000
f 1035/1035/1035 1027/1027/1027 1000/1000/1000
f 817/817/817 816/816/816 814/814/814
f 816/816/816 815/815/815 814/814/814
f 812/812/812 811/811/811 810/810/810
f 809/809/809 806/806/806 810/810/810
f 806/806/806 805/805/805 804/804/804
f 799/799/799 796/796/796 800/800/800
f 793/793/793 790/790/790 794/794/794
f 794/794/794 790/790/790 795/795/795
f 969/969/969 777/777/777 968/968/968
f 962/962/962 961/961/961 960/960/960
f 1035/1035/1035 1000/1000/1000 1019/1019/1019
f 1000/1000/1000 817/817/817 1019/1019/1019
f 817/817/817 814/814/814 997/997/997
f 1019/1019/1019 817/817/817 997/997/997
f 997/997/997 814/814/814 812/812/812
f 997/997/997 812/812/812 810/810/810
f 810/810/810 806/806/806 996/996/996
f 996/996/996 806/806/806 804/804/804
f 800/800/800 801/801/801 799/799/799
f 969/969/969 968/968/968 990/990/990
f 990/990/990 968/968/968 967/967/967
f 967/967/967 966/966/966 990/990/990
f 990/990/990 966/966/966 989/989/989
f 989/989/989 966/966/966 965/965/965
f 989/989/989 965/965/965 961/961/961
f 989/989/989 961/961/961 962/962/962
f 962/962/962 960/960/960 985/985/985
f 960/960/960 974/974/974 985/985/985
f 2334/2334/2334 2568/2568/2568 2335/2335/2335
f 2334/2334/2334 2335/2335/2335 2333/2333/2333
f 2174/2174/2174 2175/2175/2175 2176/2176/2176
f 2176/2176/2176 2175/2175/2175 2171/2171/2171
f 2173/2173/2173 2172/2172/2172 2249/2249/2249
f 2249/2249/2249 2172/2172/2172 2250/2250/2250
f 2250/2250/2250 2172/2172/2172 2251/2251/2251
f 2250/2250/2250 2251/2251/2251 2169/2169/2169
f 2250/2250/2250 2169/2169/2169 2252/2252/2252
f 2254/2254/2254 2170/2170/2170 2167/2167/2167
f 2254/2254/2254 2167/2167/2167 2166/2166/2166
f 2255/2255/2255 2168/2168/2168 2165/2165/2165
f 2165/2165/2165 2162/2162/2162 2164/2164/2164
f 2161/2161/2161 2118/2118/2118 2158/2158/2158
f 2118/2118/2118 2123/2123/2123 2158/2158/2158
f 2159/2159/2159 2123/2123/2123 2259/2259/2259
f 2269/2269/2269 2268/2268/2268 2555/2555/2555
f 4699/4699/4699 4705/4705/4705 4706/4706/4706
f 4894/4894/4894 4898/4898/4898 4900/4900/4900
f 4894/4894/4894 4900/4900/4900 4897/4897/4897
f 3204/3204/3204 3203/3203/3203 3133/3133/3133
f 3064/3064/3064 3052/3052/3052 3063/3063/3063
f 3065/3065/3065 3063/3063/3063 3043/3043/3043
f 3033/3033/3033 2966/2966/2966 2961/2961/2961
f 3125/3125/3125 2971/2971/2971 3126/3126/3126
f 3126/3126/3126 2971/2971/2971 3127/3127/3127
f 3127/3127/3127 2971/2971/2971 3128/3128/3128
f 3127/3127/3127 3128/3128/3128 3129/3129/3129
f 5194/5194/5194 5196/5196/5196 5260/5260/5260
f 3129/3129/3129 3128/3128/3128 3158/3158/3158
f 3158/3158/3158 3128/3128/3128 3162/3162/3162
f 3158/3158/3158 3162/3162/3162 3226/3226/3226
f 5355/5355/5355 5292/5292/5292 5197/5197/5197
f 3226/3226/3226 3162/3162/3162 3198/3198/3198
f 3584/3584/3584 3582/3582/3582 3583/3583/3583
f 5017/5017/5017 5011/5011/5011 5008/5008/5008
f 5011/5011/5011 4983/4983/4983 4967/4967/4967
f 5008/5008/5008 5011/5011/5011 4967/4967/4967
f 4967/4967/4967 4983/4983/4983 4977/4977/4977
f 4983/4983/4983 4982/4982/4982 4977/4977/4977
f 4982/4982/4982 4975/4975/4975 4977/4977/4977
f 4977/4977/4977 4975/4975/4975 4976/4976/4976
f 4976/4976/4976 4975/4975/4975 4970/4970/4970
f 4970/4970/4970 4975/4975/4975 4971/4971/4971
f 4970/4970/4970 4971/4971/4971 4972/4972/4972
f 4972/4972/4972 4971/4971/4971 4973/4973/4973
f 4973/4973/4973 4978/4978/4978 4979/4979/4979
f 586/586/586 584/584/584 767/767/767
f 763/763/763 586/586/586 764/764/764
f 764/764/764 586/586/586 767/767/767
f 584/584/584 773/773/773 767/767/767
f 851/851/851 775/775/775 773/773/773
f 780/780/780 787/787/787 779/779/779
f 779/779/779 787/787/787 765/765/765
f 765/765/765 763/763/763 764/764/764
f 823/823/823 824/824/824 840/840/840
f 840/840/840 824/824/824 841/841/841
f 824/824/824 827/827/827 841/841/841
f 827/827/827 828/828/828 842/842/842
f 841/841/841 827/827/827 842/842/842
f 842/842/842 828/828/828 844/844/844
f 781/781/781 784/784/784 785/785/785
f 767/767/767 773/773/773 768/768/768
f 852/852/852 977/977/977 955/955/955
f 833/833/833 831/831/831 834/834/834
f 834/834/834 831/831/831 820/820/820
f 819/819/819 822/822/822 823/823/823
f 842/842/842 844/844/844 843/843/843
f 843/843/843 845/845/845 847/847/847
f 933/933/933 936/936/936 930/930/930
f 849/849/849 783/783/783 789/789/789
f 783/783/783 784/784/784 781/781/781
f 766/766/766 765/765/765 764/764/764
f 766/766/766 764/764/764 767/767/767
f 774/774/774 775/775/775 955/955/955
f 818/818/818 820/820/820 819/819/819
f 848/848/848 843/843/843 847/847/847
f 847/847/847 845/845/845 846/846/846
f 845/845/845 934/934/934 846/846/846
f 788/788/788 783/783/783 782/782/782
f 782/782/782 783/783/783 781/781/781
f 781/781/781 780/780/780 778/778/778
f 766/766/766 767/767/767 768/768/768
f 834/834/834 820/820/820 818/818/818
f 811/811/811 823/823/823 840/840/840
f 808/808/808 840/840/840 841/841/841
f 797/797/797 934/934/934 933/933/933
f 778/778/778 779/779/779 776/776/776
f 765/765/765 766/766/766 772/772/772
f 769/769/769 766/766/766 768/768/768
f 768/768/768 773/773/773 771/771/771
f 773/773/773 775/775/775 774/774/774
f 774/774/774 955/955/955 963/963/963
f 955/955/955 977/977/977 1008/1008/1008
f 963/963/963 955/955/955 1008/1008/1008
f 1005/1005/1005 838/838/838 839/839/839
f 836/836/836 833/833/833 834/834/834
f 818/818/818 819/819/819 813/813/813
f 798/798/798 847/847/847 846/846/846
f 797/797/797 846/846/846 934/934/934
f 933/933/933 930/930/930 792/792/792
f 792/792/792 930/930/930 791/791/791
f 930/930/930 849/849/849 791/791/791
f 791/791/791 849/849/849 789/789/789
f 789/789/789 783/783/783 788/788/788
f 778/778/778 780/780/780 779/779/779
f 779/779/779 765/765/765 776/776/776
f 776/776/776 765/765/765 772/772/772
f 770/770/770 768/768/768 771/771/771
f 1027/1027/1027 1050/1050/1050 1005/1005/1005
f 1027/1027/1027 1005/1005/1005 839/839/839
f 839/839/839 838/838/838 837/837/837
f 837/837/837 838/838/838 836/836/836
f 816/816/816 836/836/836 815/815/815
f 836/836/836 834/834/834 815/815/815
f 819/819/819 823/823/823 811/811/811
f 808/808/808 841/841/841 807/807/807
f 841/841/841 842/842/842 805/805/805
f 842/842/842 843/843/843 805/805/805
f 843/843/843 848/848/848 805/805/805
f 848/848/848 847/847/847 802/802/802
f 802/802/802 847/847/847 798/798/798
f 797/797/797 933/933/933 792/792/792
f 972/972/972 788/788/788 782/782/782
f 771/771/771 773/773/773 774/774/774
f 815/815/815 834/834/834 818/818/818
f 809/809/809 811/811/811 840/840/840
f 809/809/809 840/840/840 808/808/808
f 807/807/807 841/841/841 805/805/805
f 846/846/846 797/797/797 798/798/798
f 790/790/790 791/791/791 789/789/789
f 790/790/790 789/789/789 788/788/788
f 772/772/772 766/766/766 769/769/769
f 769/769/769 768/768/768 770/770/770
f 815/815/815 818/818/818 813/813/813
f 774/774/774 963/963/963 964/964/964
f 964/964/964 963/963/963 1008/1008/1008
f 837/837/837 836/836/836 816/816/816
f 1027/1027/1027 839/839/839 1000/1000/1000
f 1000/1000/1000 839/839/839 837/837/837
f 2300/2300/2300 2212/2212/2212 2211/2211/2211
f 2209/2209/2209 2181/2181/2181 2178/2178/2178
f 2177/2177/2177 2209/2209/2209 2178/2178/2178
f 2177/2177/2177 2178/2178/2178 2174/2174/2174
f 2162/2162/2162 2163/2163/2163 2164/2164/2164
f 2159/2159/2159 2158/2158/2158 2123/2123/2123
f 2263/2263/2263 2156/2156/2156 2130/2130/2130
f 2263/2263/2263 2130/2130/2130 2154/2154/2154
f 2153/2153/2153 2267/2267/2267 2265/2265/2265
f 4695/4695/4695 4698/4698/4698 4700/4700/4700
f 3133/3133/3133 3062/3062/3062 3070/3070/3070
f 3070/3070/3070 3062/3062/3062 3052/3052/3052
f 3043/3043/3043 3041/3041/3041 3042/3042/3042
f 3042/3042/3042 3041/3041/3041 2961/2961/2961
f 3123/3123/3123 3073/3073/3073 2968/2968/2968
f 3123/3123/3123 2968/2968/2968 3122/3122/3122
f 3122/3122/3122 2968/2968/2968 2971/2971/2971
f 3122/3122/3122 2971/2971/2971 3125/3125/3125
f 3125/3125/3125 3126/3126/3126 3165/3165/3165
f 3126/3126/3126 3127/3127/3127 3165/3165/3165
f 3165/3165/3165 3127/3127/3127 3257/3257/3257
f 3257/3257/3257 3127/3127/3127 3129/3129/3129
f 3257/3257/3257 3129/3129/3129 3258/3258/3258
f 3689/3689/3689 3696/3696/3696 3593/3593/3593
f 3258/3258/3258 3129/3129/3129 3158/3158/3158
f 3258/3258/3258 3158/3158/3158 3255/3255/3255
f 3255/3255/3255 3158/3158/3158 3226/3226/3226
f 3255/3255/3255 3226/3226/3226 3254/3254/3254
f 5013/5013/5013 5017/5017/5017 4966/4966/4966
f 5017/5017/5017 5008/5008/5008 4966/4966/4966
f 4966/4966/4966 5008/5008/5008 4967/4967/4967
f 4967/4967/4967 4977/4977/4977 4969/4969/4969
f 4969/4969/4969 4977/4977/4977 4976/4976/4976
f 4976/4976/4976 4970/4970/4970 4984/4984/4984
f 4984/4984/4984 4970/4970/4970 5014/5014/5014
f 4970/4970/4970 4972/4972/4972 5014/5014/5014
f 587/587/587 588/588/588 585/585/585
f 851/851/851 583/583/583 853/853/853
f 855/855/855 1028/1028/1028 856/856/856
f 589/589/589 588/588/588 587/587/587
f 585/585/585 582/582/582 584/584/584
f 582/582/582 581/581/581 584/584/584
f 581/581/581 582/582/582 583/583/583
f 853/853/853 856/856/856 857/857/857
f 857/857/857 856/856/856 1028/1028/1028
f 589/589/589 587/587/587 763/763/763
f 587/587/587 585/585/585 586/586/586
f 586/586/586 585/585/585 584/584/584
f 773/773/773 583/583/583 851/851/851
f 851/851/851 853/853/853 852/852/852
f 830/830/830 924/924/924 829/829/829
f 919/919/919 753/753/753 918/918/918
f 755/755/755 757/757/757 762/762/762
f 757/757/757 758/758/758 762/762/762
f 760/760/760 758/758/758 759/759/759
f 592/592/592 589/589/589 763/763/763
f 830/830/830 829/829/829 821/821/821
f 829/829/829 825/825/825 821/821/821
f 821/821/821 825/825/825 822/822/822
f 919/919/919 918/918/918 928/928/928
f 917/917/917 918/918/918 753/753/753
f 917/917/917 753/753/753 756/756/756
f 756/756/756 755/755/755 917/917/917
f 755/755/755 762/762/762 926/926/926
f 761/761/761 762/762/762 758/758/758
f 761/761/761 758/758/758 760/760/760
f 850/850/850 760/760/760 759/759/759
f 759/759/759 595/595/595 785/785/785
f 785/785/785 595/595/595 590/590/590
f 786/786/786 590/590/590 787/787/787
f 590/590/590 592/592/592 787/787/787
f 787/787/787 592/592/592 763/763/763
f 852/852/852 853/853/853 857/857/857
f 825/825/825 826/826/826 824/824/824
f 828/828/828 826/826/826 922/922/922
f 828/828/828 922/922/922 921/921/921
f 921/921/921 920/920/920 929/929/929
f 920/920/920 919/919/919 929/929/929
f 929/929/929 919/919/919 928/928/928
f 918/918/918 917/917/917 928/928/928
f 917/917/917 755/755/755 926/926/926
f 850/850/850 759/759/759 784/784/784
f 785/785/785 590/590/590 786/786/786
f 763/763/763 587/587/587 586/586/586
f 581/581/581 583/583/583 773/773/773
f 1036/1036/1036 1006/1006/1006 992/992/992
f 992/992/992 1006/1006/1006 944/944/944
f 835/835/835 616/616/616 832/832/832
f 832/832/832 925/925/925 830/830/830
f 824/824/824 826/826/826 827/827/827
f 827/827/827 826/826/826 828/828/828
f 828/828/828 921/921/921 929/929/929
f 917/917/917 926/926/926 927/927/927
f 926/926/926 762/762/762 761/761/761
f 761/761/761 760/760/760 850/850/850
f 784/784/784 759/759/759 785/785/785
f 773/773/773 584/584/584 581/581/581
f 944/944/944 943/943/943 835/835/835
f 831/831/831 830/830/830 820/820/820
f 820/820/820 830/830/830 821/821/821
f 822/822/822 825/825/825 824/824/824
f 929/929/929 928/928/928 845/845/845
f 935/935/935 928/928/928 917/917/917
f 917/917/917 927/927/927 935/935/935
f 761/761/761 850/850/850 849/849/849
f 849/849/849 850/850/850 784/784/784
f 786/786/786 787/787/787 780/780/780
f 851/851/851 852/852/852 775/775/775
f 992/992/992 944/944/944 838/838/838
f 832/832/832 830/830/830 831/831/831
f 828/828/828 929/929/929 844/844/844
f 845/845/845 928/928/928 935/935/935
f 935/935/935 927/927/927 936/936/936
f 927/927/927 926/926/926 936/936/936
f 926/926/926 761/761/761 936/936/936
f 849/849/849 784/784/784 783/783/783
f 785/785/785 786/786/786 781/781/781
f 781/781/781 786/786/786 780/780/780
f 775/775/775 852/852/852 955/955/955
f 852/852/852 857/857/857 977/977/977
f 835/835/835 832/832/832 833/833/833
f 833/833/833 832/832/832 831/831/831
f 819/819/819 821/821/821 822/822/822
f 844/844/844 929/929/929 845/845/845
f 845/845/845 935/935/935 934/934/934
f 934/934/934 935/935/935 936/936/936
f 936/936/936 761/761/761 849/849/849
f 1005/1005/1005 1036/1036/1036 992/992/992
f 838/838/838 944/944/944 835/835/835
f 820/820/820 821/821/821 819/819/819
f 838/838/838 835/835/835 833/833/833
f 1005/1005/1005 992/992/992 838/838/838
f 2210/2210/2210 2181/2181/2181 2209/2209/2209
f 2164/2164/2164 2163/2163/2163 2257/2257/2257
f 2257/2257/2257 2163/2163/2163 2258/2258/2258
f 2259/2259/2259 2157/2157/2157 2260/2260/2260
f 2157/2157/2157 2132/2132/2132 2260/2260/2260
f 2260/2260/2260 2132/2132/2132 2261/2261/2261
f 2177/2177/2177 2174/2174/2174 2176/2176/2176
f 2252/2252/2252 2169/2169/2169 2170/2170/2170
f 2168/2168/2168 2255/2255/2255 2166/2166/2166
f 4704/4704/4704 4695/4695/4695 4700/4700/4700
f 5270/5270/5270 5268/5268/5268 5280/5280/5280
f 3204/3204/3204 3133/3133/3133 3178/3178/3178
f 3178/3178/3178 3133/3133/3133 3070/3070/3070
f 3070/3070/3070 3052/3052/3052 3064/3064/3064
f 3064/3064/3064 3063/3063/3063 3065/3065/3065
f 3081/3081/3081 3043/3043/3043 3042/3042/3042
f 2961/2961/2961 2966/2966/2966 2962/2962/2962
f 2962/2962/2962 2966/2966/2966 3073/3073/3073
f 2962/2962/2962 3073/3073/3073 3124/3124/3124
f 3124/3124/3124 3073/3073/3073 3123/3123/3123
f 3124/3124/3124 3123/3123/3123 3166/3166/3166
f 3166/3166/3166 3123/3123/3123 3185/3185/3185
f 5053/5053/5053 5230/5230/5230 5295/5295/5295
f 5414/5414/5414 5415/5415/5415 5416/5416/5416
f 3185/3185/3185 3123/3123/3123 3122/3122/3122
f 3185/3185/3185 3122/3122/3122 3270/3270/3270
f 3270/3270/3270 3122/3122/3122 3125/3125/3125
f 4803/4803/4803 4830/4830/4830 4806/4806/4806
f 3682/3682/3682 3600/3600/3600 3599/3599/3599
f 3599/3599/3599 3600/3600/3600 3597/3597/3597
f 3596/3596/3596 3694/3694/3694 3602/3602/3602
f 4830/4830/4830 4815/4815/4815 4806/4806/4806
f 4806/4806/4806 4815/4815/4815 4807/4807/4807
f 4807/4807/4807 4815/4815/4815 4816/4816/4816
f 4815/4815/4815 4817/4817/4817 4816/4816/4816
f 5022/5022/5022 5018/5018/5018 4960/4960/4960
f 4960/4960/4960 5018/5018/5018 4965/4965/4965
f 5018/5018/5018 5013/5013/5013 4965/4965/4965
f 4965/4965/4965 5013/5013/5013 4962/4962/4962
f 5013/5013/5013 4966/4966/4966 4962/4962/4962
f 4962/4962/4962 4966/4966/4966 4963/4963/4963
f 4966/4966/4966 4967/4967/4967 4963/4963/4963
f 4963/4963/4963 4967/4967/4967 4968/4968/4968
f 4968/4968/4968 4967/4967/4967 4969/4969/4969
f 4969/4969/4969 4976/4976/4976 4985/4985/4985
f 4985/4985/4985 4976/4976/4976 5020/5020/5020
f 577/577/577 859/859/859 579/579/579
f 580/580/580 860/860/860 578/578/578
f 860/860/860 854/854/854 578/578/578
f 854/854/854 864/864/864 865/865/865
f 865/865/865 864/864/864 1033/1033/1033
f 578/578/578 579/579/579 580/580/580
f 596/596/596 597/597/597 589/589/589
f 589/589/589 597/597/597 598/598/598
f 858/858/858 598/598/598 577/577/577
f 611/611/611 361/361/361 746/746/746
f 605/605/605 374/374/374 378/378/378
f 378/378/378 379/379/379 604/604/604
f 604/604/604 379/379/379 382/382/382
f 591/591/591 596/596/596 589/589/589
f 589/589/589 598/598/598 588/588/588
f 585/585/585 577/577/577 579/579/579
f 579/579/579 578/578/578 582/582/582
f 582/582/582 578/578/578 583/583/583
f 745/745/745 611/611/611 746/746/746
f 749/749/749 750/750/750 751/751/751
f 751/751/751 750/750/750 752/752/752
f 383/383/383 385/385/385 386/386/386
f 386/386/386 385/385/385 603/603/603
f 588/588/588 598/598/598 858/858/858
f 978/978/978 945/945/945 943/943/943
f 943/943/943 945/945/945 617/617/617
f 751/751/751 752/752/752 609/609/609
f 751/751/751 609/609/609 753/753/753
f 753/753/753 609/609/609 607/607/607
f 754/754/754 607/607/607 606/606/606
f 604/604/604 382/382/382 758/758/758
f 382/382/382 383/383/383 386/386/386
f 758/758/758 382/382/382 386/386/386
f 593/593/593 596/596/596 591/591/591
f 585/585/585 579/579/579 582/582/582
f 578/578/578 854/854/854 853/853/853
f 853/853/853 854/854/854 855/855/855
f 855/855/855 854/854/854 865/865/865
f 745/745/745 746/746/746 747/747/747
f 747/747/747 746/746/746 923/923/923
f 922/922/922 749/749/749 751/751/751
f 751/751/751 753/753/753 919/919/919
f 753/753/753 607/607/607 754/754/754
f 754/754/754 606/606/606 605/605/605
f 858/858/858 577/577/577 585/585/585
f 583/583/583 578/578/578 853/853/853
f 1034/1034/1034 1044/1044/1044 978/978/978
f 616/616/616 615/615/615 612/612/612
f 924/924/924 747/747/747 923/923/923
f 748/748/748 749/749/749 826/826/826
f 595/595/595 603/603/603 594/594/594
f 594/594/594 593/593/593 590/590/590
f 591/591/591 590/590/590 593/593/593
f 592/592/592 591/591/591 589/589/589
f 853/853/853 855/855/855 856/856/856
f 617/617/617 615/615/615 616/616/616
f 746/746/746 748/748/748 826/826/826
f 922/922/922 751/751/751 921/921/921
f 920/920/920 751/751/751 919/919/919
f 754/754/754 605/605/605 755/755/755
f 605/605/605 378/378/378 755/755/755
f 378/378/378 604/604/604 755/755/755
f 943/943/943 617/617/617 616/616/616
f 612/612/612 614/614/614 925/925/925
f 614/614/614 747/747/747 830/830/830
f 830/830/830 747/747/747 924/924/924
f 829/829/829 924/924/924 923/923/923
f 829/829/829 923/923/923 825/825/825
f 923/923/923 746/746/746 825/825/825
f 825/825/825 746/746/746 826/826/826
f 921/921/921 751/751/751 920/920/920
f 756/756/756 754/754/754 755/755/755
f 755/755/755 604/604/604 757/757/757
f 386/386/386 603/603/603 759/759/759
f 759/759/759 603/603/603 595/595/595
f 595/595/595 594/594/594 590/590/590
f 590/590/590 591/591/591 592/592/592
f 1034/1034/1034 978/978/978 1006/1006/1006
f 1006/1006/1006 978/978/978 943/943/943
f 616/616/616 612/612/612 832/832/832
f 832/832/832 612/612/612 925/925/925
f 925/925/925 614/614/614 830/830/830
f 826/826/826 749/749/749 922/922/922
f 753/753/753 754/754/754 756/756/756
f 757/757/757 604/604/604 758/758/758
f 758/758/758 386/386/386 759/759/759
f 1006/1006/1006 943/943/943 944/944/944
f 943/943/943 616/616/616 835/835/835
f 2334/2334/2334 2333/2333/2333 2332/2332/2332
f 2299/2299/2299 2300/2300/2300 2211/2211/2211
f 2261/2261/2261 2156/2156/2156 2262/2262/2262
f 2262/2262/2262 2156/2156/2156 2263/2263/2263
f 2263/2263/2263 2153/2153/2153 2264/2264/2264
f 2264/2264/2264 2153/2153/2153 2265/2265/2265
f 2265/2265/2265 2268/2268/2268 2266/2266/2266
f 2266/2266/2266 2268/2268/2268 2269/2269/2269
f 2292/2292/2292 2210/2210/2210 2209/2209/2209
f 2173/2173/2173 2249/2249/2249 2248/2248/2248
f 2253/2253/2253 2170/2170/2170 2254/2254/2254
f 2254/2254/2254 2166/2166/2166 2255/2255/2255
f 2165/2165/2165 2164/2164/2164 2255/2255/2255
f 2158/2158/2158 2159/2159/2159 2160/2160/2160
f 2159/2159/2159 2259/2259/2259 2160/2160/2160
f 3238/3238/3238 3204/3204/3204 3178/3178/3178
f 3064/3064/3064 3065/3065/3065 3066/3066/3066
f 3068/3068/3068 3065/3065/3065 3069/3069/3069
f 3069/3069/3069 3065/3065/3065 3043/3043/3043
f 3069/3069/3069 3043/3043/3043 3080/3080/3080
f 3080/3080/3080 3043/3043/3043 3081/3081/3081
f 2961/2961/2961 2962/2962/2962 2963/2963/2963
f 2963/2963/2963 2962/2962/2962 3173/3173/3173
f 5229/5229/5229 5231/5231/5231 5232/5232/5232
f 5330/5330/5330 5229/5229/5229 5232/5232/5232
f 3173/3173/3173 2962/2962/2962 3124/3124/3124
f 3173/3173/3173 3124/3124/3124 3229/3229/3229
f 3195/3195/3195 3196/3196/3196 3124/3124/3124
f 3195/3195/3195 3124/3124/3124 3166/3166/3166
f 4798/4798/4798 4822/4822/4822 4799/4799/4799
f 4799/4799/4799 4822/4822/4822 4801/4801/4801
f 4822/4822/4822 4821/4821/4821 4801/4801/4801
f 3604/3604/3604 3603/3603/3603 3605/3605/3605
f 3605/3605/3605 3603/3603/3603 3674/3674/3674
f 4821/4821/4821 4803/4803/4803 4801/4801/4801
f 4801/4801/4801 4803/4803/4803 4802/4802/4802
f 4957/4957/4957 4958/4958/4958 4954/4954/4954
f 4812/4812/4812 4807/4807/4807 4816/4816/4816
f 4958/4958/4958 5022/5022/5022 4959/4959/4959
f 4959/4959/4959 5022/5022/5022 4960/4960/4960
f 4960/4960/4960 4965/4965/4965 4961/4961/4961
f 4965/4965/4965 4962/4962/4962 4961/4961/4961
f 107/107/107 106/106/106 105/105/105
f 535/535/535 534/534/534 573/573/573
f 861/861/861 568/568/568 862/862/862
f 942/942/942 1042/1042/1042 952/952/952
f 942/942/942 952/952/952 939/939/939
f 5/5/5 8/8/8 7/7/7
f 572/572/572 567/567/567 570/570/570
f 620/620/620 112/112/112 110/110/110
f 110/110/110 109/109/109 106/106/106
f 107/107/107 105/105/105 114/114/114
f 365/365/365 367/367/367 364/364/364
f 8/8/8 5/5/5 9/9/9
f 14/14/14 5/5/5 12/12/12
f 393/393/393 389/389/389 384/384/384
f 384/384/384 389/389/389 388/388/388
f 533/533/533 534/534/534 535/535/535
f 535/535/535 573/573/573 575/575/575
f 573/573/573 571/571/571 576/576/576
f 571/571/571 572/572/572 570/570/570
f 370/370/370 7/7/7 8/8/8
f 9/9/9 5/5/5 14/14/14
f 12/12/12 11/11/11 13/13/13
f 13/13/13 11/11/11 372/372/372
f 372/372/372 402/402/402 375/375/375
f 381/381/381 394/394/394 393/393/393
f 600/600/600 602/602/602 537/537/537
f 569/569/569 567/567/567 568/568/568
f 569/569/569 568/568/568 861/861/861
f 613/613/613 620/620/620 623/623/623
f 620/620/620 110/110/110 623/623/623
f 365/365/365 364/364/364 363/363/363
f 376/376/376 399/399/399 398/398/398
f 398/398/398 394/394/394 380/380/380
f 380/380/380 394/394/394 381/381/381
f 904/904/904 388/388/388 903/903/903
f 537/537/537 533/533/533 536/536/536
f 536/536/536 533/533/533 535/535/535
f 575/575/575 573/573/573 576/576/576
f 576/576/576 571/571/571 570/570/570
f 570/570/570 567/567/567 569/569/569
f 862/862/862 939/939/939 952/952/952
f 376/376/376 398/398/398 380/380/380
f 384/384/384 388/388/388 387/387/387
f 387/387/387 388/388/388 904/904/904
f 576/576/576 570/570/570 859/859/859
f 360/360/360 107/107/107 365/365/365
f 365/365/365 363/363/363 360/360/360
f 368/368/368 367/367/367 369/369/369
f 14/14/14 12/12/12 13/13/13
f 375/375/375 399/399/399 376/376/376
f 381/381/381 393/393/393 384/384/384
f 860/860/860 569/569/569 861/861/861
f 861/861/861 862/862/862 863/863/863
f 863/863/863 862/862/862 952/952/952
f 111/111/111 106/106/106 108/108/108
f 106/106/106 107/107/107 108/108/108
f 108/108/108 107/107/107 360/360/360
f 367/367/367 368/368/368 364/364/364
f 369/369/369 370/370/370 368/368/368
f 372/372/372 375/375/375 374/374/374
f 904/904/904 903/903/903 601/601/601
f 600/600/600 537/537/537 599/599/599
f 537/537/537 536/536/536 599/599/599
f 1038/1038/1038 1037/1037/1037 959/959/959
f 619/619/619 618/618/618 617/617/617
f 618/618/618 620/620/620 613/613/613
f 110/110/110 106/106/106 111/111/111
f 368/368/368 370/370/370 8/8/8
f 601/601/601 903/903/903 602/602/602
f 952/952/952 1030/1030/1030 863/863/863
f 371/371/371 8/8/8 9/9/9
f 374/374/374 375/375/375 376/376/376
f 376/376/376 380/380/380 377/377/377
f 575/575/575 576/576/576 577/577/577
f 362/362/362 360/360/360 363/363/363
f 362/362/362 363/363/363 364/364/364
f 368/368/368 8/8/8 752/752/752
f 601/601/601 602/602/602 600/600/600
f 859/859/859 570/570/570 580/580/580
f 580/580/580 570/570/570 569/569/569
f 580/580/580 569/569/569 860/860/860
f 959/959/959 619/619/619 945/945/945
f 623/623/623 110/110/110 111/111/111
f 752/752/752 8/8/8 371/371/371
f 9/9/9 14/14/14 608/608/608
f 371/371/371 9/9/9 608/608/608
f 14/14/14 13/13/13 606/606/606
f 13/13/13 372/372/372 606/606/606
f 381/381/381 384/384/384 383/383/383
f 387/387/387 904/904/904 601/601/601
f 364/364/364 368/368/368 610/610/610
f 610/610/610 368/368/368 750/750/750
f 374/374/374 376/376/376 377/377/377
f 379/379/379 377/377/377 380/380/380
f 384/384/384 387/387/387 385/385/385
f 859/859/859 580/580/580 579/579/579
f 854/854/854 861/861/861 863/863/863
f 854/854/854 863/863/863 864/864/864
f 864/864/864 863/863/863 987/987/987
f 361/361/361 108/108/108 360/360/360
f 750/750/750 368/368/368 752/752/752
f 606/606/606 372/372/372 374/374/374
f 379/379/379 380/380/380 381/381/381
f 599/599/599 536/536/536 596/596/596
f 596/596/596 536/536/536 597/597/597
f 536/536/536 535/535/535 597/597/597
f 597/597/597 535/535/535 575/575/575
f 597/597/597 575/575/575 598/598/598
f 575/575/575 577/577/577 598/598/598
f 860/860/860 861/861/861 854/854/854
f 945/945/945 619/619/619 617/617/617
f 614/614/614 613/613/613 623/623/623
f 111/111/111 108/108/108 745/745/745
f 745/745/745 108/108/108 611/611/611
f 611/611/611 108/108/108 361/361/361
f 361/361/361 360/360/360 362/362/362
f 362/362/362 364/364/364 610/610/610
f 752/752/752 371/371/371 609/609/609
f 608/608/608 14/14/14 606/606/606
f 382/382/382 381/381/381 383/383/383
f 594/594/594 600/600/600 599/599/599
f 577/577/577 576/576/576 859/859/859
f 978/978/978 1038/1038/1038 959/959/959
f 615/615/615 618/618/618 613/613/613
f 614/614/614 623/623/623 111/111/111
f 746/746/746 362/362/362 748/748/748
f 379/379/379 381/381/381 382/382/382
f 385/385/385 387/387/387 601/601/601
f 615/615/615 613/613/613 612/612/612
f 612/612/612 613/613/613 614/614/614
f 361/361/361 362/362/362 746/746/746
f 362/362/362 610/610/610 749/749/749
f 371/371/371 608/608/608 609/609/609
f 607/607/607 608/608/608 606/606/606
f 378/378/378 374/374/374 377/377/377
f 378/378/378 377/377/377 379/379/379
f 383/383/383 384/384/384 385/385/385
f 385/385/385 601/601/601 603/603/603
f 594/594/594 601/601/601 600/600/600
f 599/599/599 596/596/596 593/593/593
f 594/594/594 599/599/599 593/593/593
f 978/978/978 959/959/959 945/945/945
f 617/617/617 618/618/618 615/615/615
f 614/614/614 111/111/111 745/745/745
f 747/747/747 614/614/614 745/745/745
f 749/749/749 610/610/610 750/750/750
f 609/609/609 608/608/608 607/607/607
f 606/606/606 374/374/374 605/605/605
f 603/603/603 601/601/601 594/594/594
f 2332/2332/2332 2333/2333/2333 2300/2300/2300
f 2299/2299/2299 2211/2211/2211 2292/2292/2292
f 2264/2264/2264 2265/2265/2265 2266/2266/2266
f 2269/2269/2269 2555/2555/2555 2361/2361/2361
f 2292/2292/2292 2211/2211/2211 2210/2210/2210
f 2176/2176/2176 2171/2171/2171 2243/2243/2243
f 2171/2171/2171 2247/2247/2247 2243/2243/2243
f 2171/2171/2171 2173/2173/2173 2247/2247/2247
f 2247/2247/2247 2173/2173/2173 2248/2248/2248
f 2170/2170/2170 2253/2253/2253 2252/2252/2252
f 2345/2345/2345 2254/2254/2254 2255/2255/2255
f 2255/2255/2255 2164/2164/2164 2256/2256/2256
f 2161/2161/2161 2158/2158/2158 2258/2258/2258
f 4912/4912/4912 4911/4911/4911 4894/4894/4894
f 4894/4894/4894 4897/4897/4897 4895/4895/4895
f 3087/3087/3087 3070/3070/3070 3064/3064/3064
f 3066/3066/3066 3065/3065/3065 3067/3067/3067
f 3065/3065/3065 3068/3068/3068 3067/3067/3067
f 3067/3067/3067 3068/3068/3068 3152/3152/3152
f 3152/3152/3152 3068/3068/3068 3069/3069/3069
f 3152/3152/3152 3069/3069/3069 3182/3182/3182
f 3182/3182/3182 3069/3069/3069 3080/3080/3080
f 3182/3182/3182 3080/3080/3080 3202/3202/3202
f 3202/3202/3202 3080/3080/3080 3208/3208/3208
f 3208/3208/3208 3080/3080/3080 3081/3081/3081
f 3208/3208/3208 3081/3081/3081 3245/3245/3245
f 3245/3245/3245 3081/3081/3081 3042/3042/3042
f 3245/3245/3245 3042/3042/3042 3271/3271/3271
f 3271/3271/3271 3042/3042/3042 2961/2961/2961
f 3271/3271/3271 2961/2961/2961 3284/3284/3284
f 3615/3615/3615 3613/3613/3613 3616/3616/3616
f 2961/2961/2961 2963/2963/2963 3284/3284/3284
f 3616/3616/3616 3613/3613/3613 3651/3651/3651
f 4824/4824/4824 4808/4808/4808 4785/4785/4785
f 4782/4782/4782 4824/4824/4824 4785/4785/4785
f 4808/4808/4808 4796/4796/4796 4786/4786/4786
f 4785/4785/4785 4808/4808/4808 4786/4786/4786
f 4786/4786/4786 4796/4796/4796 4791/4791/4791
f 4791/4791/4791 4800/4800/4800 4813/4813/4813
f 4813/4813/4813 4800/4800/4800 4826/4826/4826
f 4826/4826/4826 4800/4800/4800 4809/4809/4809
f 4951/4951/4951 4952/4952/4952 4950/4950/4950
f 4952/4952/4952 4953/4953/4953 4950/4950/4950
f 4953/4953/4953 4957/4957/4957 4954/4954/4954
f 4950/4950/4950 4953/4953/4953 4954/4954/4954
f 4959/4959/4959 4960/4960/4960 4956/4956/4956
f 4960/4960/4960 4961/4961/4961 4956/4956/4956
f 4956/4956/4956 4961/4961/4961 5009/5009/5009
f 92/92/92 91/91/91 90/90/90
f 96/96/96 89/89/89 94/94/94
f 94/94/94 89/89/89 91/91/91
f 17/17/17 20/20/20 914/914/914
f 914/914/914 20/20/20 913/913/913
f 634/634/634 635/635/635 103/103/103
f 92/92/92 90/90/90 355/355/355
f 910/910/910 403/403/403 404/404/404
f 103/103/103 101/101/101 102/102/102
f 15/15/15 16/16/16 17/17/17
f 912/912/912 913/913/913 403/403/403
f 878/878/878 564/564/564 877/877/877
f 1057/1057/1057 1011/1011/1011 1041/1041/1041
f 628/628/628 634/634/634 103/103/103
f 358/358/358 356/356/356 354/354/354
f 916/916/916 24/24/24 10/10/10
f 10/10/10 24/24/24 23/23/23
f 2/2/2 18/18/18 3/3/3
f 3/3/3 18/18/18 16/16/16
f 914/914/914 913/913/913 912/912/912
f 905/905/905 901/901/901 907/907/907
f 526/526/526 525/525/525 528/528/528
f 538/538/538 527/527/527 530/530/530
f 565/565/565 564/564/564 566/566/566
f 627/627/627 634/634/634 628/628/628
f 95/95/95 96/96/96 94/94/94
f 912/912/912 403/403/403 911/911/911
f 910/910/910 404/404/404 909/909/909
f 538/538/538 530/530/530 539/539/539
f 540/540/540 878/878/878 541/541/541
f 1025/1025/1025 1023/1023/1023 951/951/951
f 103/103/103 102/102/102 104/104/104
f 94/94/94 91/91/91 93/93/93
f 92/92/92 355/355/355 357/357/357
f 357/357/357 355/355/355 356/356/356
f 1/1/1 23/23/23 2/2/2
f 911/911/911 403/403/403 910/910/910
f 530/530/530 540/540/540 539/539/539
f 951/951/951 1023/1023/1023 940/940/940
f 625/625/625 626/626/626 624/624/624
f 626/626/626 627/627/627 624/624/624
f 628/628/628 103/103/103 112/112/112
f 113/113/113 102/102/102 95/95/95
f 358/358/358 354/354/354 916/916/916
f 6/6/6 23/23/23 1/1/1
f 1/1/1 2/2/2 3/3/3
f 3/3/3 16/16/16 15/15/15
f 17/17/17 914/914/914 401/401/401
f 401/401/401 914/914/914 912/912/912
f 396/396/396 909/909/909 391/391/391
f 391/391/391 900/900/900 392/392/392
f 877/877/877 564/564/564 565/565/565
f 565/565/565 566/566/566 867/867/867
f 112/112/112 103/103/103 104/104/104
f 104/104/104 102/102/102 105/105/105
f 95/95/95 94/94/94 93/93/93
f 10/10/10 23/23/23 6/6/6
f 910/910/910 909/909/909 396/396/396
f 392/392/392 901/901/901 902/902/902
f 902/902/902 901/901/901 905/905/905
f 907/907/907 526/526/526 906/906/906
f 526/526/526 528/528/528 532/532/532
f 532/532/532 527/527/527 538/538/538
f 877/877/877 541/541/541 878/878/878
f 568/568/568 565/565/565 867/867/867
f 568/568/568 867/867/867 866/866/866
f 940/940/940 1023/1023/1023 941/941/941
f 1041/1041/1041 993/993/993 958/958/958
f 958/958/958 993/993/993 631/631/631
f 624/624/624 627/627/627 628/628/628
f 105/105/105 102/102/102 113/113/113
f 93/93/93 91/91/91 92/92/92
f 391/391/391 392/392/392 390/390/390
f 539/539/539 540/540/540 541/541/541
f 958/958/958 631/631/631 622/622/622
f 622/622/622 631/631/631 626/626/626
f 622/622/622 626/626/626 625/625/625
f 115/115/115 95/95/95 359/359/359
f 95/95/95 93/93/93 359/359/359
f 1/1/1 3/3/3 4/4/4
f 11/11/11 3/3/3 15/15/15
f 373/373/373 17/17/17 401/401/401
f 401/401/401 912/912/912 400/400/400
f 400/400/400 912/912/912 911/911/911
f 397/397/397 910/910/910 396/396/396
f 906/906/906 905/905/905 907/907/907
f 531/531/531 526/526/526 532/532/532
f 531/531/531 532/532/532 538/538/538
f 539/539/539 541/541/541 875/875/875
f 877/877/877 565/565/565 876/876/876
f 867/867/867 940/940/940 941/941/941
f 93/93/93 92/92/92 357/357/357
f 915/915/915 358/358/358 916/916/916
f 396/396/396 391/391/391 389/389/389
f 574/574/574 875/875/875 541/541/541
f 1058/1058/1058 1057/1057/1057 1041/1041/1041
f 1058/1058/1058 1041/1041/1041 1040/1040/1040
f 1040/1040/1040 1041/1041/1041 958/958/958
f 621/621/621 625/625/625 624/624/624
f 624/624/624 628/628/628 112/112/112
f 113/113/113 95/95/95 115/115/115
f 4/4/4 3/3/3 11/11/11
f 15/15/15 17/17/17 373/373/373
f 400/400/400 911/911/911 398/398/398
f 911/911/911 910/910/910 397/397/397
f 398/398/398 911/911/911 397/397/397
f 390/390/390 392/392/392 902/902/902
f 875/875/875 538/538/538 539/539/539
f 574/574/574 541/541/541 876/876/876
f 876/876/876 541/541/541 877/877/877
f 876/876/876 565/565/565 567/567/567
f 866/866/866 867/867/867 941/941/941
f 359/359/359 93/93/93 366/366/366
f 366/366/366 93/93/93 357/357/357
f 357/357/357 356/356/356 358/358/358
f 5/5/5 1/1/1 4/4/4
f 395/395/395 397/397/397 396/396/396
f 389/389/389 391/391/391 390/390/390
f 902/902/902 905/905/905 903/903/903
f 534/534/534 531/531/531 538/538/538
f 625/625/625 621/621/621 622/622/622
f 620/620/620 624/624/624 112/112/112
f 109/109/109 112/112/112 104/104/104
f 7/7/7 916/916/916 10/10/10
f 395/395/395 396/396/396 389/389/389
f 389/389/389 390/390/390 388/388/388
f 602/602/602 905/905/905 906/906/906
f 571/571/571 574/574/574 876/876/876
f 572/572/572 876/876/876 567/567/567
f 567/567/567 565/565/565 568/568/568
f 915/915/915 916/916/916 7/7/7
f 11/11/11 15/15/15 373/373/373
f 401/401/401 400/400/400 399/399/399
f 537/537/537 906/906/906 526/526/526
f 537/537/537 526/526/526 531/531/531
f 866/866/866 941/941/941 942/942/942
f 942/942/942 941/941/941 1042/1042/1042
f 620/620/620 621/621/621 624/624/624
f 105/105/105 113/113/113 114/114/114
f 114/114/114 113/113/113 115/115/115
f 366/366/366 357/357/357 370/370/370
f 357/357/357 358/358/358 370/370/370
f 370/370/370 358/358/358 915/915/915
f 370/370/370 915/915/915 7/7/7
f 7/7/7 10/10/10 6/6/6
f 6/6/6 1/1/1 5/5/5
f 12/12/12 4/4/4 11/11/11
f 394/394/394 397/397/397 395/395/395
f 390/390/390 902/902/902 388/388/388
f 903/903/903 905/905/905 602/602/602
f 571/571/571 876/876/876 572/572/572
f 115/115/115 359/359/359 365/365/365
f 402/402/402 373/373/373 401/401/401
f 388/388/388 902/902/902 903/903/903
f 538/538/538 875/875/875 534/534/534
f 534/534/534 875/875/875 573/573/573
f 568/568/568 866/866/866 862/862/862
f 939/939/939 866/866/866 942/942/942
f 1037/1037/1037 1040/1040/1040 958/958/958
f 109/109/109 104/104/104 106/106/106
f 106/106/106 104/104/104 105/105/105
f 7/7/7 6/6/6 5/5/5
f 5/5/5 4/4/4 12/12/12
f 398/398/398 397/397/397 394/394/394
f 393/393/393 395/395/395 389/389/389
f 573/573/573 875/875/875 574/574/574
f 862/862/862 866/866/866 939/939/939
f 114/114/114 115/115/115 365/365/365
f 107/107/107 114/114/114 365/365/365
f 365/365/365 359/359/359 366/366/366
f 372/372/372 373/373/373 402/402/402
f 401/401/401 399/399/399 375/375/375
f 399/399/399 400/400/400 398/398/398
f 537/537/537 531/531/531 533/533/533
f 533/533/533 531/531/531 534/534/534
f 622/622/622 621/621/621 618/618/618
f 621/621/621 620/620/620 618/618/618
f 110/110/110 112/112/112 109/109/109
f 402/402/402 401/401/401 375/375/375
f 394/394/394 395/395/395 393/393/393
f 1037/1037/1037 958/958/958 959/959/959
f 959/959/959 958/958/958 622/622/622
f 959/959/959 622/622/622 619/619/619
f 619/619/619 622/622/622 618/618/618
f 2332/2332/2332 2300/2300/2300 2299/2299/2299
f 2266/2266/2266 2269/2269/2269 2361/2361/2361
f 2299/2299/2299 2292/2292/2292 2246/2246/2246
f 2292/2292/2292 2209/2209/2209 2246/2246/2246
f 2246/2246/2246 2209/2209/2209 2245/2245/2245
f 2209/2209/2209 2177/2177/2177 2245/2245/2245
f 2245/2245/2245 2177/2177/2177 2244/2244/2244
f 2244/2244/2244 2177/2177/2177 2176/2176/2176
f 2244/2244/2244 2176/2176/2176 2243/2243/2243
f 2256/2256/2256 2164/2164/2164 2257/2257/2257
f 2257/2257/2257 2258/2258/2258 2285/2285/2285
f 2285/2285/2285 2258/2258/2258 2290/2290/2290
f 2290/2290/2290 2258/2258/2258 2158/2158/2158
f 2158/2158/2158 2160/2160/2160 2290/2290/2290
f 2290/2290/2290 2160/2160/2160 2289/2289/2289
f 2289/2289/2289 2160/2160/2160 2259/2259/2259
f 2259/2259/2259 2260/2260/2260 2288/2288/2288
f 2289/2289/2289 2259/2259/2259 2288/2288/2288
f 2288/2288/2288 2260/2260/2260 2261/2261/2261
f 2288/2288/2288 2261/2261/2261 2262/2262/2262
f 2288/2288/2288 2262/2262/2262 2286/2286/2286
f 2286/2286/2286 2262/2262/2262 2263/2263/2263
f 2286/2286/2286 2263/2263/2263 2287/2287/2287
f 2287/2287/2287 2263/2263/2263 2264/2264/2264
f 4711/4711/4711 4731/4731/4731 4710/4710/4710
f 4731/4731/4731 4711/4711/4711 4725/4725/4725
f 3242/3242/3242 3238/3238/3238 3178/3178/3178
f 3178/3178/3178 3070/3070/3070 3087/3087/3087
f 5252/5252/5252 5270/5270/5270 5276/5276/5276
f 3087/3087/3087 3064/3064/3064 3088/3088/3088
f 5224/5224/5224 5252/5252/5252 5276/5276/5276
f 5224/5224/5224 5276/5276/5276 5275/5275/5275
f 3088/3088/3088 3064/3064/3064 3066/3066/3066
f 3088/3088/3088 3066/3066/3066 3183/3183/3183
f 3183/3183/3183 3066/3066/3066 3187/3187/3187
f 3187/3187/3187 3066/3066/3066 3067/3067/3067
f 3187/3187/3187 3067/3067/3067 3231/3231/3231
f 3231/3231/3231 3067/3067/3067 3152/3152/3152
f 3231/3231/3231 3152/3152/3152 3277/3277/3277
f 3152/3152/3152 3182/3182/3182 3279/3279/3279
f 3277/3277/3277 3152/3152/3152 3279/3279/3279
f 3279/3279/3279 3182/3182/3182 3202/3202/3202
f 4771/4771/4771 4825/4825/4825 4774/4774/4774
f 4825/4825/4825 4793/4793/4793 4774/4774/4774
f 4793/4793/4793 4792/4792/4792 4777/4777/4777
f 4774/4774/4774 4793/4793/4793 4777/4777/4777
f 4777/4777/4777 4778/4778/4778 4775/4775/4775
f 4775/4775/4775 4778/4778/4778 4781/4781/4781
f 4775/4775/4775 4781/4781/4781 4787/4787/4787
f 4787/4787/4787 4781/4781/4781 4823/4823/4823
f 4823/4823/4823 4781/4781/4781 4789/4789/4789
f 4940/4940/4940 5034/5034/5034 4939/4939/4939
f 5034/5034/5034 5023/5023/5023 4939/4939/4939
f 5023/5023/5023 5019/5019/5019 4942/4942/4942
f 4939/4939/4939 5023/5023/5023 4942/4942/4942
f 5019/5019/5019 4951/4951/4951 4942/4942/4942
f 4942/4942/4942 4951/4951/4951 4950/4950/4950
f 4950/4950/4950 4954/4954/4954 4955/4955/4955
f 4955/4955/4955 4954/4954/4954 4956/4956/4956
f 27/27/27 28/28/28 19/19/19
f 21/21/21 27/27/27 19/19/19
f 953/953/953 1029/1029/1029 873/873/873
f 116/116/116 99/99/99 98/98/98
f 88/88/88 99/99/99 117/117/117
f 117/117/117 118/118/118 88/88/88
f 88/88/88 118/118/118 85/85/85
f 31/31/31 37/37/37 32/32/32
f 42/42/42 413/413/413 406/406/406
f 408/408/408 412/412/412 410/410/410
f 523/523/523 411/411/411 418/418/418
f 563/563/563 553/553/553 872/872/872
f 632/632/632 637/637/637 633/633/633
f 633/633/633 637/637/637 638/638/638
f 100/100/100 636/636/636 116/116/116
f 89/89/89 99/99/99 88/88/88
f 25/25/25 26/26/26 22/22/22
f 22/22/22 26/26/26 21/21/21
f 26/26/26 27/27/27 21/21/21
f 28/28/28 31/31/31 30/30/30
f 32/32/32 37/37/37 36/36/36
f 36/36/36 42/42/42 35/35/35
f 406/406/406 413/413/413 408/408/408
f 410/410/410 412/412/412 411/411/411
f 523/523/523 418/418/418 522/522/522
f 529/529/529 546/546/546 545/545/545
f 543/543/543 553/553/553 544/544/544
f 544/544/544 553/553/553 562/562/562
f 562/562/562 553/553/553 563/563/563
f 872/872/872 873/873/873 871/871/871
f 873/873/873 1029/1029/1029 871/871/871
f 4132/4132/4132 4091/4091/4091 4150/4150/4150
f 632/632/632 633/633/633 629/629/629
f 633/633/633 638/638/638 636/636/636
f 633/633/633 636/636/636 100/100/100
f 100/100/100 116/116/116 98/98/98
f 100/100/100 98/98/98 97/97/97
f 88/88/88 85/85/85 87/87/87
f 85/85/85 84/84/84 86/86/86
f 87/87/87 85/85/85 86/86/86
f 19/19/19 28/28/28 29/29/29
f 29/29/29 28/28/28 30/30/30
f 30/30/30 31/31/31 32/32/32
f 35/35/35 42/42/42 406/406/406
f 406/406/406 408/408/408 407/407/407
f 410/410/410 411/411/411 409/409/409
f 409/409/409 411/411/411 523/523/523
f 521/521/521 519/519/519 529/529/529
f 529/529/529 519/519/519 546/546/546
f 630/630/630 632/632/632 629/629/629
f 86/86/86 84/84/84 122/122/122
f 32/32/32 36/36/36 35/35/35
f 872/872/872 871/871/871 869/869/869
f 1001/1001/1001 632/632/632 630/630/630
f 98/98/98 99/99/99 89/89/89
f 122/122/122 123/123/123 24/24/24
f 123/123/123 25/25/25 24/24/24
f 30/30/30 32/32/32 33/33/33
f 407/407/407 408/408/408 409/409/409
f 409/409/409 408/408/408 410/410/410
f 529/529/529 545/545/545 542/542/542
f 542/542/542 545/545/545 874/874/874
f 635/635/635 633/633/633 100/100/100
f 97/97/97 98/98/98 89/89/89
f 89/89/89 88/88/88 87/87/87
f 24/24/24 25/25/25 22/22/22
f 29/29/29 30/30/30 34/34/34
f 30/30/30 33/33/33 34/34/34
f 33/33/33 32/32/32 35/35/35
f 523/523/523 522/522/522 524/524/524
f 524/524/524 522/522/522 528/528/528
f 522/522/522 521/521/521 528/528/528
f 528/528/528 521/521/521 529/529/529
f 542/542/542 874/874/874 543/543/543
f 563/563/563 872/872/872 869/869/869
f 869/869/869 871/871/871 870/870/870
f 871/871/871 1029/1029/1029 870/870/870
f 629/629/629 633/633/633 627/627/627
f 100/100/100 97/97/97 101/101/101
f 97/97/97 89/89/89 96/96/96
f 89/89/89 87/87/87 90/90/90
f 355/355/355 87/87/87 86/86/86
f 19/19/19 29/29/29 20/20/20
f 908/908/908 407/407/407 409/409/409
f 529/529/529 542/542/542 530/530/530
f 868/868/868 563/563/563 869/869/869
f 1054/1054/1054 1001/1001/1001 1011/1011/1011
f 1011/1011/1011 1001/1001/1001 630/630/630
f 630/630/630 629/629/629 626/626/626
f 627/627/627 633/633/633 634/634/634
f 634/634/634 633/633/633 635/635/635
f 635/635/635 100/100/100 103/103/103
f 103/103/103 100/100/100 101/101/101
f 24/24/24 22/22/22 23/23/23
f 34/34/34 33/33/33 403/403/403
f 404/404/404 33/33/33 35/35/35
f 35/35/35 406/406/406 405/405/405
f 405/405/405 406/406/406 900/900/900
f 523/523/523 524/524/524 525/525/525
f 527/527/527 528/528/528 529/529/529
f 530/530/530 542/542/542 540/540/540
f 542/542/542 543/543/543 540/540/540
f 540/540/540 543/543/543 544/544/544
f 91/91/91 89/89/89 90/90/90
f 86/86/86 122/122/122 354/354/354
f 21/21/21 19/19/19 18/18/18
f 18/18/18 19/19/19 16/16/16
f 16/16/16 19/19/19 20/20/20
f 900/900/900 406/406/406 407/407/407
f 900/900/900 407/407/407 901/901/901
f 544/544/544 562/562/562 564/564/564
f 868/868/868 869/869/869 870/870/870
f 355/355/355 86/86/86 354/354/354
f 22/22/22 21/21/21 2/2/2
f 913/913/913 29/29/29 34/34/34
f 403/403/403 33/33/33 404/404/404
f 404/404/404 35/35/35 405/405/405
f 525/525/525 524/524/524 528/528/528
f 529/529/529 530/530/530 527/527/527
f 90/90/90 87/87/87 355/355/355
f 122/122/122 24/24/24 916/916/916
f 23/23/23 22/22/22 2/2/2
f 16/16/16 20/20/20 17/17/17
f 20/20/20 29/29/29 913/913/913
f 407/407/407 908/908/908 901/901/901
f 878/878/878 544/544/544 564/564/564
f 564/564/564 562/562/562 563/563/563
f 564/564/564 563/563/563 868/868/868
f 354/354/354 122/122/122 916/916/916
f 2/2/2 21/21/21 18/18/18
f 34/34/34 403/403/403 913/913/913
f 908/908/908 409/409/409 907/907/907
f 907/907/907 409/409/409 523/523/523
f 526/526/526 523/523/523 525/525/525
f 566/566/566 564/564/564 868/868/868
f 868/868/868 870/870/870 951/951/951
f 951/951/951 870/870/870 1025/1025/1025
f 1011/1011/1011 630/630/630 631/631/631
f 631/631/631 630/630/630 626/626/626
f 629/629/629 627/627/627 626/626/626
f 101/101/101 97/97/97 102/102/102
f 95/95/95 97/97/97 96/96/96
f 355/355/355 354/354/354 356/356/356
f 901/901/901 908/908/908 907/907/907
f 907/907/907 523/523/523 526/526/526
f 540/540/540 544/544/544 878/878/878
f 404/404/404 405/405/405 909/909/909
f 392/392/392 900/900/900 901/901/901
f 528/528/528 527/527/527 532/532/532
f 867/867/867 566/566/566 868/868/868
f 993/993/993 1011/1011/1011 631/631/631
f 909/909/909 405/405/405 391/391/391
f 391/391/391 405/405/405 900/900/900
f 940/940/940 868/868/868 951/951/951
f 867/867/867 868/868/868 940/940/940
f 2377/2377/2377 2334/2334/2334 2332/2332/2332
f 2377/2377/2377 2332/2332/2332 2299/2299/2299
f 2377/2377/2377 2299/2299/2299 2439/2439/2439
f 2266/2266/2266 2361/2361/2361 2440/2440/2440
f 2440/2440/2440 2361/2361/2361 2550/2550/2550
f 2439/2439/2439 2299/2299/2299 2301/2301/2301
f 2299/2299/2299 2246/2246/2246 2301/2301/2301
f 2301/2301/2301 2246/2246/2246 2442/2442/2442
f 2442/2442/2442 2246/2246/2246 2368/2368/2368
f 2368/2368/2368 2246/2246/2246 2245/2245/2245
f 2368/2368/2368 2245/2245/2245 2366/2366/2366
f 2245/2245/2245 2244/2244/2244 2366/2366/2366
f 2366/2366/2366 2244/2244/2244 2365/2365/2365
f 2365/2365/2365 2244/2244/2244 2243/2243/2243
f 2365/2365/2365 2243/2243/2243 2367/2367/2367
f 2243/2243/2243 2247/2247/2247 2367/2367/2367
f 2367/2367/2367 2247/2247/2247 2359/2359/2359
f 2359/2359/2359 2247/2247/2247 2248/2248/2248
f 2359/2359/2359 2248/2248/2248 2358/2358/2358
f 2358/2358/2358 2248/2248/2248 2357/2357/2357
f 2248/2248/2248 2249/2249/2249 2357/2357/2357
f 2249/2249/2249 2250/2250/2250 2357/2357/2357
f 2357/2357/2357 2250/2250/2250 2348/2348/2348
f 2348/2348/2348 2250/2250/2250 2252/2252/2252
f 2348/2348/2348 2252/2252/2252 2253/2253/2253
f 2348/2348/2348 2253/2253/2253 2347/2347/2347
f 2347/2347/2347 2253/2253/2253 2254/2254/2254
f 2347/2347/2347 2254/2254/2254 2346/2346/2346
f 2254/2254/2254 2345/2345/2345 2346/2346/2346
f 2346/2346/2346 2345/2345/2345 2344/2344/2344
f 2345/2345/2345 2255/2255/2255 2344/2344/2344
f 2344/2344/2344 2255/2255/2255 2256/2256/2256
f 2257/2257/2257 2285/2285/2285 2336/2336/2336
f 2285/2285/2285 2290/2290/2290 2336/2336/2336
f 2336/2336/2336 2290/2290/2290 2337/2337/2337
f 2337/2337/2337 2290/2290/2290 2338/2338/2338
f 2338/2338/2338 2290/2290/2290 2289/2289/2289
f 2289/2289/2289 2288/2288/2288 2339/2339/2339
f 2338/2338/2338 2289/2289/2289 2339/2339/2339
f 2339/2339/2339 2288/2288/2288 2380/2380/2380
f 2380/2380/2380 2288/2288/2288 2286/2286/2286
f 2380/2380/2380 2286/2286/2286 2456/2456/2456
f 2286/2286/2286 2287/2287/2287 2456/2456/2456
f 2456/2456/2456 2287/2287/2287 2330/2330/2330
f 2287/2287/2287 2264/2264/2264 2330/2330/2330
f 2264/2264/2264 2266/2266/2266 2329/2329/2329
f 2330/2330/2330 2264/2264/2264 2329/2329/2329
f 4912/4912/4912 4894/4894/4894 4893/4893/4893
f 4913/4913/4913 4912/4912/4912 4893/4893/4893
f 4893/4893/4893 4894/4894/4894 4895/4895/4895
f 3657/3657/3657 3687/3687/3687 3656/3656/3656
f 3656/3656/3656 3641/3641/3641 3657/3657/3657
f 4893/4893/4893 4895/4895/4895 4896/4896/4896
f 4893/4893/4893 4896/4896/4896 4921/4921/4921
f 3242/3242/3242 3178/3178/3178 3087/3087/3087
f 3242/3242/3242 3087/3087/3087 3261/3261/3261
f 3261/3261/3261 3087/3087/3087 3088/3088/3088
f 3261/3261/3261 3088/3088/3088 3262/3262/3262
f 3262/3262/3262 3088/3088/3088 3266/3266/3266
f 3266/3266/3266 3088/3088/3088 3183/3183/3183
f 4827/4827/4827 4795/4795/4795 4751/4751/4751
f 4757/4757/4757 4827/4827/4827 4751/4751/4751
f 4751/4751/4751 4795/4795/4795 4763/4763/4763
f 4753/4753/4753 4764/4764/4764 4752/4752/4752
f 4763/4763/4763 4795/4795/4795 4780/4780/4780
f 4763/4763/4763 4780/4780/4780 4753/4753/4753
f 4937/4937/4937 4936/4936/4936 4923/4923/4923
f 4923/4923/4923 4936/4936/4936 4925/4925/4925
f 4936/4936/4936 4935/4935/4935 4928/4928/4928
f 4925/4925/4925 4936/4936/4936 4928/4928/4928
f 4935/4935/4935 4931/4931/4931 4928/4928/4928
f 4928/4928/4928 4931/4931/4931 4930/4930/4930
f 4930/4930/4930 4931/4931/4931 4932/4932/4932
f 4943/4943/4943 4942/4942/4942 4944/4944/4944
f 4942/4942/4942 4950/4950/4950 4944/4944/4944
f 4950/4950/4950 4955/4955/4955 4944/4944/4944
f 984/984/984 1043/1043/1043 556/556/556
f 555/555/555 554/554/554 556/556/556
f 551/551/551 554/554/554 560/560/560
f 640/640/640 641/641/641 642/642/642
f 642/642/642 645/645/645 715/715/715
f 715/715/715 645/645/645 719/719/719
f 719/719/719 717/717/717 720/720/720
f 41/41/41 46/46/46 899/899/899
f 46/46/46 423/423/423 899/899/899
f 514/514/514 513/513/513 518/518/518
f 515/515/515 513/513/513 516/516/516
f 547/547/547 549/549/549 552/552/552
f 560/560/560 554/554/554 561/561/561
f 554/554/554 555/555/555 561/561/561
f 82/82/82 81/81/81 83/83/83
f 124/124/124 72/72/72 125/125/125
f 72/72/72 126/126/126 125/125/125
f 125/125/125 126/126/126 127/127/127
f 932/932/932 423/423/423 420/420/420
f 555/555/555 556/556/556 557/557/557
f 557/557/557 556/556/556 1043/1043/1043
f 1022/1022/1022 1031/1031/1031 713/713/713
f 720/720/720 717/717/717 726/726/726
f 721/721/721 723/723/723 724/724/724
f 39/39/39 43/43/43 40/40/40
f 39/39/39 40/40/40 37/37/37
f 899/899/899 423/423/423 932/932/932
f 520/520/520 931/931/931 514/514/514
f 520/520/520 514/514/514 518/518/518
f 518/518/518 513/513/513 517/517/517
f 517/517/517 513/513/513 515/515/515
f 515/515/515 516/516/516 547/547/547
f 549/549/549 551/551/551 552/552/552
f 1022/1022/1022 713/713/713 714/714/714
f 714/714/714 713/713/713 639/639/639
f 639/639/639 641/641/641 640/640/640
f 640/640/640 642/642/642 715/715/715
f 65/65/65 64/64/64 27/27/27
f 27/27/27 64/64/64 38/38/38
f 38/38/38 43/43/43 39/39/39
f 37/37/37 40/40/40 36/36/36
f 36/36/36 40/40/40 41/41/41
f 415/415/415 417/417/417 416/416/416
f 639/639/639 640/640/640 637/637/637
f 721/721/721 724/724/724 121/121/121
f 121/121/121 724/724/724 119/119/119
f 119/119/119 120/120/120 118/118/118
f 83/83/83 124/124/124 123/123/123
f 125/125/125 127/127/127 26/26/26
f 932/932/932 420/420/420 414/414/414
f 414/414/414 420/420/420 415/415/415
f 416/416/416 417/417/417 418/418/418
f 417/417/417 931/931/931 418/418/418
f 418/418/418 931/931/931 520/520/520
f 519/519/519 517/517/517 515/515/515
f 553/553/553 551/551/551 560/560/560
f 559/559/559 560/560/560 561/561/561
f 640/640/640 715/715/715 636/636/636
f 121/121/121 726/726/726 721/721/721
f 117/117/117 119/119/119 118/118/118
f 118/118/118 120/120/120 82/82/82
f 42/42/42 41/41/41 428/428/428
f 428/428/428 41/41/41 899/899/899
f 428/428/428 899/899/899 414/414/414
f 899/899/899 932/932/932 414/414/414
f 415/415/415 416/416/416 412/412/412
f 518/518/518 517/517/517 519/519/519
f 546/546/546 515/515/515 547/547/547
f 555/555/555 557/557/557 953/953/953
f 1001/1001/1001 1022/1022/1022 714/714/714
f 636/636/636 715/715/715 116/116/116
f 116/116/116 715/715/715 719/719/719
f 719/719/719 720/720/720 116/116/116
f 116/116/116 720/720/720 726/726/726
f 121/121/121 119/119/119 117/117/117
f 82/82/82 83/83/83 84/84/84
f 84/84/84 83/83/83 123/123/123
f 123/123/123 124/124/124 125/125/125
f 26/26/26 127/127/127 65/65/65
f 26/26/26 65/65/65 27/27/27
f 28/28/28 27/27/27 38/38/38
f 38/38/38 39/39/39 31/31/31
f 36/36/36 41/41/41 42/42/42
f 412/412/412 414/414/414 415/415/415
f 411/411/411 416/416/416 418/418/418
f 546/546/546 547/547/547 545/545/545
f 545/545/545 547/547/547 874/874/874
f 874/874/874 547/547/547 552/552/552
f 553/553/553 552/552/552 551/551/551
f 559/559/559 561/561/561 872/872/872
f 873/873/873 555/555/555 953/953/953
f 1001/1001/1001 714/714/714 632/632/632
f 632/632/632 714/714/714 639/639/639
f 632/632/632 639/639/639 637/637/637
f 637/637/637 640/640/640 638/638/638
f 118/118/118 82/82/82 85/85/85
f 85/85/85 82/82/82 84/84/84
f 123/123/123 125/125/125 25/25/25
f 28/28/28 38/38/38 31/31/31
f 31/31/31 39/39/39 37/37/37
f 42/42/42 428/428/428 413/413/413
f 408/408/408 414/414/414 412/412/412
f 412/412/412 416/416/416 411/411/411
f 418/418/418 520/520/520 522/522/522
f 522/522/522 520/520/520 521/521/521
f 521/521/521 520/520/520 518/518/518
f 521/521/521 518/518/518 519/519/519
f 874/874/874 552/552/552 543/543/543
f 543/543/543 552/552/552 553/553/553
f 553/553/553 560/560/560 559/559/559
f 872/872/872 561/561/561 555/555/555
f 872/872/872 555/555/555 873/873/873
f 116/116/116 726/726/726 121/121/121
f 99/99/99 121/121/121 117/117/117
f 428/428/428 414/414/414 408/408/408
f 519/519/519 515/515/515 546/546/546
f 2381/2381/2381 2334/2334/2334 2377/2377/2377
f 2386/2386/2386 2377/2377/2377 2439/2439/2439
f 2386/2386/2386 2439/2439/2439 2436/2436/2436
f 2560/2560/2560 2559/2559/2559 2452/2452/2452
f 2452/2452/2452 2559/2559/2559 2451/2451/2451
f 2559/2559/2559 2557/2557/2557 2451/2451/2451
f 2451/2451/2451 2557/2557/2557 2441/2441/2441
f 2557/2557/2557 2266/2266/2266 2440/2440/2440
f 2441/2441/2441 2557/2557/2557 2440/2440/2440
f 2439/2439/2439 2442/2442/2442 2553/2553/2553
f 2442/2442/2442 2368/2368/2368 2553/2553/2553
f 2553/2553/2553 2368/2368/2368 2366/2366/2366
f 2553/2553/2553 2366/2366/2366 2434/2434/2434
f 2434/2434/2434 2366/2366/2366 2433/2433/2433
f 2433/2433/2433 2366/2366/2366 2365/2365/2365
f 2433/2433/2433 2365/2365/2365 2432/2432/2432
f 2432/2432/2432 2365/2365/2365 2367/2367/2367
f 2432/2432/2432 2367/2367/2367 2437/2437/2437
f 2437/2437/2437 2367/2367/2367 2359/2359/2359
f 2437/2437/2437 2359/2359/2359 2358/2358/2358
f 2437/2437/2437 2358/2358/2358 2564/2564/2564
f 2564/2564/2564 2358/2358/2358 2357/2357/2357
f 2564/2564/2564 2357/2357/2357 2565/2565/2565
f 2357/2357/2357 2348/2348/2348 2565/2565/2565
f 2565/2565/2565 2348/2348/2348 2566/2566/2566
f 2566/2566/2566 2348/2348/2348 2347/2347/2347
f 2566/2566/2566 2347/2347/2347 2346/2346/2346
f 2446/2446/2446 2346/2346/2346 2344/2344/2344
f 2448/2448/2448 2256/2256/2256 2257/2257/2257
f 2448/2448/2448 2257/2257/2257 2336/2336/2336
f 2336/2336/2336 2337/2337/2337 2450/2450/2450
f 2337/2337/2337 2338/2338/2338 2453/2453/2453
f 2453/2453/2453 2338/2338/2338 2339/2339/2339
f 2339/2339/2339 2380/2380/2380 2558/2558/2558
f 2558/2558/2558 2380/2380/2380 2560/2560/2560
f 2560/2560/2560 2380/2380/2380 2456/2456/2456
f 4893/4893/4893 4921/4921/4921 4915/4915/4915
f 4915/4915/4915 4921/4921/4921 4920/4920/4920
f 4915/4915/4915 4920/4920/4920 4919/4919/4919
f 4920/4920/4920 4922/4922/4922 4919/4919/4919
f 4919/4919/4919 4922/4922/4922 4923/4923/4923
f 4919/4919/4919 4923/4923/4923 4924/4924/4924
f 4924/4924/4924 4923/4923/4923 4925/4925/4925
f 4924/4924/4924 4925/4925/4925 4926/4926/4926
f 4926/4926/4926 4925/4925/4925 4928/4928/4928
f 4926/4926/4926 4928/4928/4928 4929/4929/4929
f 4928/4928/4928 4930/4930/4930 4929/4929/4929
f 5041/5041/5041 4930/4930/4930 4932/4932/4932
f 504/504/504 883/883/883 882/882/882
f 883/883/883 975/975/975 1007/1007/1007
f 4943/4943/4943 5041/5041/5041 4932/4932/4932
f 463/463/463 459/459/459 464/464/464
f 464/464/464 460/460/460 881/881/881
f 494/494/494 496/496/496 497/497/497
f 497/497/497 496/496/496 504/504/504
f 497/497/497 504/504/504 882/882/882
f 646/646/646 649/649/649 718/718/718
f 732/732/732 729/729/729 727/727/727
f 729/729/729 342/342/342 728/728/728
f 728/728/728 342/342/342 730/730/730
f 47/47/47 49/49/49 48/48/48
f 426/426/426 425/425/425 422/422/422
f 422/422/422 425/425/425 424/424/424
f 421/421/421 424/424/424 948/948/948
f 507/507/507 494/494/494 506/506/506
f 667/667/667 665/665/665 666/666/666
f 665/665/665 660/660/660 643/643/643
f 644/644/644 647/647/647 646/646/646
f 71/71/71 70/70/70 68/68/68
f 422/422/422 424/424/424 421/421/421
f 508/508/508 489/489/489 490/490/490
f 643/643/643 660/660/660 644/644/644
f 716/716/716 646/646/646 718/718/718
f 718/718/718 649/649/649 732/732/732
f 76/76/76 77/77/77 75/75/75
f 59/59/59 58/58/58 54/54/54
f 48/48/48 49/49/49 429/429/429
f 880/880/880 881/881/881 489/489/489
f 665/665/665 643/643/643 666/666/666
f 730/730/730 131/131/131 130/130/130
f 59/59/59 54/54/54 53/53/53
f 47/47/47 48/48/48 45/45/45
f 429/429/429 426/426/426 427/427/427
f 948/948/948 947/947/947 949/949/949
f 949/949/949 947/947/947 950/950/950
f 510/510/510 463/463/463 509/509/509
f 463/463/463 464/464/464 509/509/509
f 505/505/505 494/494/494 497/497/497
f 883/883/883 1007/1007/1007 984/984/984
f 644/644/644 646/646/646 645/645/645
f 645/645/645 646/646/646 716/716/716
f 718/718/718 732/732/732 727/727/727
f 727/727/727 729/729/729 728/728/728
f 728/728/728 730/730/730 130/130/130
f 130/130/130 131/131/131 77/77/77
f 72/72/72 73/73/73 71/71/71
f 879/879/879 464/464/464 881/881/881
f 880/880/880 489/489/489 548/548/548
f 548/548/548 489/489/489 508/508/508
f 506/506/506 494/494/494 505/505/505
f 882/882/882 883/883/883 558/558/558
f 558/558/558 883/883/883 984/984/984
f 999/999/999 998/998/998 667/667/667
f 999/999/999 667/667/667 668/668/668
f 717/717/717 716/716/716 718/718/718
f 725/725/725 728/728/728 731/731/731
f 62/62/62 59/59/59 63/63/63
f 53/53/53 54/54/54 52/52/52
f 427/427/427 426/426/426 422/422/422
f 421/421/421 948/948/948 949/949/949
f 509/509/509 464/464/464 879/879/879
f 879/879/879 881/881/881 880/880/880
f 490/490/490 507/507/507 506/506/506
f 728/728/728 130/130/130 129/129/129
f 129/129/129 130/130/130 77/77/77
f 76/76/76 75/75/75 73/73/73
f 421/421/421 949/949/949 419/419/419
f 725/725/725 727/727/727 728/728/728
f 731/731/731 728/728/728 129/129/129
f 80/80/80 129/129/129 77/77/77
f 67/67/67 68/68/68 62/62/62
f 53/53/53 52/52/52 44/44/44
f 52/52/52 47/47/47 44/44/44
f 44/44/44 47/47/47 45/45/45
f 46/46/46 48/48/48 429/429/429
f 511/511/511 510/510/510 509/509/509
f 509/509/509 879/879/879 512/512/512
f 508/508/508 550/550/550 549/549/549
f 508/508/508 490/490/490 550/550/550
f 550/550/550 490/490/490 506/506/506
f 668/668/668 667/667/667 666/666/666
f 666/666/666 643/643/643 641/641/641
f 645/645/645 716/716/716 717/717/717
f 722/722/722 727/727/727 725/725/725
f 66/66/66 62/62/62 63/63/63
f 63/63/63 59/59/59 53/53/53
f 45/45/45 48/48/48 46/46/46
f 46/46/46 429/429/429 427/427/427
f 949/949/949 950/950/950 511/511/511
f 950/950/950 510/510/510 511/511/511
f 511/511/511 509/509/509 512/512/512
f 879/879/879 880/880/880 548/548/548
f 548/548/548 508/508/508 549/549/549
f 643/643/643 644/644/644 642/642/642
f 718/718/718 727/727/727 722/722/722
f 723/723/723 725/725/725 731/731/731
f 80/80/80 77/77/77 76/76/76
f 80/80/80 76/76/76 81/81/81
f 71/71/71 68/68/68 72/72/72
f 67/67/67 62/62/62 66/66/66
f 46/46/46 427/427/427 423/423/423
f 423/423/423 427/427/427 422/422/422
f 423/423/423 422/422/422 420/420/420
f 422/422/422 421/421/421 420/420/420
f 420/420/420 421/421/421 419/419/419
f 419/419/419 949/949/949 511/511/511
f 497/497/497 882/882/882 554/554/554
f 554/554/554 882/882/882 558/558/558
f 713/713/713 999/999/999 668/668/668
f 668/668/668 666/666/666 641/641/641
f 726/726/726 717/717/717 718/718/718
f 722/722/722 725/725/725 723/723/723
f 128/128/128 731/731/731 129/129/129
f 128/128/128 129/129/129 80/80/80
f 72/72/72 68/68/68 126/126/126
f 68/68/68 67/67/67 126/126/126
f 64/64/64 63/63/63 53/53/53
f 514/514/514 511/511/511 513/513/513
f 511/511/511 512/512/512 513/513/513
f 513/513/513 512/512/512 879/879/879
f 76/76/76 73/73/73 72/72/72
f 65/65/65 66/66/66 63/63/63
f 53/53/53 44/44/44 43/43/43
f 44/44/44 45/45/45 40/40/40
f 419/419/419 511/511/511 514/514/514
f 417/417/417 419/419/419 514/514/514
f 516/516/516 879/879/879 548/548/548
f 550/550/550 506/506/506 554/554/554
f 554/554/554 506/506/506 505/505/505
f 554/554/554 558/558/558 556/556/556
f 558/558/558 984/984/984 556/556/556
f 642/642/642 644/644/644 645/645/645
f 81/81/81 76/76/76 83/83/83
f 67/67/67 66/66/66 65/65/65
f 65/65/65 63/63/63 64/64/64
f 40/40/40 45/45/45 46/46/46
f 516/516/516 548/548/548 547/547/547
f 549/549/549 550/550/550 551/551/551
f 505/505/505 497/497/497 554/554/554
f 713/713/713 668/668/668 639/639/639
f 639/639/639 668/668/668 641/641/641
f 723/723/723 731/731/731 128/128/128
f 76/76/76 72/72/72 124/124/124
f 43/43/43 44/44/44 40/40/40
f 420/420/420 419/419/419 415/415/415
f 513/513/513 879/879/879 516/516/516
f 548/548/548 549/549/549 547/547/547
f 551/551/551 550/550/550 554/554/554
f 641/641/641 643/643/643 642/642/642
f 645/645/645 717/717/717 719/719/719
f 726/726/726 718/718/718 722/722/722
f 721/721/721 722/722/722 723/723/723
f 723/723/723 128/128/128 119/119/119
f 119/119/119 128/128/128 120/120/120
f 120/120/120 128/128/128 80/80/80
f 83/83/83 76/76/76 124/124/124
f 127/127/127 126/126/126 67/67/67
f 38/38/38 53/53/53 43/43/43
f 41/41/41 40/40/40 46/46/46
f 415/415/415 419/419/419 417/417/417
f 417/417/417 514/514/514 931/931/931
f 119/119/119 724/724/724 723/723/723
f 120/120/120 80/80/80 82/82/82
f 82/82/82 80/80/80 81/81/81
f 127/127/127 67/67/67 65/65/65
f 64/64/64 53/53/53 38/38/38
f 2381/2381/2381 2377/2377/2377 2382/2382/2382
f 2382/2382/2382 2377/2377/2377 2386/2386/2386
f 2382/2382/2382 2386/2386/2386 2385/2385/2385
f 2385/2385/2385 2386/2386/2386 2436/2436/2436
f 2385/2385/2385 2436/2436/2436 2387/2387/2387
f 2387/2387/2387 2436/2436/2436 2435/2435/2435
f 2387/2387/2387 2435/2435/2435 2434/2434/2434
f 2387/2387/2387 2434/2434/2434 2389/2389/2389
f 2434/2434/2434 2433/2433/2433 2389/2389/2389
f 2389/2389/2389 2433/2433/2433 2391/2391/2391
f 2391/2391/2391 2433/2433/2433 2432/2432/2432
f 2391/2391/2391 2432/2432/2432 2392/2392/2392
f 2432/2432/2432 2431/2431/2431 2392/2392/2392
f 2424/2424/2424 2443/2443/2443 2425/2425/2425
f 2425/2425/2425 2443/2443/2443 2402/2402/2402
f 2443/2443/2443 2444/2444/2444 2402/2402/2402
f 2402/2402/2402 2444/2444/2444 2445/2445/2445
f 2402/2402/2402 2445/2445/2445 2403/2403/2403
f 2403/2403/2403 2445/2445/2445 2405/2405/2405
f 2405/2405/2405 2445/2445/2445 2446/2446/2446
f 2405/2405/2405 2446/2446/2446 2406/2406/2406
f 2406/2406/2406 2446/2446/2446 2447/2447/2447
f 2406/2406/2406 2447/2447/2447 2448/2448/2448
f 2406/2406/2406 2448/2448/2448 2409/2409/2409
f 2409/2409/2409 2448/2448/2448 2449/2449/2449
f 2409/2409/2409 2449/2449/2449 2450/2450/2450
f 2409/2409/2409 2450/2450/2450 2411/2411/2411
f 2411/2411/2411 2450/2450/2450 2413/2413/2413
f 2450/2450/2450 2453/2453/2453 2413/2413/2413
f 2453/2453/2453 2455/2455/2455 2413/2413/2413
f 2413/2413/2413 2455/2455/2455 2414/2414/2414
f 2455/2455/2455 2454/2454/2454 2414/2414/2414
f 2414/2414/2414 2454/2454/2454 2416/2416/2416
f 2416/2416/2416 2454/2454/2454 2452/2452/2452
f 2416/2416/2416 2452/2452/2452 2418/2418/2418
f 2418/2418/2418 2452/2452/2452 2451/2451/2451
f 2418/2418/2418 2451/2451/2451 2420/2420/2420
f 2451/2451/2451 2441/2441/2441 2420/2420/2420
f 2441/2441/2441 2440/2440/2440 2420/2420/2420
f 2420/2420/2420 2440/2440/2440 2422/2422/2422
f 5032/5032/5032 4913/4913/4913 4917/4917/4917
f 4913/4913/4913 4893/4893/4893 4914/4914/4914
f 4917/4917/4917 4913/4913/4913 4914/4914/4914
f 4893/4893/4893 4915/4915/4915 4914/4914/4914
f 4918/4918/4918 4915/4915/4915 4919/4919/4919
f 4934/4934/4934 4919/4919/4919 4924/4924/4924
f 4934/4934/4934 4924/4924/4924 4927/4927/4927
f 4927/4927/4927 4924/4924/4924 4926/4926/4926
f 4927/4927/4927 4926/4926/4926 4938/4938/4938
f 4926/4926/4926 4929/4929/4929 4938/4938/4938
f 471/471/471 473/473/473 474/474/474
f 287/287/287 289/289/289 288/288/288
f 288/288/288 290/290/290 291/291/291
f 149/149/149 291/291/291 292/292/292
f 451/451/451 469/469/469 468/468/468
f 470/470/470 469/469/469 471/471/471
f 461/461/461 474/474/474 475/475/475
f 498/498/498 502/502/502 503/503/503
f 498/498/498 503/503/503 499/499/499
f 3989/3989/3989 4001/4001/4001 4015/4015/4015
f 288/288/288 291/291/291 149/149/149
f 449/449/449 451/451/451 450/450/450
f 475/475/475 486/486/486 476/476/476
f 476/476/476 486/486/486 502/502/502
f 499/499/499 503/503/503 886/886/886
f 150/150/150 292/292/292 153/153/153
f 450/450/450 451/451/451 468/468/468
f 468/468/468 469/469/469 470/470/470
f 147/147/147 287/287/287 288/288/288
f 153/153/153 155/155/155 154/154/154
f 155/155/155 156/156/156 154/154/154
f 470/470/470 471/471/471 474/474/474
f 662/662/662 669/669/669 658/658/658
f 655/655/655 679/679/679 736/736/736
f 735/735/735 336/336/336 345/345/345
f 345/345/345 336/336/336 338/338/338
f 286/286/286 287/287/287 147/147/147
f 149/149/149 292/292/292 150/150/150
f 461/461/461 475/475/475 476/476/476
f 492/492/492 502/502/502 498/498/498
f 885/885/885 886/886/886 887/887/887
f 3995/3995/3995 3989/3989/3989 4015/4015/4015
f 670/670/670 669/669/669 662/662/662
f 662/662/662 658/658/658 659/659/659
f 654/654/654 655/655/655 651/651/651
f 140/140/140 285/285/285 286/286/286
f 147/147/147 288/288/288 148/148/148
f 288/288/288 149/149/149 148/148/148
f 150/150/150 153/153/153 151/151/151
f 151/151/151 153/153/153 154/154/154
f 154/154/154 158/158/158 433/433/433
f 443/443/443 436/436/436 439/439/439
f 439/439/439 436/436/436 438/438/438
f 438/438/438 449/449/449 450/450/450
f 498/498/498 499/499/499 500/500/500
f 495/495/495 499/499/499 885/885/885
f 736/736/736 336/336/336 735/735/735
f 149/149/149 150/150/150 146/146/146
f 442/442/442 438/438/438 450/450/450
f 894/894/894 470/470/470 474/474/474
f 492/492/492 498/498/498 500/500/500
f 885/885/885 499/499/499 886/886/886
f 1046/1046/1046 983/983/983 954/954/954
f 151/151/151 154/154/154 431/431/431
f 434/434/434 433/433/433 164/164/164
f 462/462/462 461/461/461 476/476/476
f 462/462/462 476/476/476 501/501/501
f 476/476/476 502/502/502 501/501/501
f 501/501/501 502/502/502 492/492/492
f 500/500/500 499/499/499 495/495/495
f 653/653/653 654/654/654 651/651/651
f 735/735/735 655/655/655 736/736/736
f 338/338/338 337/337/337 339/339/339
f 279/279/279 282/282/282 136/136/136
f 136/136/136 282/282/282 140/140/140
f 147/147/147 148/148/148 142/142/142
f 146/146/146 150/150/150 151/151/151
f 438/438/438 442/442/442 440/440/440
f 894/894/894 474/474/474 461/461/461
f 885/885/885 887/887/887 888/888/888
f 671/671/671 954/954/954 670/670/670
f 651/651/651 655/655/655 735/735/735
f 276/276/276 279/279/279 280/280/280
f 140/140/140 286/286/286 141/141/141
f 141/141/141 286/286/286 147/147/147
f 432/432/432 154/154/154 433/433/433
f 434/434/434 164/164/164 436/436/436
f 439/439/439 438/438/438 440/440/440
f 457/457/457 470/470/470 894/894/894
f 1046/1046/1046 954/954/954 1012/1012/1012
f 1012/1012/1012 954/954/954 671/671/671
f 735/735/735 345/345/345 734/734/734
f 337/337/337 346/346/346 339/339/339
f 142/142/142 148/148/148 143/143/143
f 148/148/148 149/149/149 146/146/146
f 432/432/432 433/433/433 434/434/434
f 468/468/468 470/470/470 457/457/457
f 491/491/491 501/501/501 492/492/492
f 884/884/884 885/885/885 888/888/888
f 670/670/670 662/662/662 663/663/663
f 659/659/659 658/658/658 654/654/654
f 340/340/340 345/345/345 338/338/338
f 346/346/346 276/276/276 343/343/343
f 343/343/343 276/276/276 280/280/280
f 136/136/136 140/140/140 137/137/137
f 142/142/142 141/141/141 147/147/147
f 143/143/143 148/148/148 146/146/146
f 431/431/431 154/154/154 432/432/432
f 443/443/443 439/439/439 444/444/444
f 888/888/888 887/887/887 975/975/975
f 887/887/887 1053/1053/1053 1048/1048/1048
f 975/975/975 887/887/887 1048/1048/1048
f 650/650/650 654/654/654 653/653/653
f 340/340/340 338/338/338 339/339/339
f 339/339/339 346/346/346 343/343/343
f 144/144/144 143/143/143 146/146/146
f 144/144/144 146/146/146 145/145/145
f 145/145/145 146/146/146 151/151/151
f 895/895/895 431/431/431 432/432/432
f 434/434/434 436/436/436 446/446/446
f 441/441/441 439/439/439 440/440/440
f 442/442/442 450/450/450 468/468/468
f 492/492/492 500/500/500 495/495/495
f 504/504/504 495/495/495 885/885/885
f 671/671/671 670/670/670 663/663/663
f 652/652/652 651/651/651 735/735/735
f 652/652/652 735/735/735 734/734/734
f 734/734/734 345/345/345 340/340/340
f 135/135/135 279/279/279 136/136/136
f 145/145/145 151/151/151 152/152/152
f 151/151/151 431/431/431 152/152/152
f 152/152/152 431/431/431 895/895/895
f 896/896/896 895/895/895 432/432/432
f 446/446/446 436/436/436 443/443/443
f 457/457/457 894/894/894 461/461/461
f 462/462/462 501/501/501 491/491/491
f 504/504/504 885/885/885 884/884/884
f 979/979/979 1012/1012/1012 671/671/671
f 650/650/650 653/653/653 651/651/651
f 280/280/280 279/279/279 135/135/135
f 138/138/138 141/141/141 142/142/142
f 432/432/432 434/434/434 897/897/897
f 446/446/446 443/443/443 937/937/937
f 937/937/937 443/443/443 444/444/444
f 444/444/444 439/439/439 441/441/441
f 441/441/441 440/440/440 442/442/442
f 465/465/465 442/442/442 468/468/468
f 460/460/460 461/461/461 462/462/462
f 462/462/462 491/491/491 493/493/493
f 495/495/495 504/504/504 496/496/496
f 884/884/884 888/888/888 975/975/975
f 979/979/979 671/671/671 663/663/663
f 662/662/662 659/659/659 661/661/661
f 659/659/659 654/654/654 650/650/650
f 650/650/650 651/651/651 648/648/648
f 280/280/280 135/135/135 281/281/281
f 134/134/134 136/136/136 137/137/137
f 140/140/140 141/141/141 138/138/138
f 896/896/896 432/432/432 897/897/897
f 441/441/441 442/442/442 465/465/465
f 458/458/458 457/457/457 461/461/461
f 663/663/663 662/662/662 661/661/661
f 661/661/661 659/659/659 660/660/660
f 660/660/660 659/659/659 650/650/650
f 648/648/648 651/651/651 652/652/652
f 652/652/652 734/734/734 344/344/344
f 135/135/135 136/136/136 134/134/134
f 137/137/137 140/140/140 138/138/138
f 138/138/138 142/142/142 139/139/139
f 897/897/897 434/434/434 446/446/446
f 937/937/937 444/444/444 938/938/938
f 444/444/444 441/441/441 445/445/445
f 468/468/468 457/457/457 456/456/456
f 458/458/458 461/461/461 460/460/460
f 504/504/504 884/884/884 883/883/883
f 734/734/734 340/340/340 344/344/344
f 343/343/343 280/280/280 281/281/281
f 139/139/139 142/142/142 143/143/143
f 143/143/143 144/144/144 57/57/57
f 139/139/139 143/143/143 57/57/57
f 57/57/57 144/144/144 145/145/145
f 145/145/145 152/152/152 56/56/56
f 152/152/152 895/895/895 51/51/51
f 938/938/938 444/444/444 946/946/946
f 946/946/946 444/444/444 445/445/445
f 468/468/468 456/456/456 465/465/465
f 460/460/460 462/462/462 488/488/488
f 492/492/492 495/495/495 494/494/494
f 649/649/649 648/648/648 652/652/652
f 649/649/649 652/652/652 733/733/733
f 733/733/733 652/652/652 344/344/344
f 342/342/342 340/340/340 341/341/341
f 341/341/341 340/340/340 339/339/339
f 281/281/281 135/135/135 79/79/79
f 135/135/135 134/134/134 79/79/79
f 57/57/57 145/145/145 55/55/55
f 55/55/55 145/145/145 56/56/56
f 896/896/896 897/897/897 430/430/430
f 445/445/445 441/441/441 467/467/467
f 465/465/465 456/456/456 463/463/463
f 463/463/463 456/456/456 459/459/459
f 491/491/491 492/492/492 493/493/493
f 660/660/660 650/650/650 647/647/647
f 647/647/647 650/650/650 648/648/648
f 647/647/647 648/648/648 646/646/646
f 646/646/646 648/648/648 649/649/649
f 342/342/342 344/344/344 340/340/340
f 339/339/339 343/343/343 133/133/133
f 78/78/78 343/343/343 281/281/281
f 134/134/134 137/137/137 70/70/70
f 70/70/70 137/137/137 138/138/138
f 60/60/60 139/139/139 57/57/57
f 56/56/56 152/152/152 51/51/51
f 51/51/51 895/895/895 50/50/50
f 897/897/897 446/446/446 898/898/898
f 441/441/441 465/465/465 467/467/467
f 467/467/467 465/465/465 466/466/466
f 456/456/456 457/457/457 458/458/458
f 493/493/493 492/492/492 494/494/494
f 494/494/494 495/495/495 496/496/496
f 664/664/664 663/663/663 661/661/661
f 133/133/133 343/343/343 78/78/78
f 78/78/78 281/281/281 79/79/79
f 74/74/74 79/79/79 134/134/134
f 70/70/70 138/138/138 139/139/139
f 895/895/895 896/896/896 430/430/430
f 50/50/50 895/895/895 430/430/430
f 430/430/430 897/897/897 898/898/898
f 898/898/898 446/446/446 425/425/425
f 425/425/425 446/446/446 937/937/937
f 488/488/488 462/462/462 493/493/493
f 883/883/883 884/884/884 975/975/975
f 733/733/733 344/344/344 729/729/729
f 729/729/729 344/344/344 342/342/342
f 341/341/341 339/339/339 133/133/133
f 74/74/74 134/134/134 70/70/70
f 70/70/70 139/139/139 69/69/69
f 60/60/60 57/57/57 58/58/58
f 50/50/50 430/430/430 49/49/49
f 426/426/426 898/898/898 425/425/425
f 425/425/425 937/937/937 938/938/938
f 424/424/424 938/938/938 946/946/946
f 466/466/466 465/465/465 463/463/463
f 459/459/459 456/456/456 458/458/458
f 459/459/459 458/458/458 460/460/460
f 490/490/490 493/493/493 507/507/507
f 507/507/507 493/493/493 494/494/494
f 998/998/998 979/979/979 663/663/663
f 664/664/664 661/661/661 665/665/665
f 665/665/665 661/661/661 660/660/660
f 644/644/644 660/660/660 647/647/647
f 649/649/649 733/733/733 732/732/732
f 342/342/342 341/341/341 132/132/132
f 75/75/75 79/79/79 74/74/74
f 139/139/139 60/60/60 69/69/69
f 58/58/58 57/57/57 54/54/54
f 425/425/425 938/938/938 424/424/424
f 946/946/946 445/445/445 947/947/947
f 947/947/947 445/445/445 467/467/467
f 489/489/489 460/460/460 488/488/488
f 490/490/490 488/488/488 493/493/493
f 998/998/998 663/663/663 667/667/667
f 667/667/667 663/663/663 664/664/664
f 132/132/132 341/341/341 133/133/133
f 61/61/61 69/69/69 60/60/60
f 55/55/55 56/56/56 52/52/52
f 430/430/430 898/898/898 429/429/429
f 464/464/464 459/459/459 460/460/460
f 881/881/881 460/460/460 489/489/489
f 489/489/489 488/488/488 490/490/490
f 132/132/132 133/133/133 78/78/78
f 78/78/78 79/79/79 75/75/75
f 75/75/75 74/74/74 73/73/73
f 74/74/74 70/70/70 71/71/71
f 54/54/54 57/57/57 55/55/55
f 52/52/52 56/56/56 51/51/51
f 429/429/429 898/898/898 426/426/426
f 948/948/948 424/424/424 946/946/946
f 467/467/467 466/466/466 510/510/510
f 732/732/732 733/733/733 729/729/729
f 730/730/730 342/342/342 132/132/132
f 73/73/73 74/74/74 71/71/71
f 61/61/61 60/60/60 58/58/58
f 54/54/54 55/55/55 52/52/52
f 51/51/51 50/50/50 47/47/47
f 47/47/47 50/50/50 49/49/49
f 49/49/49 430/430/430 429/429/429
f 948/948/948 946/946/946 947/947/947
f 950/950/950 947/947/947 467/467/467
f 466/466/466 463/463/463 510/510/510
f 667/667/667 664/664/664 665/665/665
f 730/730/730 132/132/132 131/131/131
f 131/131/131 132/132/132 78/78/78
f 131/131/131 78/78/78 77/77/77
f 77/77/77 78/78/78 75/75/75
f 70/70/70 69/69/69 68/68/68
f 62/62/62 69/69/69 61/61/61
f 59/59/59 61/61/61 58/58/58
f 52/52/52 51/51/51 47/47/47
f 62/62/62 68/68/68 69/69/69
f 62/62/62 61/61/61 59/59/59
f 2423/2423/2423 2421/2421/2421 2422/2422/2422
f 2546/2546/2546 2381/2381/2381 2383/2383/2383
f 2383/2383/2383 2381/2381/2381 2382/2382/2382
f 2383/2383/2383 2382/2382/2382 2384/2384/2384
f 2382/2382/2382 2385/2385/2385 2384/2384/2384
f 2385/2385/2385 2387/2387/2387 2384/2384/2384
f 2384/2384/2384 2387/2387/2387 2388/2388/2388
f 2388/2388/2388 2387/2387/2387 2389/2389/2389
f 2388/2388/2388 2389/2389/2389 2390/2390/2390
f 2390/2390/2390 2389/2389/2389 2391/2391/2391
f 2390/2390/2390 2391/2391/2391 2392/2392/2392
f 2392/2392/2392 2431/2431/2431 2424/2424/2424
f 2424/2424/2424 2425/2425/2425 2398/2398/2398
f 2392/2392/2392 2424/2424/2424 2398/2398/2398
f 2398/2398/2398 2425/2425/2425 2402/2402/2402
f 2398/2398/2398 2402/2402/2402 2399/2399/2399
f 2399/2399/2399 2402/2402/2402 2401/2401/2401
f 2402/2402/2402 2403/2403/2403 2401/2401/2401
f 2403/2403/2403 2405/2405/2405 2404/2404/2404
f 2401/2401/2401 2403/2403/2403 2404/2404/2404
f 2404/2404/2404 2405/2405/2405 2406/2406/2406
f 2404/2404/2404 2406/2406/2406 2407/2407/2407
f 2407/2407/2407 2406/2406/2406 2408/2408/2408
f 2406/2406/2406 2409/2409/2409 2408/2408/2408
f 2408/2408/2408 2409/2409/2409 2410/2410/2410
f 2409/2409/2409 2411/2411/2411 2410/2410/2410
f 2410/2410/2410 2411/2411/2411 2412/2412/2412
f 2411/2411/2411 2413/2413/2413 2412/2412/2412
f 2412/2412/2412 2413/2413/2413 2414/2414/2414
f 2412/2412/2412 2414/2414/2414 2415/2415/2415
f 2415/2415/2415 2414/2414/2414 2416/2416/2416
f 2415/2415/2415 2416/2416/2416 2417/2417/2417
f 2417/2417/2417 2416/2416/2416 2418/2418/2418
f 5045/5045/5045 5032/5032/5032 4917/4917/4917
f 5045/5045/5045 4917/4917/4917 4947/4947/4947
f 4914/4914/4914 4915/4915/4915 4916/4916/4916
f 4916/4916/4916 4915/4915/4915 4918/4918/4918
f 4916/4916/4916 4918/4918/4918 4933/4933/4933
f 4918/4918/4918 4919/4919/4919 4933/4933/4933
f 4919/4919/4919 4934/4934/4934 4941/4941/4941
f 4933/4933/4933 4919/4919/4919 4941/4941/4941
f 347/347/347 264/264/264 270/270/270
f 270/270/270 264/264/264 269/269/269
f 271/271/271 269/269/269 327/327/327
f 237/237/237 318/318/318 320/320/320
f 167/167/167 166/166/166 168/168/168
f 173/173/173 176/176/176 177/177/177
f 177/177/177 180/180/180 479/479/479
f 482/482/482 180/180/180 182/182/182
f 957/957/957 707/707/707 710/710/710
f 710/710/710 707/707/707 683/683/683
f 681/681/681 685/685/685 682/682/682
f 270/270/270 269/269/269 271/271/271
f 269/269/269 328/328/328 326/326/326
f 326/326/326 328/328/328 237/237/237
f 326/326/326 237/237/237 320/320/320
f 318/318/318 317/317/317 296/296/296
f 296/296/296 317/317/317 302/302/302
f 304/304/304 165/165/165 161/161/161
f 161/161/161 165/165/165 162/162/162
f 162/162/162 165/165/165 166/166/166
f 162/162/162 166/166/166 167/167/167
f 167/167/167 168/168/168 169/169/169
f 171/171/171 169/169/169 170/170/170
f 172/172/172 170/170/170 173/173/173
f 172/172/172 173/173/173 177/177/177
f 482/482/482 182/182/182 483/483/483
f 483/483/483 182/182/182 892/892/892
f 892/892/892 182/182/182 956/956/956
f 956/956/956 1024/1024/1024 1026/1026/1026
f 681/681/681 682/682/682 677/677/677
f 677/677/677 682/682/682 680/680/680
f 680/680/680 682/682/682 266/266/266
f 327/327/327 269/269/269 326/326/326
f 320/320/320 318/318/318 319/319/319
f 318/318/318 296/296/296 319/319/319
f 296/296/296 302/302/302 297/297/297
f 301/301/301 303/303/303 161/161/161
f 167/167/167 169/169/169 171/171/171
f 1052/1052/1052 957/957/957 710/710/710
f 348/348/348 265/265/265 347/347/347
f 347/347/347 270/270/270 272/272/272
f 301/301/301 302/302/302 303/303/303
f 180/180/180 482/482/482 481/481/481
f 892/892/892 956/956/956 1026/1026/1026
f 683/683/683 681/681/681 676/676/676
f 676/676/676 681/681/681 677/677/677
f 680/680/680 266/266/266 265/265/265
f 162/162/162 167/167/167 454/454/454
f 167/167/167 171/171/171 455/455/455
f 481/481/481 479/479/479 180/180/180
f 674/674/674 683/683/683 676/676/676
f 744/744/744 680/680/680 265/265/265
f 272/272/272 270/270/270 271/271/271
f 320/320/320 319/319/319 321/321/321
f 321/321/321 319/319/319 295/295/295
f 319/319/319 296/296/296 295/295/295
f 293/293/293 296/296/296 297/297/297
f 297/297/297 302/302/302 299/299/299
f 299/299/299 302/302/302 301/301/301
f 454/454/454 167/167/167 455/455/455
f 171/171/171 170/170/170 172/172/172
f 177/177/177 479/479/479 478/478/478
f 710/710/710 683/683/683 709/709/709
f 678/678/678 677/677/677 680/680/680
f 744/744/744 265/265/265 348/348/348
f 322/322/322 326/326/326 320/320/320
f 322/322/322 320/320/320 321/321/321
f 301/301/301 161/161/161 159/159/159
f 163/163/163 162/162/162 447/447/447
f 171/171/171 172/172/172 477/477/477
f 478/478/478 479/479/479 480/480/480
f 480/480/480 479/479/479 481/481/481
f 481/481/481 482/482/482 484/484/484
f 1047/1047/1047 1052/1052/1052 710/710/710
f 711/711/711 710/710/710 709/709/709
f 709/709/709 683/683/683 674/674/674
f 325/325/325 326/326/326 322/322/322
f 295/295/295 296/296/296 293/293/293
f 162/162/162 454/454/454 452/452/452
f 447/447/447 162/162/162 452/452/452
f 172/172/172 177/177/177 487/487/487
f 482/482/482 483/483/483 890/890/890
f 890/890/890 483/483/483 892/892/892
f 348/348/348 347/347/347 272/272/272
f 277/277/277 271/271/271 327/327/327
f 277/277/277 327/327/327 283/283/283
f 452/452/452 454/454/454 455/455/455
f 477/477/477 172/172/172 487/487/487
f 487/487/487 177/177/177 478/478/478
f 299/299/299 301/301/301 300/300/300
f 300/300/300 301/301/301 159/159/159
f 159/159/159 161/161/161 160/160/160
f 161/161/161 162/162/162 160/160/160
f 160/160/160 162/162/162 163/163/163
f 447/447/447 452/452/452 448/448/448
f 452/452/452 455/455/455 453/453/453
f 453/453/453 455/455/455 472/472/472
f 892/892/892 1026/1026/1026 1021/1021/1021
f 890/890/890 892/892/892 1021/1021/1021
f 1047/1047/1047 710/710/710 711/711/711
f 744/744/744 348/348/348 274/274/274
f 274/274/274 348/348/348 272/272/272
f 294/294/294 295/295/295 293/293/293
f 472/472/472 455/455/455 171/171/171
f 481/481/481 484/484/484 485/485/485
f 484/484/484 482/482/482 890/890/890
f 674/674/674 676/676/676 675/675/675
f 675/675/675 676/676/676 677/677/677
f 675/675/675 677/677/677 678/678/678
f 327/327/327 326/326/326 283/283/283
f 321/321/321 295/295/295 323/323/323
f 472/472/472 171/171/171 477/477/477
f 893/893/893 477/477/477 487/487/487
f 709/709/709 674/674/674 673/673/673
f 272/272/272 271/271/271 273/273/273
f 273/273/273 271/271/271 277/277/277
f 283/283/283 326/326/326 325/325/325
f 325/325/325 322/322/322 324/324/324
f 323/323/323 295/295/295 294/294/294
f 480/480/480 481/481/481 485/485/485
f 289/289/289 322/322/322 321/321/321
f 289/289/289 321/321/321 323/323/323
f 158/158/158 159/159/159 160/160/160
f 453/453/453 472/472/472 469/469/469
f 502/502/502 480/480/480 485/485/485
f 485/485/485 484/484/484 889/889/889
f 889/889/889 484/484/484 890/890/890
f 711/711/711 709/709/709 672/672/672
f 674/674/674 675/675/675 657/657/657
f 675/675/675 678/678/678 656/656/656
f 744/744/744 274/274/274 737/737/737
f 324/324/324 322/322/322 289/289/289
f 293/293/293 297/297/297 298/298/298
f 298/298/298 297/297/297 299/299/299
f 299/299/299 300/300/300 298/298/298
f 447/447/447 448/448/448 437/437/437
f 448/448/448 452/452/452 453/453/453
f 478/478/478 480/480/480 502/502/502
f 678/678/678 680/680/680 679/679/679
f 274/274/274 272/272/272 273/273/273
f 283/283/283 325/325/325 284/284/284
f 284/284/284 325/325/325 324/324/324
f 157/157/157 300/300/300 159/159/159
f 157/157/157 159/159/159 158/158/158
f 164/164/164 160/160/160 163/163/163
f 448/448/448 453/453/453 451/451/451
f 473/473/473 472/472/472 477/477/477
f 475/475/475 893/893/893 487/487/487
f 486/486/486 487/487/487 478/478/478
f 891/891/891 890/890/890 1021/1021/1021
f 712/712/712 711/711/711 672/672/672
f 672/672/672 709/709/709 673/673/673
f 680/680/680 744/744/744 737/737/737
f 278/278/278 277/277/277 283/283/283
f 290/290/290 323/323/323 294/294/294
f 294/294/294 293/293/293 291/291/291
f 298/298/298 300/300/300 157/157/157
f 158/158/158 160/160/160 164/164/164
f 486/486/486 478/478/478 502/502/502
f 502/502/502 485/485/485 889/889/889
f 982/982/982 1047/1047/1047 711/711/711
f 673/673/673 674/674/674 657/657/657
f 290/290/290 294/294/294 291/291/291
f 451/451/451 453/453/453 469/469/469
f 475/475/475 487/487/487 486/486/486
f 889/889/889 890/890/890 891/891/891
f 672/672/672 673/673/673 657/657/657
f 657/657/657 675/675/675 656/656/656
f 656/656/656 678/678/678 679/679/679
f 679/679/679 680/680/680 737/737/737
f 292/292/292 293/293/293 298/298/298
f 163/163/163 447/447/447 435/435/435
f 435/435/435 447/447/447 437/437/437
f 469/469/469 472/472/472 471/471/471
f 473/473/473 477/477/477 475/475/475
f 477/477/477 893/893/893 475/475/475
f 503/503/503 502/502/502 889/889/889
f 982/982/982 711/711/711 712/712/712
f 672/672/672 657/657/657 669/669/669
f 737/737/737 274/274/274 336/336/336
f 283/283/283 284/284/284 282/282/282
f 285/285/285 284/284/284 324/324/324
f 289/289/289 323/323/323 290/290/290
f 153/153/153 298/298/298 155/155/155
f 298/298/298 157/157/157 155/155/155
f 164/164/164 163/163/163 435/435/435
f 437/437/437 448/448/448 438/438/438
f 449/449/449 448/448/448 451/451/451
f 471/471/471 472/472/472 473/473/473
f 670/670/670 672/672/672 669/669/669
f 657/657/657 656/656/656 654/654/654
f 324/324/324 289/289/289 287/287/287
f 291/291/291 293/293/293 292/292/292
f 158/158/158 164/164/164 433/433/433
f 435/435/435 437/437/437 436/436/436
f 438/438/438 448/448/448 449/449/449
f 473/473/473 475/475/475 474/474/474
f 503/503/503 889/889/889 886/886/886
f 655/655/655 656/656/656 679/679/679
f 336/336/336 274/274/274 275/275/275
f 275/275/275 274/274/274 273/273/273
f 292/292/292 298/298/298 153/153/153
f 155/155/155 157/157/157 156/156/156
f 157/157/157 158/158/158 156/156/156
f 436/436/436 437/437/437 438/438/438
f 886/886/886 889/889/889 887/887/887
f 887/887/887 889/889/889 891/891/891
f 887/887/887 891/891/891 1021/1021/1021
f 669/669/669 657/657/657 658/658/658
f 658/658/658 657/657/657 654/654/654
f 679/679/679 737/737/737 736/736/736
f 285/285/285 324/324/324 287/287/287
f 983/983/983 982/982/982 712/712/712
f 654/654/654 656/656/656 655/655/655
f 736/736/736 737/737/737 336/336/336
f 336/336/336 275/275/275 337/337/337
f 278/278/278 283/283/283 282/282/282
f 140/140/140 284/284/284 285/285/285
f 338/338/338 336/336/336 337/337/337
f 275/275/275 273/273/273 276/276/276
f 273/273/273 277/277/277 276/276/276
f 276/276/276 277/277/277 278/278/278
f 285/285/285 287/287/287 286/286/286
f 154/154/154 156/156/156 158/158/158
f 983/983/983 712/712/712 954/954/954
f 279/279/279 278/278/278 282/282/282
f 337/337/337 275/275/275 346/346/346
f 346/346/346 275/275/275 276/276/276
f 140/140/140 282/282/282 284/284/284
f 164/164/164 435/435/435 436/436/436
f 954/954/954 712/712/712 670/670/670
f 670/670/670 712/712/712 672/672/672
f 276/276/276 278/278/278 279/279/279
f 2383/2383/2383 2384/2384/2384 2396/2396/2396
f 2546/2546/2546 2383/2383/2383 2396/2396/2396
f 2396/2396/2396 2384/2384/2384 2395/2395/2395
f 2395/2395/2395 2384/2384/2384 2388/2388/2388
f 2395/2395/2395 2388/2388/2388 2394/2394/2394
f 2388/2388/2388 2390/2390/2390 2394/2394/2394
f 2394/2394/2394 2390/2390/2390 2393/2393/2393
f 2390/2390/2390 2392/2392/2392 2393/2393/2393
f 2393/2393/2393 2392/2392/2392 2397/2397/2397
f 2397/2397/2397 2392/2392/2392 2398/2398/2398
f 2398/2398/2398 2399/2399/2399 2397/2397/2397
f 2397/2397/2397 2399/2399/2399 2400/2400/2400
f 2399/2399/2399 2401/2401/2401 2400/2400/2400
f 2400/2400/2400 2401/2401/2401 2427/2427/2427
f 2401/2401/2401 2404/2404/2404 2427/2427/2427
f 2427/2427/2427 2404/2404/2404 2426/2426/2426
f 2404/2404/2404 2407/2407/2407 2426/2426/2426
f 2426/2426/2426 2407/2407/2407 2428/2428/2428
f 2407/2407/2407 2408/2408/2408 2428/2428/2428
f 2428/2428/2428 2408/2408/2408 2429/2429/2429
f 2408/2408/2408 2410/2410/2410 2429/2429/2429
f 2429/2429/2429 2410/2410/2410 2430/2430/2430
f 2430/2430/2430 2410/2410/2410 2412/2412/2412
f 2430/2430/2430 2412/2412/2412 2548/2548/2548
f 2548/2548/2548 2412/2412/2412 2549/2549/2549
f 2412/2412/2412 2415/2415/2415 2549/2549/2549
f 2549/2549/2549 2415/2415/2415 2561/2561/2561
f 2561/2561/2561 2415/2415/2415 2417/2417/2417
f 2561/2561/2561 2417/2417/2417 2567/2567/2567
f 2417/2417/2417 2419/2419/2419 2421/2421/2421
f 2417/2417/2417 2421/2421/2421 2567/2567/2567
f 2421/2421/2421 2423/2423/2423 2567/2567/2567
f 980/980/980 1049/1049/1049 1009/1009/1009
f 4947/4947/4947 4917/4917/4917 4914/4914/4914
f 189/189/189 193/193/193 976/976/976
f 186/186/186 190/190/190 189/189/189
f 188/188/188 189/189/189 976/976/976
f 184/184/184 194/194/194 185/185/185
f 185/185/185 190/190/190 186/186/186
f 350/350/350 197/197/197 352/352/352
f 186/186/186 189/189/189 187/187/187
f 688/688/688 691/691/691 692/692/692
f 689/689/689 741/741/741 268/268/268
f 268/268/268 741/741/741 267/267/267
f 197/197/197 194/194/194 184/184/184
f 690/690/690 691/691/691 688/688/688
f 688/688/688 692/692/692 693/693/693
f 689/689/689 693/693/693 741/741/741
f 242/242/242 243/243/243 241/241/241
f 352/352/352 197/197/197 184/184/184
f 184/184/184 185/185/185 181/181/181
f 189/189/189 188/188/188 187/187/187
f 708/708/708 704/704/704 687/687/687
f 687/687/687 704/704/704 690/690/690
f 209/209/209 210/210/210 208/208/208
f 208/208/208 210/210/210 211/211/211
f 687/687/687 690/690/690 688/688/688
f 688/688/688 693/693/693 689/689/689
f 240/240/240 242/242/242 241/241/241
f 243/243/243 233/233/233 239/239/239
f 335/335/335 334/334/334 331/331/331
f 310/310/310 309/309/309 306/306/306
f 207/207/207 211/211/211 206/206/206
f 206/206/206 204/204/204 205/205/205
f 204/204/204 203/203/203 205/205/205
f 349/349/349 203/203/203 350/350/350
f 351/351/351 352/352/352 184/184/184
f 185/185/185 186/186/186 181/181/181
f 241/241/241 243/243/243 239/239/239
f 309/309/309 210/210/210 307/307/307
f 349/349/349 350/350/350 351/351/351
f 350/350/350 352/352/352 351/351/351
f 183/183/183 184/184/184 181/181/181
f 181/181/181 186/186/186 187/187/187
f 687/687/687 688/688/688 686/686/686
f 268/268/268 267/267/267 260/260/260
f 267/267/267 242/242/242 260/260/260
f 232/232/232 335/335/335 236/236/236
f 331/331/331 334/334/334 332/332/332
f 314/314/314 312/312/312 305/305/305
f 305/305/305 312/312/312 311/311/311
f 208/208/208 211/211/211 207/207/207
f 207/207/207 206/206/206 205/205/205
f 351/351/351 184/184/184 183/183/183
f 686/686/686 688/688/688 689/689/689
f 738/738/738 689/689/689 268/268/268
f 260/260/260 242/242/242 240/240/240
f 235/235/235 234/234/234 232/232/232
f 235/235/235 232/232/232 236/236/236
f 332/332/332 334/334/334 333/333/333
f 306/306/306 311/311/311 310/310/310
f 306/306/306 309/309/309 307/307/307
f 307/307/307 210/210/210 308/308/308
f 308/308/308 210/210/210 209/209/209
f 349/349/349 205/205/205 203/203/203
f 686/686/686 689/689/689 738/738/738
f 262/262/262 268/268/268 260/260/260
f 241/241/241 239/239/239 240/240/240
f 239/239/239 233/233/233 234/234/234
f 239/239/239 234/234/234 235/235/235
f 315/315/315 313/313/313 314/314/314
f 305/305/305 311/311/311 306/306/306
f 208/208/208 207/207/207 205/205/205
f 684/684/684 687/687/687 686/686/686
f 738/738/738 268/268/268 262/262/262
f 236/236/236 335/335/335 331/331/331
f 333/333/333 313/313/313 316/316/316
f 332/332/332 333/333/333 316/316/316
f 316/316/316 313/313/313 315/315/315
f 315/315/315 314/314/314 305/305/305
f 349/349/349 351/351/351 179/179/179
f 182/182/182 187/187/187 188/188/188
f 260/260/260 240/240/240 261/261/261
f 238/238/238 240/240/240 239/239/239
f 330/330/330 236/236/236 331/331/331
f 351/351/351 183/183/183 179/179/179
f 262/262/262 260/260/260 261/261/261
f 261/261/261 240/240/240 264/264/264
f 236/236/236 330/330/330 237/237/237
f 329/329/329 331/331/331 332/332/332
f 208/208/208 205/205/205 209/209/209
f 209/209/209 205/205/205 174/174/174
f 205/205/205 349/349/349 174/174/174
f 174/174/174 349/349/349 175/175/175
f 175/175/175 349/349/349 179/179/179
f 179/179/179 183/183/183 181/181/181
f 708/708/708 687/687/687 706/706/706
f 706/706/706 687/687/687 684/684/684
f 684/684/684 686/686/686 685/685/685
f 685/685/685 686/686/686 738/738/738
f 685/685/685 738/738/738 739/739/739
f 738/738/738 262/262/262 739/739/739
f 263/263/263 262/262/262 261/261/261
f 240/240/240 238/238/238 264/264/264
f 239/239/239 235/235/235 238/238/238
f 238/238/238 235/235/235 237/237/237
f 235/235/235 236/236/236 237/237/237
f 330/330/330 331/331/331 329/329/329
f 315/315/315 305/305/305 303/303/303
f 305/305/305 306/306/306 304/304/304
f 306/306/306 307/307/307 304/304/304
f 176/176/176 175/175/175 179/179/179
f 176/176/176 179/179/179 178/178/178
f 178/178/178 179/179/179 180/180/180
f 180/180/180 179/179/179 181/181/181
f 1010/1010/1010 708/708/708 706/706/706
f 266/266/266 739/739/739 262/262/262
f 266/266/266 262/262/262 263/263/263
f 264/264/264 238/238/238 269/269/269
f 329/329/329 332/332/332 316/316/316
f 304/304/304 303/303/303 305/305/305
f 307/307/307 308/308/308 165/165/165
f 168/168/168 308/308/308 209/209/209
f 168/168/168 209/209/209 174/174/174
f 181/181/181 187/187/187 182/182/182
f 188/188/188 976/976/976 981/981/981
f 263/263/263 261/261/261 264/264/264
f 328/328/328 238/238/238 237/237/237
f 304/304/304 307/307/307 165/165/165
f 166/166/166 308/308/308 168/168/168
f 173/173/173 174/174/174 175/175/175
f 173/173/173 175/175/175 176/176/176
f 177/177/177 176/176/176 178/178/178
f 182/182/182 188/188/188 981/981/981
f 707/707/707 706/706/706 684/684/684
f 682/682/682 739/739/739 266/266/266
f 263/263/263 264/264/264 265/265/265
f 269/269/269 238/238/238 328/328/328
f 237/237/237 330/330/330 329/329/329
f 317/317/317 329/329/329 316/316/316
f 316/316/316 315/315/315 302/302/302
f 302/302/302 315/315/315 303/303/303
f 165/165/165 308/308/308 166/166/166
f 1010/1010/1010 706/706/706 957/957/957
f 957/957/957 706/706/706 707/707/707
f 682/682/682 685/685/685 739/739/739
f 266/266/266 263/263/263 265/265/265
f 318/318/318 237/237/237 329/329/329
f 318/318/318 329/329/329 317/317/317
f 317/317/317 316/316/316 302/302/302
f 180/180/180 181/181/181 182/182/182
f 182/182/182 981/981/981 956/956/956
f 956/956/956 981/981/981 1024/1024/1024
f 988/988/988 700/700/700 701/701/701
f 700/700/700 991/991/991 697/697/697
f 697/697/697 991/991/991 698/698/698
f 698/698/698 991/991/991 995/995/995
f 995/995/995 994/994/994 742/742/742
f 698/698/698 995/995/995 742/742/742
f 742/742/742 994/994/994 259/259/259
f 994/994/994 1002/1002/1002 258/258/258
f 259/259/259 994/994/994 258/258/258
f 258/258/258 1002/1002/1002 247/247/247
f 1002/1002/1002 1015/1015/1015 247/247/247
f 247/247/247 1015/1015/1015 257/257/257
f 1015/1015/1015 1014/1014/1014 257/257/257
f 257/257/257 1014/1014/1014 256/256/256
f 256/256/256 1014/1014/1014 1013/1013/1013
f 256/256/256 1013/1013/1013 255/255/255
f 255/255/255 1013/1013/1013 254/254/254
f 254/254/254 1013/1013/1013 1016/1016/1016
f 254/254/254 1016/1016/1016 253/253/253
f 253/253/253 1016/1016/1016 251/251/251
f 251/251/251 1016/1016/1016 252/252/252
f 252/252/252 1016/1016/1016 1020/1020/1020
f 252/252/252 1020/1020/1020 217/217/217
f 217/217/217 1020/1020/1020 216/216/216
f 216/216/216 1020/1020/1020 1018/1018/1018
f 216/216/216 1018/1018/1018 353/353/353
f 353/353/353 1018/1018/1018 1017/1017/1017
f 353/353/353 1017/1017/1017 201/201/201
f 201/201/201 1017/1017/1017 200/200/200
f 1017/1017/1017 1004/1004/1004 200/200/200
f 200/200/200 1004/1004/1004 196/196/196
f 196/196/196 1004/1004/1004 1003/1003/1003
f 196/196/196 1003/1003/1003 191/191/191
f 1003/1003/1003 980/980/980 191/191/191
f 191/191/191 980/980/980 192/192/192
f 980/980/980 1009/1009/1009 192/192/192
f 701/701/701 700/700/700 696/696/696
f 702/702/702 701/701/701 696/696/696
f 696/696/696 700/700/700 697/697/697
f 743/743/743 698/698/698 742/742/742
f 743/743/743 742/742/742 244/244/244
f 259/259/259 258/258/258 246/246/246
f 200/200/200 196/196/196 198/198/198
f 192/192/192 1009/1009/1009 986/986/986
f 696/696/696 697/697/697 694/694/694
f 740/740/740 698/698/698 743/743/743
f 742/742/742 259/259/259 246/246/246
f 246/246/246 258/258/258 247/247/247
f 256/256/256 255/255/255 249/249/249
f 249/249/249 255/255/255 254/254/254
f 254/254/254 253/253/253 250/250/250
f 214/214/214 217/217/217 216/216/216
f 216/216/216 353/353/353 215/215/215
f 353/353/353 201/201/201 215/215/215
f 195/195/195 196/196/196 191/191/191
f 190/190/190 191/191/191 192/192/192
f 694/694/694 698/698/698 699/699/699
f 699/699/699 698/698/698 740/740/740
f 244/244/244 742/742/742 246/246/246
f 244/244/244 246/246/246 245/245/245
f 229/229/229 246/246/246 247/247/247
f 248/248/248 247/247/247 257/257/257
f 248/248/248 257/257/257 256/256/256
f 248/248/248 256/256/256 249/249/249
f 249/249/249 254/254/254 250/250/250
f 250/250/250 253/253/253 251/251/251
f 250/250/250 251/251/251 221/221/221
f 251/251/251 252/252/252 218/218/218
f 218/218/218 252/252/252 217/217/217
f 218/218/218 217/217/217 214/214/214
f 216/216/216 215/215/215 214/214/214
f 202/202/202 215/215/215 201/201/201
f 199/199/199 201/201/201 200/200/200
f 199/199/199 200/200/200 198/198/198
f 190/190/190 192/192/192 193/193/193
f 701/701/701 702/702/702 703/703/703
f 702/702/702 696/696/696 705/705/705
f 695/695/695 696/696/696 694/694/694
f 694/694/694 697/697/697 698/698/698
f 198/198/198 196/196/196 197/197/197
f 193/193/193 192/192/192 986/986/986
f 740/740/740 743/743/743 244/244/244
f 221/221/221 251/251/251 218/218/218
f 202/202/202 201/201/201 199/199/199
f 197/197/197 199/199/199 198/198/198
f 196/196/196 195/195/195 197/197/197
f 189/189/189 190/190/190 193/193/193
f 705/705/705 696/696/696 691/691/691
f 699/699/699 740/740/740 741/741/741
f 245/245/245 246/246/246 229/229/229
f 247/247/247 248/248/248 229/229/229
f 226/226/226 248/248/248 249/249/249
f 226/226/226 249/249/249 225/225/225
f 249/249/249 250/250/250 225/225/225
f 225/225/225 250/250/250 223/223/223
f 223/223/223 250/250/250 221/221/221
f 213/213/213 214/214/214 204/204/204
f 214/214/214 215/215/215 204/204/204
f 204/204/204 215/215/215 202/202/202
f 197/197/197 195/195/195 194/194/194
f 194/194/194 195/195/195 191/191/191
f 194/194/194 191/191/191 185/185/185
f 185/185/185 191/191/191 190/190/190
f 691/691/691 696/696/696 695/695/695
f 229/229/229 248/248/248 226/226/226
f 220/220/220 221/221/221 218/218/218
f 218/218/218 214/214/214 212/212/212
f 703/703/703 702/702/702 704/704/704
f 704/704/704 702/702/702 705/705/705
f 691/691/691 695/695/695 692/692/692
f 695/695/695 694/694/694 692/692/692
f 245/245/245 229/229/229 231/231/231
f 231/231/231 229/229/229 230/230/230
f 230/230/230 229/229/229 228/228/228
f 228/228/228 229/229/229 226/226/226
f 222/222/222 221/221/221 220/220/220
f 212/212/212 214/214/214 213/213/213
f 202/202/202 199/199/199 203/203/203
f 243/243/243 244/244/244 245/245/245
f 226/226/226 225/225/225 224/224/224
f 204/204/204 202/202/202 203/203/203
f 199/199/199 197/197/197 350/350/350
f 690/690/690 705/705/705 691/691/691
f 693/693/693 694/694/694 699/699/699
f 267/267/267 244/244/244 242/242/242
f 245/245/245 231/231/231 233/233/233
f 227/227/227 226/226/226 224/224/224
f 225/225/225 223/223/223 224/224/224
f 224/224/224 223/223/223 222/222/222
f 223/223/223 221/221/221 222/222/222
f 220/220/220 218/218/218 219/219/219
f 219/219/219 218/218/218 212/212/212
f 203/203/203 199/199/199 350/350/350
f 692/692/692 694/694/694 693/693/693
f 267/267/267 741/741/741 740/740/740
f 740/740/740 244/244/244 267/267/267
f 242/242/242 244/244/244 243/243/243
f 231/231/231 230/230/230 232/232/232
f 228/228/228 226/226/226 227/227/227
f 222/222/222 220/220/220 311/311/311
f 206/206/206 213/213/213 204/204/204
f 693/693/693 699/699/699 741/741/741
f 243/243/243 245/245/245 233/233/233
f 311/311/311 220/220/220 309/309/309
f 309/309/309 220/220/220 219/219/219
f 219/219/219 212/212/212 210/210/210
f 212/212/212 213/213/213 211/211/211
f 211/211/211 213/213/213 206/206/206
f 704/704/704 705/705/705 690/690/690
f 233/233/233 231/231/231 232/232/232
f 230/230/230 228/228/228 335/335/335
f 335/335/335 228/228/228 334/334/334
f 228/228/228 227/227/227 334/334/334
f 313/313/313 224/224/224 222/222/222
f 313/313/313 222/222/222 312/312/312
f 234/234/234 233/233/233 232/232/232
f 312/312/312 222/222/222 311/311/311
f 311/311/311 309/309/309 310/310/310
f 309/309/309 219/219/219 210/210/210
f 232/232/232 230/230/230 335/335/335
f 227/227/227 224/224/224 333/333/333
f 333/333/333 224/224/224 313/313/313

